MuiBox-root href,MuiBox-root src,css-1n8x1y2,MuiTypography-root (2),MuiTypography-root (3),MuiTypography-root (5),MuiTypography-root (6),MuiTypography-root (7)
https://www.makro.pro/th/p/tqiksu9-6761207234755?info=JTdCJTIycGFnZVNsdWclMjIlM0ElMjJLYW8lMjBIb21lJTIwJTI2JTIwTGl2aW5nJTNBJTIwQXR0YWNrJTIwRWFzeSUyRjk5MTElMjIlMkMlMjJjYXJvdXNlbE5hbWUlMjIlM0ElMjIlMjIlMkMlMjJjb2xsZWN0aW9uSWQlMjIlM0ElMjI5OTExJTIyJTdE,https://images.mango-prod.siammakro.cloud/SOURCE/86b7b3400b324f8aae7ae3de95a26477,แอทแทค อีซี่ ผงซักฟอก สูตรมาตรฐาน แฮปปี้สวีท สีชมพู 110 ก. x 12,฿,69.,฿ 75.00,5+ units,-8%
https://www.makro.pro/th/p/bt2f23y-7115282153667?info=JTdCJTIycGFnZVNsdWclMjIlM0ElMjJLYW8lMjBIb21lJTIwJTI2JTIwTGl2aW5nJTNBJTIwQXR0YWNrJTIwRWFzeSUyRjk5MTElMjIlMkMlMjJjYXJvdXNlbE5hbWUlMjIlM0ElMjIlMjIlMkMlMjJjb2xsZWN0aW9uSWQlMjIlM0ElMjI5OTExJTIyJTJDJTIyaW5kZXhDbGlja2VkJTIyJTNBMSU3RA,https://images.mango-prod.siammakro.cloud/product-images/7115282153667-726dfd14-5553-41f5-bd7c-c179569ca161.jpeg?imageMogr2/thumbnail/300x300,แอทแทค อีซี่ ผงซักฟอก สูตรมาตรฐาน แฮปปี้สวีท สีชมพู 250 ก. x 3,฿,45.,฿ 49.00,6+ units,-8%
https://www.makro.pro/th/p/3m7nrld-7115390615747?info=JTdCJTIycGFnZVNsdWclMjIlM0ElMjJLYW8lMjBIb21lJTIwJTI2JTIwTGl2aW5nJTNBJTIwQXR0YWNrJTIwRWFzeSUyRjk5MTElMjIlMkMlMjJjYXJvdXNlbE5hbWUlMjIlM0ElMjIlMjIlMkMlMjJjb2xsZWN0aW9uSWQlMjIlM0ElMjI5OTExJTIyJTJDJTIyaW5kZXhDbGlja2VkJTIyJTNBMiU3RA,https://images.mango-prod.siammakro.cloud/SOURCE/ed8a5a2ed556448d83f91a62c8f30352,แอทแทค อีซี่ ผงซักฟอก กลิ่นเซ็กซี่สวีท 250 ก. x 3,฿,45.,฿ 49.00,6+ units,-8%
https://www.makro.pro/th/p/pnn1w-y-7078772342979?info=JTdCJTIycGFnZVNsdWclMjIlM0ElMjJLYW8lMjBIb21lJTIwJTI2JTIwTGl2aW5nJTNBJTIwQXR0YWNrJTIwRWFzeSUyRjk5MTElMjIlMkMlMjJjYXJvdXNlbE5hbWUlMjIlM0ElMjIlMjIlMkMlMjJjb2xsZWN0aW9uSWQlMjIlM0ElMjI5OTExJTIyJTJDJTIyaW5kZXhDbGlja2VkJTIyJTNBMyU3RA,https://images.mango-prod.siammakro.cloud/SOURCE/044ac726379044088518feb066e2080b,แอทแทค อีซี่ แฮปปี้สวีท 700 ก.,฿,40.,฿ 57.00,,-29%
https://www.makro.pro/th/p/8sc-bfd-7115391336643?info=JTdCJTIycGFnZVNsdWclMjIlM0ElMjJLYW8lMjBIb21lJTIwJTI2JTIwTGl2aW5nJTNBJTIwQXR0YWNrJTIwRWFzeSUyRjk5MTElMjIlMkMlMjJjYXJvdXNlbE5hbWUlMjIlM0ElMjIlMjIlMkMlMjJjb2xsZWN0aW9uSWQlMjIlM0ElMjI5OTExJTIyJTJDJTIyaW5kZXhDbGlja2VkJTIyJTNBNCU3RA,https://images.mango-prod.siammakro.cloud/SOURCE/67f4e20b9e6547dab0247e42540c80e7,แอทแทค อีซี่ ผงซักฟอก กลิ่นซากุระสวีท 250 ก. x 3,฿,45.,฿ 49.00,6+ units,-8%
https://www.makro.pro/th/p/3bi7pqg-7078771065027?info=JTdCJTIycGFnZVNsdWclMjIlM0ElMjJLYW8lMjBIb21lJTIwJTI2JTIwTGl2aW5nJTNBJTIwQXR0YWNrJTIwRWFzeSUyRjk5MTElMjIlMkMlMjJjYXJvdXNlbE5hbWUlMjIlM0ElMjIlMjIlMkMlMjJjb2xsZWN0aW9uSWQlMjIlM0ElMjI5OTExJTIyJTJDJTIyaW5kZXhDbGlja2VkJTIyJTNBNSU3RA,https://images.mango-prod.siammakro.cloud/product-images/7078771065027-09e96f6f-3684-404b-affb-8faf48449069.jpeg?imageMogr2/thumbnail/300x300,แอทแทค อีซี่ ผงซักฟอก สูตรมาตรฐาน กลิ่นเซ็กซี่สวีท สีม่วง 110 ก. x 12,฿,69.,฿ 75.00,5+ units,-8%
https://www.makro.pro/th/p/06wypfz-7115281531075?info=JTdCJTIycGFnZVNsdWclMjIlM0ElMjJLYW8lMjBIb21lJTIwJTI2JTIwTGl2aW5nJTNBJTIwQXR0YWNrJTIwRWFzeSUyRjk5MTElMjIlMkMlMjJjYXJvdXNlbE5hbWUlMjIlM0ElMjIlMjIlMkMlMjJjb2xsZWN0aW9uSWQlMjIlM0ElMjI5OTExJTIyJTJDJTIyaW5kZXhDbGlja2VkJTIyJTNBNiU3RA,https://images.mango-prod.siammakro.cloud/SOURCE/80dfe1cfe78e4b88bc28210914e573e9,แอทแทค อีซี่ ผงซักฟอก สูตรมาตรฐาน กลิ่นซากุระสวีท สีขาว 110 ก. x 12,฿,69.,฿ 75.00,5+ units,-8%
https://www.makro.pro/th/p/t0uohbv-7115282022595?info=JTdCJTIycGFnZVNsdWclMjIlM0ElMjJLYW8lMjBIb21lJTIwJTI2JTIwTGl2aW5nJTNBJTIwQXR0YWNrJTIwRWFzeSUyRjk5MTElMjIlMkMlMjJjYXJvdXNlbE5hbWUlMjIlM0ElMjIlMjIlMkMlMjJjb2xsZWN0aW9uSWQlMjIlM0ElMjI5OTExJTIyJTJDJTIyaW5kZXhDbGlja2VkJTIyJTNBNyU3RA,https://images.mango-prod.siammakro.cloud/product-images/7115282022595-2d8fea33-b01f-4229-889f-87e82f0dc505.jpeg?imageMogr2/thumbnail/300x300,แอทแทค อีซี่ ผงซักฟอก สูตรมาตรฐาน กลิ่นซากุระสวีท สีขาว 800 ก.,฿,40.,฿ 57.00,,-29%
https://www.makro.pro/th/p/rwakogj-7115280154819?info=JTdCJTIycGFnZVNsdWclMjIlM0ElMjJLYW8lMjBIb21lJTIwJTI2JTIwTGl2aW5nJTNBJTIwQXR0YWNrJTIwRWFzeSUyRjk5MTElMjIlMkMlMjJjYXJvdXNlbE5hbWUlMjIlM0ElMjIlMjIlMkMlMjJjb2xsZWN0aW9uSWQlMjIlM0ElMjI5OTExJTIyJTJDJTIyaW5kZXhDbGlja2VkJTIyJTNBOCU3RA,https://images.mango-prod.siammakro.cloud/SOURCE/4e2aa9ba719641bba4289fa709d55e01,แอทแทค อีซี่ ผงซักฟอก สูตรมาตรฐาน กลิ่นเซ็กซี่สวีท สีม่วง 700 ก.,฿,40.,฿ 49.00,,-18%
https://www.makro.pro/th/p/34p70s9-7115391992003?info=JTdCJTIycGFnZVNsdWclMjIlM0ElMjJLYW8lMjBIb21lJTIwJTI2JTIwTGl2aW5nJTNBJTIwQXR0YWNrJTIwRWFzeSUyRjk5MTElMjIlMkMlMjJjYXJvdXNlbE5hbWUlMjIlM0ElMjIlMjIlMkMlMjJjb2xsZWN0aW9uSWQlMjIlM0ElMjI5OTExJTIyJTJDJTIyaW5kZXhDbGlja2VkJTIyJTNBOSU3RA,https://images.mango-prod.siammakro.cloud/SOURCE/0781b9192bad4fbfabf7bf932f2d3a3a,แอทแทค อีซี่ ผงซักฟอก สูตรมาตรฐาน แฮปปี้สวีท สีชมพู 50 ก. x 12,"฿

45.

00",฿,,,
https://www.makro.pro/th/p/vzcfnxp-7078770016451?info=JTdCJTIycGFnZVNsdWclMjIlM0ElMjJLYW8lMjBIb21lJTIwJTI2JTIwTGl2aW5nJTNBJTIwQXR0YWNrJTIwRWFzeSUyRjk5MTElMjIlMkMlMjJjYXJvdXNlbE5hbWUlMjIlM0ElMjIlMjIlMkMlMjJjb2xsZWN0aW9uSWQlMjIlM0ElMjI5OTExJTIyJTJDJTIyaW5kZXhDbGlja2VkJTIyJTNBMTAlN0Q,https://images.mango-prod.siammakro.cloud/product-images/7078770016451-6e2340a2-86bd-486b-a15b-24f13d6c01da.jpeg?imageMogr2/thumbnail/300x300,แอทแทค อีซี่ ผงซักฟอก สูตรมาตรฐาน แฮปปี้สวีท สีชมพู 2.3/2.5 กก.,฿,125.,฿ 159.00,,-21%
https://www.makro.pro/th/p/5s32ytd-7352769020099?info=JTdCJTIycGFnZVNsdWclMjIlM0ElMjJLYW8lMjBIb21lJTIwJTI2JTIwTGl2aW5nJTNBJTIwQXR0YWNrJTIwRWFzeSUyRjk5MTElMjIlMkMlMjJjYXJvdXNlbE5hbWUlMjIlM0ElMjIlMjIlMkMlMjJjb2xsZWN0aW9uSWQlMjIlM0ElMjI5OTExJTIyJTJDJTIyaW5kZXhDbGlja2VkJTIyJTNBMTElN0Q,https://images.mango-prod.siammakro.cloud/product-images/7352769020099-691b3c67-7307-460c-a8a6-625007f2dbc4.jpeg?imageMogr2/thumbnail/300x300,แอทแทค อีซี่ ผงซักฟอก สูตรมาตรฐาน กลิ่นซากุระสวีท สีขาว 2.5 กก.,฿,125.,฿ 159.00,,-21%
https://www.makro.pro/th/p/vtpik4_-7078772801731?info=JTdCJTIycGFnZVNsdWclMjIlM0ElMjJLYW8lMjBIb21lJTIwJTI2JTIwTGl2aW5nJTNBJTIwQXR0YWNrJTIwRWFzeSUyRjk5MTElMjIlMkMlMjJjYXJvdXNlbE5hbWUlMjIlM0ElMjIlMjIlMkMlMjJjb2xsZWN0aW9uSWQlMjIlM0ElMjI5OTExJTIyJTJDJTIyaW5kZXhDbGlja2VkJTIyJTNBMTIlN0Q,https://images.mango-prod.siammakro.cloud/product-images/7078772801731-f9b55daf-6564-42e4-9578-bfa010c47a97.jpeg?imageMogr2/thumbnail/300x300,แอทแทค อีซี่ ผงซักฟอกสูตรมาตรฐาน กลิ่นแฮปปี้สวีท สีชมพู 7 กก.,฿,349.,฿ 395.00,,-11%
https://www.makro.pro/th/p/tij2ykk-7352774033603?info=JTdCJTIycGFnZVNsdWclMjIlM0ElMjJLYW8lMjBIb21lJTIwJTI2JTIwTGl2aW5nJTNBJTIwQXR0YWNrJTIwRWFzeSUyRjk5MTElMjIlMkMlMjJjYXJvdXNlbE5hbWUlMjIlM0ElMjIlMjIlMkMlMjJjb2xsZWN0aW9uSWQlMjIlM0ElMjI5OTExJTIyJTJDJTIyaW5kZXhDbGlja2VkJTIyJTNBMTMlN0Q,https://images.mango-prod.siammakro.cloud/product-images/7352774033603-537e9a20-4495-4731-941a-39f139662fb3.jpeg?imageMogr2/thumbnail/300x300,แอทแทค อีซี่ ผงซักฟอก สูตรมาตรฐาน กลิ่นเซ็กซี่สวีท สีม่วง 2.3/2.5 กก.,฿,125.,฿ 159.00,,-21%
https://www.makro.pro/th/p/lygdhc1-7352794710211?info=JTdCJTIycGFnZVNsdWclMjIlM0ElMjJLYW8lMjBIb21lJTIwJTI2JTIwTGl2aW5nJTNBJTIwQXR0YWNrJTIwRWFzeSUyRjk5MTElMjIlMkMlMjJjYXJvdXNlbE5hbWUlMjIlM0ElMjIlMjIlMkMlMjJjb2xsZWN0aW9uSWQlMjIlM0ElMjI5OTExJTIyJTJDJTIyaW5kZXhDbGlja2VkJTIyJTNBMTQlN0Q,https://images.mango-prod.siammakro.cloud/product-images/7352794710211-4a1d6cd6-671f-4920-99f0-741493091ffc.jpeg?imageMogr2/thumbnail/300x300,แอทแทค อีซี่ ผงซักฟอก สูตรมาตรฐาน แฮปปี้สวีท สีชมพู 1.7/1.8 กก.,฿,89.,฿ 115.00,,-22%
https://www.makro.pro/th/p/1o-3duw-7352794644675?info=JTdCJTIycGFnZVNsdWclMjIlM0ElMjJLYW8lMjBIb21lJTIwJTI2JTIwTGl2aW5nJTNBJTIwQXR0YWNrJTIwRWFzeSUyRjk5MTElMjIlMkMlMjJjYXJvdXNlbE5hbWUlMjIlM0ElMjIlMjIlMkMlMjJjb2xsZWN0aW9uSWQlMjIlM0ElMjI5OTExJTIyJTJDJTIyaW5kZXhDbGlja2VkJTIyJTNBMTUlN0Q,https://images.mango-prod.siammakro.cloud/SOURCE/eca4938ac99a4348914ad75c6322c655,แอทแทค อีซี่ ผงซักฟอก สูตรมาตรฐาน แฮปปี้สวีท สีชมพู 4.5 กก.,฿,199.,฿ 259.00,,-23%
https://www.makro.pro/th/p/7kzr-lo-7352784191683?info=JTdCJTIycGFnZVNsdWclMjIlM0ElMjJLYW8lMjBIb21lJTIwJTI2JTIwTGl2aW5nJTNBJTIwQXR0YWNrJTIwRWFzeSUyRjk5MTElMjIlMkMlMjJjYXJvdXNlbE5hbWUlMjIlM0ElMjIlMjIlMkMlMjJjb2xsZWN0aW9uSWQlMjIlM0ElMjI5OTExJTIyJTJDJTIyaW5kZXhDbGlja2VkJTIyJTNBMTYlN0Q,https://images.mango-prod.siammakro.cloud/product-images/7352784191683-02506508-0d79-4231-a8f3-637eb9ee791c.jpeg?imageMogr2/thumbnail/300x300,แอทแทค อีซี่ ผงซักฟอก สูตรมาตรฐาน กลิ่นเซ็กซี่สวีท สีม่วง 1.7/1.8 กก.,฿,89.,฿ 115.00,,-22%
