MuiBox-root href,MuiBox-root src,MuiBox-root (2),css-1n8x1y2,MuiTypography-root (2),MuiTypography-root (3),MuiTypography-root (5),MuiTypography-root (6)
https://www.makro.pro/th/p/emyra4x-264263753682749?info=JTdCJTIycGFnZVNsdWclMjIlM0ElMjJSZWNraXR0JTIwQmVuY2tpc2VyJTIwJTdDJTIwREVUVE9MJTJGMTU5MTUlMjIlMkMlMjJjYXJvdXNlbE5hbWUlMjIlM0ElMjIlMjIlMkMlMjJjb2xsZWN0aW9uSWQlMjIlM0ElMjIxNTkxNSUyMiU3RA,https://images.mango-prod.siammakro.cloud/SOURCE/1cf0c0e661d84dd99d95ac64b41e3d28,+2,เดทตอล สบู่ก้อน ออริจินัล 60 ก. x 5,฿,40.,฿ 81.00,-50%
https://www.makro.pro/th/p/2jxgea-7115371643075?info=JTdCJTIycGFnZVNsdWclMjIlM0ElMjJSZWNraXR0JTIwQmVuY2tpc2VyJTIwJTdDJTIwREVUVE9MJTJGMTU5MTUlMjIlMkMlMjJjYXJvdXNlbE5hbWUlMjIlM0ElMjIlMjIlMkMlMjJjb2xsZWN0aW9uSWQlMjIlM0ElMjIxNTkxNSUyMiUyQyUyMmluZGV4Q2xpY2tlZCUyMiUzQTElN0Q,https://images.mango-prod.siammakro.cloud/SOURCE/ba387e5487294c4dbfef0e37f63a6795,+2,เดทตอล สบู่ก้อนแอนตี้แบคทีเรีย สูตรรีเฟรชชิ่ง 100 ก. x 4,฿,58.,฿ 84.00,-30%
https://www.makro.pro/th/p/pv4692x-7352655904963?info=JTdCJTIycGFnZVNsdWclMjIlM0ElMjJSZWNraXR0JTIwQmVuY2tpc2VyJTIwJTdDJTIwREVUVE9MJTJGMTU5MTUlMjIlMkMlMjJjYXJvdXNlbE5hbWUlMjIlM0ElMjIlMjIlMkMlMjJjb2xsZWN0aW9uSWQlMjIlM0ElMjIxNTkxNSUyMiUyQyUyMmluZGV4Q2xpY2tlZCUyMiUzQTIlN0Q,https://images.mango-prod.siammakro.cloud/product-images/7352655904963-2d198fef-a785-4503-bb92-51166d2057b9.jpeg?imageMogr2/thumbnail/300x300,+2,เดทตอล เจลอาบน้ําแอนตี้แบคทีเรีย สูตรออริจินัล 450 มล. x 1+1,฿,190.,฿ 199.00,-4%
https://www.makro.pro/th/p/auy9776-7078731907267?info=JTdCJTIycGFnZVNsdWclMjIlM0ElMjJSZWNraXR0JTIwQmVuY2tpc2VyJTIwJTdDJTIwREVUVE9MJTJGMTU5MTUlMjIlMkMlMjJjYXJvdXNlbE5hbWUlMjIlM0ElMjIlMjIlMkMlMjJjb2xsZWN0aW9uSWQlMjIlM0ElMjIxNTkxNSUyMiUyQyUyMmluZGV4Q2xpY2tlZCUyMiUzQTMlN0Q,https://images.mango-prod.siammakro.cloud/product-images/7078731907267-abbea09a-e47a-4453-9fb2-122a2060abf5.jpeg?imageMogr2/thumbnail/300x300,+2,เดทตอล สบู่ก้อนแอนตี้แบคทีเรีย สูตรออริจินัล 100 ก. x 4,฿,58.,฿ 84.00,-30%
https://www.makro.pro/th/p/253yyZ2-863235097005581?info=JTdCJTIycGFnZVNsdWclMjIlM0ElMjJSZWNraXR0JTIwQmVuY2tpc2VyJTIwJTdDJTIwREVUVE9MJTJGMTU5MTUlMjIlMkMlMjJjYXJvdXNlbE5hbWUlMjIlM0ElMjIlMjIlMkMlMjJjb2xsZWN0aW9uSWQlMjIlM0ElMjIxNTkxNSUyMiUyQyUyMmluZGV4Q2xpY2tlZCUyMiUzQTQlN0Q,https://images.mango-prod.siammakro.cloud/SOURCE/83141140fa8646aca412f4b4bd361d21,+2,เดทตอล สบู่แอนตี้แบคทีเรีย สูตรรีเฟรชชิ่ง 60 ก. x 5,฿,40.,฿ 81.00,-50%
https://www.makro.pro/th/p/lejshqi-7115248533699?info=JTdCJTIycGFnZVNsdWclMjIlM0ElMjJSZWNraXR0JTIwQmVuY2tpc2VyJTIwJTdDJTIwREVUVE9MJTJGMTU5MTUlMjIlMkMlMjJjYXJvdXNlbE5hbWUlMjIlM0ElMjIlMjIlMkMlMjJjb2xsZWN0aW9uSWQlMjIlM0ElMjIxNTkxNSUyMiUyQyUyMmluZGV4Q2xpY2tlZCUyMiUzQTUlN0Q,https://images.mango-prod.siammakro.cloud/SOURCE/225be04e8c27492280c2cca01cc07e19,+2,เดทตอล สบู่ก้อนแอนตี้แบคทีเรีย สูตรรีเพลนนิชชิ่ง 100 ก. x 4,฿,58.,฿ 84.00,-30%
https://www.makro.pro/th/p/8dmzv8z-7078711296195?info=JTdCJTIycGFnZVNsdWclMjIlM0ElMjJSZWNraXR0JTIwQmVuY2tpc2VyJTIwJTdDJTIwREVUVE9MJTJGMTU5MTUlMjIlMkMlMjJjYXJvdXNlbE5hbWUlMjIlM0ElMjIlMjIlMkMlMjJjb2xsZWN0aW9uSWQlMjIlM0ElMjIxNTkxNSUyMiUyQyUyMmluZGV4Q2xpY2tlZCUyMiUzQTYlN0Q,https://images.mango-prod.siammakro.cloud/SOURCE/e84718e623e84631807ca1aebfd761f5,+1,เดทตอล ไฮยีน น้ํายาทําความสะอาด อเนกประสงค์ 1 ล.,฿,539.,฿ 742.00,-27%
https://www.makro.pro/th/p/j8s0clj-7078710739139?info=JTdCJTIycGFnZVNsdWclMjIlM0ElMjJSZWNraXR0JTIwQmVuY2tpc2VyJTIwJTdDJTIwREVUVE9MJTJGMTU5MTUlMjIlMkMlMjJjYXJvdXNlbE5hbWUlMjIlM0ElMjIlMjIlMkMlMjJjb2xsZWN0aW9uSWQlMjIlM0ElMjIxNTkxNSUyMiUyQyUyMmluZGV4Q2xpY2tlZCUyMiUzQTclN0Q,https://images.mango-prod.siammakro.cloud/product-images/7078710739139-ed7f36fd-933f-4647-8e97-12bb849acb6b.jpeg?imageMogr2/thumbnail/300x300,+1,เดทตอล น้ํายาไฮยีน 750 มล.,฿,429.,฿ 577.00,-25%
https://www.makro.pro/th/p/owfdrwz-917785274669541?info=JTdCJTIycGFnZVNsdWclMjIlM0ElMjJSZWNraXR0JTIwQmVuY2tpc2VyJTIwJTdDJTIwREVUVE9MJTJGMTU5MTUlMjIlMkMlMjJjYXJvdXNlbE5hbWUlMjIlM0ElMjIlMjIlMkMlMjJjb2xsZWN0aW9uSWQlMjIlM0ElMjIxNTkxNSUyMiUyQyUyMmluZGV4Q2xpY2tlZCUyMiUzQTglN0Q,https://images.mango-prod.siammakro.cloud/SOURCE/4ca2864713d54dd19ec12ec42db960fc,+1,เดทตอล แอนตี้แบคทีเรีย เซอร์เฟส คลีนเซอร์ กลิ่นไลม์และมิ้นท์ 500 มล.,"฿

162.

00",฿,,
https://www.makro.pro/th/p/vdirull-7115248926915?info=JTdCJTIycGFnZVNsdWclMjIlM0ElMjJSZWNraXR0JTIwQmVuY2tpc2VyJTIwJTdDJTIwREVUVE9MJTJGMTU5MTUlMjIlMkMlMjJjYXJvdXNlbE5hbWUlMjIlM0ElMjIlMjIlMkMlMjJjb2xsZWN0aW9uSWQlMjIlM0ElMjIxNTkxNSUyMiUyQyUyMmluZGV4Q2xpY2tlZCUyMiUzQTklN0Q,https://images.mango-prod.siammakro.cloud/product-images/7115248926915-1d3aedd1-c217-4bcf-8575-8a0f686ccadf.jpeg?imageMogr2/thumbnail/300x300,+2,เดทตอล สบู่ก้อนแอนตี้แบคทีเรีย สูตรไฮเดรทติ้ง 60 ก. x 4,฿,47.,฿ 65.00,-27%
https://www.makro.pro/th/p/l9oxffo-6761193406659?info=JTdCJTIycGFnZVNsdWclMjIlM0ElMjJSZWNraXR0JTIwQmVuY2tpc2VyJTIwJTdDJTIwREVUVE9MJTJGMTU5MTUlMjIlMkMlMjJjYXJvdXNlbE5hbWUlMjIlM0ElMjIlMjIlMkMlMjJjb2xsZWN0aW9uSWQlMjIlM0ElMjIxNTkxNSUyMiUyQyUyMmluZGV4Q2xpY2tlZCUyMiUzQTEwJTdE,https://images.mango-prod.siammakro.cloud/product-images/6761193406659-7034e302-4bee-4dc9-a527-9ddebfab2064.jpeg?imageMogr2/thumbnail/300x300,+1,เดทตอล ไฮยีน มัลติ-ยูส ฆ่าเชื้อโรคอเนกประสงค์ 5 ล.,฿,"1,999.","฿ 2,499.00",-20%
https://www.makro.pro/th/p/h98syo-7350207054019?info=JTdCJTIycGFnZVNsdWclMjIlM0ElMjJSZWNraXR0JTIwQmVuY2tpc2VyJTIwJTdDJTIwREVUVE9MJTJGMTU5MTUlMjIlMkMlMjJjYXJvdXNlbE5hbWUlMjIlM0ElMjIlMjIlMkMlMjJjb2xsZWN0aW9uSWQlMjIlM0ElMjIxNTkxNSUyMiUyQyUyMmluZGV4Q2xpY2tlZCUyMiUzQTExJTdE,https://images.mango-prod.siammakro.cloud/product-images/7350207054019-1f65c932-84f5-418b-817b-274836649e8f.jpeg?imageMogr2/thumbnail/300x300,+2,เดทตอล ครีมอาบน้ํา โปรสกิน โกลว์วิ่ง ซากุระ 450 มล. x 1+1,฿,190.,฿ 199.00,-4%
https://www.makro.pro/th/p/pj3page-7350208430275?info=JTdCJTIycGFnZVNsdWclMjIlM0ElMjJSZWNraXR0JTIwQmVuY2tpc2VyJTIwJTdDJTIwREVUVE9MJTJGMTU5MTUlMjIlMkMlMjJjYXJvdXNlbE5hbWUlMjIlM0ElMjIlMjIlMkMlMjJjb2xsZWN0aW9uSWQlMjIlM0ElMjIxNTkxNSUyMiUyQyUyMmluZGV4Q2xpY2tlZCUyMiUzQTEyJTdE,https://images.mango-prod.siammakro.cloud/product-images/7350208430275-045ca9bb-cfbd-47d7-b04d-8a1bca3bc4a5.jpeg?imageMogr2/thumbnail/300x300,+2,เดทตอล เจลอาบน้ํา โกลด์ คลาสสิค 500 มล. x 1+1,฿,205.,฿ 215.00,-4%
https://www.makro.pro/th/p/iys4z5s-7115369545923?info=JTdCJTIycGFnZVNsdWclMjIlM0ElMjJSZWNraXR0JTIwQmVuY2tpc2VyJTIwJTdDJTIwREVUVE9MJTJGMTU5MTUlMjIlMkMlMjJjYXJvdXNlbE5hbWUlMjIlM0ElMjIlMjIlMkMlMjJjb2xsZWN0aW9uSWQlMjIlM0ElMjIxNTkxNSUyMiUyQyUyMmluZGV4Q2xpY2tlZCUyMiUzQTEzJTdE,https://images.mango-prod.siammakro.cloud/SOURCE/b63c0f01a0854b8e9784a5326879b052,+2,เดทตอล สบู่ก้อนแอนตี้แบคทีเรีย สูตรแคพทิเวทติ้ง 60 ก. x 4,฿,47.,฿ 65.00,-27%
https://www.makro.pro/th/p/zRMBl-M-610065933788310?info=JTdCJTIycGFnZVNsdWclMjIlM0ElMjJSZWNraXR0JTIwQmVuY2tpc2VyJTIwJTdDJTIwREVUVE9MJTJGMTU5MTUlMjIlMkMlMjJjYXJvdXNlbE5hbWUlMjIlM0ElMjIlMjIlMkMlMjJjb2xsZWN0aW9uSWQlMjIlM0ElMjIxNTkxNSUyMiUyQyUyMmluZGV4Q2xpY2tlZCUyMiUzQTE0JTdE,https://images.mango-prod.siammakro.cloud/product-images/610065933788310-e8fbe9ee-c794-4fe3-9ca8-62341596a4f6.jpeg?imageMogr2/thumbnail/300x300,+2,เดทตอล ไอซ์ซี่ครัช สบู่ก้อน 60 ก. x 4,฿,42.,฿ 65.00,-35%
https://www.makro.pro/th/p/5pksqnv-7352660984003?info=JTdCJTIycGFnZVNsdWclMjIlM0ElMjJSZWNraXR0JTIwQmVuY2tpc2VyJTIwJTdDJTIwREVUVE9MJTJGMTU5MTUlMjIlMkMlMjJjYXJvdXNlbE5hbWUlMjIlM0ElMjIlMjIlMkMlMjJjb2xsZWN0aW9uSWQlMjIlM0ElMjIxNTkxNSUyMiUyQyUyMmluZGV4Q2xpY2tlZCUyMiUzQTE1JTdE,https://images.mango-prod.siammakro.cloud/product-images/7352660984003-1fae190a-d1d9-4147-92d7-7f732885f7be.jpeg?imageMogr2/thumbnail/300x300,+2,เดทตอล เจลอาบน้ําแอนตี้แบคทีเรีย สูตรไฮเดรทติ้ง 500 มล.1+1,฿,179.,฿ 199.00,-10%
https://www.makro.pro/th/p/movvlkf-7350117728451?info=JTdCJTIycGFnZVNsdWclMjIlM0ElMjJSZWNraXR0JTIwQmVuY2tpc2VyJTIwJTdDJTIwREVUVE9MJTJGMTU5MTUlMjIlMkMlMjJjYXJvdXNlbE5hbWUlMjIlM0ElMjIlMjIlMkMlMjJjb2xsZWN0aW9uSWQlMjIlM0ElMjIxNTkxNSUyMiUyQyUyMmluZGV4Q2xpY2tlZCUyMiUzQTE2JTdE,https://images.mango-prod.siammakro.cloud/product-images/7350117728451-e0ac899d-cd27-43be-81b2-d58650e7b601.jpeg?imageMogr2/thumbnail/300x300,+2,เดทตอล เจลอาบน้ํา แอนตี้แบคทีเรีย สูตรไอซ์ซี่ ครัช 500 มล. x 1+1,฿,190.,฿ 199.00,-4%
https://www.makro.pro/th/p/35-kWfGv-520568240710015?info=JTdCJTIycGFnZVNsdWclMjIlM0ElMjJSZWNraXR0JTIwQmVuY2tpc2VyJTIwJTdDJTIwREVUVE9MJTJGMTU5MTUlMjIlMkMlMjJjYXJvdXNlbE5hbWUlMjIlM0ElMjIlMjIlMkMlMjJjb2xsZWN0aW9uSWQlMjIlM0ElMjIxNTkxNSUyMiUyQyUyMmluZGV4Q2xpY2tlZCUyMiUzQTE3JTdE,https://images.mango-prod.siammakro.cloud/product-images/520568240710015-6a617bec-8e07-4dfb-933f-a9662a7d8ef5.jpeg?imageMogr2/thumbnail/300x300,+2,เดทตอล เจลอาบน้ํา ไฮเดรทติ้ง+รีฟิล 400 มล. x 1+2(รีฟิล),"฿

190.

00",฿,,
https://www.makro.pro/th/p/L9znymb-695724844807225?info=JTdCJTIycGFnZVNsdWclMjIlM0ElMjJSZWNraXR0JTIwQmVuY2tpc2VyJTIwJTdDJTIwREVUVE9MJTJGMTU5MTUlMjIlMkMlMjJjYXJvdXNlbE5hbWUlMjIlM0ElMjIlMjIlMkMlMjJjb2xsZWN0aW9uSWQlMjIlM0ElMjIxNTkxNSUyMiUyQyUyMmluZGV4Q2xpY2tlZCUyMiUzQTE4JTdE,https://images.mango-prod.siammakro.cloud/product-images/695724844807225-b04d2c6d-7855-472e-8119-3937d50104b1.jpeg?imageMogr2/thumbnail/300x300,+1,เดทตอล ยาฆ่าเชื้อ กลิ่นลาเวนเดอร์ 5 ล.,฿,"1,749.","฿ 2,181.00",-19%
