MuiBox-root href,MuiBox-root src,css-1n8x1y2,MuiTypography-root (2),MuiTypography-root (3),MuiTypography-root (4),MuiTypography-root (5),MuiTypography-root (6),MuiBox-root (3)
https://www.makro.pro/th/p/_iiztt8-6974547034307?info=JTdCJTIycGFnZVNsdWclMjIlM0ElMjJTaG9wJTIwYnklMjBCcmFuZCUzQSUyMEZJTkVMSU5FJTJGMjIxOTklMjIlMkMlMjJjYXJvdXNlbE5hbWUlMjIlM0ElMjIlMjIlMkMlMjJjb2xsZWN0aW9uSWQlMjIlM0ElMjIyMjE5OSUyMiU3RA,https://images.mango-prod.siammakro.cloud/product-images/6974547034307-1aca3ce3-de31-4ac8-8d6b-560ed76f3382.jpeg?imageMogr2/thumbnail/300x300,ไฟน์ไลน์ น้ํายาปรับผ้านุ่ม สูตรมาตรฐาน สีชมพู 470 มล. x 3,฿,37.,50,฿ 49.00,-23%,
https://www.makro.pro/th/p/npg9vrz-7115248074947?info=JTdCJTIycGFnZVNsdWclMjIlM0ElMjJTaG9wJTIwYnklMjBCcmFuZCUzQSUyMEZJTkVMSU5FJTJGMjIxOTklMjIlMkMlMjJjYXJvdXNlbE5hbWUlMjIlM0ElMjIlMjIlMkMlMjJjb2xsZWN0aW9uSWQlMjIlM0ElMjIyMjE5OSUyMiUyQyUyMmluZGV4Q2xpY2tlZCUyMiUzQTElN0Q,https://images.mango-prod.siammakro.cloud/product-images/7115248074947-f6097db9-63e8-4ec7-845b-ee69eff552a0.jpeg?imageMogr2/thumbnail/300x300,ไฟน์ไลน์ น้ํายาปรับผ้านุ่ม กลิ่นเรดโรแมนซ์ 470 มล. x 3,฿,37.,50,฿ 49.00,-23%,
https://www.makro.pro/th/p/wagxnrx-7115393564867?info=JTdCJTIycGFnZVNsdWclMjIlM0ElMjJTaG9wJTIwYnklMjBCcmFuZCUzQSUyMEZJTkVMSU5FJTJGMjIxOTklMjIlMkMlMjJjYXJvdXNlbE5hbWUlMjIlM0ElMjIlMjIlMkMlMjJjb2xsZWN0aW9uSWQlMjIlM0ElMjIyMjE5OSUyMiUyQyUyMmluZGV4Q2xpY2tlZCUyMiUzQTIlN0Q,https://images.mango-prod.siammakro.cloud/product-images/7115393564867-6a4351cc-3ba1-4da2-8103-be43f6308298.jpeg?imageMogr2/thumbnail/300x300,ไฟน์ไลน์ น้ํายาปรับผ้านุ่ม มิราเคิลพิงค์ 470 มล. x 3,฿,37.,50,฿ 49.00,-23%,
https://www.makro.pro/th/p/s1x3al4-7275653988547?info=JTdCJTIycGFnZVNsdWclMjIlM0ElMjJTaG9wJTIwYnklMjBCcmFuZCUzQSUyMEZJTkVMSU5FJTJGMjIxOTklMjIlMkMlMjJjYXJvdXNlbE5hbWUlMjIlM0ElMjIlMjIlMkMlMjJjb2xsZWN0aW9uSWQlMjIlM0ElMjIyMjE5OSUyMiUyQyUyMmluZGV4Q2xpY2tlZCUyMiUzQTMlN0Q,https://images.mango-prod.siammakro.cloud/product-images/7275653988547-1a863137-c73c-4ff5-8fbc-5736a8bd18db.jpeg?imageMogr2/thumbnail/300x300,ไฟน์ไลน์ น้ํายาซักผ้าสูตรเข้มข้น ดีลักซ์ เพอร์ฟูม สีดํา 1.25 ล.,฿,81.,50,฿ 163.00,-50%,
https://www.makro.pro/th/p/EEdknwf3-139300721251965?info=JTdCJTIycGFnZVNsdWclMjIlM0ElMjJTaG9wJTIwYnklMjBCcmFuZCUzQSUyMEZJTkVMSU5FJTJGMjIxOTklMjIlMkMlMjJjYXJvdXNlbE5hbWUlMjIlM0ElMjIlMjIlMkMlMjJjb2xsZWN0aW9uSWQlMjIlM0ElMjIyMjE5OSUyMiUyQyUyMmluZGV4Q2xpY2tlZCUyMiUzQTQlN0Q,https://images.mango-prod.siammakro.cloud/product-images/139300721251965-e7cea204-ae23-4588-bc46-2ecd8ef505c4.jpeg?imageMogr2/thumbnail/300x300,ไฟน์ไลน์ น้ํายาซักผ้า สูตรเข้มข้น ดีลักซ์ เฟอร์ฟูม มิดไนท์ แฟนซี สีดํา 3.6 ล.,฿,225.,00,฿ 449.00,-49%,
https://www.makro.pro/th/p/herqbm2-7115393401027?info=JTdCJTIycGFnZVNsdWclMjIlM0ElMjJTaG9wJTIwYnklMjBCcmFuZCUzQSUyMEZJTkVMSU5FJTJGMjIxOTklMjIlMkMlMjJjYXJvdXNlbE5hbWUlMjIlM0ElMjIlMjIlMkMlMjJjb2xsZWN0aW9uSWQlMjIlM0ElMjIyMjE5OSUyMiUyQyUyMmluZGV4Q2xpY2tlZCUyMiUzQTUlN0Q,https://images.mango-prod.siammakro.cloud/product-images/7115393401027-60dae270-840d-4933-aaf0-563beeb358b1.jpeg?imageMogr2/thumbnail/300x300,ไฟน์ไลน์ น้ํายาปรับผ้านุ่ม สูตรมาตรฐาน สีขาว 470 มล. x 3,฿,37.,50,฿ 49.00,-23%,
https://www.makro.pro/th/p/yosuyrv-7275666276547?info=JTdCJTIycGFnZVNsdWclMjIlM0ElMjJTaG9wJTIwYnklMjBCcmFuZCUzQSUyMEZJTkVMSU5FJTJGMjIxOTklMjIlMkMlMjJjYXJvdXNlbE5hbWUlMjIlM0ElMjIlMjIlMkMlMjJjb2xsZWN0aW9uSWQlMjIlM0ElMjIyMjE5OSUyMiUyQyUyMmluZGV4Q2xpY2tlZCUyMiUzQTYlN0Q,https://images.mango-prod.siammakro.cloud/product-images/7275666276547-f5d783d1-881d-4351-868d-6aa5c819c489.jpeg?imageMogr2/thumbnail/300x300,ไฟน์ไลน์ น้ํายาปรับผ้านุ่ม สูตรมาตรฐาน สีฟ้า 470 มล. x 3,฿,37.,50,฿ 49.00,-23%,
https://www.makro.pro/th/p/bp7ovey-7352766824643?info=JTdCJTIycGFnZVNsdWclMjIlM0ElMjJTaG9wJTIwYnklMjBCcmFuZCUzQSUyMEZJTkVMSU5FJTJGMjIxOTklMjIlMkMlMjJjYXJvdXNlbE5hbWUlMjIlM0ElMjIlMjIlMkMlMjJjb2xsZWN0aW9uSWQlMjIlM0ElMjIyMjE5OSUyMiUyQyUyMmluZGV4Q2xpY2tlZCUyMiUzQTclN0Q,https://images.mango-prod.siammakro.cloud/product-images/7352766824643-64495ab2-372c-4831-b235-1e18f2125f05.jpeg?imageMogr2/thumbnail/300x300,ไฟน์ไลน์ น้ํายาซักผ้า สูตรเข้มข้น สีดํา 30 มล. x 12,฿,34.,00,฿ 48.00,-29%,
https://www.makro.pro/th/p/7y4l3w0-863083232109336?info=JTdCJTIycGFnZVNsdWclMjIlM0ElMjJTaG9wJTIwYnklMjBCcmFuZCUzQSUyMEZJTkVMSU5FJTJGMjIxOTklMjIlMkMlMjJjYXJvdXNlbE5hbWUlMjIlM0ElMjIlMjIlMkMlMjJjb2xsZWN0aW9uSWQlMjIlM0ElMjIyMjE5OSUyMiUyQyUyMmluZGV4Q2xpY2tlZCUyMiUzQTglN0Q,https://images.mango-prod.siammakro.cloud/product-images/863083232109336-b7bdf0d5-6124-41ce-810f-d5e55eeabbbd.jpeg?imageMogr2/thumbnail/300x300,ไฟน์ไลน์ น้ํายาปรับผ้านุ่ม สูตรมาตรฐาน กลิ่นเจนเทิลไวท์ 2.8 ล.,฿,89.,00,฿ 104.00,-14%,
https://www.makro.pro/th/p/3ovOjKK-981363138568238?info=JTdCJTIycGFnZVNsdWclMjIlM0ElMjJTaG9wJTIwYnklMjBCcmFuZCUzQSUyMEZJTkVMSU5FJTJGMjIxOTklMjIlMkMlMjJjYXJvdXNlbE5hbWUlMjIlM0ElMjIlMjIlMkMlMjJjb2xsZWN0aW9uSWQlMjIlM0ElMjIyMjE5OSUyMiUyQyUyMmluZGV4Q2xpY2tlZCUyMiUzQTklN0Q,https://images.mango-prod.siammakro.cloud/product-images/981363138568238-8d4c8bb1-c61f-4c25-ba27-8590a030308b.jpeg?imageMogr2/thumbnail/300x300,ไฟน์ไลน์ น้ํายาซักผ้าสูตรเข้มข้น สําหรับซักกลางคืน สีม่วง 1.25 ล.,฿,81.,50,฿ 163.00,-50%,
https://www.makro.pro/th/p/ibl6kpn-7115246403779?info=JTdCJTIycGFnZVNsdWclMjIlM0ElMjJTaG9wJTIwYnklMjBCcmFuZCUzQSUyMEZJTkVMSU5FJTJGMjIxOTklMjIlMkMlMjJjYXJvdXNlbE5hbWUlMjIlM0ElMjIlMjIlMkMlMjJjb2xsZWN0aW9uSWQlMjIlM0ElMjIyMjE5OSUyMiUyQyUyMmluZGV4Q2xpY2tlZCUyMiUzQTEwJTdE,https://images.mango-prod.siammakro.cloud/product-images/7115246403779-db913748-6608-46c2-bb69-8b1cda1ee2e6.jpeg?imageMogr2/thumbnail/300x300,ไฟน์ไลน์ ผลิตภัณฑ์รีดผ้าเรียบ กลิ่นเซนซี่ เพอร์เพิล 450 มล. x 3,฿,29.,00,฿ 48.00,-39%,
https://www.makro.pro/th/p/nwnrjaq-7115246141635?info=JTdCJTIycGFnZVNsdWclMjIlM0ElMjJTaG9wJTIwYnklMjBCcmFuZCUzQSUyMEZJTkVMSU5FJTJGMjIxOTklMjIlMkMlMjJjYXJvdXNlbE5hbWUlMjIlM0ElMjIlMjIlMkMlMjJjb2xsZWN0aW9uSWQlMjIlM0ElMjIyMjE5OSUyMiUyQyUyMmluZGV4Q2xpY2tlZCUyMiUzQTExJTdE,https://images.mango-prod.siammakro.cloud/product-images/7115246141635-3293681d-8c79-4579-9574-e0683f6db795.jpeg?imageMogr2/thumbnail/300x300,ไฟน์ไลน์ น้ํายาปรับผ้านุ่ม กลิ่นไวโอเล็ตดรีม 470 มล. x 3,฿,37.,50,฿ 49.00,-23%,
https://www.makro.pro/th/p/Fh7-Z4l-395290772513420?info=JTdCJTIycGFnZVNsdWclMjIlM0ElMjJTaG9wJTIwYnklMjBCcmFuZCUzQSUyMEZJTkVMSU5FJTJGMjIxOTklMjIlMkMlMjJjYXJvdXNlbE5hbWUlMjIlM0ElMjIlMjIlMkMlMjJjb2xsZWN0aW9uSWQlMjIlM0ElMjIyMjE5OSUyMiUyQyUyMmluZGV4Q2xpY2tlZCUyMiUzQTEyJTdE,https://images.mango-prod.siammakro.cloud/product-images/395290772513420-f36bb328-229e-467f-8356-093a172590aa.jpeg?imageMogr2/thumbnail/300x300,ไฟน์ไลน์ พลัส น้ํายาซักผ้า ซันนี่โกลด์ 1.25 ล.,฿,81.,50,฿ 163.00,-50%,
https://www.makro.pro/th/p/u2uknnb-7115246469315?info=JTdCJTIycGFnZVNsdWclMjIlM0ElMjJTaG9wJTIwYnklMjBCcmFuZCUzQSUyMEZJTkVMSU5FJTJGMjIxOTklMjIlMkMlMjJjYXJvdXNlbE5hbWUlMjIlM0ElMjIlMjIlMkMlMjJjb2xsZWN0aW9uSWQlMjIlM0ElMjIyMjE5OSUyMiUyQyUyMmluZGV4Q2xpY2tlZCUyMiUzQTEzJTdE,https://images.mango-prod.siammakro.cloud/product-images/7115246469315-835813e9-767d-4a9f-8830-66063543bdfc.jpeg?imageMogr2/thumbnail/300x300,ไฟน์ไลน์ น้ํายาปรับผ้านุ่ม กลิ่นพิ้งค์บลอสซั่ม 250 มล. x 6,฿,48.,00,฿ 55.00,-12%,
https://www.makro.pro/th/p/f0hfsqy-7352779047107?info=JTdCJTIycGFnZVNsdWclMjIlM0ElMjJTaG9wJTIwYnklMjBCcmFuZCUzQSUyMEZJTkVMSU5FJTJGMjIxOTklMjIlMkMlMjJjYXJvdXNlbE5hbWUlMjIlM0ElMjIlMjIlMkMlMjJjb2xsZWN0aW9uSWQlMjIlM0ElMjIyMjE5OSUyMiUyQyUyMmluZGV4Q2xpY2tlZCUyMiUzQTE0JTdE,https://images.mango-prod.siammakro.cloud/product-images/7352779047107-c910425a-cb7d-4da2-a1e8-d68c2e2592c2.jpeg?imageMogr2/thumbnail/300x300,ไฟน์ไลน์ น้ํายารีดผ้าเรียบ สีชมพู 500 มล. x 3,฿,28.,00,฿ 48.00,-41%,
https://www.makro.pro/th/p/ydik5zu-7078768804035?info=JTdCJTIycGFnZVNsdWclMjIlM0ElMjJTaG9wJTIwYnklMjBCcmFuZCUzQSUyMEZJTkVMSU5FJTJGMjIxOTklMjIlMkMlMjJjYXJvdXNlbE5hbWUlMjIlM0ElMjIlMjIlMkMlMjJjb2xsZWN0aW9uSWQlMjIlM0ElMjIyMjE5OSUyMiUyQyUyMmluZGV4Q2xpY2tlZCUyMiUzQTE1JTdE,https://images.mango-prod.siammakro.cloud/product-images/7078768804035-c4b020f0-3c09-48dd-88a5-d2e758433a08.jpeg?imageMogr2/thumbnail/300x300,ไฟน์ไลน์ ซักผ้า พลัส ทอง 400 มล. x 3,฿,95.,00,฿ 138.00,-31%,
https://www.makro.pro/th/p/xYiCo4z0-938016174472979?info=JTdCJTIycGFnZVNsdWclMjIlM0ElMjJTaG9wJTIwYnklMjBCcmFuZCUzQSUyMEZJTkVMSU5FJTJGMjIxOTklMjIlMkMlMjJjYXJvdXNlbE5hbWUlMjIlM0ElMjIlMjIlMkMlMjJjb2xsZWN0aW9uSWQlMjIlM0ElMjIyMjE5OSUyMiUyQyUyMmluZGV4Q2xpY2tlZCUyMiUzQTE2JTdE,https://images.mango-prod.siammakro.cloud/product-images/938016174472979-b027ddf8-2f57-4d31-86d6-e6f9a8fc38e3.jpeg?imageMogr2/thumbnail/300x300,ไฟน์ไลน์ พลัส น้ํายาซักผ้า ซันนีโกลด์ 30 มล. X 12,฿,34.,00,฿ 48.00,-29%,
https://www.makro.pro/th/p/hjcrtgx-7115392843971?info=JTdCJTIycGFnZVNsdWclMjIlM0ElMjJTaG9wJTIwYnklMjBCcmFuZCUzQSUyMEZJTkVMSU5FJTJGMjIxOTklMjIlMkMlMjJjYXJvdXNlbE5hbWUlMjIlM0ElMjIlMjIlMkMlMjJjb2xsZWN0aW9uSWQlMjIlM0ElMjIyMjE5OSUyMiUyQyUyMmluZGV4Q2xpY2tlZCUyMiUzQTE3JTdE,https://images.mango-prod.siammakro.cloud/product-images/7115392843971-020a1a61-cf70-46de-9175-a71075ee2714.jpeg?imageMogr2/thumbnail/300x300,ไฟน์ไลน์ น้ํายาซักผ้าสูตรเข้มข้น สีชมพู 30 มล. x 12,฿,34.,00,฿ 48.00,-29%,
https://www.makro.pro/th/p/v90qniq-7275665195203?info=JTdCJTIycGFnZVNsdWclMjIlM0ElMjJTaG9wJTIwYnklMjBCcmFuZCUzQSUyMEZJTkVMSU5FJTJGMjIxOTklMjIlMkMlMjJjYXJvdXNlbE5hbWUlMjIlM0ElMjIlMjIlMkMlMjJjb2xsZWN0aW9uSWQlMjIlM0ElMjIyMjE5OSUyMiUyQyUyMmluZGV4Q2xpY2tlZCUyMiUzQTE4JTdE,https://images.mango-prod.siammakro.cloud/product-images/7275665195203-0b0d550e-120d-4d73-8466-19e24bcbc863.jpeg?imageMogr2/thumbnail/300x300,ไฟน์ไลน์ น้ํายาปรับผ้านุ่ม สูตรมาตรฐาน แดง 250 มล. x 6,฿,48.,00,฿ 55.00,-12%,
https://www.makro.pro/th/p/wke4hki-7115246928067?info=JTdCJTIycGFnZVNsdWclMjIlM0ElMjJTaG9wJTIwYnklMjBCcmFuZCUzQSUyMEZJTkVMSU5FJTJGMjIxOTklMjIlMkMlMjJjYXJvdXNlbE5hbWUlMjIlM0ElMjIlMjIlMkMlMjJjb2xsZWN0aW9uSWQlMjIlM0ElMjIyMjE5OSUyMiUyQyUyMmluZGV4Q2xpY2tlZCUyMiUzQTE5JTdE,https://images.mango-prod.siammakro.cloud/SOURCE/80cbbd71335942fe9de63de86214a73f,ไฟน์ไลน์ น้ํายารีดผ้าเรียบ สีเขียว 500 มล. x 3,฿,29.,00,฿ 48.00,-39%,
https://www.makro.pro/th/p/1faj9e0-7352804507843?info=JTdCJTIycGFnZVNsdWclMjIlM0ElMjJTaG9wJTIwYnklMjBCcmFuZCUzQSUyMEZJTkVMSU5FJTJGMjIxOTklMjIlMkMlMjJjYXJvdXNlbE5hbWUlMjIlM0ElMjIlMjIlMkMlMjJjb2xsZWN0aW9uSWQlMjIlM0ElMjIyMjE5OSUyMiUyQyUyMmluZGV4Q2xpY2tlZCUyMiUzQTIwJTdE,https://images.mango-prod.siammakro.cloud/product-images/7352804507843-ef48e11f-15fa-44f2-ad3f-457ee7276a63.jpeg?imageMogr2/thumbnail/300x300,ไฟน์ไลน์ น้ํายาปรับผ้านุ่ม สูตรมาตรฐาน ม่วง 250 มล. x 6,฿,48.,00,฿ 55.00,-12%,
https://www.makro.pro/th/p/80vj1da-7352778358979?info=JTdCJTIycGFnZVNsdWclMjIlM0ElMjJTaG9wJTIwYnklMjBCcmFuZCUzQSUyMEZJTkVMSU5FJTJGMjIxOTklMjIlMkMlMjJjYXJvdXNlbE5hbWUlMjIlM0ElMjIlMjIlMkMlMjJjb2xsZWN0aW9uSWQlMjIlM0ElMjIyMjE5OSUyMiUyQyUyMmluZGV4Q2xpY2tlZCUyMiUzQTIxJTdE,https://images.mango-prod.siammakro.cloud/product-images/7352778358979-96a79800-9865-4728-9dce-e2bb66b9fab7.jpeg?imageMogr2/thumbnail/300x300,ไฟน์ไลน์ น้ํายาอัดกลีบ สีชมพู 500 มล. x 3,฿,29.,00,฿ 48.00,-39%,
https://www.makro.pro/th/p/n6eeokj-7275664965827?info=JTdCJTIycGFnZVNsdWclMjIlM0ElMjJTaG9wJTIwYnklMjBCcmFuZCUzQSUyMEZJTkVMSU5FJTJGMjIxOTklMjIlMkMlMjJjYXJvdXNlbE5hbWUlMjIlM0ElMjIlMjIlMkMlMjJjb2xsZWN0aW9uSWQlMjIlM0ElMjIyMjE5OSUyMiUyQyUyMmluZGV4Q2xpY2tlZCUyMiUzQTIyJTdE,https://images.mango-prod.siammakro.cloud/product-images/7275664965827-c741fc9a-d292-4996-a577-5da5a8a5561d.jpeg?imageMogr2/thumbnail/300x300,ไฟน์ไลน์ น้ํายาปรับผ้านุ่ม สูตรมาตรฐาน กลิ่นพิ้งค์บลอสซั่ม 2.8 ล.,฿,89.,00,฿ 104.00,-14%,
https://www.makro.pro/th/p/i_mshaq-7352777474243?info=JTdCJTIycGFnZVNsdWclMjIlM0ElMjJTaG9wJTIwYnklMjBCcmFuZCUzQSUyMEZJTkVMSU5FJTJGMjIxOTklMjIlMkMlMjJjYXJvdXNlbE5hbWUlMjIlM0ElMjIlMjIlMkMlMjJjb2xsZWN0aW9uSWQlMjIlM0ElMjIyMjE5OSUyMiUyQyUyMmluZGV4Q2xpY2tlZCUyMiUzQTIzJTdE,https://images.mango-prod.siammakro.cloud/product-images/7352777474243-72dc92dc-ab73-41d2-b85c-987a860faf39.jpeg?imageMogr2/thumbnail/300x300,ไฟน์ไลน์ น้ํายารีดผ้าเรียบ เพอร์ฟูม สีทอง 450 มล. x 3,฿,28.,00,฿ 48.00,-41%,
https://www.makro.pro/th/p/p5e4ixe-7325010723011?info=JTdCJTIycGFnZVNsdWclMjIlM0ElMjJTaG9wJTIwYnklMjBCcmFuZCUzQSUyMEZJTkVMSU5FJTJGMjIxOTklMjIlMkMlMjJjYXJvdXNlbE5hbWUlMjIlM0ElMjIlMjIlMkMlMjJjb2xsZWN0aW9uSWQlMjIlM0ElMjIyMjE5OSUyMiUyQyUyMmluZGV4Q2xpY2tlZCUyMiUzQTI0JTdE,https://images.mango-prod.siammakro.cloud/product-images/7325010723011-5ba9b453-24be-4a46-9155-ff999e3a28f7.jpeg?imageMogr2/thumbnail/300x300,ไฟน์ไลน์ พล้ส น้ํายาซักผ้า กลิ่นซันนี่ โกลด์ สีทอง 2.8 ล.,฿,239.,00,฿ 263.00,-9%,
https://www.makro.pro/th/p/1ya1lnd-7352773509315?info=JTdCJTIycGFnZVNsdWclMjIlM0ElMjJTaG9wJTIwYnklMjBCcmFuZCUzQSUyMEZJTkVMSU5FJTJGMjIxOTklMjIlMkMlMjJjYXJvdXNlbE5hbWUlMjIlM0ElMjIlMjIlMkMlMjJjb2xsZWN0aW9uSWQlMjIlM0ElMjIyMjE5OSUyMiUyQyUyMmluZGV4Q2xpY2tlZCUyMiUzQTI1JTdE,https://images.mango-prod.siammakro.cloud/product-images/7352773509315-70294b86-e941-487f-85aa-83af32ea2635.jpeg?imageMogr2/thumbnail/300x300,ไฟน์ไลน์ น้ํายาซักผ้า สูตรเข้มข้น สีเขียว 30 มล. x 12,฿,32.,00,฿ 48.00,-33%,
https://www.makro.pro/th/p/vawq50u-7352774525123?info=JTdCJTIycGFnZVNsdWclMjIlM0ElMjJTaG9wJTIwYnklMjBCcmFuZCUzQSUyMEZJTkVMSU5FJTJGMjIxOTklMjIlMkMlMjJjYXJvdXNlbE5hbWUlMjIlM0ElMjIlMjIlMkMlMjJjb2xsZWN0aW9uSWQlMjIlM0ElMjIyMjE5OSUyMiUyQyUyMmluZGV4Q2xpY2tlZCUyMiUzQTI2JTdE,https://images.mango-prod.siammakro.cloud/product-images/7352774525123-1e22b6b7-99b4-4b77-bd48-d96a5d0966ea.jpeg?imageMogr2/thumbnail/300x300,ไฟน์ไลน์ น้ํายาซักผ้าสูตรเข้มข้น โปร-คลีน 1.25 ล.,฿,81.,50,฿ 163.00,-50%,
https://www.makro.pro/th/p/9i_yzEd-300469401426855?info=JTdCJTIycGFnZVNsdWclMjIlM0ElMjJTaG9wJTIwYnklMjBCcmFuZCUzQSUyMEZJTkVMSU5FJTJGMjIxOTklMjIlMkMlMjJjYXJvdXNlbE5hbWUlMjIlM0ElMjIlMjIlMkMlMjJjb2xsZWN0aW9uSWQlMjIlM0ElMjIyMjE5OSUyMiUyQyUyMmluZGV4Q2xpY2tlZCUyMiUzQTI3JTdE,https://images.mango-prod.siammakro.cloud/product-images/300469401426855-f276271c-9e4d-45d3-aa21-bfe6fc123358.jpeg?imageMogr2/thumbnail/300x300,ไฟน์ไลน์ น้ํายาซักผ้าสูตรเข้มข้น ดีลักซ์ เพอร์ฟูม สีแดง 1.25 ล.,฿,81.,50,฿ 163.00,-50%,
https://www.makro.pro/th/p/wggenkf-7275666440387?info=JTdCJTIycGFnZVNsdWclMjIlM0ElMjJTaG9wJTIwYnklMjBCcmFuZCUzQSUyMEZJTkVMSU5FJTJGMjIxOTklMjIlMkMlMjJjYXJvdXNlbE5hbWUlMjIlM0ElMjIlMjIlMkMlMjJjb2xsZWN0aW9uSWQlMjIlM0ElMjIyMjE5OSUyMiUyQyUyMmluZGV4Q2xpY2tlZCUyMiUzQTI4JTdE,https://images.mango-prod.siammakro.cloud/product-images/7275666440387-8153b200-d86b-4c96-957f-8d33dd479d27.jpeg?imageMogr2/thumbnail/300x300,ไฟน์ไลน์ น้ํายาปรับผ้านุ่ม สูตรมาตรฐาน มิราเคิลพิงค์ 2.8 ล.,฿,89.,00,฿ 104.00,-14%,
https://www.makro.pro/th/p/tp0pn7x-7275664933059?info=JTdCJTIycGFnZVNsdWclMjIlM0ElMjJTaG9wJTIwYnklMjBCcmFuZCUzQSUyMEZJTkVMSU5FJTJGMjIxOTklMjIlMkMlMjJjYXJvdXNlbE5hbWUlMjIlM0ElMjIlMjIlMkMlMjJjb2xsZWN0aW9uSWQlMjIlM0ElMjIyMjE5OSUyMiUyQyUyMmluZGV4Q2xpY2tlZCUyMiUzQTI5JTdE,https://images.mango-prod.siammakro.cloud/product-images/7275664933059-1241822f-52a3-4ce8-937c-d8be78dcd445.jpeg?imageMogr2/thumbnail/300x300,ไฟน์ไลน์ น้ํายาปรับผ้านุ่ม สูตรมาตรฐาน อโรมาติค ฟลอรัล สีม่วง 2.8 ล.,฿,89.,00,฿ 104.00,-14%,
https://www.makro.pro/th/p/rlmg0oj-7352773116099?info=JTdCJTIycGFnZVNsdWclMjIlM0ElMjJTaG9wJTIwYnklMjBCcmFuZCUzQSUyMEZJTkVMSU5FJTJGMjIxOTklMjIlMkMlMjJjYXJvdXNlbE5hbWUlMjIlM0ElMjIlMjIlMkMlMjJjb2xsZWN0aW9uSWQlMjIlM0ElMjIyMjE5OSUyMiUyQyUyMmluZGV4Q2xpY2tlZCUyMiUzQTMwJTdE,https://images.mango-prod.siammakro.cloud/product-images/7352773116099-9610e495-d4ab-4826-83ef-57a09ccab859.jpeg?imageMogr2/thumbnail/300x300,ไฟน์ไลน์ น้ํายาซักผ้าสูตรอ่อนโยน พลัส สีม่วง 400 มล. x 3,฿,95.,00,฿ 138.00,-31%,
https://www.makro.pro/th/p/zmts8zx-7350281011395?info=JTdCJTIycGFnZVNsdWclMjIlM0ElMjJTaG9wJTIwYnklMjBCcmFuZCUzQSUyMEZJTkVMSU5FJTJGMjIxOTklMjIlMkMlMjJjYXJvdXNlbE5hbWUlMjIlM0ElMjIlMjIlMkMlMjJjb2xsZWN0aW9uSWQlMjIlM0ElMjIyMjE5OSUyMiUyQyUyMmluZGV4Q2xpY2tlZCUyMiUzQTMxJTdE,https://images.mango-prod.siammakro.cloud/product-images/7350281011395-347ab880-f6ec-4485-8875-c6d299c38ef1.jpeg?imageMogr2/thumbnail/300x300,ไฟน์ไลน์ น้ํายาซักผ้าสูตรเข้มข้น ออร์แกนิค อโลเวร่า สีเขียว 1.25 ล.,฿,81.,50,฿ 163.00,-50%,
https://www.makro.pro/th/p/vlpd42p-7352795726019?info=JTdCJTIycGFnZVNsdWclMjIlM0ElMjJTaG9wJTIwYnklMjBCcmFuZCUzQSUyMEZJTkVMSU5FJTJGMjIxOTklMjIlMkMlMjJjYXJvdXNlbE5hbWUlMjIlM0ElMjIlMjIlMkMlMjJjb2xsZWN0aW9uSWQlMjIlM0ElMjIyMjE5OSUyMiUyQyUyMmluZGV4Q2xpY2tlZCUyMiUzQTMyJTdE,https://images.mango-prod.siammakro.cloud/SOURCE/48b6541773b54bf1b7f877e5521cce1b,ไฟน์ไลน์ น้ํายาซักผ้าสูตรอ่อนโยน พลัส สีชมพู 400 มล. x 3,฿,95.,00,฿ 138.00,-31%,
https://www.makro.pro/th/p/5ohaolv-7275666571459?info=JTdCJTIycGFnZVNsdWclMjIlM0ElMjJTaG9wJTIwYnklMjBCcmFuZCUzQSUyMEZJTkVMSU5FJTJGMjIxOTklMjIlMkMlMjJjYXJvdXNlbE5hbWUlMjIlM0ElMjIlMjIlMkMlMjJjb2xsZWN0aW9uSWQlMjIlM0ElMjIyMjE5OSUyMiUyQyUyMmluZGV4Q2xpY2tlZCUyMiUzQTMzJTdE,https://images.mango-prod.siammakro.cloud/product-images/7275666571459-f48e7a82-e23e-4ca2-a01a-6a2e846acbdd.jpeg?imageMogr2/thumbnail/300x300,ไฟน์ไลน์ น้ํายาปรับผ้านุ่ม กลิ่นพิ้งค์บลอสซั่ม 470 มล. x 24,฿,312.,00,฿ 392.00,-20%,
https://www.makro.pro/th/p/0QioTFk-285549586579492?info=JTdCJTIycGFnZVNsdWclMjIlM0ElMjJTaG9wJTIwYnklMjBCcmFuZCUzQSUyMEZJTkVMSU5FJTJGMjIxOTklMjIlMkMlMjJjYXJvdXNlbE5hbWUlMjIlM0ElMjIlMjIlMkMlMjJjb2xsZWN0aW9uSWQlMjIlM0ElMjIyMjE5OSUyMiUyQyUyMmluZGV4Q2xpY2tlZCUyMiUzQTM0JTdE,https://images.mango-prod.siammakro.cloud/product-images/285549586579492-b9aefaf4-0ed6-4e95-8fcd-3c488c020337.jpeg?imageMogr2/thumbnail/300x300,ไฟน์ไลน์ น้ํายาซักผ้าสูตรเข้มข้น โปรเทค-คลีน แอนตี้แบคทีเรีย 1.25 ล.,฿,81.,50,฿ 163.00,-50%,
https://www.makro.pro/th/p/p6uenvh-7352778817731?info=JTdCJTIycGFnZVNsdWclMjIlM0ElMjJTaG9wJTIwYnklMjBCcmFuZCUzQSUyMEZJTkVMSU5FJTJGMjIxOTklMjIlMkMlMjJjYXJvdXNlbE5hbWUlMjIlM0ElMjIlMjIlMkMlMjJjb2xsZWN0aW9uSWQlMjIlM0ElMjIyMjE5OSUyMiUyQyUyMmluZGV4Q2xpY2tlZCUyMiUzQTM1JTdE,https://images.mango-prod.siammakro.cloud/SOURCE/10b135be59b648c6a43816f951041886,ไฟน์ไลน์ น้ํายารีดผ้าเรียบ สเปรย์ หัวฉีด สีชมพู 500 มล. x 3,"฿

111.

00",฿,00,,,
https://www.makro.pro/th/p/6hllpkk-7352769773763?info=JTdCJTIycGFnZVNsdWclMjIlM0ElMjJTaG9wJTIwYnklMjBCcmFuZCUzQSUyMEZJTkVMSU5FJTJGMjIxOTklMjIlMkMlMjJjYXJvdXNlbE5hbWUlMjIlM0ElMjIlMjIlMkMlMjJjb2xsZWN0aW9uSWQlMjIlM0ElMjIyMjE5OSUyMiUyQyUyMmluZGV4Q2xpY2tlZCUyMiUzQTM2JTdE,https://images.mango-prod.siammakro.cloud/product-images/7352769773763-21d7f566-b2bc-4f47-97a8-eebcf1a6f33f.jpeg?imageMogr2/thumbnail/300x300,ไฟน์ไลน์ น้ํายาซักผ้าสูตรเข้มข้น ออร์แกนิค อโลเวร่า สีเขียว 550 มล.,฿,43.,50,฿ 87.00,-50%,
https://www.makro.pro/th/p/qoo92tg-7352791138499?info=JTdCJTIycGFnZVNsdWclMjIlM0ElMjJTaG9wJTIwYnklMjBCcmFuZCUzQSUyMEZJTkVMSU5FJTJGMjIxOTklMjIlMkMlMjJjYXJvdXNlbE5hbWUlMjIlM0ElMjIlMjIlMkMlMjJjb2xsZWN0aW9uSWQlMjIlM0ElMjIyMjE5OSUyMiUyQyUyMmluZGV4Q2xpY2tlZCUyMiUzQTM3JTdE,https://images.mango-prod.siammakro.cloud/product-images/7352791138499-a185397c-5132-49ad-a77b-da76970b2c62.jpeg?imageMogr2/thumbnail/300x300,ไฟน์ไลน์ น้ํายาซักผ้าสูตรเข้มข้น ดีลักซ์ เพอร์ฟูม สีดํา 550 มล.,฿,43.,50,฿ 87.00,-50%,
https://www.makro.pro/th/p/yxwon1y-7416128143555?info=JTdCJTIycGFnZVNsdWclMjIlM0ElMjJTaG9wJTIwYnklMjBCcmFuZCUzQSUyMEZJTkVMSU5FJTJGMjIxOTklMjIlMkMlMjJjYXJvdXNlbE5hbWUlMjIlM0ElMjIlMjIlMkMlMjJjb2xsZWN0aW9uSWQlMjIlM0ElMjIyMjE5OSUyMiUyQyUyMmluZGV4Q2xpY2tlZCUyMiUzQTM4JTdE,https://images.mango-prod.siammakro.cloud/product-images/7416128143555-6eeef2c9-afc9-44c5-b963-6678c128caf9.jpeg?imageMogr2/thumbnail/300x300,ไฟนไลน์ น้ํายาปรับผ้านุ่ม สูตรมาตรฐาน สีชมพู 470 มล. x 24,฿,312.,00,฿ 392.00,-20%,
https://www.makro.pro/th/p/9l30wcs-7352804409539?info=JTdCJTIycGFnZVNsdWclMjIlM0ElMjJTaG9wJTIwYnklMjBCcmFuZCUzQSUyMEZJTkVMSU5FJTJGMjIxOTklMjIlMkMlMjJjYXJvdXNlbE5hbWUlMjIlM0ElMjIlMjIlMkMlMjJjb2xsZWN0aW9uSWQlMjIlM0ElMjIyMjE5OSUyMiUyQyUyMmluZGV4Q2xpY2tlZCUyMiUzQTM5JTdE,https://images.mango-prod.siammakro.cloud/product-images/7352804409539-0e6dd82e-f262-4fca-a0c1-a942240b1d14.jpeg?imageMogr2/thumbnail/300x300,ไฟน์ไลน์ น้ํายาปรับผ้านุ่ม สูตรเข้มข้น สวีทเซ็นท์ 1 ล.,฿,92.,00,฿ 183.00,-49%,
https://www.makro.pro/th/p/4weuumq-7416118935747?info=JTdCJTIycGFnZVNsdWclMjIlM0ElMjJTaG9wJTIwYnklMjBCcmFuZCUzQSUyMEZJTkVMSU5FJTJGMjIxOTklMjIlMkMlMjJjYXJvdXNlbE5hbWUlMjIlM0ElMjIlMjIlMkMlMjJjb2xsZWN0aW9uSWQlMjIlM0ElMjIyMjE5OSUyMiUyQyUyMmluZGV4Q2xpY2tlZCUyMiUzQTQwJTdE,https://images.mango-prod.siammakro.cloud/SOURCE/c8920045d7d948e7a33b1ce58eda6d9f,ไฟน์ไลน์ น้ํายารีดผ้าเรียบ สีชมพู 2.8 ล.,฿,90.,00,฿ 103.00,-12%,
https://www.makro.pro/th/p/2cXHM3Ph-150527741957873?info=JTdCJTIycGFnZVNsdWclMjIlM0ElMjJTaG9wJTIwYnklMjBCcmFuZCUzQSUyMEZJTkVMSU5FJTJGMjIxOTklMjIlMkMlMjJjYXJvdXNlbE5hbWUlMjIlM0ElMjIlMjIlMkMlMjJjb2xsZWN0aW9uSWQlMjIlM0ElMjIyMjE5OSUyMiUyQyUyMmluZGV4Q2xpY2tlZCUyMiUzQTQxJTdE,https://images.mango-prod.siammakro.cloud/product-images/150527741957873-dab9abea-56e0-49e4-9cfa-fdaead1c1d95.jpeg?imageMogr2/thumbnail/300x300,ไฟน์ไลน์ ดีลักซ์เพอร์ฟูม น้ํายาซักผ้า สูตรเข้มข้น สีดําทอง 550 มล. x 2+1,"฿

125.

00",฿,00,,,
https://www.makro.pro/th/p/zhvobhu-7352794874051?info=JTdCJTIycGFnZVNsdWclMjIlM0ElMjJTaG9wJTIwYnklMjBCcmFuZCUzQSUyMEZJTkVMSU5FJTJGMjIxOTklMjIlMkMlMjJjYXJvdXNlbE5hbWUlMjIlM0ElMjIlMjIlMkMlMjJjb2xsZWN0aW9uSWQlMjIlM0ElMjIyMjE5OSUyMiUyQyUyMmluZGV4Q2xpY2tlZCUyMiUzQTQyJTdE,https://images.mango-prod.siammakro.cloud/product-images/7352794874051-65f90052-cf13-4a16-b14d-fc568b171524.jpeg?imageMogr2/thumbnail/300x300,ไฟน์ไลน์ น้ํายาซักผ้า สูตรอ่อนโยน พลัส สีชมพูเข้ม 400 มล. x 3,฿,95.,00,฿ 138.00,-31%,
https://www.makro.pro/th/p/3ply0_h-7275664834755?info=JTdCJTIycGFnZVNsdWclMjIlM0ElMjJTaG9wJTIwYnklMjBCcmFuZCUzQSUyMEZJTkVMSU5FJTJGMjIxOTklMjIlMkMlMjJjYXJvdXNlbE5hbWUlMjIlM0ElMjIlMjIlMkMlMjJjb2xsZWN0aW9uSWQlMjIlM0ElMjIyMjE5OSUyMiUyQyUyMmluZGV4Q2xpY2tlZCUyMiUzQTQzJTdE,https://images.mango-prod.siammakro.cloud/product-images/7275664834755-497c8655-6fd1-4c4d-9583-a294dde1e09d.jpeg?imageMogr2/thumbnail/300x300,ไฟน์ไลน์ น้ํายาปรับผ้านุ่ม กลิ่นเจนเทิลไวท์ 470 มล. x 24,฿,312.,00,฿ 392.00,-20%,
https://www.makro.pro/th/p/pi4ksgv-7352803819715?info=JTdCJTIycGFnZVNsdWclMjIlM0ElMjJTaG9wJTIwYnklMjBCcmFuZCUzQSUyMEZJTkVMSU5FJTJGMjIxOTklMjIlMkMlMjJjYXJvdXNlbE5hbWUlMjIlM0ElMjIlMjIlMkMlMjJjb2xsZWN0aW9uSWQlMjIlM0ElMjIyMjE5OSUyMiUyQyUyMmluZGV4Q2xpY2tlZCUyMiUzQTQ0JTdE,https://images.mango-prod.siammakro.cloud/product-images/7352803819715-ea2fef79-a18b-4f1f-b76b-6e046eb67a98.jpeg?imageMogr2/thumbnail/300x300,ไฟน์ไลน์ น้ํายาปรับผ้านุ่ม สูตรเข้มข้น จอยฟูลเซ็นท์ 1 ล.,฿,92.,00,฿ 183.00,-49%,
https://www.makro.pro/th/p/iawowv0-7275665391811?info=JTdCJTIycGFnZVNsdWclMjIlM0ElMjJTaG9wJTIwYnklMjBCcmFuZCUzQSUyMEZJTkVMSU5FJTJGMjIxOTklMjIlMkMlMjJjYXJvdXNlbE5hbWUlMjIlM0ElMjIlMjIlMkMlMjJjb2xsZWN0aW9uSWQlMjIlM0ElMjIyMjE5OSUyMiUyQyUyMmluZGV4Q2xpY2tlZCUyMiUzQTQ1JTdE,https://images.mango-prod.siammakro.cloud/product-images/7275665391811-5b73f241-93e0-409c-a78a-98ba4369cae5.jpeg?imageMogr2/thumbnail/300x300,ไฟน์ไลน์ น้ํายาปรับผ้านุ่ม กลิ่นเรดโรแมนซ์ 470 มล. x 24,฿,312.,00,฿ 392.00,-20%,
https://www.makro.pro/th/p/AsoxBzt-869385125235043?info=JTdCJTIycGFnZVNsdWclMjIlM0ElMjJTaG9wJTIwYnklMjBCcmFuZCUzQSUyMEZJTkVMSU5FJTJGMjIxOTklMjIlMkMlMjJjYXJvdXNlbE5hbWUlMjIlM0ElMjIlMjIlMkMlMjJjb2xsZWN0aW9uSWQlMjIlM0ElMjIyMjE5OSUyMiUyQyUyMmluZGV4Q2xpY2tlZCUyMiUzQTQ2JTdE,https://images.mango-prod.siammakro.cloud/product-images/869385125235043-0a26b78e-0e3e-4fa2-918b-3da19ce55849.jpeg?imageMogr2/thumbnail/300x300,ไฟน์ไลน์ น้ํายาซักผ้าสูตรเข้มข้น เอ็กซ์ตร้า เฟรช 1.25 ล.,฿,81.,50,฿ 163.00,-50%,
https://www.makro.pro/th/p/uax3rl6-7350258729155?info=JTdCJTIycGFnZVNsdWclMjIlM0ElMjJTaG9wJTIwYnklMjBCcmFuZCUzQSUyMEZJTkVMSU5FJTJGMjIxOTklMjIlMkMlMjJjYXJvdXNlbE5hbWUlMjIlM0ElMjIlMjIlMkMlMjJjb2xsZWN0aW9uSWQlMjIlM0ElMjIyMjE5OSUyMiUyQyUyMmluZGV4Q2xpY2tlZCUyMiUzQTQ3JTdE,https://images.mango-prod.siammakro.cloud/product-images/7350258729155-bad4e6a4-898b-45bb-86ef-40edb949a01e.jpeg?imageMogr2/thumbnail/300x300,ไฟน์ไลน์ น้ํายาซักผ้าสูตรเข้มข้น กลิ่นดีลักซ์ เพอร์ฟูม สีม่วง 1.25 ล.,฿,81.,50,฿ 163.00,-50%,
https://www.makro.pro/th/p/btl4o1g-7275664572611?info=JTdCJTIycGFnZVNsdWclMjIlM0ElMjJTaG9wJTIwYnklMjBCcmFuZCUzQSUyMEZJTkVMSU5FJTJGMjIxOTklMjIlMkMlMjJjYXJvdXNlbE5hbWUlMjIlM0ElMjIlMjIlMkMlMjJjb2xsZWN0aW9uSWQlMjIlM0ElMjIyMjE5OSUyMiUyQyUyMmluZGV4Q2xpY2tlZCUyMiUzQTQ4JTdE,https://images.mango-prod.siammakro.cloud/product-images/7275664572611-3f870a0e-a4a0-40d5-8078-716a72bbeae5.jpeg?imageMogr2/thumbnail/300x300,ไฟน์ไลน์ น้ํายาปรับผ้านุ่ม กลิ่นไวโอเล็ตดรีม 470 มล. x 24,฿,312.,00,฿ 392.00,-20%,
https://www.makro.pro/th/p/y5LuWEBL-433051982621249?info=JTdCJTIycGFnZVNsdWclMjIlM0ElMjJTaG9wJTIwYnklMjBCcmFuZCUzQSUyMEZJTkVMSU5FJTJGMjIxOTklMjIlMkMlMjJjYXJvdXNlbE5hbWUlMjIlM0ElMjIlMjIlMkMlMjJjb2xsZWN0aW9uSWQlMjIlM0ElMjIyMjE5OSUyMiUyQyUyMmluZGV4Q2xpY2tlZCUyMiUzQTQ5JTdE,https://images.mango-prod.siammakro.cloud/product-images/433051982621249-2fddd3c9-4e4e-4cbe-a972-421786369573.jpeg?imageMogr2/thumbnail/300x300,ไฟน์ไลน์ น้ํายาซักผ้า สูตรเข้มข้น ดีลักซ์ เฟอร์ฟูม มิดไนท์ แฟนซี สีดํา 2.8 ล.,฿,239.,00,฿ 263.00,-9%,
https://www.makro.pro/th/p/682LAB_3-125057244820361?info=JTdCJTIycGFnZVNsdWclMjIlM0ElMjJTaG9wJTIwYnklMjBCcmFuZCUzQSUyMEZJTkVMSU5FJTJGMjIxOTklMjIlMkMlMjJjYXJvdXNlbE5hbWUlMjIlM0ElMjIlMjIlMkMlMjJjb2xsZWN0aW9uSWQlMjIlM0ElMjIyMjE5OSUyMiUyQyUyMmluZGV4Q2xpY2tlZCUyMiUzQTUwJTdE,https://images.mango-prod.siammakro.cloud/product-images/125057244820361-da992961-81f6-4b0a-a445-26b8772b00a7.jpeg?imageMogr2/thumbnail/300x300,ไฟน์ไลน์ น้ํายาซักผ้า สูตรเข้มข้น ออร์แกนิค อโลเวร่า สีเขียวอ่อน 550 มล. X 2+1,฿,115.,00,฿ 169.00,-31%,
https://www.makro.pro/th/p/953w5pw-7352771936451?info=JTdCJTIycGFnZVNsdWclMjIlM0ElMjJTaG9wJTIwYnklMjBCcmFuZCUzQSUyMEZJTkVMSU5FJTJGMjIxOTklMjIlMkMlMjJjYXJvdXNlbE5hbWUlMjIlM0ElMjIlMjIlMkMlMjJjb2xsZWN0aW9uSWQlMjIlM0ElMjIyMjE5OSUyMiUyQyUyMmluZGV4Q2xpY2tlZCUyMiUzQTUxJTdE,https://images.mango-prod.siammakro.cloud/product-images/7352771936451-e95ec444-3ac3-4ed2-af4b-05f4fe7dfe27.jpeg?imageMogr2/thumbnail/300x300,ไฟน์ไลน์ น้ํายาซักผ้าสูตรอ่อนโยน พลัส ออร์แกนิค 400 มล. x 3,฿,95.,00,฿ 138.00,-31%,
https://www.makro.pro/th/p/RZx5WUi-95946009116654?info=JTdCJTIycGFnZVNsdWclMjIlM0ElMjJTaG9wJTIwYnklMjBCcmFuZCUzQSUyMEZJTkVMSU5FJTJGMjIxOTklMjIlMkMlMjJjYXJvdXNlbE5hbWUlMjIlM0ElMjIlMjIlMkMlMjJjb2xsZWN0aW9uSWQlMjIlM0ElMjIyMjE5OSUyMiUyQyUyMmluZGV4Q2xpY2tlZCUyMiUzQTUyJTdE,https://images.mango-prod.siammakro.cloud/product-images/95946009116654-593e5669-52ad-44dd-bdaa-4e805f56df6e.jpeg?imageMogr2/thumbnail/300x300,ไฟน์ไลน์ น้ํายาปรับผ้านุ่ม ออลเดย์เฟรช สีฟ้า 1.15 ล.,฿,75.,00,฿ 150.00,-50%,
https://www.makro.pro/th/p/7LC4n4JQ-613667533933516?info=JTdCJTIycGFnZVNsdWclMjIlM0ElMjJTaG9wJTIwYnklMjBCcmFuZCUzQSUyMEZJTkVMSU5FJTJGMjIxOTklMjIlMkMlMjJjYXJvdXNlbE5hbWUlMjIlM0ElMjIlMjIlMkMlMjJjb2xsZWN0aW9uSWQlMjIlM0ElMjIyMjE5OSUyMiUyQyUyMmluZGV4Q2xpY2tlZCUyMiUzQTUzJTdE,https://images.mango-prod.siammakro.cloud/product-images/613667533933516-f8463fda-152b-4b00-81ed-e3c3c9568f3f.jpeg?imageMogr2/thumbnail/300x300,ไฟน์ไลน์ ผลิตภัณฑ์ซักผ้า สูตรเข้มข้น โปร คลีน สีชมพู 550 มล. X 2+1,฿,125.,00,฿ 169.00,-26%,
https://www.makro.pro/th/p/psmfew7-7416117985475?info=JTdCJTIycGFnZVNsdWclMjIlM0ElMjJTaG9wJTIwYnklMjBCcmFuZCUzQSUyMEZJTkVMSU5FJTJGMjIxOTklMjIlMkMlMjJjYXJvdXNlbE5hbWUlMjIlM0ElMjIlMjIlMkMlMjJjb2xsZWN0aW9uSWQlMjIlM0ElMjIyMjE5OSUyMiUyQyUyMmluZGV4Q2xpY2tlZCUyMiUzQTU0JTdE,https://images.mango-prod.siammakro.cloud/product-images/7416117985475-96e1e521-8700-409b-9e6a-0a98c21e1e86.jpeg?imageMogr2/thumbnail/300x300,ไฟน์ไลน์ น้ํายาซักผ้าสูตรอ่อนโยน พลัส สีม่วง 2.8 ล.,฿,215.,00,฿ 263.00,-18%,
https://www.makro.pro/th/p/l1j0exe-7275665490115?info=JTdCJTIycGFnZVNsdWclMjIlM0ElMjJTaG9wJTIwYnklMjBCcmFuZCUzQSUyMEZJTkVMSU5FJTJGMjIxOTklMjIlMkMlMjJjYXJvdXNlbE5hbWUlMjIlM0ElMjIlMjIlMkMlMjJjb2xsZWN0aW9uSWQlMjIlM0ElMjIyMjE5OSUyMiUyQyUyMmluZGV4Q2xpY2tlZCUyMiUzQTU1JTdE,https://images.mango-prod.siammakro.cloud/product-images/7275665490115-a3d1b80d-083b-4c26-9af4-321328663566.jpeg?imageMogr2/thumbnail/300x300,ไฟน์ไลน์ น้ํายาปรับผ้านุ่ม สูตรมาตรฐาน สีฟ้า 470 มล. x 24,฿,312.,00,฿ 392.00,-20%,
https://www.makro.pro/th/p/jhxIFbF5-546941191557491?info=JTdCJTIycGFnZVNsdWclMjIlM0ElMjJTaG9wJTIwYnklMjBCcmFuZCUzQSUyMEZJTkVMSU5FJTJGMjIxOTklMjIlMkMlMjJjYXJvdXNlbE5hbWUlMjIlM0ElMjIlMjIlMkMlMjJjb2xsZWN0aW9uSWQlMjIlM0ElMjIyMjE5OSUyMiUyQyUyMmluZGV4Q2xpY2tlZCUyMiUzQTU2JTdE,https://images.mango-prod.siammakro.cloud/product-images/546941191557491-35eaf0e9-b4ec-48fa-9811-f5e9b51ea627.jpeg?imageMogr2/thumbnail/300x300,ไฟน์ไลน์ น้ํายาซักผ้าสูตรเข้ม โปร-คลีน สีชมพู 2.8 ล.,฿,239.,00,฿ 263.00,-9%,
https://www.makro.pro/th/p/1pgskxy-7352787075267?info=JTdCJTIycGFnZVNsdWclMjIlM0ElMjJTaG9wJTIwYnklMjBCcmFuZCUzQSUyMEZJTkVMSU5FJTJGMjIxOTklMjIlMkMlMjJjYXJvdXNlbE5hbWUlMjIlM0ElMjIlMjIlMkMlMjJjb2xsZWN0aW9uSWQlMjIlM0ElMjIyMjE5OSUyMiUyQyUyMmluZGV4Q2xpY2tlZCUyMiUzQTU3JTdE,https://images.mango-prod.siammakro.cloud/product-images/7352787075267-c96c2142-095a-427e-9874-80fcc9018bad.jpeg?imageMogr2/thumbnail/300x300,ไฟน์ไลน์ น้ํายาซักผ้าสูตรเข้มข้น โปร-คลีน 550 มล.,฿,43.,50,฿ 87.00,-50%,
https://www.makro.pro/th/p/6m_O8viz-465328773076529?info=JTdCJTIycGFnZVNsdWclMjIlM0ElMjJTaG9wJTIwYnklMjBCcmFuZCUzQSUyMEZJTkVMSU5FJTJGMjIxOTklMjIlMkMlMjJjYXJvdXNlbE5hbWUlMjIlM0ElMjIlMjIlMkMlMjJjb2xsZWN0aW9uSWQlMjIlM0ElMjIyMjE5OSUyMiUyQyUyMmluZGV4Q2xpY2tlZCUyMiUzQTU4JTdE,https://images.mango-prod.siammakro.cloud/product-images/465328773076529-e0b0f3b8-5380-4385-b747-a4f772faa901.jpeg?imageMogr2/thumbnail/300x300,ไฟน์ไลน์ น้ํายาซักผ้า สูตรเข้มข้น ดีลักซ์ เฟอร์ฟูม มิราเคิล สีแดง 3.6 ล.,฿,225.,00,฿ 449.00,-49%,
https://www.makro.pro/th/p/wpndcli-7352778424515?info=JTdCJTIycGFnZVNsdWclMjIlM0ElMjJTaG9wJTIwYnklMjBCcmFuZCUzQSUyMEZJTkVMSU5FJTJGMjIxOTklMjIlMkMlMjJjYXJvdXNlbE5hbWUlMjIlM0ElMjIlMjIlMkMlMjJjb2xsZWN0aW9uSWQlMjIlM0ElMjIyMjE5OSUyMiUyQyUyMmluZGV4Q2xpY2tlZCUyMiUzQTU5JTdE,https://images.mango-prod.siammakro.cloud/product-images/7352778424515-5f9e95c1-4e8e-491f-9f06-a62ee7fac27a.jpeg?imageMogr2/thumbnail/300x300,ไฟน์ไลน์ น้ํายารีดผ้าเรียบ เพอร์ฟูม สีดํา 450 มล. x 3,฿,25.,00,฿ 48.00,-47%,สินค้าหมด
https://www.makro.pro/th/p/htmncnf-7352787271875?info=JTdCJTIycGFnZVNsdWclMjIlM0ElMjJTaG9wJTIwYnklMjBCcmFuZCUzQSUyMEZJTkVMSU5FJTJGMjIxOTklMjIlMkMlMjJjYXJvdXNlbE5hbWUlMjIlM0ElMjIlMjIlMkMlMjJjb2xsZWN0aW9uSWQlMjIlM0ElMjIyMjE5OSUyMiUyQyUyMmluZGV4Q2xpY2tlZCUyMiUzQTYwJTdE,https://images.mango-prod.siammakro.cloud/product-images/7352787271875-dda072e4-4e57-4ae5-85f4-ed9fe51ae24e.jpeg?imageMogr2/thumbnail/300x300,ไฟน์ไลน์ แฮปปี้เนส น้ํายาซักผ้า กลิ่นสวีทฟลอรัล สีชมพู 2.8 ล.,฿,215.,00,฿ 263.00,-18%,สินค้าหมด
