MuiBox-root href,MuiBox-root src,MuiBox-root,MuiBox-root (2),css-1n8x1y2,MuiTypography-root (2),MuiTypography-root (3),MuiTypography-root (4),MuiTypography-root (5),MuiTypography-root (6),MuiBox-root (3)
https://www.makro.pro/th/p/4zzsjcu-6761190359235?info=JTdCJTIycGFnZVNsdWclMjIlM0ElMjJVbmlsZXZlciUyMEhvbWUlMjBDYXJlJTIwJTdDJTIwU1VOTElHSFQlMkYxMDQxMCUyMiUyQyUyMmNhcm91c2VsTmFtZSUyMiUzQSUyMiUyMiUyQyUyMmNvbGxlY3Rpb25JZCUyMiUzQSUyMjEwNDEwJTIyJTdE,https://images.mango-prod.siammakro.cloud/SOURCE/a7f330c64d664e95bdffaadc959be9e5,ซื้อ 2999฿ รับส่วนลด 300฿,+1,ซันไลต์ น้ํายาล้างจาน เลมอนเทอร์โบ 300 มล. x 3,"฿

51.

00",฿,00,,,
https://www.makro.pro/th/p/5mm6_e9-6915097198787?info=JTdCJTIycGFnZVNsdWclMjIlM0ElMjJVbmlsZXZlciUyMEhvbWUlMjBDYXJlJTIwJTdDJTIwU1VOTElHSFQlMkYxMDQxMCUyMiUyQyUyMmNhcm91c2VsTmFtZSUyMiUzQSUyMiUyMiUyQyUyMmNvbGxlY3Rpb25JZCUyMiUzQSUyMjEwNDEwJTIyJTJDJTIyaW5kZXhDbGlja2VkJTIyJTNBMSU3RA,https://images.mango-prod.siammakro.cloud/SOURCE/d8969946dee246d3bac95f8c0ec3745c,ซื้อ 2999฿ รับส่วนลด 300฿,+1,ซันไลต์ น้ํายาล้างจาน เลมอนเทอร์โบ 3.2 ล.,฿,149.,00,฿ 159.00,-6%,
https://www.makro.pro/th/p/ufhrk67-6761189834947?info=JTdCJTIycGFnZVNsdWclMjIlM0ElMjJVbmlsZXZlciUyMEhvbWUlMjBDYXJlJTIwJTdDJTIwU1VOTElHSFQlMkYxMDQxMCUyMiUyQyUyMmNhcm91c2VsTmFtZSUyMiUzQSUyMiUyMiUyQyUyMmNvbGxlY3Rpb25JZCUyMiUzQSUyMjEwNDEwJTIyJTJDJTIyaW5kZXhDbGlja2VkJTIyJTNBMiU3RA,https://images.mango-prod.siammakro.cloud/SOURCE/bf30cd21c25f421981090f180228d428,"ซื้อ 1,200฿ ได้รับ 50 พอยท์",,ซันไลต์ น้ํายาล้างจาน เลมอนเทอร์โบ 150 มล. x 6,"฿

69.

00",฿,00,,,
https://www.makro.pro/th/p/aqukbpb-7115236507843?info=JTdCJTIycGFnZVNsdWclMjIlM0ElMjJVbmlsZXZlciUyMEhvbWUlMjBDYXJlJTIwJTdDJTIwU1VOTElHSFQlMkYxMDQxMCUyMiUyQyUyMmNhcm91c2VsTmFtZSUyMiUzQSUyMiUyMiUyQyUyMmNvbGxlY3Rpb25JZCUyMiUzQSUyMjEwNDEwJTIyJTJDJTIyaW5kZXhDbGlja2VkJTIyJTNBMyU3RA,https://images.mango-prod.siammakro.cloud/SOURCE/008119d926384ad6be609fe8bc5de266,ซื้อ 2999฿ รับส่วนลด 300฿,+1,ซันไลต์ เลมอนมะนาวเขียว 300 มล. x 3,฿,27.,00,฿ 39.00,-30%,
https://www.makro.pro/th/p/05hr6de-7078722142403?info=JTdCJTIycGFnZVNsdWclMjIlM0ElMjJVbmlsZXZlciUyMEhvbWUlMjBDYXJlJTIwJTdDJTIwU1VOTElHSFQlMkYxMDQxMCUyMiUyQyUyMmNhcm91c2VsTmFtZSUyMiUzQSUyMiUyMiUyQyUyMmNvbGxlY3Rpb25JZCUyMiUzQSUyMjEwNDEwJTIyJTJDJTIyaW5kZXhDbGlja2VkJTIyJTNBNCU3RA,https://images.mango-prod.siammakro.cloud/SOURCE/b9e747560d734b67b96388ab502e1ac4,ซื้อ 2999฿ รับส่วนลด 300฿,+1,ซันไลต์ พลัส น้ํายาล้างจาน แอนตี้แบค กลิ่นมิ้นท์ เลมอน 2.8 ล.,฿,149.,00,฿ 159.00,-6%,
https://www.makro.pro/th/p/1tsn_q-6761190883523?info=JTdCJTIycGFnZVNsdWclMjIlM0ElMjJVbmlsZXZlciUyMEhvbWUlMjBDYXJlJTIwJTdDJTIwU1VOTElHSFQlMkYxMDQxMCUyMiUyQyUyMmNhcm91c2VsTmFtZSUyMiUzQSUyMiUyMiUyQyUyMmNvbGxlY3Rpb25JZCUyMiUzQSUyMjEwNDEwJTIyJTJDJTIyaW5kZXhDbGlja2VkJTIyJTNBNSU3RA,https://images.mango-prod.siammakro.cloud/SOURCE/6e08b7a001b14a5e8d17b46da3b63f1d,ซื้อ 2999฿ รับส่วนลด 300฿,+1,ซันไลต์ น้ํายาล้างจาน เลมอน 500 มล. x 4,"฿

89.

00",฿,00,,,
https://www.makro.pro/th/p/HQMrIMF-143743990938855?info=JTdCJTIycGFnZVNsdWclMjIlM0ElMjJVbmlsZXZlciUyMEhvbWUlMjBDYXJlJTIwJTdDJTIwU1VOTElHSFQlMkYxMDQxMCUyMiUyQyUyMmNhcm91c2VsTmFtZSUyMiUzQSUyMiUyMiUyQyUyMmNvbGxlY3Rpb25JZCUyMiUzQSUyMjEwNDEwJTIyJTJDJTIyaW5kZXhDbGlja2VkJTIyJTNBNiU3RA,https://images.mango-prod.siammakro.cloud/product-images/143743990938855-b8af122c-9a26-4278-a11a-16d84f7d2f9b.jpeg?imageMogr2/thumbnail/300x300,ซื้อ 1 หน่วย ร่วมกับสินค้าในรายการ 1 หน่วย รับส่วนลด 20฿,+1,ซันไลต์ น้ํายาล้างจาน ไร้สี+ไร้กลิ่นน้ําหอม 3.6 ล.,฿,179.,00,฿ 209.00,-14%,
https://www.makro.pro/th/p/1lzq3li-6761190621379?info=JTdCJTIycGFnZVNsdWclMjIlM0ElMjJVbmlsZXZlciUyMEhvbWUlMjBDYXJlJTIwJTdDJTIwU1VOTElHSFQlMkYxMDQxMCUyMiUyQyUyMmNhcm91c2VsTmFtZSUyMiUzQSUyMiUyMiUyQyUyMmNvbGxlY3Rpb25JZCUyMiUzQSUyMjEwNDEwJTIyJTJDJTIyaW5kZXhDbGlja2VkJTIyJTNBNyU3RA,https://images.mango-prod.siammakro.cloud/product-images/6761190621379-484ac176-ffa6-4c0e-8542-60d9490d65e8.jpeg?imageMogr2/thumbnail/300x300,ซื้อ 2999฿ รับส่วนลด 300฿,+1,ซันไลต์ น้ํายาล้างจาน เลมอนเทอร์โบ 750 มล. x 4,฿,115.,00,฿ 166.00,-30%,
https://www.makro.pro/th/p/4cphnw-7497364209859?info=JTdCJTIycGFnZVNsdWclMjIlM0ElMjJVbmlsZXZlciUyMEhvbWUlMjBDYXJlJTIwJTdDJTIwU1VOTElHSFQlMkYxMDQxMCUyMiUyQyUyMmNhcm91c2VsTmFtZSUyMiUzQSUyMiUyMiUyQyUyMmNvbGxlY3Rpb25JZCUyMiUzQSUyMjEwNDEwJTIyJTJDJTIyaW5kZXhDbGlja2VkJTIyJTNBOCU3RA,https://images.mango-prod.siammakro.cloud/product-images/7497364209859-1bc52117-ab21-43a8-bfd2-a899eeff5b31.jpeg?imageMogr2/thumbnail/300x300,ซื้อ 2999฿ รับส่วนลด 300฿,+1,ซันไลต์เลมอน น้ํายาล้างจาน 1.85 ล.,"฿

99.

00",฿,00,,,
https://www.makro.pro/th/p/mof3l2c-7078722502851?info=JTdCJTIycGFnZVNsdWclMjIlM0ElMjJVbmlsZXZlciUyMEhvbWUlMjBDYXJlJTIwJTdDJTIwU1VOTElHSFQlMkYxMDQxMCUyMiUyQyUyMmNhcm91c2VsTmFtZSUyMiUzQSUyMiUyMiUyQyUyMmNvbGxlY3Rpb25JZCUyMiUzQSUyMjEwNDEwJTIyJTJDJTIyaW5kZXhDbGlja2VkJTIyJTNBOSU3RA,https://images.mango-prod.siammakro.cloud/SOURCE/03a2f12447e4462b9fb51f69455013d5,ซื้อ 1 หน่วย ร่วมกับสินค้าในรายการ 1 หน่วย รับส่วนลด 20฿,+1,ซันไลต์ น้ํายาล้างจาน กลิ่นเลมอน 10 ล.,฿,399.,00,฿ 489.00,-18%,
https://www.makro.pro/th/p/6t7br_m-7248007463107?info=JTdCJTIycGFnZVNsdWclMjIlM0ElMjJVbmlsZXZlciUyMEhvbWUlMjBDYXJlJTIwJTdDJTIwU1VOTElHSFQlMkYxMDQxMCUyMiUyQyUyMmNhcm91c2VsTmFtZSUyMiUzQSUyMiUyMiUyQyUyMmNvbGxlY3Rpb25JZCUyMiUzQSUyMjEwNDEwJTIyJTJDJTIyaW5kZXhDbGlja2VkJTIyJTNBMTAlN0Q,https://images.mango-prod.siammakro.cloud/SOURCE/736e57842c81453191a5918a70f2dc28,ซื้อ 2999฿ รับส่วนลด 300฿,+1,ซันไลต์ น้ํายาล้างจาน พลัส แอนตี้แบค กลิ่นเลมอน มิ้นท์ 300 มล. X 3,฿,47.,00,฿ 51.00,-7%,
https://www.makro.pro/th/p/fhvaji4-7115236409539?info=JTdCJTIycGFnZVNsdWclMjIlM0ElMjJVbmlsZXZlciUyMEhvbWUlMjBDYXJlJTIwJTdDJTIwU1VOTElHSFQlMkYxMDQxMCUyMiUyQyUyMmNhcm91c2VsTmFtZSUyMiUzQSUyMiUyMiUyQyUyMmNvbGxlY3Rpb25JZCUyMiUzQSUyMjEwNDEwJTIyJTJDJTIyaW5kZXhDbGlja2VkJTIyJTNBMTElN0Q,https://images.mango-prod.siammakro.cloud/product-images/7115236409539-d2f00a7b-3918-46c9-bc21-c6f5728da1ec.jpeg?imageMogr2/thumbnail/300x300,ซื้อ 2999฿ รับส่วนลด 300฿,+1,ซันไลต์ น้ํายาล้างจาน พลัสเพียว 280 มล. x 3,฿,47.,00,฿ 51.00,-7%,
https://www.makro.pro/th/p/e8n87qr-7248007332035?info=JTdCJTIycGFnZVNsdWclMjIlM0ElMjJVbmlsZXZlciUyMEhvbWUlMjBDYXJlJTIwJTdDJTIwU1VOTElHSFQlMkYxMDQxMCUyMiUyQyUyMmNhcm91c2VsTmFtZSUyMiUzQSUyMiUyMiUyQyUyMmNvbGxlY3Rpb25JZCUyMiUzQSUyMjEwNDEwJTIyJTJDJTIyaW5kZXhDbGlja2VkJTIyJTNBMTIlN0Q,https://images.mango-prod.siammakro.cloud/SOURCE/3cb7aaff3c414858aeead8b6eeaa0e26,ซื้อ 2999฿ รับส่วนลด 300฿,+1,ซันไลต์ เลมอนเทอร์โบ น้ํายาล้างจานแบบปั๊ม 750 มล. x 3,"฿

165.

00",฿,00,,,
https://www.makro.pro/th/p/LuRu1eB-202802999742314?info=JTdCJTIycGFnZVNsdWclMjIlM0ElMjJVbmlsZXZlciUyMEhvbWUlMjBDYXJlJTIwJTdDJTIwU1VOTElHSFQlMkYxMDQxMCUyMiUyQyUyMmNhcm91c2VsTmFtZSUyMiUzQSUyMiUyMiUyQyUyMmNvbGxlY3Rpb25JZCUyMiUzQSUyMjEwNDEwJTIyJTJDJTIyaW5kZXhDbGlja2VkJTIyJTNBMTMlN0Q,https://images.mango-prod.siammakro.cloud/SOURCE/7125780f5eca40ed9ef6e33a92c32640,ซื้อ 2999฿ รับส่วนลด 300฿,+1,ซันไลต์ เลมอน เทอร์โบ 2.4 ล.,"฿

125.

00",฿,00,,,
https://www.makro.pro/th/p/stiatkz-7248007594179?info=JTdCJTIycGFnZVNsdWclMjIlM0ElMjJVbmlsZXZlciUyMEhvbWUlMjBDYXJlJTIwJTdDJTIwU1VOTElHSFQlMkYxMDQxMCUyMiUyQyUyMmNhcm91c2VsTmFtZSUyMiUzQSUyMiUyMiUyQyUyMmNvbGxlY3Rpb25JZCUyMiUzQSUyMjEwNDEwJTIyJTJDJTIyaW5kZXhDbGlja2VkJTIyJTNBMTQlN0Q,https://images.mango-prod.siammakro.cloud/SOURCE/81cf01bae8024875bd165782bbb2e0b0,"ซื้อ 1,200฿ ได้รับ 50 พอยท์",,ซันไลต์ พลัสแอนตี้แบค 145 มล. x 6,"฿

59.

00",฿,00,,,
https://www.makro.pro/th/p/nbdedjd-7078722764995?info=JTdCJTIycGFnZVNsdWclMjIlM0ElMjJVbmlsZXZlciUyMEhvbWUlMjBDYXJlJTIwJTdDJTIwU1VOTElHSFQlMkYxMDQxMCUyMiUyQyUyMmNhcm91c2VsTmFtZSUyMiUzQSUyMiUyMiUyQyUyMmNvbGxlY3Rpb25JZCUyMiUzQSUyMjEwNDEwJTIyJTJDJTIyaW5kZXhDbGlja2VkJTIyJTNBMTUlN0Q,https://images.mango-prod.siammakro.cloud/product-images/7078722764995-4c37a511-5da1-4f13-9a22-0c16d8c6014e.jpeg?imageMogr2/thumbnail/300x300,ซื้อ 2999฿ รับส่วนลด 300฿,+1,ซันไลต์ น้ํายาล้างจาน พลัส แอนตี้แบค กลิ่นเลมอน มิ้นท์ ถุงเติม 450 มล. x 3,"฿

69.

00",฿,00,,,
https://www.makro.pro/th/p/-XAYZOD-207816782211464?info=JTdCJTIycGFnZVNsdWclMjIlM0ElMjJVbmlsZXZlciUyMEhvbWUlMjBDYXJlJTIwJTdDJTIwU1VOTElHSFQlMkYxMDQxMCUyMiUyQyUyMmNhcm91c2VsTmFtZSUyMiUzQSUyMiUyMiUyQyUyMmNvbGxlY3Rpb25JZCUyMiUzQSUyMjEwNDEwJTIyJTJDJTIyaW5kZXhDbGlja2VkJTIyJTNBMTYlN0Q,https://images.mango-prod.siammakro.cloud/SOURCE/e3f794cfa1814a66b6bf2b63a27f1f94,ซื้อ 2999฿ รับส่วนลด 300฿,+1,ซันไลต์ มะนาวเขียว 1.7 ล.,฿,99.,00,฿ 109.00,-9%,
https://www.makro.pro/th/p/6dondmp-6761190719683?info=JTdCJTIycGFnZVNsdWclMjIlM0ElMjJVbmlsZXZlciUyMEhvbWUlMjBDYXJlJTIwJTdDJTIwU1VOTElHSFQlMkYxMDQxMCUyMiUyQyUyMmNhcm91c2VsTmFtZSUyMiUzQSUyMiUyMiUyQyUyMmNvbGxlY3Rpb25JZCUyMiUzQSUyMjEwNDEwJTIyJTJDJTIyaW5kZXhDbGlja2VkJTIyJTNBMTclN0Q,https://images.mango-prod.siammakro.cloud/SOURCE/8a29b1a25fd44d158ac53e14ae840a8e,"ซื้อ 1,200฿ ได้รับ 50 พอยท์",,ซันไลต์ เลมอน น้ํายาล้างจาน 150 มล. x 48,"฿

550.

00",฿,00,,,
https://www.makro.pro/th/p/_rDyx55-360203039605340?info=JTdCJTIycGFnZVNsdWclMjIlM0ElMjJVbmlsZXZlciUyMEhvbWUlMjBDYXJlJTIwJTdDJTIwU1VOTElHSFQlMkYxMDQxMCUyMiUyQyUyMmNhcm91c2VsTmFtZSUyMiUzQSUyMiUyMiUyQyUyMmNvbGxlY3Rpb25JZCUyMiUzQSUyMjEwNDEwJTIyJTJDJTIyaW5kZXhDbGlja2VkJTIyJTNBMTglN0Q,https://images.mango-prod.siammakro.cloud/product-images/360203039605340-d41984f2-d2e7-474b-8434-582e0bdd09ba.jpeg?imageMogr2/thumbnail/300x300,ซื้อ 2999฿ รับส่วนลด 300฿,,ซันไล น้ํายาล้างจานพลัส คลีน&แคร์ 280 มล. x 3,฿,47.,00,฿ 51.00,3+ units,สินค้าหมด
https://www.makro.pro/th/p/zlqxjsn-7078723322051?info=JTdCJTIycGFnZVNsdWclMjIlM0ElMjJVbmlsZXZlciUyMEhvbWUlMjBDYXJlJTIwJTdDJTIwU1VOTElHSFQlMkYxMDQxMCUyMiUyQyUyMmNhcm91c2VsTmFtZSUyMiUzQSUyMiUyMiUyQyUyMmNvbGxlY3Rpb25JZCUyMiUzQSUyMjEwNDEwJTIyJTJDJTIyaW5kZXhDbGlja2VkJTIyJTNBMTklN0Q,https://images.mango-prod.siammakro.cloud/SOURCE/9f0c7c03c8c64446835c23bba49ad4f3,"ซื้อ 1,200฿ ได้รับ 50 พอยท์",,ซันไลต์ พลัส แอนตี้แบค น้ํายาล้างจาน กลิ่นเลมอน มิ้นท์ 750 มล. x 3,"฿

185.00",฿,,,,สินค้าหมด
