MuiBox-root href,MuiBox-root src,css-1n8x1y2,MuiTypography-root,MuiTypography-root (2),MuiTypography-root (3),MuiTypography-root (4),MuiTypography-root (5),MuiTypography-root (6),MuiBox-root,MuiBox-root (2),MuiBox-root src (2)
https://www.makro.pro/th/p/3i2fig9-6761204056259,https://images.mango-prod.siammakro.cloud/product-images/6761204056259-eb1bdf5d-6f44-4629-9847-6386efa644a6.jpeg?imageMogr2/thumbnail/300x300,มรกต น้ํามันปาล์มขวด 1 ล. 12 ขวด,สั่งเช้า ส่งเย็น,฿,535.,00,฿ 587.00,-8%,,,
https://www.makro.pro/th/p/8eq1kyo-6761203990723?info=JTdCJTIyaW5kZXhDbGlja2VkJTIyJTNBMSU3RA,https://images.mango-prod.siammakro.cloud/product-images/6761203990723-acb85eab-5557-429d-8491-718de8711611.jpeg?imageMogr2/thumbnail/300x300,องุ่น น้ํามันถั่วเหลือง 1 ล. 12 ขวด,สั่งเช้า ส่งเย็น,฿,545.,00,฿ 600.00,-9%,,,
https://www.makro.pro/th/p/qz77yvp-6761203761347?info=JTdCJTIyaW5kZXhDbGlja2VkJTIyJTNBMiU3RA,https://images.mango-prod.siammakro.cloud/product-images/6761203761347-e6d061a3-74af-4e66-a1d7-9676fb990ac1.jpeg?imageMogr2/thumbnail/300x300,คิง น้ํามันรําข้าว 1 ล.,สั่งเช้า ส่งเย็น,฿,67.,00,฿ 72.00,-6%,,,
https://www.makro.pro/th/p/h_agz6_-7115274289347?info=JTdCJTIyaW5kZXhDbGlja2VkJTIyJTNBMyU3RA,https://images.mango-prod.siammakro.cloud/product-images/7115274289347-b9a1477a-9ac0-44bf-9d2c-dafb922575e3.jpeg?imageMogr2/thumbnail/300x300,คิง น้ํามันรําข้าว 5 ล.,สั่งเช้า ส่งเย็น,฿,326.,00,฿ 350.00,-6%,,,
https://www.makro.pro/th/p/e8nh2kn-7196404908227?info=JTdCJTIyaW5kZXhDbGlja2VkJTIyJTNBNCU3RA,https://images.mango-prod.siammakro.cloud/product-images/7196404908227-640099b9-ff48-4576-9a89-cc5e5c13c188.jpeg?imageMogr2/thumbnail/300x300,เกสร น้ํามันปาล์ม ขวด 250 มล. x 12,สั่งเช้า ส่งเย็น,฿,149.,00,฿ 156.00,-4%,,,
https://www.makro.pro/th/p/y14v5wp-7115274813635?info=JTdCJTIyaW5kZXhDbGlja2VkJTIyJTNBNSU3RA,https://images.mango-prod.siammakro.cloud/SOURCE/15880ed9e2254282be1b92826f9542ee,ช้างคู่ น้ํามันงา 630 มล.,สั่งเช้า ส่งเย็น,฿,150.,00,฿ 179.00,-16%,,,
https://www.makro.pro/th/p/s6wdbbc-7115274092739?info=JTdCJTIyaW5kZXhDbGlja2VkJTIyJTNBNiU3RA,https://images.mango-prod.siammakro.cloud/product-images/7115274092739-14bc1c4a-726c-4706-9b6d-fa9cf196f2e0.jpeg?imageMogr2/thumbnail/300x300,หยก น้ํามันปาล์ม ถุง 1 ล. x 3,สั่งเช้า ส่งเย็น,฿,137.,00,฿ 143.00,-4%,,,
https://www.makro.pro/th/p/cbylxjt-6761205727427?info=JTdCJTIyaW5kZXhDbGlja2VkJTIyJTNBNyU3RA,https://images.mango-prod.siammakro.cloud/SOURCE/55fc5dd5850e472b89201964a04b481e,เกสร น้ํามันปาล์ม ชนิดถุงเติม 1 ล. x 3,สั่งเช้า ส่งเย็น,฿,129.,00,฿ 145.00,-11%,,,
https://www.makro.pro/th/p/cukrfmz-7196405235907?info=JTdCJTIyaW5kZXhDbGlja2VkJTIyJTNBOCU3RA,https://images.mango-prod.siammakro.cloud/product-images/7196405235907-d496360b-7515-4d68-af33-e64432973193.jpeg?imageMogr2/thumbnail/300x300,เกสร น้ํามันปาล์มปี๊บ 18 ล.,สั่งเช้า ส่งเย็น,฿,820.,00,฿ 870.00,-5%,,,
https://www.makro.pro/th/p/gs6blrf-7115275075779?info=JTdCJTIyaW5kZXhDbGlja2VkJTIyJTNBOSU3RA,https://images.mango-prod.siammakro.cloud/SOURCE/43f039ace99a44a6861a467e59bbad11,หยก น้ํามันปาล์ม ถุงเติม 1 ล. x 12,สั่งเช้า ส่งเย็น,฿,540.,00,฿ 570.00,-5%,,,
https://www.makro.pro/th/p/yd_uh3q-7115274518723?info=JTdCJTIyaW5kZXhDbGlja2VkJTIyJTNBMTAlN0Q,https://images.mango-prod.siammakro.cloud/product-images/7115274518723-e039d2e4-e9f0-4241-b084-a6533d240782.jpeg?imageMogr2/thumbnail/300x300,กุ๊ก น้ํามันถั่วเหลือง ปี๊บ 13.75 ล.,สั่งเช้า ส่งเย็น,฿,720.,00,฿ 730.00,-1%,,,
https://www.makro.pro/th/p/q0zwcej-7115271930051?info=JTdCJTIyaW5kZXhDbGlja2VkJTIyJTNBMTElN0Q,https://images.mango-prod.siammakro.cloud/SOURCE/7eee2afea4ec45c7be8bcb5b4500838d,โอลีน น้ํามันปาล์ม ปี๊บ 18 ล.,สั่งเช้า ส่งเย็น,฿,890.,00,฿ 960.00,-7%,สินค้าหมด,,
https://www.makro.pro/th/p/9oqxlr8-6974525604035?info=JTdCJTIyaW5kZXhDbGlja2VkJTIyJTNBMTIlN0Q,https://images.mango-prod.siammakro.cloud/product-images/6974525604035-1a8cc1b6-62cd-4b37-8ff8-bd75b6a1ebda.jpeg?imageMogr2/thumbnail/300x300,เกสร น้ํามันปาล์ม 1 ล. 12 ขวด,สั่งเช้า ส่งเย็น,฿,510.,00,฿ 580.00,-12%,,,
https://www.makro.pro/th/p/30v-dst-7115273961667?info=JTdCJTIyaW5kZXhDbGlja2VkJTIyJTNBMTMlN0Q,https://images.mango-prod.siammakro.cloud/SOURCE/0b8b7fa38f8043d0b87a2259b66ff229,มรกต น้ํามันปาล์ม 250 มล. x 12,สั่งเช้า ส่งเย็น,฿,150.,00,฿ 158.00,-5%,,,
https://www.makro.pro/th/p/2mvaher-6761203957955?info=JTdCJTIyaW5kZXhDbGlja2VkJTIyJTNBMTQlN0Q,https://images.mango-prod.siammakro.cloud/SOURCE/aad19e5871084bf19791eb761ff48ef3,โบนัส น้ํามันปาล์ม 5 ล.,สั่งเช้า ส่งเย็น,฿,215.,00,฿ 225.00,-4%,,,
https://www.makro.pro/th/p/eqjjrcn-7078785581251?info=JTdCJTIyaW5kZXhDbGlja2VkJTIyJTNBMTUlN0Q,https://images.mango-prod.siammakro.cloud/product-images/7078785581251-4109ebea-8ed6-4803-8def-dadf021f8bd7.jpeg?imageMogr2/thumbnail/300x300,อสร. น้ําส้มสายชู 700 มล. x 3,สั่งเช้า ส่งเย็น,฿,63.,00,฿ 65.00,-3%,,,
https://www.makro.pro/th/p/hr4y16u-6814744150211?info=JTdCJTIyaW5kZXhDbGlja2VkJTIyJTNBMTYlN0Q,https://images.mango-prod.siammakro.cloud/SOURCE/5092ce432dfe4b269c16074e251ad8c1,เอโร่ น้ําส้มสายชูกลั่น 5% 10 ล.,สั่งเช้า ส่งเย็น,"฿

142.

00",฿,00,,,,,
https://www.makro.pro/th/p/d7rha4u-6761204089027?info=JTdCJTIyaW5kZXhDbGlja2VkJTIyJTNBMTclN0Q,https://images.mango-prod.siammakro.cloud/SOURCE/c566528283f94a9a8b31552662c3f6f1,มังกรคู่ น้ํามันงา 630 มล.,สั่งเช้า ส่งเย็น,"฿

175.

00",฿,00,,,,,
https://www.makro.pro/th/p/d-sxhff-7204370776259?info=JTdCJTIyaW5kZXhDbGlja2VkJTIyJTNBMTglN0Q,https://images.mango-prod.siammakro.cloud/product-images/7204370776259-d5c14bf7-a71e-447b-b342-001d627ce7ed.jpeg?imageMogr2/thumbnail/300x300,เอโร่ น้ํามันถั่วเหลือง 1 ล. x 3,สั่งเช้า ส่งเย็น,฿,141.,00,฿ 149.00,-5%,,,
https://www.makro.pro/th/p/llinies-7167176016067?info=JTdCJTIyaW5kZXhDbGlja2VkJTIyJTNBMTklN0Q,https://images.mango-prod.siammakro.cloud/SOURCE/6539ccfe528b466581260c1ae8271b79,โบนัส น้ํามันปาล์ม 250 มล. x 12,สั่งเช้า ส่งเย็น,฿,149.,00,฿ 156.00,-4%,,,
https://www.makro.pro/th/p/9w9ttpx-7078785745091?info=JTdCJTIyaW5kZXhDbGlja2VkJTIyJTNBMjAlN0Q,https://images.mango-prod.siammakro.cloud/SOURCE/9de148f726194cd6b75d956537a62238,ทิพรส น้ําส้ม ขวดเพ็ท 700 มล. x 3,สั่งเช้า ส่งเย็น,"฿

51.

00",฿,00,,,,,
https://www.makro.pro/th/p/4ajxhhf-6814744182979?info=JTdCJTIyaW5kZXhDbGlja2VkJTIyJTNBMjElN0Q,https://images.mango-prod.siammakro.cloud/product-images/6814744182979-d64dce03-171f-4b6d-99a9-8f341c05d3db.jpeg?imageMogr2/thumbnail/300x300,อสร. น้ําส้มสายชูกลั่น 5% 5 ล.,สั่งเช้า ส่งเย็น,฿,85.,00,฿ 87.00,-2%,,,
https://www.makro.pro/th/p/tcrjomo-7115272257731?info=JTdCJTIyaW5kZXhDbGlja2VkJTIyJTNBMjIlN0Q,https://images.mango-prod.siammakro.cloud/product-images/7115272257731-5602c9f9-c7a6-42c6-9836-563d6d683374.jpeg?imageMogr2/thumbnail/300x300,คิง น้ํามันรําข้าว โอรีซานอล 1 ล.,สั่งเช้า ส่งเย็น,฿,98.,00,฿ 109.00,-10%,,,
https://www.makro.pro/th/p/xesuxa-7248035184835?info=JTdCJTIyaW5kZXhDbGlja2VkJTIyJTNBMjMlN0Q,https://images.mango-prod.siammakro.cloud/product-images/7248035184835-282127db-4640-4d6b-982d-c65cc95aa304.jpeg?imageMogr2/thumbnail/300x300,รวมรส น้ําส้มสายชูเทียม 300 มล. x 6,สั่งเช้า ส่งเย็น,"฿

54.

00",฿,00,,,,,
https://www.makro.pro/th/p/lj7tlt9-6974525931715?info=JTdCJTIyaW5kZXhDbGlja2VkJTIyJTNBMjQlN0Q,https://images.mango-prod.siammakro.cloud/SOURCE/686af608403b4322ac44f0193631d675,มรกต น้ํามันถั่วเหลือง ปี๊บ 13.75 ล.,สั่งเช้า ส่งเย็น,฿,725.,00,฿ 750.00,-3%,,ซื้อ 1633฿ รับส่วนลด 33฿,
https://www.makro.pro/th/p/8-t0ika-6974709989571?info=JTdCJTIyaW5kZXhDbGlja2VkJTIyJTNBMjUlN0Q,https://images.mango-prod.siammakro.cloud/SOURCE/cc49069288c049e0971c84ba868af71a,ออนโดลิว่า น้ํามันมะกอกโพมาส 1 ล.,สั่งเช้า ส่งเย็น,"฿

280.

00",฿,00,,,,,
https://www.makro.pro/th/p/9pks1wh-6814751326403?info=JTdCJTIyaW5kZXhDbGlja2VkJTIyJTNBMjYlN0Q,https://images.mango-prod.siammakro.cloud/SOURCE/6d4238cfd9d246f29951c1880a80a5c2,โบนัส น้ํามันปาล์ม ถัง 18 ล.,สั่งเช้า ส่งเย็น,฿,790.,00,฿ 805.00,-1%,,,
https://www.makro.pro/th/p/hj4jwyy-7115272519875?info=JTdCJTIyaW5kZXhDbGlja2VkJTIyJTNBMjclN0Q,https://images.mango-prod.siammakro.cloud/product-images/7115272519875-ff9a5466-60a2-4eba-a5dc-1b2544f2498c.jpeg?imageMogr2/thumbnail/300x300,เกสร น้ํามันปาล์ม แกลลอน 5 ล.,สั่งเช้า ส่งเย็น,฿,230.,00,฿ 235.00,-2%,,,
https://www.makro.pro/th/p/1izbob7-6814744346819?info=JTdCJTIyaW5kZXhDbGlja2VkJTIyJTNBMjglN0Q,https://images.mango-prod.siammakro.cloud/SOURCE/e53265fcfc8e4bafac7cdea08a4fc88c,เอโร่ น้ําส้มสายชูกลั่น 5% 4.5 ล.,สั่งเช้า ส่งเย็น,"฿

74.

00",฿,00,,,,,
https://www.makro.pro/th/p/7ziwt1-7499764760771?info=JTdCJTIyaW5kZXhDbGlja2VkJTIyJTNBMjklN0Q,https://images.mango-prod.siammakro.cloud/SOURCE/6128c39ebe574ed7936b5d6a149cf52a,มรกต น้ํามันปาล์ม 1 ลิตร x 3 ขวด,สั่งเช้า ส่งเย็น,฿,135.,00,฿ 139.00,-2%,,,
https://www.makro.pro/th/p/0zfec8p-7078786564291?info=JTdCJTIyaW5kZXhDbGlja2VkJTIyJTNBMzAlN0Q,https://images.mango-prod.siammakro.cloud/SOURCE/f8c9eb49ee65410ab23bdec12281cf8e,รวมรส น้ําส้มสายชูเทียม 700 มล. x 3,สั่งเช้า ส่งเย็น,"฿

44.

00",฿,00,,,,,
https://www.makro.pro/th/p/l0zdbnj-7115272159427?info=JTdCJTIyaW5kZXhDbGlja2VkJTIyJTNBMzElN0Q,https://images.mango-prod.siammakro.cloud/product-images/7115272159427-c8a8abdf-88af-4ee3-bb52-b833ffded549.jpeg?imageMogr2/thumbnail/300x300,มรกต น้ํามันถั่วเหลือง 1 ล. x 12 ยกลัง,สั่งเช้า ส่งเย็น,฿,560.,00,฿ 580.00,-3%,,,
https://www.makro.pro/th/p/g_hkply-7078654410947?info=JTdCJTIyaW5kZXhDbGlja2VkJTIyJTNBMzIlN0Q,https://images.mango-prod.siammakro.cloud/SOURCE/197472c3a70f41faa9d690e6b4bf67b7,เซพแพ็ค น้ําส้มสายชูเทียม 4.5 ล.,สั่งเช้า ส่งเย็น,"฿

65.

00",฿,00,,,,,
https://www.makro.pro/th/p/ngzvzdy-7115275665603?info=JTdCJTIyaW5kZXhDbGlja2VkJTIyJTNBMzMlN0Q,https://images.mango-prod.siammakro.cloud/SOURCE/e83081c347e440edb21174327d532e56,เอโร่ น้ํามันงา 650 มล.,สั่งเช้า ส่งเย็น,"฿

138.

00",฿,00,,,,,
https://www.makro.pro/th/p/eiwutpi-7078788202691?info=JTdCJTIyaW5kZXhDbGlja2VkJTIyJTNBMzQlN0Q,https://images.mango-prod.siammakro.cloud/product-images/7078788202691-5ff25b28-69dc-426a-84bc-33b8e28c0236.jpeg?imageMogr2/thumbnail/300x300,เซพแพ็ค น้ําส้มสายชูเทียม 700 มล. x 3,สั่งเช้า ส่งเย็น,฿,40.,00,฿ 42.00,-4%,,,
https://www.makro.pro/th/p/nvkgvqg-6974710317251?info=JTdCJTIyaW5kZXhDbGlja2VkJTIyJTNBMzUlN0Q,https://images.mango-prod.siammakro.cloud/SOURCE/bdac64497cb446d989fec707104d089d,เอโร่ น้ํามันงา 4 ล.,สั่งเช้า ส่งเย็น,"฿

720.

00",฿,00,,,,,
https://www.makro.pro/th/p/yf6_d4j-7275732041923?info=JTdCJTIyaW5kZXhDbGlja2VkJTIyJTNBMzYlN0Q,https://images.mango-prod.siammakro.cloud/SOURCE/12005994af9e4066b51476f2d2be9f4f,เกสร น้ํามันปาล์ม ถุงเติม 1 ล. x 12,สั่งเช้า ส่งเย็น,฿,504.,00,฿ 575.00,-12%,,,
https://www.makro.pro/th/p/gm67qvw-7196404285635?info=JTdCJTIyaW5kZXhDbGlja2VkJTIyJTNBMzclN0Q,https://images.mango-prod.siammakro.cloud/SOURCE/c02f1bfbcc814baa821716980af74386,มรกต น้ํามันทานตะวัน ขวด 1 ล.,สั่งเช้า ส่งเย็น,฿,65.,00,฿ 67.00,-2%,,,
https://www.makro.pro/th/p/og5p84j-7115275960515?info=JTdCJTIyaW5kZXhDbGlja2VkJTIyJTNBMzglN0Q,https://images.mango-prod.siammakro.cloud/SOURCE/0da8e67608ca4c598e50357a3324c026,เนเชอเรล น้ํามันคาโนล่า 5 ล.,สั่งเช้า ส่งเย็น,฿,410.,00,฿ 470.00,-12%,,,
https://www.makro.pro/th/p/tod2cjx-6814751555779?info=JTdCJTIyaW5kZXhDbGlja2VkJTIyJTNBMzklN0Q,https://images.mango-prod.siammakro.cloud/product-images/6814751555779-28b9a3ef-7de7-47c3-8e70-d3d257aa7e38.jpeg?imageMogr2/thumbnail/300x300,มรกต น้ํามันปาล์ม ปี๊บ 18 ล.,สั่งเช้า ส่งเย็น,฿,830.,00,฿ 850.00,-2%,,ซื้อ 1633฿ รับส่วนลด 33฿,
https://www.makro.pro/th/p/jnbe4ee-6761193046211?info=JTdCJTIyaW5kZXhDbGlja2VkJTIyJTNBNDAlN0Q,https://images.mango-prod.siammakro.cloud/SOURCE/cc409eabf603455dbabe19785f87719d,ภูเขาทอง น้ําส้มสายชูกลั่น 5 ล.,สั่งเช้า ส่งเย็น,"฿

84.

00",฿,00,,,,,
https://www.makro.pro/th/p/ptqqmh0-7115272388803?info=JTdCJTIyaW5kZXhDbGlja2VkJTIyJTNBNDElN0Q,https://images.mango-prod.siammakro.cloud/product-images/7115272388803-bf286c1f-507d-4c49-993d-18c4721e3396.jpeg?imageMogr2/thumbnail/300x300,โอลีน น้ํามันปาล์ม 1 ล. x 12,สั่งเช้า ส่งเย็น,฿,560.,00,฿ 591.00,-5%,,,
https://www.makro.pro/th/p/23mtitc-6761209823427?info=JTdCJTIyaW5kZXhDbGlja2VkJTIyJTNBNDIlN0Q,https://images.mango-prod.siammakro.cloud/SOURCE/3231f1eecd514c3b958e7da659c46f00,เอโร่ พริกน้ําส้ม 7 ก. x 50,สั่งเช้า ส่งเย็น,"฿

29.

00",฿,00,,,,,
https://www.makro.pro/th/p/mhiq_th-6974525472963?info=JTdCJTIyaW5kZXhDbGlja2VkJTIyJTNBNDMlN0Q,https://strapi-cdn.mango-prod.siammakro.cloud/uploads/Gold_Container_Frame_TH_040480f35e.png,หยก น้ํามันปาล์ม 1 ล. x 12,สั่งเช้า ส่งเย็น,฿,510.,00,฿ 580.00,-12%,,,https://images.mango-prod.siammakro.cloud/product-images/6974525472963-a4612de3-7744-44ce-84eb-c3fc24cd32e1.jpeg?imageMogr2/thumbnail/300x300
https://www.makro.pro/th/p/rocuujl-6974710776003?info=JTdCJTIyaW5kZXhDbGlja2VkJTIyJTNBNDQlN0Q,https://images.mango-prod.siammakro.cloud/SOURCE/680384e96fcb4822b42f99dc37f183da,องุ่น น้ํามันถั่วเหลือง 5 ล.,สั่งเช้า ส่งเย็น,฿,245.,00,฿ 280.00,-12%,,,
https://www.makro.pro/th/p/urrs1qz-7115275731139?info=JTdCJTIyaW5kZXhDbGlja2VkJTIyJTNBNDUlN0Q,https://images.mango-prod.siammakro.cloud/SOURCE/3eff4fa5375a42078b8709ba5c783cda,เอ็มเมอรัล น้ํามันปาล์มผสมถั่วเหลือง ดีพฟรายอิ้งเบลนด์ สําหรับทอด 1 ล.,สั่งเช้า ส่งเย็น,฿,49.,00,฿ 67.00,-26%,,,
https://www.makro.pro/th/p/5xtjlm7-6974710448323?info=JTdCJTIyaW5kZXhDbGlja2VkJTIyJTNBNDYlN0Q,https://images.mango-prod.siammakro.cloud/product-images/6974710448323-ff5fd7ec-582c-4199-b27b-ea0ab275f8a5.jpeg?imageMogr2/thumbnail/300x300,กุ๊ก น้ํามันถั่วเหลือง 1 ล. 12 ขวด,สั่งเช้า ส่งเย็น,"฿

575.

00",฿,00,,,,,
https://www.makro.pro/th/p/5ijxmqr-6974710087875?info=JTdCJTIyaW5kZXhDbGlja2VkJTIyJTNBNDclN0Q,https://images.mango-prod.siammakro.cloud/SOURCE/32d149407ffa4688a0d88a1f9b86338c,โบนัส น้ํามันปาล์ม ถัง 13.75 ล.,สั่งเช้า ส่งเย็น,฿,600.,00,฿ 640.00,-6%,,,
https://www.makro.pro/th/p/p8dg920-7196405629123?info=JTdCJTIyaW5kZXhDbGlja2VkJTIyJTNBNDglN0Q,https://images.mango-prod.siammakro.cloud/product-images/7196405629123-7ba9ee7d-82d7-43fc-ab4d-e3e0380c2d41.jpeg?imageMogr2/thumbnail/300x300,เกสร น้ํามันปาล์ม 1 ล. x 3,สั่งเช้า ส่งเย็น,"฿

154.

00",฿,00,,,,,
https://www.makro.pro/th/p/4729v1m-7115273240771?info=JTdCJTIyaW5kZXhDbGlja2VkJTIyJTNBNDklN0Q,https://images.mango-prod.siammakro.cloud/product-images/7115273240771-84f40785-a7f2-4434-9d9d-ddd7c388b71f.jpeg?imageMogr2/thumbnail/300x300,กุ๊ก น้ํามันทานตะวัน 1 ล.,สั่งเช้า ส่งเย็น,"฿

70.

00",฿,00,,,,,
https://www.makro.pro/th/p/rbgn-1b-7115275174083?info=JTdCJTIyaW5kZXhDbGlja2VkJTIyJTNBNTAlN0Q,https://images.mango-prod.siammakro.cloud/SOURCE/6f1c2d8b6a39416a885ae2e123d452f0,เนเชอเรล น้ํามันคาโนล่า 1 ล.,สั่งเช้า ส่งเย็น,฿,82.,00,฿ 94.00,-12%,,ซื้อ 259฿ รับส่วนลด 20฿,
https://www.makro.pro/th/p/0lf6ina-6974710382787?info=JTdCJTIyaW5kZXhDbGlja2VkJTIyJTNBNTElN0Q,https://images.mango-prod.siammakro.cloud/SOURCE/e5806efd02864407bf4a2933010ce4f2,กุ๊ก น้ํามันถั่วเหลือง แกลลอน 5 ล.,สั่งเช้า ส่งเย็น,฿,235.,00,฿ 270.00,-12%,,,
https://www.makro.pro/th/p/xdbm-ds-7115271831747?info=JTdCJTIyaW5kZXhDbGlja2VkJTIyJTNBNTIlN0Q,https://images.mango-prod.siammakro.cloud/product-images/7115271831747-1c7c1660-b064-4cfe-8001-b1031105ad51.jpeg?imageMogr2/thumbnail/300x300,ดอกไม้ น้ํามันเมล็ดในปาล์ม 1 ล. x 12,สั่งเช้า ส่งเย็น,฿,795.,00,฿ 810.00,-1%,,,
https://www.makro.pro/th/p/22fsu1g-7196404187331?info=JTdCJTIyaW5kZXhDbGlja2VkJTIyJTNBNTMlN0Q,https://images.mango-prod.siammakro.cloud/SOURCE/1258efa039ba47d59fe2f3904f1b5b73,โอลีน น้ํามันปาล์ม ขวด 250 มล. x 12,สั่งเช้า ส่งเย็น,฿,165.,00,฿ 173.00,-4%,,,
https://www.makro.pro/th/p/bsp2l-q-6814751260867?info=JTdCJTIyaW5kZXhDbGlja2VkJTIyJTNBNTQlN0Q,https://images.mango-prod.siammakro.cloud/SOURCE/333e290c63174896969acfbd901b2e86,โบนัส น้ํามันปาล์ม 18 ล.,สั่งเช้า ส่งเย็น,"฿

800.00",฿,,,,สินค้าหมด,,
https://www.makro.pro/th/p/450hujz-7196403138755?info=JTdCJTIyaW5kZXhDbGlja2VkJTIyJTNBNTUlN0Q,https://images.mango-prod.siammakro.cloud/SOURCE/23af869e69d846899ef4057cdd7c48e4,หยก น้ํามันทานตะวัน 1 ล.,สั่งเช้า ส่งเย็น,฿,68.,00,฿ 81.00,-16%,,ซื้อ 259฿ รับส่วนลด 20฿,
https://www.makro.pro/th/p/v73kj95-6974526095555?info=JTdCJTIyaW5kZXhDbGlja2VkJTIyJTNBNTYlN0Q,https://images.mango-prod.siammakro.cloud/SOURCE/5cd2e7736bbe486eb39020a1ec6a19cc,ช้างคู่ น้ํามันงา 4 ล.,สั่งเช้า ส่งเย็น,"฿

950.

00",฿,00,,,,,
https://www.makro.pro/th/p/iewwdid-7115309777091?info=JTdCJTIyaW5kZXhDbGlja2VkJTIyJTNBNTclN0Q,https://images.mango-prod.siammakro.cloud/SOURCE/237b2e2bb531408bab5b0bd30c8b8bc3,เอโร่ น้ําส้มสายชูหมัก4.5% 1 ล.,สั่งเช้า ส่งเย็น,"฿

45.

00",฿,00,,,,,
https://www.makro.pro/th/p/9jgvwuy-6974008983747?info=JTdCJTIyaW5kZXhDbGlja2VkJTIyJTNBNTglN0Q,https://images.mango-prod.siammakro.cloud/SOURCE/dcde3665cc6145888284c79a5547b908,มังกรคู่ น้ํามันงา 3 ล.,สั่งเช้า ส่งเย็น,"฿

775.

00",฿,00,,,,,
https://www.makro.pro/th/p/0obrxfy-7275732893891?info=JTdCJTIyaW5kZXhDbGlja2VkJTIyJTNBNTklN0Q,https://images.mango-prod.siammakro.cloud/SOURCE/bc8ce74e0f7f49cc853d93f71a8661e1,องุ่น น้ํามันถั่วเหลือง 800 มล. x 3,สั่งเช้า ส่งเย็น,฿,129.,00,฿ 135.00,-4%,,,
https://www.makro.pro/th/p/-ViWOWK-751330269803223?info=JTdCJTIyaW5kZXhDbGlja2VkJTIyJTNBNjAlN0Q,https://images.mango-prod.siammakro.cloud/product-images/751330269803223-b5c641b9-cb20-4054-b470-099926bfa055.jpeg?imageMogr2/thumbnail/300x300,เอโร่ น้ํามันปาล์มขวด 1 ล. x 12,สั่งเช้า ส่งเย็น,฿,525.,00,฿ 555.00,-5%,,,
https://www.makro.pro/th/p/yuahth8-7115275534531?info=JTdCJTIyaW5kZXhDbGlja2VkJTIyJTNBNjElN0Q,https://images.mango-prod.siammakro.cloud/product-images/7115275534531-009732bd-77e2-46c0-a855-d81b25f2c038.jpeg?imageMogr2/thumbnail/300x300,เนเชอเรล น้ํามันมะพร้าว 1 ล.,สั่งเช้า ส่งเย็น,"฿

112.

00",฿,00,,,,ซื้อ 259฿ รับส่วนลด 20฿,
https://www.makro.pro/th/p/8t5of0h-6974524883139?info=JTdCJTIyaW5kZXhDbGlja2VkJTIyJTNBNjIlN0Q,https://images.mango-prod.siammakro.cloud/product-images/6974524883139-a745459c-89b3-4a7a-8f55-ac82abb0323a.jpeg?imageMogr2/thumbnail/300x300,กุ๊ก น้ํามันถั่วเหลือง 1 ล. x 3,สั่งเช้า ส่งเย็น,"฿

150.

00",฿,00,,,,,
https://www.makro.pro/th/p/31t7b5w-7275732107459?info=JTdCJTIyaW5kZXhDbGlja2VkJTIyJTNBNjMlN0Q,https://images.mango-prod.siammakro.cloud/product-images/7275732107459-a4fe2519-ba79-4130-8f3d-1a110d215020.jpeg?imageMogr2/thumbnail/300x300,หยก น้ํามันปาล์ม 250 มล. x 12,สั่งเช้า ส่งเย็น,฿,152.,00,฿ 160.00,-5%,,,
https://www.makro.pro/th/p/s1srwuw-6974526554307?info=JTdCJTIyaW5kZXhDbGlja2VkJTIyJTNBNjQlN0Q,https://images.mango-prod.siammakro.cloud/SOURCE/dfceeb527bb74bbc8bc5745f9fd6afee,มรกต น้ํามันปาล์ม แกลลอน 5 ล.,สั่งเช้า ส่งเย็น,฿,235.,00,฿ 243.00,-3%,,ซื้อ 1633฿ รับส่วนลด 33฿,
https://www.makro.pro/th/p/bj4t4l0-6974525767875?info=JTdCJTIyaW5kZXhDbGlja2VkJTIyJTNBNjUlN0Q,https://images.mango-prod.siammakro.cloud/SOURCE/d7356ef7a3214a359f39f50c015c6699,โอลีน น้ํามันปาล์ม 5 ล.,สั่งเช้า ส่งเย็น,฿,243.,00,฿ 255.00,-4%,,,
https://www.makro.pro/th/p/xev38g4-7352923062467?info=JTdCJTIyaW5kZXhDbGlja2VkJTIyJTNBNjYlN0Q,https://images.mango-prod.siammakro.cloud/SOURCE/378e0fcdc0d749fea087de73240532ee,ซีพี น้ํามันหมู 1 กก.,สั่งเช้า ส่งเย็น,"฿

89.

00",฿,00,,,,"ซื้อ 1,200฿ ได้รับ 20 พอยท์",
https://www.makro.pro/th/p/1btipsd-7115272814787?info=JTdCJTIyaW5kZXhDbGlja2VkJTIyJTNBNjclN0Q,https://images.mango-prod.siammakro.cloud/product-images/7115272814787-332538be-4e13-499c-966b-a6e1fdf624a7.jpeg?imageMogr2/thumbnail/300x300,ดอกไม้ น้ํามันเมล็ดในปาล์ม ถุงละ 1 ล. x 3,สั่งเช้า ส่งเย็น,฿,205.,00,฿ 210.00,-2%,,,
https://www.makro.pro/th/p/4yd4qiw-7115275862211?info=JTdCJTIyaW5kZXhDbGlja2VkJTIyJTNBNjglN0Q,https://images.mango-prod.siammakro.cloud/product-images/7115275862211-83da1a44-5cb3-4a9b-b8e7-5f281bed76f9.jpeg?imageMogr2/thumbnail/300x300,หยก น้ํามันปาล์ม 1 ล. x 3,สั่งเช้า ส่งเย็น,฿,129.,00,฿ 147.00,-12%,,,
https://www.makro.pro/th/p/uvjcxu9-6973995221187?info=JTdCJTIyaW5kZXhDbGlja2VkJTIyJTNBNjklN0Q,https://images.mango-prod.siammakro.cloud/SOURCE/49a6a00498474959857071c69c5c6077,องุ่น น้ํามันถั่วเหลือง ปี๊บ 13.75 ล.,สั่งเช้า ส่งเย็น,฿,735.,00,฿ 745.00,-1%,,,
https://www.makro.pro/th/p/r0-dmzp-7204370874563?info=JTdCJTIyaW5kZXhDbGlja2VkJTIyJTNBNzAlN0Q,https://images.mango-prod.siammakro.cloud/product-images/7204370874563-20d5912e-ac4c-49e6-a243-e0e7b534ebf6.jpeg?imageMogr2/thumbnail/300x300,เอโร่ น้ํามันถั่วเหลือง 5 ล.,สั่งเช้า ส่งเย็น,"฿

260.

00",฿,00,,,,,
https://www.makro.pro/th/p/0j7pB1B-210032256390637?info=JTdCJTIyaW5kZXhDbGlja2VkJTIyJTNBNzElN0Q,https://images.mango-prod.siammakro.cloud/product-images/210032256390637-2128afe9-4f2e-4409-98ce-b8d5263473f4.jpeg?imageMogr2/thumbnail/300x300,เอโร่ น้ํามันถั่วเหลือง 800 มิลลิ ลิตร แพ็ค 3 ถุง,สั่งเช้า ส่งเย็น,"฿

115.

00",฿,00,,,,,
https://www.makro.pro/th/p/rn0gp1m-7115274715331?info=JTdCJTIyaW5kZXhDbGlja2VkJTIyJTNBNzIlN0Q,https://images.mango-prod.siammakro.cloud/product-images/7115274715331-105c970c-3f8d-4120-8aaf-734065ea1f2f.jpeg?imageMogr2/thumbnail/300x300,หยก น้ํามันมะพร้าว 100% 1 ล.,สั่งเช้า ส่งเย็น,฿,105.,00,฿ 110.00,-4%,,ซื้อ 259฿ รับส่วนลด 20฿,
https://www.makro.pro/th/p/IRxNivg5-201927330815876?info=JTdCJTIyaW5kZXhDbGlja2VkJTIyJTNBNzMlN0Q,https://images.mango-prod.siammakro.cloud/product-images/201927330815876-67fc7b72-794e-4850-8116-a7f1ddc53c27.jpeg?imageMogr2/thumbnail/300x300,เอโร่ น้ํามันปาล์ม 18 ล.,สั่งเช้า ส่งเย็น,"฿

835.

00",฿,00,,,,,
https://www.makro.pro/th/p/2CLAqUnY-971025078657231?info=JTdCJTIyaW5kZXhDbGlja2VkJTIyJTNBNzQlN0Q,https://images.mango-prod.siammakro.cloud/product-images/971025078657231-70ae3a75-a06a-499d-a6b6-0b2c73849967.jpeg?imageMogr2/thumbnail/300x300,เอโร่ น้ํามันปาล์มขวด 1 ล. x 3,สั่งเช้า ส่งเย็น,฿,135.,00,฿ 140.00,-3%,,,
https://www.makro.pro/th/p/7vtggme-7115273535683?info=JTdCJTIyaW5kZXhDbGlja2VkJTIyJTNBNzUlN0Q,https://images.mango-prod.siammakro.cloud/product-images/7115273535683-cc24ea63-1781-4e3d-9d85-c98aac09fc61.jpeg?imageMogr2/thumbnail/300x300,มรกต น้ํามันถั่วเหลือง (แกลลอน) 5 ล.,สั่งเช้า ส่งเย็น,฿,235.,00,฿ 260.00,-9%,,ซื้อ 1633฿ รับส่วนลด 33฿,
https://www.makro.pro/th/p/b4oc1il-7115310497987?info=JTdCJTIyaW5kZXhDbGlja2VkJTIyJTNBNzYlN0Q,https://images.mango-prod.siammakro.cloud/product-images/7115310497987-f34909a8-510a-484d-9306-2d498366f703.jpeg?imageMogr2/thumbnail/300x300,คิวพี น้ําส้มสายชูหมัก 700 มล. X 2,สั่งเช้า ส่งเย็น,฿,89.,00,฿ 99.00,-10%,,,
https://www.makro.pro/th/p/rxh6s2b-7275740627139?info=JTdCJTIyaW5kZXhDbGlja2VkJTIyJTNBNzclN0Q,https://images.mango-prod.siammakro.cloud/SOURCE/43c54099ef7943e087bbc8d36a6d5f34,เกสร เพียว น้ํามันมะพร้าว 1 ล.,สั่งเช้า ส่งเย็น,฿,105.,00,฿ 123.00,-14%,,ซื้อ 240฿ รับส่วนลด 20฿,
https://www.makro.pro/th/p/dciqnyd-7115291787459?info=JTdCJTIyaW5kZXhDbGlja2VkJTIyJTNBNzglN0Q,https://images.mango-prod.siammakro.cloud/SOURCE/732eab8a29704a44bcbfd20af9b70d44,เบอร์ทอลลี่ น้ําส้มสายชูหมักบาลซามิค 500 ก.,สั่งเช้า ส่งเย็น,"฿

365.

00",฿,00,,,,,
https://www.makro.pro/th/p/9bvwhme-7196402974915?info=JTdCJTIyaW5kZXhDbGlja2VkJTIyJTNBNzklN0Q,https://images.mango-prod.siammakro.cloud/product-images/7196402974915-f362de7d-7d9f-4cf9-8678-7c6c1214fded.jpeg?imageMogr2/thumbnail/300x300,เกสร น้ํามันปาล์มโอเลอิน กล่อง 18 ล.,สั่งเช้า ส่งเย็น,"฿

840.

00",฿,00,,,,,
https://www.makro.pro/th/p/qOwJsbdt-260590505508046?info=JTdCJTIyaW5kZXhDbGlja2VkJTIyJTNBODAlN0Q,https://images.mango-prod.siammakro.cloud/product-images/260590505508046-d06930a8-f326-4d62-8c5c-fae2f697d07a.jpeg?imageMogr2/thumbnail/300x300,เกสร น้ํามันปาล์ม ถัง 10 ล.,สั่งเช้า ส่งเย็น,฿,465.,00,฿ 480.00,-3%,,,
https://www.makro.pro/th/p/ht3szkj-7196404154563?info=JTdCJTIyaW5kZXhDbGlja2VkJTIyJTNBODElN0Q,https://images.mango-prod.siammakro.cloud/SOURCE/0a925e1462364b32a764ff10fbed5377,เบอร์ทอลลี่ น้ํามันมะกอก เอ็กซ์ตร้าไลท์ 1 ล.,สั่งเช้า ส่งเย็น,฿,660.,00,฿ 730.00,-9%,,,
https://www.makro.pro/th/p/52-xz8b-7497357295811?info=JTdCJTIyaW5kZXhDbGlja2VkJTIyJTNBODIlN0Q,https://images.mango-prod.siammakro.cloud/SOURCE/2ed7aabac9b0404b9fb4ba3395ee4689,เบอร์ทอลลี่ อิตาเลี่ยน เกลซ วิท บาลสามิก วินิการ์ 200 มิลลิลิตร,สั่งเช้า ส่งเย็น,"฿

285.

00",฿,00,,,,,
https://www.makro.pro/th/p/3e30msl-7196415361219?info=JTdCJTIyaW5kZXhDbGlja2VkJTIyJTNBODMlN0Q,https://images.mango-prod.siammakro.cloud/product-images/7196415361219-d95e0f65-3ce6-409f-a4f6-b8d2602a3a2e.jpeg?imageMogr2/thumbnail/300x300,ไฮนซ์ น้ําส้มสายชูจากแอปเปิ้ล 946 มล.,สั่งเช้า ส่งเย็น,฿,297.,00,฿ 325.00,-8%,,ซื้อ 299฿ ได้รับ 30 พอยท์,
https://www.makro.pro/th/p/n82jvpx-7115272978627?info=JTdCJTIyaW5kZXhDbGlja2VkJTIyJTNBODQlN0Q,https://images.mango-prod.siammakro.cloud/SOURCE/0830bd12559342bc91a0b80ee3941fcc,โอลีน น้ํามันปาล์มกล่อง 18 ล.,สั่งเช้า ส่งเย็น,"฿

878.

00",฿,00,,,,,
https://www.makro.pro/th/p/lzr9lde-7196414705859?info=JTdCJTIyaW5kZXhDbGlja2VkJTIyJTNBODUlN0Q,https://images.mango-prod.siammakro.cloud/SOURCE/83da5e8bce2a477881e651b46b1d0356,เบอร์ทอลลี่ น้ําส้มสายชูหมักจากไวน์แดง 500 ก.,สั่งเช้า ส่งเย็น,"฿

198.

00",฿,00,,,,,
https://www.makro.pro/th/p/1rgpt6y-7497509306563?info=JTdCJTIyaW5kZXhDbGlja2VkJTIyJTNBODYlN0Q,https://images.mango-prod.siammakro.cloud/SOURCE/3c8c9a8e4fc743e7bd7e14021d7173d7,เบอร์ทอลลี่ น้ําส้มไวน์ขาว 500 กรัม,สั่งเช้า ส่งเย็น,"฿

198.

00",฿,00,,,,,
https://www.makro.pro/th/p/pfjzh6r-7497469526211?info=JTdCJTIyaW5kZXhDbGlja2VkJTIyJTNBODclN0Q,https://images.mango-prod.siammakro.cloud/SOURCE/e912577d92d34d76beb906bf7eb93d0c,ลีกุมกี่ น้ํามันงา 207 มล.,สั่งเช้า ส่งเย็น,"฿

166.

00",฿,00,,,,,
https://www.makro.pro/th/p/yaqtyvu-7204371038403?info=JTdCJTIyaW5kZXhDbGlja2VkJTIyJTNBODglN0Q,https://images.mango-prod.siammakro.cloud/product-images/7204371038403-6cd55bf3-7e8d-4dbd-a994-378acc960f8d.jpeg?imageMogr2/thumbnail/300x300,เอโร่ น้ํามันถั่วเหลือง 13.75 ล.,สั่งเช้า ส่งเย็น,"฿

765.00",฿,,,,สินค้าหมด,,
https://www.makro.pro/th/p/xe82ruk-7167175819459?info=JTdCJTIyaW5kZXhDbGlja2VkJTIyJTNBODklN0Q,https://images.mango-prod.siammakro.cloud/SOURCE/60f8e10cf29a479aa615d85a1f81e555,เบอร์ทอลลี่ น้ํามันมะกอก 1 ล.,สั่งเช้า ส่งเย็น,฿,650.,00,฿ 715.00,-9%,,,
https://www.makro.pro/th/p/xiiu_ue-7204357046467?info=JTdCJTIyaW5kZXhDbGlja2VkJTIyJTNBOTAlN0Q,https://images.mango-prod.siammakro.cloud/SOURCE/3f64a9cdc09e4e0cbfba49d73ca0d221,ออนโดลิว่า น้ํามันมะกอกโพมาส 5 ล.,สั่งเช้า ส่งเย็น,"฿

1,350.

00",฿,00,,,,,
https://www.makro.pro/th/p/2zb1HNff-535921640225763?info=JTdCJTIyaW5kZXhDbGlja2VkJTIyJTNBOTElN0Q,https://images.mango-prod.siammakro.cloud/product-images/535921640225763-ad3a7b17-a1ce-4fd6-aea7-f2f74d1cd7a7.jpeg?imageMogr2/thumbnail/300x300,เอโร่ น้ํามันปาล์ม แกลลอน 5 ล.,สั่งเช้า ส่งเย็น,฿,220.,00,฿ 230.00,-4%,,,
https://www.makro.pro/th/p/ebw4khv-7167176147139?info=JTdCJTIyaW5kZXhDbGlja2VkJTIyJTNBOTIlN0Q,https://images.mango-prod.siammakro.cloud/SOURCE/35dbbc8a0cb0497790232cff44a0949a,มะพร้าวไท น้ํามันมะพร้าว 1 ล.,สั่งเช้า ส่งเย็น,"฿

110.

00",฿,00,,,,,
https://www.makro.pro/th/p/pekb6oj-7164725264579?info=JTdCJTIyaW5kZXhDbGlja2VkJTIyJTNBOTMlN0Q,https://images.mango-prod.siammakro.cloud/SOURCE/a05dac06df54457a9ef9277391e63917,ชองจองวอน น้ําส้มสายชูหมักจากแอปเปิ้ล 1.8 ล.,สั่งเช้า ส่งเย็น,"฿

99.

00",฿,00,,,,,
https://www.makro.pro/th/p/-yvczpq-7497392554179?info=JTdCJTIyaW5kZXhDbGlja2VkJTIyJTNBOTQlN0Q,https://images.mango-prod.siammakro.cloud/product-images/7497392554179-171da35b-9bf9-4321-a4bd-2744239b0ea8.jpeg?imageMogr2/thumbnail/300x300,เอสแอนด์ดับบลิว น้ําส้มสายชูหมักแอปเปิ้ล 473 มิลลิลิตร,สั่งเช้า ส่งเย็น,"฿

220.

00",฿,00,,,,,
https://www.makro.pro/th/p/tf25tg3-7196401762499?info=JTdCJTIyaW5kZXhDbGlja2VkJTIyJTNBOTUlN0Q,https://images.mango-prod.siammakro.cloud/SOURCE/afaa734f9de64720bea4b2122547f4f6,เบอร์ทอลลี่ เอ็กซ์ตร้าไลท์ น้ํามันมะกอก 500 มิลลิลิตร,สั่งเช้า ส่งเย็น,฿,350.,00,฿ 410.00,-14%,,,
https://www.makro.pro/th/p/pq2_w8i-7115272749251?info=JTdCJTIyaW5kZXhDbGlja2VkJTIyJTNBOTYlN0Q,https://images.mango-prod.siammakro.cloud/SOURCE/cac1528fa5f1459ca97cd9093efe0820,ซาโบรโซ เอ็กซ์ตร้าเวอร์จิน น้ํามันมะกอก 5 ล.,สั่งเช้า ส่งเย็น,฿,"1,800.",00,"฿ 3,100.00",-41%,,,
https://www.makro.pro/th/p/0EO4rbCg-264852966401181?info=JTdCJTIyaW5kZXhDbGlja2VkJTIyJTNBOTclN0Q,https://images.mango-prod.siammakro.cloud/product-images/264852966401181-2041245b-9335-4d6c-bd7a-793714b9f3cb.jpeg?imageMogr2/thumbnail/300x300,มรกต น้ํามันปาล์ม ถัง 10 ล.,สั่งเช้า ส่งเย็น,฿,455.,00,฿ 480.00,-5%,,ซื้อ 1633฿ รับส่วนลด 33฿,
https://www.makro.pro/th/p/6mo29eg-7497431351491?info=JTdCJTIyaW5kZXhDbGlja2VkJTIyJTNBOTglN0Q,https://images.mango-prod.siammakro.cloud/SOURCE/d76218da984d455096c05739baccbb5b,ซาโบรโซ่ เพียว น้ํามันมะกอก 1 ลิตร,สั่งเช้า ส่งเย็น,฿,559.,00,฿ 660.00,-15%,,,
https://www.makro.pro/th/p/wdzzgpd-7497379381443?info=JTdCJTIyaW5kZXhDbGlja2VkJTIyJTNBOTklN0Q,https://images.mango-prod.siammakro.cloud/product-images/7497379381443-0b1f1163-7903-4a7d-bc27-c8e9623dbf21.jpeg?imageMogr2/thumbnail/300x300,เอโร่ พริกน้ําส้ม 7 กรัม x 600 ซอง,สั่งเช้า ส่งเย็น,"฿

279.

00",฿,00,,,,,
https://www.makro.pro/th/p/1TFlC5nA-665991783225443?info=JTdCJTIyaW5kZXhDbGlja2VkJTIyJTNBMTAwJTdE,https://images.mango-prod.siammakro.cloud/product-images/665991783225443-e858a7da-02cd-45a4-ae6a-4c6123ebadd4.jpeg?imageMogr2/thumbnail/300x300,คาร์โบเนล น้ํามันมะกอก เอ็กซ์ตร้า เวอร์จิ้น 1 ล.,สั่งเช้า ส่งเย็น,"฿

450.

00",฿,00,,,,,
https://www.makro.pro/th/p/04cwyo5-7497545023683?info=JTdCJTIyaW5kZXhDbGlja2VkJTIyJTNBMTAxJTdE,https://images.mango-prod.siammakro.cloud/SOURCE/b42bf955cfdb412884c75a4a949be5cc,ซาโบรโซ่ เอ็กซ์ตร้าไลท์ น้ํามันมะกอก 1 ลิตร,สั่งเช้า ส่งเย็น,฿,559.,00,฿ 660.00,-15%,,,
https://www.makro.pro/th/p/1FKpNfF3-738825547474419?info=JTdCJTIyaW5kZXhDbGlja2VkJTIyJTNBMTAyJTdE,https://images.mango-prod.siammakro.cloud/product-images/738825547474419-c2c32b76-fa88-400d-a111-6dc7081fdb84.jpeg?imageMogr2/thumbnail/300x300,เอโร่ น้ํามันปาล์ม ถัง 10 ล.,สั่งเช้า ส่งเย็น,฿,445.,00,฿ 460.00,-3%,,,
https://www.makro.pro/th/p/x12oij0-7497427517635?info=JTdCJTIyaW5kZXhDbGlja2VkJTIyJTNBMTAzJTdE,https://images.mango-prod.siammakro.cloud/product-images/7497427517635-4fd3530d-f845-4282-9a9a-d21cb5780c5b.jpeg?imageMogr2/thumbnail/300x300,เพียว น้ํามันมะพร้าว 1 ลิตร,สั่งเช้า ส่งเย็น,"฿

179.

00",฿,00,,,,,
https://www.makro.pro/th/p/ybs1FbK-837359292352013?info=JTdCJTIyaW5kZXhDbGlja2VkJTIyJTNBMTA0JTdE,https://images.mango-prod.siammakro.cloud/SOURCE/ef692c73f1a7471193bc04849b1cc6c1,แฮปปี้คู่ครัว น้ํามันปาล์ม 900 มล.12 ขวด น้ํามันพืชยกลัง (ไม่มีไขมันทรานส์/วิตามินอีสูง/อย.GMP/ฮาลาล),1-3 วัน,฿,489.,00,฿ 800.00,-38%,,,
https://www.makro.pro/th/p/xwrmh8y-7497431449795?info=JTdCJTIyaW5kZXhDbGlja2VkJTIyJTNBMTA1JTdE,https://images.mango-prod.siammakro.cloud/SOURCE/58ae228d5b194bc89ce76a9a9b01d51f,แพ็คซอล น้ํามันงา 320 มล.,สั่งเช้า ส่งเย็น,฿,200.,00,฿ 270.00,-25%,,,
https://www.makro.pro/th/p/6pzgsh0-7275739873475?info=JTdCJTIyaW5kZXhDbGlja2VkJTIyJTNBMTA2JTdE,https://images.mango-prod.siammakro.cloud/SOURCE/c2c49cc8eefe419f8fc922b9fd7e1f25,ออนโดลิว่า น้ํามันมะกอกบริสุทธิ์ 5 ล.,สั่งเช้า ส่งเย็น,฿,"2,500.",00,"฿ 2,600.00",-3%,,,
https://www.makro.pro/th/p/ztqh0s1f-195830934469027?info=JTdCJTIyaW5kZXhDbGlja2VkJTIyJTNBMTA3JTdE,https://images.mango-prod.siammakro.cloud/product-images/195830934469027-9e43a3d9-321d-48d5-9c18-66ac5b70cf26.jpeg?imageMogr2/thumbnail/300x300,คาร์โบเนล น้ํามันมะกอกผสม 1 ล.,สั่งเช้า ส่งเย็น,"฿

420.

00",฿,00,,,,,
https://www.makro.pro/th/p/bf_rigyd-535991643136479?info=JTdCJTIyaW5kZXhDbGlja2VkJTIyJTNBMTA4JTdE,https://images.mango-prod.siammakro.cloud/product-images/535991643136479-70026fbb-0f57-435f-9ec7-21e9adcfb439.jpeg?imageMogr2/thumbnail/300x300,คาร์โบเนล น้ํามันมะกอกผสม 5 ล.,สั่งเช้า ส่งเย็น,"฿

1,700.

00",฿,00,,,,,
https://www.makro.pro/th/p/3ZkjeFln-329592044356608?info=JTdCJTIyaW5kZXhDbGlja2VkJTIyJTNBMTA5JTdE,https://images.mango-prod.siammakro.cloud/product-images/329592044356608-6065b748-f250-46d3-b628-b86a7dbe9edb.jpeg?imageMogr2/thumbnail/300x300,คาร์โบเนล น้ํามันมะกอก เอ็กซ์ตร้า เวอร์จิ้น 5 ล.,สั่งเช้า ส่งเย็น,"฿

1,900.

00",฿,00,,,,,
https://www.makro.pro/th/p/88jAkPDh-131350964987369?info=JTdCJTIyaW5kZXhDbGlja2VkJTIyJTNBMTEwJTdE,https://images.mango-prod.siammakro.cloud/product-images/131350964987369-aefee58d-c06b-4268-9411-30e9205d786d.jpeg?imageMogr2/thumbnail/300x300,คาร์โบเนล น้ํามันมะกอกผสม 500 มล.,สั่งเช้า ส่งเย็น,"฿

200.

00",฿,00,,,,ซื้อ 3 หน่วย รับส่วนลด 200฿,
https://www.makro.pro/th/p/8nqfdhj-7497467953347?info=JTdCJTIyaW5kZXhDbGlja2VkJTIyJTNBMTExJTdE,https://images.mango-prod.siammakro.cloud/SOURCE/d01bfae033644693a9b43f1e5696fdac,ไทยเพียว น้ํามันมะพร้าวสกัดเย็น 1 ลิตร,สั่งเช้า ส่งเย็น,"฿

495.

00",฿,00,,,,,
https://www.makro.pro/th/p/PFHpTF-2-349128591821939?info=JTdCJTIyaW5kZXhDbGlja2VkJTIyJTNBMTEyJTdE,https://images.mango-prod.siammakro.cloud/product-images/349128591821939-1b02f0ad-f3cf-4aac-84bb-05094d2833eb.jpeg?imageMogr2/thumbnail/300x300,ฟอร์จูน เพียว มัสตาร์ด ออยล์ 1 ล.,สั่งเช้า ส่งเย็น,"฿

205.

00",฿,00,,,,,
https://www.makro.pro/th/p/bTJvLNp-171620746172309?info=JTdCJTIyaW5kZXhDbGlja2VkJTIyJTNBMTEzJTdE,https://images.mango-prod.siammakro.cloud/SOURCE/45d641b90ae6407ba7bcc224f99b3100,คู่ครัว น้ํามันปาล์ม 1 ลิตร 12 ขวด น้ํามันพืชยกลัง (ไม่มีไขมันทรานส์/วิตามินอีสูง/อย.GMP/ฮาลาล),1-3 วัน,฿,539.,00,฿ 900.00,-40%,,,
https://www.makro.pro/th/p/5m1Wm6Q-654371207629800?info=JTdCJTIyaW5kZXhDbGlja2VkJTIyJTNBMTE0JTdE,https://images.mango-prod.siammakro.cloud/SOURCE/7e51f93cf9b642fea38c9ac01a7be52f,แฮปปี้คู่ครัว น้ํามันปาล์ม ถุงเติม 900 มล. x 12 ถุง น้ํามันพืชยกลัง (ไม่มีไขมันทรานส์/วิตามินอีสูง/อย.GMP/ฮาลาล),1-3 วัน,฿,469.,00,฿ 780.00,-39%,,,
https://www.makro.pro/th/p/IaSZjDc-648930012310874?info=JTdCJTIyaW5kZXhDbGlja2VkJTIyJTNBMTE1JTdE,https://images.mango-prod.siammakro.cloud/SOURCE/8fba4bc6c2974bf2ac8f32528c90bdf3,ธารทอง น้ํามันปาล์ม ถุงเติม 1 ลิตร 12 ถุง น้ํามันพืชยกลัง (ไม่มีไขมันทรานส์/วิตามินอีสูง/อย.GMP/ฮาลาล),1-3 วัน,฿,529.,00,฿ 880.00,-39%,,,
https://www.makro.pro/th/p/0JB7RCk-855783624879308?info=JTdCJTIyaW5kZXhDbGlja2VkJTIyJTNBMTE2JTdE,https://images.mango-prod.siammakro.cloud/SOURCE/c4ae3fa1eb3f41d3a72b102a859b0d82,**สําหรับ SMEs** น้ํามันพืชปี๊บ ตราเชอร์รี่ 13.75 ลิตร ทอดทน ไม่อมน้ํามัน ไม่มีกลิ่นหืน (น้ํามันปาล์ม/คุณภาพ/ฮาลาล/อย.GMP),1-3 วัน,฿,659.,00,"฿ 1,000.00",-34%,,,
https://www.makro.pro/th/p/0wQKPll-134816539725993?info=JTdCJTIyaW5kZXhDbGlja2VkJTIyJTNBMTE3JTdE,https://images.mango-prod.siammakro.cloud/SOURCE/37b461cc246c4e4a8d3137eb669b9d94,แฮปปี้คู่ครัว น้ํามันปาล์ม ถุงเติม 700 มล. x 12 ถุง *รุ่นประหยัด* (ไม่มีไขมันทรานส์/วิตามินอีสูง/อย.GMP/ฮาลาล),1-3 วัน,฿,369.,00,฿ 650.00,-43%,,,
https://www.makro.pro/th/p/-hNsOTP-493602737873204?info=JTdCJTIyaW5kZXhDbGlja2VkJTIyJTNBMTE4JTdE,https://images.mango-prod.siammakro.cloud/SOURCE/94576f15155645d884588dc2ccf7e29e,หยก เอ็กซ์ตร้า น้ํามันรําข้าว 100% ชนิดขวด 1 ลิตร x 12 ขวด (1 ลัง),1-3 วัน,"฿

804.

00",฿,00,,,,,
https://www.makro.pro/th/p/1hZfBNA-750916660192505?info=JTdCJTIyaW5kZXhDbGlja2VkJTIyJTNBMTE5JTdE,https://images.mango-prod.siammakro.cloud/SOURCE/9f547b6575a74f2aa754059c00cdd159,คู่ครัว น้ํามันปาล์ม ถุงเติม 800 มล. x 12 ถุง น้ํามันพืชยกลัง (ไม่มีไขมันทรานส์/วิตามินอีสูง/อย.GMP/ฮาลาล),1-3 วัน,฿,419.,00,฿ 700.00,-40%,,,
https://www.makro.pro/th/p/-Dxyx8VJ-494720004319505?info=JTdCJTIyaW5kZXhDbGlja2VkJTIyJTNBMTIwJTdE,https://images.mango-prod.siammakro.cloud/product-images/494720004319505-8260c5a3-6674-4431-8e19-78aee2013025.jpeg?imageMogr2/thumbnail/300x300,โบนัส น้ํามันปาล์ม ถุงเติม 1 ล. 12 ถุง x 64 ลัง (1 พาเลท),พรีออเดอร์,"฿

34,880.

00",฿,00,,,,,
https://www.makro.pro/th/p/5TuBNPG-264278045352803?info=JTdCJTIyaW5kZXhDbGlja2VkJTIyJTNBMTIxJTdE,https://images.mango-prod.siammakro.cloud/SOURCE/c33858e05d6a407d94cd2840ae332bf4,เนเชอเรล น้ํามันคาโนล่าผสมทานตะวัน ชนิดขวด 1 ลิตร x 2 ขวด,1-3 วัน,฿,169.,00,฿ 190.00,-11%,,,
https://www.makro.pro/th/p/QdebrEu-730215920128203?info=JTdCJTIyaW5kZXhDbGlja2VkJTIyJTNBMTIyJTdE,https://images.mango-prod.siammakro.cloud/SOURCE/1f6063d419434dbd864b2d0d567a0d5f,เนเชอเรล น้ํามันทานตะวัน ชนิดขวด 1 ลิตร x 2 ขวด,1-3 วัน,฿,154.,00,฿ 178.00,-13%,,,
https://www.makro.pro/th/p/SXtuMPb-751532659988021?info=JTdCJTIyaW5kZXhDbGlja2VkJTIyJTNBMTIzJTdE,https://images.mango-prod.siammakro.cloud/SOURCE/136774424d7547adba573a574618ac83,มิสกัน น้ําส้มสายชูกลั่น อเนกประสงค์ สูตรข้าวสาลี กากสาเก ข้าว และข้าวโพด (ผลิตในประเทศญี่ปุ่น) ขนาด 1.8 ลิตร x 4 ขวด,1-3 วัน,฿,"1,090.",00,"฿ 1,190.00",-8%,,"ซื้อ 3,000฿ ได้รับ 130 พอยท์",
https://www.makro.pro/th/p/LesrOxC-186338313431081?info=JTdCJTIyaW5kZXhDbGlja2VkJTIyJTNBMTI0JTdE,https://images.mango-prod.siammakro.cloud/SOURCE/73b1f77ea5bf4913aced8280b02916aa,คู่ครัว น้ํามันปาล์ม ถุงเติม 1 ลิตร 12 ถุง น้ํามันพืชยกลัง (ไม่มีไขมันทรานส์/วิตามินอีสูง/อย.GMP/ฮาลาล),1-3 วัน,฿,529.,00,฿ 890.00,-40%,,,
https://www.makro.pro/th/p/bpbLFWw-544155660443954?info=JTdCJTIyaW5kZXhDbGlja2VkJTIyJTNBMTI1JTdE,https://images.mango-prod.siammakro.cloud/SOURCE/964c2b6ef7644b138ea68ede0f45845f,หยก เอ็กซ์ตร้า น้ํามันรําข้าว 100% ชนิดขวด 1 ลิตร x 6 ขวด,1-3 วัน,"฿

408.

00",฿,00,,,,,
https://www.makro.pro/th/p/zrX7zovw-399674016928264?info=JTdCJTIyaW5kZXhDbGlja2VkJTIyJTNBMTI2JTdE,https://images.mango-prod.siammakro.cloud/product-images/399674016928264-ea766801-b8d0-4b55-8bbd-238608117585.jpeg?imageMogr2/thumbnail/300x300,โบนัส น้ํามันปาล์ม 1 ล. 12 ขวด x 70 ลัง (1 พาเลท),พรีออเดอร์,"฿

38,500.

00",฿,00,,,,,
https://www.makro.pro/th/p/U5HWuAo-863421939230510?info=JTdCJTIyaW5kZXhDbGlja2VkJTIyJTNBMTI3JTdE,https://images.mango-prod.siammakro.cloud/SOURCE/3a86f2331fbd455c972458bd217234c5,ทับทิมน้ํามันปาล์มถัง 18ลิตร x1,3-7 วัน,"฿

810.

00",฿,00,,,,,
https://www.makro.pro/th/p/7AUwrV8-858609210622714?info=JTdCJTIyaW5kZXhDbGlja2VkJTIyJTNBMTI4JTdE,https://images.mango-prod.siammakro.cloud/SOURCE/0326867afbc149a2b106b4b36e6a8384,น้ํามันหมูธรรมชาติ 100% ตราธารทอง 120 ml. ปราศจากสารเคมีและยาปฏิชีวนะ เหมาะสําหรับผู้ที่รักสุขภาพ (คีโต/ไม่มีไขมันทรานส์),1-3 วัน,฿,42.,00,฿ 50.00,-16%,,,
https://www.makro.pro/th/p/Sxf6zxD-194920349001161?info=JTdCJTIyaW5kZXhDbGlja2VkJTIyJTNBMTI5JTdE,https://images.mango-prod.siammakro.cloud/SOURCE/6c936047b3ca4bbb94ff76687a6fd3c2,เนเชอเรล น้ํามันรําข้าว ชนิดขวด 1 ลิตร x 2 ขวด,1-3 วัน,฿,185.,00,฿ 210.00,-11%,,,
https://www.makro.pro/th/p/faUcwX7G-937164986736036?info=JTdCJTIyaW5kZXhDbGlja2VkJTIyJTNBMTMwJTdE,https://images.mango-prod.siammakro.cloud/product-images/937164986736036-3b68cbe2-f323-4228-99e3-20001eba4207.jpeg?imageMogr2/thumbnail/300x300,เกสร น้ํามันปาล์ม 10 ล. x 75 ถัง (1 พาเลท),พรีออเดอร์,"฿

34,500.

00",฿,00,,,,,
https://www.makro.pro/th/p/vupxhd8-7565773111491?info=JTdCJTIyaW5kZXhDbGlja2VkJTIyJTNBMTMxJTdE,https://images.mango-prod.siammakro.cloud/SOURCE/e36d54e7764244c8bfc6c1dd719d154c,คุคิ ซังโย น้ํามันงา จุนเซอิ โกมะ อาบูระ โคอิกุชิ ทําจากเมล็ดงาคั่วบด (ผลิตในประเทศญี่ปุ่น) ขนาด 170 กรัม x 4 ขวด,1-3 วัน,฿,920.,00,"฿ 1,020.00",-9%,,,
https://www.makro.pro/th/p/sIxAy3g-712072686360992?info=JTdCJTIyaW5kZXhDbGlja2VkJTIyJTNBMTMyJTdE,https://images.mango-prod.siammakro.cloud/SOURCE/63221bef35724f43ac041d2fe0ebd0ef,เนเชอเรลฟอร์เต้ น้ํามันรําข้าว โกลด์ ชนิดขวด 1 ลิตร x 2 ขวด,1-3 วัน,฿,238.,00,฿ 258.00,-7%,,,
https://www.makro.pro/th/p/AhkjnIY-513551531255438?info=JTdCJTIyaW5kZXhDbGlja2VkJTIyJTNBMTMzJTdE,https://images.mango-prod.siammakro.cloud/SOURCE/29ee3a36e74f4344a1dbda19589f7855,หยก เอ็กซ์ตร้า น้ํามันรําข้าว 100% ชนิดขวด 1 ลิตร x 2 ขวด,1-3 วัน,"฿

144.

00",฿,00,,,,,
https://www.makro.pro/th/p/B5_EJ9ZD-368986453191063?info=JTdCJTIyaW5kZXhDbGlja2VkJTIyJTNBMTM0JTdE,https://images.mango-prod.siammakro.cloud/product-images/368986453191063-cf72f4fe-dd25-45ca-8ee4-db877cbc8c1a.jpeg?imageMogr2/thumbnail/300x300,เกสร น้ํามันปาล์ม ถุงเติม 1 ล. 12 ถุง x 64 ลัง (1 พาเลท),พรีออเดอร์,"฿

36,800.

00",฿,00,,,,,
https://www.makro.pro/th/p/7Lafns24-260390064632249?info=JTdCJTIyaW5kZXhDbGlja2VkJTIyJTNBMTM1JTdE,https://images.mango-prod.siammakro.cloud/product-images/260390064632249-f0fc4b42-7a1b-4f51-b1e6-fa9f968c2935.jpeg?imageMogr2/thumbnail/300x300,เกสร น้ํามันปาล์ม 1 ล. 12 ขวด x 60 ลัง (1 พาเลท),พรีออเดอร์,"฿

34,800.

00",฿,00,,,,,
https://www.makro.pro/th/p/GjIA7bW-415057036578241?info=JTdCJTIyaW5kZXhDbGlja2VkJTIyJTNBMTM2JTdE,https://images.mango-prod.siammakro.cloud/SOURCE/2e6b5c2f2d5f40d7a1d737be08a32ec0,"คาโดยะ น้ํามันงา โกมะ อาบูระ กิงจิรูชิ (ผลิตในประเทศญี่ปุ่น) ขนาด 1,650 กรัม",1-3 วัน,"฿

1,560.

00",฿,00,,,,"ซื้อ 3,000฿ ได้รับ 130 พอยท์",
https://www.makro.pro/th/p/KVePI2u-815234414292091?info=JTdCJTIyaW5kZXhDbGlja2VkJTIyJTNBMTM3JTdE,https://images.mango-prod.siammakro.cloud/SOURCE/38be1b7b98f64e6eb1698ee7e30ec667,ทับทิม น้ํามันปาล์มขวด 1 ลิตร x12,3-7 วัน,"฿

545.

00",฿,00,,,,,
https://www.makro.pro/th/p/6sybuzt-7565773078723?info=JTdCJTIyaW5kZXhDbGlja2VkJTIyJTNBMTM4JTdE,https://images.mango-prod.siammakro.cloud/SOURCE/7913cd2fc1414bdc9f179e8753a945d6,คุคิ ซังโย น้ํามันงา จุนเซอิ โกมะ อาบูระ อูซากุชิ ทําจากเมล็ดงาคั่วบด (ผลิตในประเทศญี่ปุ่น) ขนาด 170 กรัม x 4 ขวด,1-3 วัน,฿,920.,00,"฿ 1,020.00",-9%,,,
https://www.makro.pro/th/p/7nhexoo-7565773045955?info=JTdCJTIyaW5kZXhDbGlja2VkJTIyJTNBMTM5JTdE,https://images.mango-prod.siammakro.cloud/SOURCE/90d32f7329534e959f9125e382cf7cff,"คุคิ ซังโย น้ํามันงา จุนเซอิ โกมะ อาบูระ โคอิกุชิ ทําจากเมล็ดงาคั่วบด (ผลิตในประเทศญี่ปุ่น) ขนาด 1,650 กรัม x 2 ขวด",1-3 วัน,฿,"1,840.",00,"฿ 1,940.00",-5%,,,
https://www.makro.pro/th/p/whEOtVXv-699907881158986?info=JTdCJTIyaW5kZXhDbGlja2VkJTIyJTNBMTQwJTdE,https://images.mango-prod.siammakro.cloud/product-images/699907881158986-64079ab7-a564-4198-a6c6-709d6810b4ef.jpeg?imageMogr2/thumbnail/300x300,องุ่น น้ํามันถั่วเหลือง 1 ล. 12 ขวด x 70 ลัง (1 พาเลท),พรีออเดอร์,"฿

42,700.

00",฿,00,,,,,
https://www.makro.pro/th/p/lR1uBynS-528805367454237?info=JTdCJTIyaW5kZXhDbGlja2VkJTIyJTNBMTQxJTdE,https://images.mango-prod.siammakro.cloud/product-images/528805367454237-486f4071-bfde-4275-835f-8a53818403a0.jpeg?imageMogr2/thumbnail/300x300,มรกต น้ํามันปาล์ม 1 ล. 12 ขวด x 70 ลัง (1 พาเลท),พรีออเดอร์,"฿

41,090.

00",฿,00,,,,,
https://www.makro.pro/th/p/uPeMTEb-977145292374054?info=JTdCJTIyaW5kZXhDbGlja2VkJTIyJTNBMTQyJTdE,https://images.mango-prod.siammakro.cloud/SOURCE/434c3a07edb5432db20eb12757bf7c8b,เนเชอเรล น้ํามันมะพร้าวกลิ่นเห็ดทรัฟเฟิล ชนิดขวด 1 ลิตร x 1 ขวด,1-3 วัน,"฿

119.

00",฿,00,,,,,
https://www.makro.pro/th/p/2A8sWGF-631566155816248?info=JTdCJTIyaW5kZXhDbGlja2VkJTIyJTNBMTQzJTdE,https://images.mango-prod.siammakro.cloud/SOURCE/d534112c9be34b929ddf8807ed08bd92,*Makro* น้ํามันหมูปลอดสารผสมน้ํามันพืช 30:70 ตราธารทอง สูตรภัตตาคาร/ร้านอาหาร ปี๊บ 13.75 ลิตร (ปราศจากไขมันทรานส์/อย.GMP),1-3 วัน,฿,890.,00,"฿ 1,100.00",-19%,,,
https://www.makro.pro/th/p/dKiDfOS-643191866346259?info=JTdCJTIyaW5kZXhDbGlja2VkJTIyJTNBMTQ0JTdE,https://images.mango-prod.siammakro.cloud/SOURCE/ac34b39f7cba4fb49b9b95dedaa87525,*Makro* น้ํามันหมูปลอดสารผสมน้ํามันพืช 30:70 ตราธารทอง สูตรภัตตาคาร/ร้านอาหาร แกลลอน 5 ลิตร (ปราศจากไขมันทรานส์/อย.GMP),1-3 วัน,฿,389.,00,฿ 500.00,-22%,,,
https://www.makro.pro/th/p/ucwV3xa-485505620797833?info=JTdCJTIyaW5kZXhDbGlja2VkJTIyJTNBMTQ1JTdE,https://images.mango-prod.siammakro.cloud/SOURCE/312f0f51b5d14744b2dbc91cae9a00c7,หยก เอ็กซ์ตร้า น้ํามันรําข้าว 100% ชนิดขวด 1 ลิตร x 4 ขวด,1-3 วัน,"฿

280.

00",฿,00,,,,,
https://www.makro.pro/th/p/6X9aP2c-454462891934903?info=JTdCJTIyaW5kZXhDbGlja2VkJTIyJTNBMTQ2JTdE,https://images.mango-prod.siammakro.cloud/SOURCE/96295124c1364974ac50941d985aab1b,หยก เอ็กซ์ตร้า น้ํามันมะพร้าว 100% ชนิดขวด 1 ลิตร x 12 ขวด,1-3 วัน,"฿

1,260.

00",฿,00,,,,,
https://www.makro.pro/th/p/3A3wI4fK-639602736997812?info=JTdCJTIyaW5kZXhDbGlja2VkJTIyJTNBMTQ3JTdE,https://images.mango-prod.siammakro.cloud/product-images/639602736997812-fea67605-bbcb-40b2-bc43-e0b8cc4b49bc.jpeg?imageMogr2/thumbnail/300x300,เกสร น้ํามันปาล์ม 18 ล. x 60 ปี๊บ (1 พาเลท),พรีออเดอร์,"฿

52,200.

00",฿,00,,,,,
https://www.makro.pro/th/p/PKA6vXuQ-566890989895662?info=JTdCJTIyaW5kZXhDbGlja2VkJTIyJTNBMTQ4JTdE,https://images.mango-prod.siammakro.cloud/product-images/566890989895662-122cef96-bb7a-4ec7-acff-bc48685d8867.jpeg?imageMogr2/thumbnail/300x300,มรกต น้ํามันปาล์ม 18 ล. x 60 ปี๊บ (พาเลท),พรีออเดอร์,"฿

51,000.

00",฿,00,,,,,
https://www.makro.pro/th/p/Qvb3EV3-354190182760007?info=JTdCJTIyaW5kZXhDbGlja2VkJTIyJTNBMTQ5JTdE,https://images.mango-prod.siammakro.cloud/SOURCE/9b4ccef2e76c45e3999d9439bbf76b7c,ทับทิมน้ํามันปาล์มแกลลอน5ลิตร x4,3-7 วัน,"฿

875.

00",฿,00,,,,,
https://www.makro.pro/th/p/ofIbn0f-988576659615096?info=JTdCJTIyaW5kZXhDbGlja2VkJTIyJTNBMTUwJTdE,https://images.mango-prod.siammakro.cloud/SOURCE/b7e50df94d394da6aad67c3c9558dd15,ทับทิมน้ํามันปาล์มแกลลอน 6ลิตร x6,3-7 วัน,"฿

1,560.

00",฿,00,,,,,
https://www.makro.pro/th/p/4yziwcx-7565773144259?info=JTdCJTIyaW5kZXhDbGlja2VkJTIyJTNBMTUxJTdE,https://images.mango-prod.siammakro.cloud/SOURCE/80c3cfbd502e4ac8803afd4feb1c5acb,"คุคิ ซังโย น้ํามันงา จุนเซอิ โกมะ อาบูระ อูซากุชิ ทําจากเมล็ดงาคั่วบด (ผลิตในประเทศญี่ปุ่น) ขนาด 1,650 กรัม x 2 ขวด",1-3 วัน,฿,"2,190.",00,"฿ 2,290.00",-4%,,,
https://www.makro.pro/th/p/LZS72dS--297055626107631?info=JTdCJTIyaW5kZXhDbGlja2VkJTIyJTNBMTUyJTdE,https://images.mango-prod.siammakro.cloud/product-images/297055626107631-b09c72af-e4b6-4413-9f62-00e354df59fa.jpeg?imageMogr2/thumbnail/300x300,มรกต น้ํามันปาล์ม 250 มล. 12 ขวด x 4 แพ็ค x 20 ลัง,พรีออเดอร์,"฿

12,560.

00",฿,00,,,,,
https://www.makro.pro/th/p/XxxS31S6-372215429448231?info=JTdCJTIyaW5kZXhDbGlja2VkJTIyJTNBMTUzJTdE,https://images.mango-prod.siammakro.cloud/product-images/372215429448231-0239cc0a-1e55-4d42-97dd-26d2e93299fb.jpeg?imageMogr2/thumbnail/300x300,โอโตกิ น้ําส้มสายชูหมักจากข้าวกล้อง 1.5 ล.,สั่งเช้า ส่งเย็น,"฿

90.

00",฿,00,,,,,
https://www.makro.pro/th/p/Zx99IMN-249204470303977?info=JTdCJTIyaW5kZXhDbGlja2VkJTIyJTNBMTU0JTdE,https://images.mango-prod.siammakro.cloud/SOURCE/13261bd26a714e3f9f13928484e346be,Cotoliva Pomace Olive Oil น้ํามันมะกอก ขนาด 5 ลิตร ใช้ทอด,3-7 วัน,"฿

1,039.

00",฿,00,,,,,
https://www.makro.pro/th/p/CfxGuei-872281438064410?info=JTdCJTIyaW5kZXhDbGlja2VkJTIyJTNBMTU1JTdE,https://images.mango-prod.siammakro.cloud/SOURCE/439a94721f3b4ed790f91c1728b0ca37,น้ํามันมะกอก Extra Virgin YBARRA จากสเปน ขนาด 5 ลิตร Olive Oil Extra Virgin,3-7 วัน,"฿

1,860.

00",฿,00,,,,,
https://www.makro.pro/th/p/1hh4KHE-175617915283194?info=JTdCJTIyaW5kZXhDbGlja2VkJTIyJTNBMTU2JTdE,https://images.mango-prod.siammakro.cloud/SOURCE/96bce10dd1b24b3988a045ad17b5c612,La Rambla Extra Virgin Olive Oil ลาแรมบลา น้ํามันมะกอก เอ็กซ์ตร้าเวอร์จิ้น 1000ml,3-7 วัน,"฿

865.

00",฿,00,,,,,
https://www.makro.pro/th/p/4V6UB10-495756785728152?info=JTdCJTIyaW5kZXhDbGlja2VkJTIyJTNBMTU3JTdE,https://images.mango-prod.siammakro.cloud/SOURCE/9e9a18927aaa46a8be244defb2e2936f,น้ํามันมะกอก Pure YBARRA จากสเปน ขนาด 5 ลิตร Pure Olive Oil,3-7 วัน,"฿

1,499.

00",฿,00,,,,,
https://www.makro.pro/th/p/S6sXd-L-315316762980250?info=JTdCJTIyaW5kZXhDbGlja2VkJTIyJTNBMTU4JTdE,https://images.mango-prod.siammakro.cloud/SOURCE/7f98b70b9ecb4cdcac4867cd9544c57b,แฮปปี้ น้ํามันปาล์ม ถัง 18 ลิตร,1-3 วัน,฿,805.,00,"฿ 1,000.00",-19%,,,
https://www.makro.pro/th/p/FMe4Qqf-564184872421002?info=JTdCJTIyaW5kZXhDbGlja2VkJTIyJTNBMTU5JTdE,https://images.mango-prod.siammakro.cloud/SOURCE/4363233a3a4640ca98bc90cc6c11aac4,ทับทิม น้ํามันปาล์มขวด 2 ลิตร x6,3-7 วัน,"฿

540.

00",฿,00,,,,,
https://www.makro.pro/th/p/4TIeyl9n-130783638152917?info=JTdCJTIyaW5kZXhDbGlja2VkJTIyJTNBMTYwJTdE,https://images.mango-prod.siammakro.cloud/product-images/130783638152917-783989d3-7733-4e37-ac89-7156cc1f225b.jpeg?imageMogr2/thumbnail/300x300,นกเหยี่ยว ครีมเทียมข้นหวานพร่องไขมัน (2 กก. x 8) x 50 (พาเลท),พรีออเดอร์,฿,"42,250.",00,"฿ 45,200.00",-6%,,,
https://www.makro.pro/th/p/ypMxlMOh-711708781625678?info=JTdCJTIyaW5kZXhDbGlja2VkJTIyJTNBMTYxJTdE,https://images.mango-prod.siammakro.cloud/product-images/711708781625678-66efb261-5113-483b-8c5c-a579b09dea67.jpeg?imageMogr2/thumbnail/300x300,นกเหยี่ยว นมข้นจืด 1 ล. 12 ขวด x 75 ลัง (1 พาเลท),พรีออเดอร์,฿,"46,725.",00,"฿ 54,000.00",-13%,,,
https://www.makro.pro/th/p/6rOsYTla-176593680248255?info=JTdCJTIyaW5kZXhDbGlja2VkJTIyJTNBMTYyJTdE,https://images.mango-prod.siammakro.cloud/product-images/176593680248255-444007de-cd14-4701-bbd4-51fb15e92506.jpeg?imageMogr2/thumbnail/300x300,นกเหยี่ยว เอ็กซ์ตร้า ครีมเทียมพร่องไขมัน (1 ล. x 12) x 75 (พาเลท),พรีออเดอร์,฿,"46,725.",00,"฿ 54,000.00",-13%,,,
https://www.makro.pro/th/p/2LtbJOw-166435123241027?info=JTdCJTIyaW5kZXhDbGlja2VkJTIyJTNBMTYzJTdE,https://images.mango-prod.siammakro.cloud/SOURCE/f389fa983dad4456810cbf19589e5ed2,เนเชอเรลฟอร์เต้ น้ํามันมะพร้าวสกัดเย็น ชนิดขวด 500 มล x 12 ขวด,1-3 วัน,"฿

3,960.

00",฿,00,,,,,
https://www.makro.pro/th/p/0oeJz5uk-621737809650354?info=JTdCJTIyaW5kZXhDbGlja2VkJTIyJTNBMTY0JTdE,https://images.mango-prod.siammakro.cloud/product-images/621737809650354-124bc5a6-7224-437d-a9ae-fbb30ad5a958.jpeg?imageMogr2/thumbnail/300x300,องุ่น น้ํามันถั่วเหลือง 5 ล. 4 แกลลอน x 36 ลัง (1 พาเลท),พรีออเดอร์,"฿

38,880.

00",฿,00,,,,,
https://www.makro.pro/th/p/Z00i-iBV-478202953090803?info=JTdCJTIyaW5kZXhDbGlja2VkJTIyJTNBMTY1JTdE,https://images.mango-prod.siammakro.cloud/product-images/478202953090803-fce58856-6f5a-4a09-b476-a41871c3456f.jpeg?imageMogr2/thumbnail/300x300,โอโตกิ น้ําส้มสายชูหมักจากแอปเปิ้ล 1.5 ล.,สั่งเช้า ส่งเย็น,"฿

80.

00",฿,00,,,,,
https://www.makro.pro/th/p/fmkmfub-6761204416707?info=JTdCJTIyaW5kZXhDbGlja2VkJTIyJTNBMTY2JTdE,https://images.mango-prod.siammakro.cloud/product-images/6761204416707-bf764c29-2de3-4144-b8ce-094c94a4f07a.jpeg?imageMogr2/thumbnail/300x300,โบนัส น้ํามันปาล์ม ถุงเติม 1 ล. 12 ถุง,สั่งเช้า ส่งเย็น,฿,520.,00,฿ 540.00,-3%,สินค้าหมด,,
https://www.makro.pro/th/p/1i3dlrn-6814750998723?info=JTdCJTIyaW5kZXhDbGlja2VkJTIyJTNBMTY3JTdE,https://images.mango-prod.siammakro.cloud/SOURCE/9196f3e70f894a74ade9ec37f6a5bd7e,โบนัส น้ํามันปาล์ม 1 ล. 12 ขวด,สั่งเช้า ส่งเย็น,฿,515.,00,฿ 545.00,-5%,สินค้าหมด,,
https://www.makro.pro/th/p/lxnzbnw-6761204383939?info=JTdCJTIyaW5kZXhDbGlja2VkJTIyJTNBMTY4JTdE,https://images.mango-prod.siammakro.cloud/SOURCE/3515282ec3c443cc8e223fec477d68e3,โบนัส น้ํามันปาล์ม ปี๊บ 18 ล.,สั่งเช้า ส่งเย็น,฿,800.,00,฿ 810.00,-1%,สินค้าหมด,,
https://www.makro.pro/th/p/tpvbaoa-6761204252867?info=JTdCJTIyaW5kZXhDbGlja2VkJTIyJTNBMTY5JTdE,https://images.mango-prod.siammakro.cloud/product-images/6761204252867-7f98d6dc-c98f-4364-8c4d-619705f0ace8.jpeg?imageMogr2/thumbnail/300x300,โบนัส น้ํามันปาล์ม ชนิดถุงเติม 1 ล. x 3,สั่งเช้า ส่งเย็น,฿,132.,00,฿ 140.00,-5%,สินค้าหมด,,
https://www.makro.pro/th/p/ssrvabv-6814751621315?info=JTdCJTIyaW5kZXhDbGlja2VkJTIyJTNBMTcwJTdE,https://strapi-cdn.mango-prod.siammakro.cloud/uploads/Gold_Container_Frame_TH_040480f35e.png,โบนัส น้ํามันปาล์ม 1 ล. x 3,สั่งเช้า ส่งเย็น,฿,123.,00,฿ 139.00,-11%,สินค้าหมด,,https://images.mango-prod.siammakro.cloud/product-images/6814751621315-5c9bf897-649c-484a-a06b-3583d7e1084c.jpeg?imageMogr2/thumbnail/300x300
https://www.makro.pro/th/p/t6bqefj-6761204154563?info=JTdCJTIyaW5kZXhDbGlja2VkJTIyJTNBMTcxJTdE,https://images.mango-prod.siammakro.cloud/SOURCE/9073dc723e694818b0faa6e343469599,โอลีน น้ํามันปาล์ม 1 ล. x 3,สั่งเช้า ส่งเย็น,฿,141.,00,฿ 153.00,-7%,สินค้าหมด,,
https://www.makro.pro/th/p/87j7meg-7497355165891?info=JTdCJTIyaW5kZXhDbGlja2VkJTIyJTNBMTcyJTdE,https://images.mango-prod.siammakro.cloud/SOURCE/6427462d99bc48448c114ecd7c96a014,เบอร์ทอลลี่ น้ํามันมะกอก เอ็กซ์ตร้าเวอร์จิ้น 500 มิลลิลิตร,สั่งเช้า ส่งเย็น,฿,360.,00,฿ 430.00,-16%,สินค้าหมด,,
https://www.makro.pro/th/p/1ji02pb-7196404318403?info=JTdCJTIyaW5kZXhDbGlja2VkJTIyJTNBMTczJTdE,https://images.mango-prod.siammakro.cloud/SOURCE/666837622b74438e994062daa6ba4c03,เบอร์ทอลลี่ น้ํามันมะกอก เอ็กซ์ตร้าเวอร์จิ้น 1 ล.,สั่งเช้า ส่งเย็น,฿,665.,00,฿ 790.00,-15%,สินค้าหมด,,
https://www.makro.pro/th/p/-cwutm6-7115274158275?info=JTdCJTIyaW5kZXhDbGlja2VkJTIyJTNBMTc0JTdE,https://images.mango-prod.siammakro.cloud/SOURCE/f7af862c8b6742a0a6fbe8cf8cd66dd7,ซาโบรโซ น้ํามันมะกอก โพเมส 5 ล.,สั่งเช้า ส่งเย็น,฿,"1,300.",00,"฿ 1,700.00",-23%,สินค้าหมด,,
https://www.makro.pro/th/p/477pm7c-7196401500355?info=JTdCJTIyaW5kZXhDbGlja2VkJTIyJTNBMTc1JTdE,https://images.mango-prod.siammakro.cloud/SOURCE/94b290df4dd947dab3994dde62fa0441,ออนโดลิว่า น้ํามันมะกอกบริสุทธิ์ 1 ล.,สั่งเช้า ส่งเย็น,฿,510.,00,฿ 530.00,-3%,สินค้าหมด,,
https://www.makro.pro/th/p/v-kqluy-7115274649795?info=JTdCJTIyaW5kZXhDbGlja2VkJTIyJTNBMTc2JTdE,https://images.mango-prod.siammakro.cloud/SOURCE/3b47aa7a97794fc7bea4372162bfad68,ซาโบรโซ เพียว 100% น้ํามันมะกอก 5 ล.,สั่งเช้า ส่งเย็น,฿,"1,600.",00,"฿ 2,950.00",-45%,สินค้าหมด,,
https://www.makro.pro/th/p/Ia443t5F-787225628457680?info=JTdCJTIyaW5kZXhDbGlja2VkJTIyJTNBMTc3JTdE,https://images.mango-prod.siammakro.cloud/product-images/787225628457680-4b01c719-ebab-47bf-a899-77346f0cdf6c.jpeg?imageMogr2/thumbnail/300x300,คาร์โบเนล น้ํามันมะกอก เอ็กซ์ตร้า เวอร์จิ้น 500 มล.,สั่งเช้า ส่งเย็น,"฿

220.00",฿,,,,สินค้าหมด,ซื้อ 3 หน่วย รับส่วนลด 220฿,
https://www.makro.pro/th/p/1otmc3r-7497359491267?info=JTdCJTIyaW5kZXhDbGlja2VkJTIyJTNBMTc4JTdE,https://images.mango-prod.siammakro.cloud/SOURCE/8b9c64764ba54e7dabac5391a88d8bc8,ซาโบรโซ่ น้ํามันมะกอก เอ็กซ์ตร้าเวอร์จิน 1 ลิตร,สั่งเช้า ส่งเย็น,฿,629.,00,฿ 735.00,-14%,สินค้าหมด,,
https://www.makro.pro/th/p/_bJIwu5F-993193814853558?info=JTdCJTIyaW5kZXhDbGlja2VkJTIyJTNBMTc5JTdE,https://images.mango-prod.siammakro.cloud/product-images/993193814853558-427874f3-4462-4a40-8db5-bb110783ba6f.jpeg?imageMogr2/thumbnail/300x300,ฮาเดย์น้ํามันงา 250มลX1,สั่งเช้า ส่งเย็น,"฿

67.00",฿,,,,สินค้าหมด,,
https://www.makro.pro/th/p/hnmrdpo-7497620029635?info=JTdCJTIyaW5kZXhDbGlja2VkJTIyJTNBMTgwJTdE,https://images.mango-prod.siammakro.cloud/SOURCE/cf2ac117ebc845e8948cff1329bd6ce8,ฟอนโตลิว่า น้ํามันมะกอกโพมาส 1 ลิตร,สั่งเช้า ส่งเย็น,"฿

350.00",฿,,,,สินค้าหมด,,
https://www.makro.pro/th/p/btszm-k-7497370566851?info=JTdCJTIyaW5kZXhDbGlja2VkJTIyJTNBMTgxJTdE,https://images.mango-prod.siammakro.cloud/SOURCE/6a96dbe30b474235a16752fd69c45683,ฟอนโตลิว่า น้ํามันมะกอกบริสุทธิ 1 ลิตร,สั่งเช้า ส่งเย็น,"฿

500.00",฿,,,,สินค้าหมด,,
https://www.makro.pro/th/p/rsfezzk-7497403171011?info=JTdCJTIyaW5kZXhDbGlja2VkJTIyJTNBMTgyJTdE,https://images.mango-prod.siammakro.cloud/product-images/7497403171011-5a83c7fd-60ee-4fdc-8812-90d79ba32596.jpeg?imageMogr2/thumbnail/300x300,ชองจองวอน น้ํามันงาธรรมชาติ 300 มล.,สั่งเช้า ส่งเย็น,฿,149.,00,฿ 280.00,-46%,สินค้าหมด,,
https://www.makro.pro/th/p/f9qjyas-7499662459075?info=JTdCJTIyaW5kZXhDbGlja2VkJTIyJTNBMTgzJTdE,https://images.mango-prod.siammakro.cloud/SOURCE/5d7e492c360144f99575901aed17cfed,ฟอนโตลิว่า น้ํามันมะกอกโพมาส 5 ลิตร,สั่งเช้า ส่งเย็น,"฿

886.00",฿,,,,สินค้าหมด,,
https://www.makro.pro/th/p/39CV3ia-475323587820911?info=JTdCJTIyaW5kZXhDbGlja2VkJTIyJTNBMTg0JTdE,https://images.mango-prod.siammakro.cloud/SOURCE/2cd4fe3874c3469b9938e0bfe69c4248,มิสกัน น้ําส้มสายชู สูตรน้ําส้มสายชู น้ํามะนาว ผัก และสาหร่ายทะเล (ผลิตในประเทศญี่ปุ่น) ขนาด 1 ลิตร x 3 ขวด,1-3 วัน,"฿

1,190.00",฿,,,,สินค้าหมด,,
https://www.makro.pro/th/p/IX2vszs-344780758439873?info=JTdCJTIyaW5kZXhDbGlja2VkJTIyJTNBMTg1JTdE,https://images.mango-prod.siammakro.cloud/SOURCE/e1a4bc2d5783415ab2364e267f5908f0,LA RAMBLA Grape Seed Oil 500 ml น้ํามันจากเมล็ดองุ่น นําเข้าจากประเทศสเปน,3-7 วัน,"฿

425.00",฿,,,,สินค้าหมด,,
https://www.makro.pro/th/p/GI7YAUD-592909632019914?info=JTdCJTIyaW5kZXhDbGlja2VkJTIyJTNBMTg2JTdE,https://images.mango-prod.siammakro.cloud/SOURCE/07aa93207e3c41dd8441714771020751,เนเชอเรล น้ํามันทานตะวัน ชนิดขวด 1 ลิตร x 12 ขวด,1-3 วัน,"฿

1,068.00",฿,,,,สินค้าหมด,,
https://www.makro.pro/th/p/LeHW6Ax-743753218430277?info=JTdCJTIyaW5kZXhDbGlja2VkJTIyJTNBMTg3JTdE,https://images.mango-prod.siammakro.cloud/SOURCE/52d64bedcd434ee49951f90af3774b01,เนเชอเรล น้ํามันรําข้าว ชนิดขวด 1 ลิตร x 12 ขวด,1-3 วัน,"฿

1,260.00",฿,,,,สินค้าหมด,,
https://www.makro.pro/th/p/Q2HYZII-606835777950879?info=JTdCJTIyaW5kZXhDbGlja2VkJTIyJTNBMTg4JTdE,https://images.mango-prod.siammakro.cloud/SOURCE/cec48d4765224b5ab31b21be158b15f8,เนเชอเรลฟอร์เต้ น้ํามันรําข้าว โกลด์ ชนิดขวด 1 ลิตร x 12 ขวด,1-3 วัน,"฿

1,548.00",฿,,,,สินค้าหมด,,
https://www.makro.pro/th/p/_FGNc5E-570557823125980?info=JTdCJTIyaW5kZXhDbGlja2VkJTIyJTNBMTg5JTdE,https://images.mango-prod.siammakro.cloud/SOURCE/8636275967024d2bb7c2e31a8bc82828,เนเชอเรล น้ํามันมะกอกเพียว ขนาด 500มล. X 2ขวด,1-3 วัน,"฿

638.00",฿,,,,สินค้าหมด,,
https://www.makro.pro/th/p/ByhD9Qk-637843409173291?info=JTdCJTIyaW5kZXhDbGlja2VkJTIyJTNBMTkwJTdE,https://images.mango-prod.siammakro.cloud/SOURCE/2d42a44f438b49c19622de2f75be70b9,เนเชอเรล น้ํามันมะกอกเอ็กซ์ตร้าเวอร์จิ้น ขนาด 1ลิตร,1-3 วัน,"฿

619.00",฿,,,,สินค้าหมด,,
https://www.makro.pro/th/p/XOknuVJ-786187109015973?info=JTdCJTIyaW5kZXhDbGlja2VkJTIyJTNBMTkxJTdE,https://images.mango-prod.siammakro.cloud/SOURCE/70f3e5990556487cb3e15fb902580f17,เนเชอเรล น้ํามันมะกอกไลท์แอนด์ไมล์ ขนาด 500มล. X 2ขวด,1-3 วัน,"฿

638.00",฿,,,,สินค้าหมด,,
https://www.makro.pro/th/p/98UX0DT-443168604469467?info=JTdCJTIyaW5kZXhDbGlja2VkJTIyJTNBMTkyJTdE,https://images.mango-prod.siammakro.cloud/SOURCE/514f701736544af690e5ce6889d06f08,เนเชอเรล น้ํามันมะกอกเอ็กซ์ตร้าเวอร์จิ้น ขนาด 500มล. X 2ขวด,1-3 วัน,"฿

658.00",฿,,,,สินค้าหมด,,
https://www.makro.pro/th/p/Rvb2-HS-573100781482973?info=JTdCJTIyaW5kZXhDbGlja2VkJTIyJTNBMTkzJTdE,https://images.mango-prod.siammakro.cloud/SOURCE/a465d70f76ae494dae225f1d404fc79d,เนเชอเรล น้ํามันมะกอกไลท์แอนด์ไมล์ ขนาด 1ลิตร.,1-3 วัน,"฿

599.00",฿,,,,สินค้าหมด,,
https://www.makro.pro/th/p/8Wxx0xb-137949196557256?info=JTdCJTIyaW5kZXhDbGlja2VkJTIyJTNBMTk0JTdE,https://images.mango-prod.siammakro.cloud/SOURCE/c96f05e4d27b4814add70afa1d67172f,เนเชอเรล น้ํามันมะกอกเอ็กซ์ตร้าเวอร์จิ้นสเปรย์ ขนาด 200มล. X 2ขวด,1-3 วัน,"฿

370.00",฿,,,,สินค้าหมด,,
https://www.makro.pro/th/p/J78dfCa-535272373529064?info=JTdCJTIyaW5kZXhDbGlja2VkJTIyJTNBMTk1JTdE,https://images.mango-prod.siammakro.cloud/SOURCE/24ffff337dba41ef888c4ceb6858b899,La Rambla Extra Virgin Olive Oil (500 ml x2) น้ํามันมะกอก แบบเอ็กซ์ตร้าเวอร์จิ้น,3-7 วัน,"฿

700.00",฿,,,,สินค้าหมด,,
https://www.makro.pro/th/p/p42v8eB-377538212925102?info=JTdCJTIyaW5kZXhDbGlja2VkJTIyJTNBMTk2JTdE,https://images.mango-prod.siammakro.cloud/SOURCE/1ee2beedba944f108b23bad918ae7ba2,La Rambla Extra Virgin Olive Oil ลาแรมบลา น้ํามันมะกอก เอ็กซ์ตร้าเวอร์จิ้น 500ml,3-7 วัน,"฿

465.00",฿,,,,สินค้าหมด,,
https://www.makro.pro/th/p/PdEkGBD-393051826115792?info=JTdCJTIyaW5kZXhDbGlja2VkJTIyJTNBMTk3JTdE,https://images.mango-prod.siammakro.cloud/SOURCE/fbf8ef84515b4ce3a498b62391cdef28,La Rambla Extra Virgin Olive Oil ลาแรมบลา น้ํามันมะกอก เอ็กซ์ตร้าเวอร์จิ้น 5000ml,3-7 วัน,"฿

3,480.00",฿,,,,สินค้าหมด,,
https://www.makro.pro/th/p/V16vMlR-620776653037073?info=JTdCJTIyaW5kZXhDbGlja2VkJTIyJTNBMTk4JTdE,https://images.mango-prod.siammakro.cloud/SOURCE/bbc9c6e1dd1042f0a19f609cacb719f3,La Rambla Extra Virgin Olive Oil ลาแรมบลา น้ํามันมะกอก เอ็กซ์ตร้าเวอร์จิ้น 250ml,3-7 วัน,"฿

209.00",฿,,,,สินค้าหมด,,
https://www.makro.pro/th/p/ylo_i1O8-779554106991999?info=JTdCJTIyaW5kZXhDbGlja2VkJTIyJTNBMTk5JTdE,https://images.mango-prod.siammakro.cloud/product-images/779554106991999-440a2052-f58a-4fee-8bf3-c9d4c78e72d4.jpeg?imageMogr2/thumbnail/300x300,พอนติ น้ําส้มสายชูหมัก บาลซามิค 500 มล.,สั่งเช้า ส่งเย็น,"฿

215.00",฿,,,,สินค้าหมด,,
https://www.makro.pro/th/p/8gQmMXn5-412243859708400?info=JTdCJTIyaW5kZXhDbGlja2VkJTIyJTNBMjAwJTdE,https://images.mango-prod.siammakro.cloud/product-images/412243859708400-12f4b579-4df8-44ac-93ec-4990a8618792.jpeg?imageMogr2/thumbnail/300x300,พอนติ น้ําส้มสายชูหมักจากไวน์แดง 500 มล.,สั่งเช้า ส่งเย็น,"฿

125.00",฿,,,,สินค้าหมด,,
https://www.makro.pro/th/p/1boLAtGH-627914260642686?info=JTdCJTIyaW5kZXhDbGlja2VkJTIyJTNBMjAxJTdE,https://images.mango-prod.siammakro.cloud/product-images/627914260642686-db7e605f-6b39-4d90-aee9-cac3dbfacdf1.jpeg?imageMogr2/thumbnail/300x300,พอนติ น้ําส้มสายชูหมักจากไวน์ขาว 500 มล.,สั่งเช้า ส่งเย็น,"฿

125.00",฿,,,,สินค้าหมด,,
https://www.makro.pro/th/p/4B7W1FL2-265661282601735?info=JTdCJTIyaW5kZXhDbGlja2VkJTIyJTNBMjAyJTdE,https://images.mango-prod.siammakro.cloud/product-images/265661282601735-c1ddc2f3-6e3d-4c28-a375-f2d4c6d50fcd.jpeg?imageMogr2/thumbnail/300x300,พอนติ เกลซ น้ําส้มสายชูหมักบาลซามิค 250 ก.,สั่งเช้า ส่งเย็น,"฿

259.00",฿,,,,สินค้าหมด,,
