MuiBox-root href,MuiBox-root src,MuiBox-root,MuiBox-root (2),css-1n8x1y2,MuiTypography-root,MuiTypography-root (2),MuiTypography-root (3),MuiTypography-root (4),MuiTypography-root (5),MuiTypography-root (6),MuiBox-root (3)
https://www.makro.pro/th/p/csz8juk-6974756028611,https://images.mango-prod.siammakro.cloud/product-images/6974756028611-36c77d2f-af2a-4ea9-940f-1d762f64ee57.jpeg?imageMogr2/thumbnail/300x300,ซื้อ 3 หน่วย รับส่วนลด 12฿,+1,แม็กกาแรต ผงเบคกิ้งโซดา 300 ก.,สั่งเช้า ส่งเย็น,฿,30.,00,฿ 32.00,-6%,
https://www.makro.pro/th/p/f5nal7e-6761208479939?info=JTdCJTIyaW5kZXhDbGlja2VkJTIyJTNBMSU3RA,https://images.mango-prod.siammakro.cloud/product-images/6761208479939-286645c5-452f-4350-9f87-06d9a878125c.jpeg?imageMogr2/thumbnail/300x300,,,เอโร่ ท็อปปิ้ง ช็อกโกแลต 1.2 กก.,สั่งเช้า ส่งเย็น,"฿

97.

00",฿,00,,,
https://www.makro.pro/th/p/uo04whn-6926626324675?info=JTdCJTIyaW5kZXhDbGlja2VkJTIyJTNBMiU3RA,https://images.mango-prod.siammakro.cloud/product-images/6926626324675-5584bf90-6f41-4894-8142-ee8f39d2de0a.jpeg?imageMogr2/thumbnail/300x300,,,เอโร่ สตรอเบอร์รี่ท็อปปิ้ง 1.2 กก.,สั่งเช้า ส่งเย็น,"฿

97.

00",฿,00,,,
https://www.makro.pro/th/p/jttay5n-6926630191299?info=JTdCJTIyaW5kZXhDbGlja2VkJTIyJTNBMyU3RA,https://images.mango-prod.siammakro.cloud/product-images/6926630191299-aaf9d54a-dc3b-4535-a496-32a349e92a95.jpeg?imageMogr2/thumbnail/300x300,,,เอโร่ ท็อปปิ้ง คาราเมล 1.2 กก.,สั่งเช้า ส่งเย็น,"฿

97.

00",฿,00,,,
https://www.makro.pro/th/p/nre1wmi-6974593302723?info=JTdCJTIyaW5kZXhDbGlja2VkJTIyJTNBNCU3RA,https://images.mango-prod.siammakro.cloud/product-images/6974593302723-d9fb1d56-28a7-4237-8f21-baaa5f43909a.jpeg?imageMogr2/thumbnail/300x300,"ซื้อ 1,200฿ ได้รับ 20 พอยท์",,แม็กกาแรต ผงเบคกิ้งโซดา 1 กก.,สั่งเช้า ส่งเย็น,"฿

110.

00",฿,00,,,
https://www.makro.pro/th/p/62zf8tn-7196397076675?info=JTdCJTIyaW5kZXhDbGlja2VkJTIyJTNBNSU3RA,https://images.mango-prod.siammakro.cloud/product-images/7196397076675-c8b96617-f4dd-4891-951c-0515ab1339b4.jpeg?imageMogr2/thumbnail/300x300,ซื้อ 2 หน่วย รับส่วนลด 2฿,+1,ดีลิคัพ เชอร์รี่เยลลี่บอลผ่าแดง 220 ก.,สั่งเช้า ส่งเย็น,"฿

35.

00",฿,00,,,
https://www.makro.pro/th/p/zygjvec-7497557868739?info=JTdCJTIyaW5kZXhDbGlja2VkJTIyJTNBNiU3RA,https://images.mango-prod.siammakro.cloud/SOURCE/71309dccd2a64ed7a588e52764afb124,,,มิตรผล น้ําตาลเบเกอรี 1 กก.,สั่งเช้า ส่งเย็น,฿,35.,00,฿ 45.00,-22%,
https://www.makro.pro/th/p/-yyszo5-6974478745795?info=JTdCJTIyaW5kZXhDbGlja2VkJTIyJTNBNyU3RA,https://images.mango-prod.siammakro.cloud/product-images/6974478745795-708c9951-623e-4da4-af37-66e90e169765.jpeg?imageMogr2/thumbnail/300x300,"ซื้อ 1,200฿ ได้รับ 20 พอยท์",,อัลเฟรโด แป้งพิซซ่า แบบบาง 225 ก.,สั่งเช้า ส่งเย็น,"฿

55.

00",฿,00,,,
https://www.makro.pro/th/p/t0jkw49-7196409200835?info=JTdCJTIyaW5kZXhDbGlja2VkJTIyJTNBOCU3RA,https://images.mango-prod.siammakro.cloud/product-images/7196409200835-cb3383c2-8811-4420-96ed-92125f4e60b3.jpeg?imageMogr2/thumbnail/300x300,ซื้อ 2 หน่วย ได้รับ 15 พอยท์,+2,ทิวลิป ดาร์กคอมพาวด์ช็อกโกแลตเข้มข้น ชนิดกระดุม 1 กก.,สั่งเช้า ส่งเย็น,"฿

235.

00",฿,00,,,
https://www.makro.pro/th/p/wvcgscd-7352898617539?info=JTdCJTIyaW5kZXhDbGlja2VkJTIyJTNBOSU3RA,https://images.mango-prod.siammakro.cloud/SOURCE/b81ae407ea7b47f48fee5ec32e99e864,"ซื้อ 1,200฿ ได้รับ 20 พอยท์",,ยูเอฟเอ็ม แป้งวอฟเฟิลมิกซ์สําเร็จรูป 1 กก.,สั่งเช้า ส่งเย็น,"฿

67.

00",฿,00,,,
https://www.makro.pro/th/p/6jumgqa-6814747623619?info=JTdCJTIyaW5kZXhDbGlja2VkJTIyJTNBMTAlN0Q,https://images.mango-prod.siammakro.cloud/product-images/6814747623619-11a1d6b7-0ee6-48a5-9890-6dc789c48501.jpeg?imageMogr2/thumbnail/300x300,"ซื้อ 1,200฿ ได้รับ 20 พอยท์",,ทิวลิป ผงโกโก้สีเข้ม 440 ก. x 2,สั่งเช้า ส่งเย็น,฿,396.,00,฿ 406.00,-2%,
https://www.makro.pro/th/p/ssj0tm-6974759239875?info=JTdCJTIyaW5kZXhDbGlja2VkJTIyJTNBMTElN0Q,https://images.mango-prod.siammakro.cloud/product-images/6974759239875-b289f6db-2d1e-48a5-830c-8666edba3e10.jpeg?imageMogr2/thumbnail/300x300,ซื้อ 599฿ ได้รับ 50 พอยท์,+1,อิมพีเรียล แป้งสําหรับทําแพนเค้ก 1 กก.,สั่งเช้า ส่งเย็น,"฿

119.

00",฿,00,,,
https://www.makro.pro/th/p/vug0vnr-7196398780611?info=JTdCJTIyaW5kZXhDbGlja2VkJTIyJTNBMTIlN0Q,https://images.mango-prod.siammakro.cloud/product-images/7196398780611-099cef30-8a65-4711-aace-7eccc95d5cdb.jpeg?imageMogr2/thumbnail/300x300,ซื้อ 2 หน่วย รับส่วนลด 2฿,+1,ดีลิคัพ เยลลี่เชอร์รี่ กลิ่นสตรอเบอร์รี่ 220 ก. (55 ลูก),สั่งเช้า ส่งเย็น,"฿

35.

00",฿,00,,,
https://www.makro.pro/th/p/9h7w2cd-7243310629059?info=JTdCJTIyaW5kZXhDbGlja2VkJTIyJTNBMTMlN0Q,https://images.mango-prod.siammakro.cloud/product-images/7243310629059-5ce8006b-fe55-434a-a990-c17342a7a678.jpeg?imageMogr2/thumbnail/300x300,"ซื้อ 1,200฿ ได้รับ 20 พอยท์",,ทิวลิป ดาร์คช็อกโกแลตชิพ ชนิดเม็ดกลาง 550 ก. x 2,สั่งเช้า ส่งเย็น,"฿

278.

00",฿,00,,,
https://www.makro.pro/th/p/vot-lc-7204312449219?info=JTdCJTIyaW5kZXhDbGlja2VkJTIyJTNBMTQlN0Q,https://images.mango-prod.siammakro.cloud/product-images/7204312449219-1ce44d8d-d401-4f51-b55e-39a53d9ec61f.jpeg?imageMogr2/thumbnail/300x300,"ซื้อ 1,200฿ ได้รับ 20 พอยท์",,ยูยี ฟิลลิ่ง สตรอเบอร์รี่ 900 ก.,สั่งเช้า ส่งเย็น,"฿

37.

00",฿,00,,,
https://www.makro.pro/th/p/29sb8ow-6926628454595?info=JTdCJTIyaW5kZXhDbGlja2VkJTIyJTNBMTUlN0Q,https://images.mango-prod.siammakro.cloud/product-images/6926628454595-e9a5a356-3cc0-4906-91fc-ee5eee4752bc.jpeg?imageMogr2/thumbnail/300x300,"ซื้อ 1,200฿ ได้รับ 20 พอยท์",,ทิวลิป ผงโกโก้ สีมาตรฐาน 440 ก. x 2,สั่งเช้า ส่งเย็น,฿,356.,00,฿ 366.00,-2%,
https://www.makro.pro/th/p/8fo1uqj-7196397469891?info=JTdCJTIyaW5kZXhDbGlja2VkJTIyJTNBMTYlN0Q,https://images.mango-prod.siammakro.cloud/SOURCE/2479c005bb6746f38bed2a6a91b487e7,"ซื้อ 1,200฿ ได้รับ 20 พอยท์",,แม็กกาแรต เจลาติน 100 ก.,สั่งเช้า ส่งเย็น,"฿

80.

00",฿,00,,,
https://www.makro.pro/th/p/44220w2-7196397895875?info=JTdCJTIyaW5kZXhDbGlja2VkJTIyJTNBMTclN0Q,https://images.mango-prod.siammakro.cloud/SOURCE/508847842d8144e6afb78f6a6e2755f0,"ซื้อ 1,200฿ ได้รับ 20 พอยท์",,แม็กกาแรต ผงฟูดับเบิ้ลแอคชั่น 300 ก.,สั่งเช้า ส่งเย็น,"฿

56.

00",฿,00,,,
https://www.makro.pro/th/p/cmhht3h-6974543364291?info=JTdCJTIyaW5kZXhDbGlja2VkJTIyJTNBMTglN0Q,https://images.mango-prod.siammakro.cloud/SOURCE/0b39cd29871c46cba6149bfee9032909,ซื้อ 399฿ รับส่วนลด 30฿,+1,เบสท์ฟู้ดส์ ฟิลลิ่ง กลิ่นวานิลลา 900 ก.,สั่งเช้า ส่งเย็น,"฿

47.

00",฿,00,,,
https://www.makro.pro/th/p/teifn64-7497423585475?info=JTdCJTIyaW5kZXhDbGlja2VkJTIyJTNBMTklN0Q,https://images.mango-prod.siammakro.cloud/product-images/7497423585475-84f5e586-4044-43ff-b997-18e970976b6b.jpeg?imageMogr2/thumbnail/300x300,"ซื้อ 1,200฿ ได้รับ 20 พอยท์",,ยูยีฟิลลิ่งบลูเบอร์รี่900กรัม,สั่งเช้า ส่งเย็น,"฿

37.

00",฿,00,,,
https://www.makro.pro/th/p/sm8nzcx-7416141512899?info=JTdCJTIyaW5kZXhDbGlja2VkJTIyJTNBMjAlN0Q,https://images.mango-prod.siammakro.cloud/SOURCE/877c5c08f3b7432fbc1c98fbc2b63e84,"ซื้อ 1,200฿ ได้รับ 20 พอยท์",,บรักกี้แมน ยีสต์ สีฟ้า 500 กรัม,สั่งเช้า ส่งเย็น,"฿

124.

00",฿,00,,,
https://www.makro.pro/th/p/8y9nz7t-7275733876931?info=JTdCJTIyaW5kZXhDbGlja2VkJTIyJTNBMjElN0Q,https://images.mango-prod.siammakro.cloud/product-images/7275733876931-d1c1d463-6180-4caa-9c22-7a54c13eb972.jpeg?imageMogr2/thumbnail/300x300,"ซื้อ 1,200฿ ได้รับ 20 พอยท์",,เอโร่ ถั่วแดงกวน 500 ก.,สั่งเช้า ส่งเย็น,"฿

51.

00",฿,00,,,
https://www.makro.pro/th/p/-_m7jjo-7193011585219?info=JTdCJTIyaW5kZXhDbGlja2VkJTIyJTNBMjIlN0Q,https://images.mango-prod.siammakro.cloud/SOURCE/bbde8204db31439b937797748a6a69b4,"ซื้อ 1,200฿ ได้รับ 20 พอยท์",,อิมพีเรียล แป้งโฮลวีทมิกส์หยาบ 1 กก.,สั่งเช้า ส่งเย็น,"฿

80.

00",฿,00,,,
https://www.makro.pro/th/p/ozhtkq8-6974592843971?info=JTdCJTIyaW5kZXhDbGlja2VkJTIyJTNBMjMlN0Q,https://images.mango-prod.siammakro.cloud/product-images/6974592843971-8acc88cf-f2d6-427a-b95a-71c14fb841ab.jpeg?imageMogr2/thumbnail/300x300,ซื้อ 399฿ รับส่วนลด 30฿,+1,เบสท์ฟู้ดส์ ผงฟู สูตรดับเบิลแอ็คติ้ง 1 กก.,สั่งเช้า ส่งเย็น,฿,119.,00,฿ 132.00,-9%,
https://www.makro.pro/th/p/aj2g9d8-6814747525315?info=JTdCJTIyaW5kZXhDbGlja2VkJTIyJTNBMjQlN0Q,https://images.mango-prod.siammakro.cloud/product-images/6814747525315-768d49de-f86a-4086-a1c8-80a6bfd295a7.jpeg?imageMogr2/thumbnail/300x300,"ซื้อ 1,200฿ ได้รับ 20 พอยท์",,ทิวลิป ผงโกโก้ ชนิดสีเข้ม 440 ก.,สั่งเช้า ส่งเย็น,"฿

208.

00",฿,00,,,
https://www.makro.pro/th/p/8hzjag-6974179279043?info=JTdCJTIyaW5kZXhDbGlja2VkJTIyJTNBMjUlN0Q,https://images.mango-prod.siammakro.cloud/SOURCE/3c721e91fc9246f7955ef2d6393565eb,ซื้อ 2 หน่วย รับส่วนลด 10฿,+1,เบสท์ โอเดอร์ ผงฟู 1 กก.,สั่งเช้า ส่งเย็น,"฿

85.

00",฿,00,,,
https://www.makro.pro/th/p/86fgrho-6974755963075?info=JTdCJTIyaW5kZXhDbGlja2VkJTIyJTNBMjYlN0Q,https://images.mango-prod.siammakro.cloud/SOURCE/60e3b19ab6c84bbc9e85d6fdffaa886a,ซื้อ 2 หน่วย รับส่วนลด 10฿,+1,เบสท์ โอเดอร์ เบคกิ้งโซดา 500 ก.,สั่งเช้า ส่งเย็น,"฿

36.

00",฿,00,,,
https://www.makro.pro/th/p/unxrlb3-6974757929155?info=JTdCJTIyaW5kZXhDbGlja2VkJTIyJTNBMjclN0Q,https://images.mango-prod.siammakro.cloud/SOURCE/eb2da2ff78c241db989bef88c94713ed,"ซื้อ 1,200฿ ได้รับ 20 พอยท์",,อัลเฟรโด แป้งพิซซ่าสําเร็จรูปแช่แข็ง 7 นิ้ว 12 ชิ้น,สั่งเช้า ส่งเย็น,฿,175.,00,฿ 185.00,-5%,
https://www.makro.pro/th/p/zfpxfnp-6974707171523?info=JTdCJTIyaW5kZXhDbGlja2VkJTIyJTNBMjglN0Q,https://images.mango-prod.siammakro.cloud/product-images/6974707171523-523624b3-93bc-4686-8887-01204e564f14.jpeg?imageMogr2/thumbnail/300x300,"ซื้อ 1,200฿ ได้รับ 20 พอยท์",,ตราพัดโบก แป้งเค้ก 1 กก.,สั่งเช้า ส่งเย็น,"฿

49.

00",฿,00,,,
https://www.makro.pro/th/p/XBlEwD7-71771537720569?info=JTdCJTIyaW5kZXhDbGlja2VkJTIyJTNBMjklN0Q,https://images.mango-prod.siammakro.cloud/SOURCE/cfc562c3f56b4d7d80b372905436fa18,,,เออโก้ มาร์ชแมลโลว์ มินิ ใส่องุ่น 16 ก. 12 ชิ้น,สั่งเช้า ส่งเย็น,"฿

49.

00",฿,00,,,
https://www.makro.pro/th/p/ygsrgdv-7512850727107?info=JTdCJTIyaW5kZXhDbGlja2VkJTIyJTNBMzAlN0Q,https://images.mango-prod.siammakro.cloud/SOURCE/a4f016f332cf4480a815098c10dd9f9b,,,ซันไชน์ วุ้นสี่เหลี่ยม ฟรุ๊ตสลัด 1 กิโลกรัม,สั่งเช้า ส่งเย็น,"฿

55.

00",฿,00,,,
https://www.makro.pro/th/p/ladhnpb-7193010634947?info=JTdCJTIyaW5kZXhDbGlja2VkJTIyJTNBMzElN0Q,https://images.mango-prod.siammakro.cloud/SOURCE/5e73b8bc9f40452597a3d04b02b7cfe3,"ซื้อ 1,200฿ ได้รับ 20 พอยท์",,อัลเฟรโด แป้งพิซซ่า 9 นิ้ว 3 ชิ้น,สั่งเช้า ส่งเย็น,"฿

107.

00",฿,00,,,
https://www.makro.pro/th/p/9u-ji86-7078763299011?info=JTdCJTIyaW5kZXhDbGlja2VkJTIyJTNBMzIlN0Q,https://images.mango-prod.siammakro.cloud/SOURCE/585a8efb364d4ea5aa807c7f5ac453da,"ซื้อ 1,200฿ ได้รับ 20 พอยท์",,รอยัลลี่ ผงคัสตาร์ด 300 ก.,สั่งเช้า ส่งเย็น,"฿

45.

00",฿,00,,,
https://www.makro.pro/th/p/zmgyddp-6915073671363?info=JTdCJTIyaW5kZXhDbGlja2VkJTIyJTNBMzMlN0Q,https://images.mango-prod.siammakro.cloud/product-images/6915073671363-444fe512-9e1e-4a2a-99fc-840a31672142.jpeg?imageMogr2/thumbnail/300x300,,,อิมพีเรียล สตรอเบอร์รี่สเปรดเดเบิ้ล 15 ก. x 100,สั่งเช้า ส่งเย็น,฿,225.,00,฿ 245.00,-8%,
https://www.makro.pro/th/p/stvj0hj-7196408479939?info=JTdCJTIyaW5kZXhDbGlja2VkJTIyJTNBMzQlN0Q,https://images.mango-prod.siammakro.cloud/product-images/7196408479939-b9ac9756-a8b5-4725-8078-facbd266839f.jpeg?imageMogr2/thumbnail/300x300,ซื้อ 2 หน่วย ได้รับ 15 พอยท์,+2,ทิวลิป ดาร์กคอมพาวด์ช็อกโกแลต ชนิดกระดุม 1 กก.,สั่งเช้า ส่งเย็น,"฿

228.

00",฿,00,,,
https://www.makro.pro/th/p/9diPdnT-248899155357306?info=JTdCJTIyaW5kZXhDbGlja2VkJTIyJTNBMzUlN0Q,https://images.mango-prod.siammakro.cloud/SOURCE/ab23c389656d436aabb4eb84dadb8611,,,เออโก้ มาร์ชแมลโลว์ มินิ สตรอเบอรี่ 16 ก. 12 ชิ้น,สั่งเช้า ส่งเย็น,"฿

49.

00",฿,00,,,
https://www.makro.pro/th/p/c7skifw-7352898420931?info=JTdCJTIyaW5kZXhDbGlja2VkJTIyJTNBMzYlN0Q,https://images.mango-prod.siammakro.cloud/SOURCE/c3e7cb77a9be4a7ba7dd28c633b28789,"ซื้อ 1,200฿ ได้รับ 20 พอยท์",,เอโร่ แป้งแพนเค้กสําเร็จรูป 800 ก.,สั่งเช้า ส่งเย็น,"฿

75.

00",฿,00,,,
https://www.makro.pro/th/p/lxmnood-6974543495363?info=JTdCJTIyaW5kZXhDbGlja2VkJTIyJTNBMzclN0Q,https://images.mango-prod.siammakro.cloud/SOURCE/bfc2691e63ab4f13af81c83fbae3ccf7,ซื้อ 399฿ รับส่วนลด 30฿,+1,เบสท์ฟู้ดส์ แอลซี ฟิลลิ่ง กลิ่นสตรอเบอร์รี่ 900 ก.,สั่งเช้า ส่งเย็น,"฿

47.

00",฿,00,,,
https://www.makro.pro/th/p/7YBVmTx-557019674069065?info=JTdCJTIyaW5kZXhDbGlja2VkJTIyJTNBMzglN0Q,https://images.mango-prod.siammakro.cloud/SOURCE/03b1dc3a7c814f3bb5b293d805ed8ce1,,,เออโก้ มาร์ชแมลโลว์ พลัส รสโคล่า 16 ก. 12 ชิ้น,สั่งเช้า ส่งเย็น,"฿

50.

00",฿,00,,,
https://www.makro.pro/th/p/dnjybhn-7078792462531?info=JTdCJTIyaW5kZXhDbGlja2VkJTIyJTNBMzklN0Q,https://images.mango-prod.siammakro.cloud/product-images/7078792462531-77d6aaea-5862-4606-9c43-1ed7b21573ad.jpeg?imageMogr2/thumbnail/300x300,"ซื้อ 1,200฿ ได้รับ 20 พอยท์",,ทิวลิป ช็อกโกแลต 1 กก.,สั่งเช้า ส่งเย็น,"฿

225.

00",฿,00,,,
https://www.makro.pro/th/p/qewnbu3-7497373352131?info=JTdCJTIyaW5kZXhDbGlja2VkJTIyJTNBNDAlN0Q,https://images.mango-prod.siammakro.cloud/product-images/7497373352131-1c9bffb1-ee7a-45c9-b72a-70b36321b191.jpeg?imageMogr2/thumbnail/300x300,"ซื้อ 1,200฿ ได้รับ 20 พอยท์",,มิชชั่นแรพส์ ออริจินัล 360 กรัม,สั่งเช้า ส่งเย็น,"฿

115.

00",฿,00,,,
https://www.makro.pro/th/p/whs8ajz-7196398649539?info=JTdCJTIyaW5kZXhDbGlja2VkJTIyJTNBNDElN0Q,https://images.mango-prod.siammakro.cloud/SOURCE/b64c6a66b7434e5a8a3cb3f2d65558b1,"ซื้อ 1,200฿ ได้รับ 20 พอยท์",,ปลาแฟนซีคาร์ฟ แบะแซกลูโคสไซรัป 1 กก.,สั่งเช้า ส่งเย็น,"฿

40.

00",฿,00,,,
https://www.makro.pro/th/p/y-gnckm-6974560927939?info=JTdCJTIyaW5kZXhDbGlja2VkJTIyJTNBNDIlN0Q,https://images.mango-prod.siammakro.cloud/product-images/6974560927939-1f085246-c62b-47db-9388-3b9c0cbe84fc.jpeg?imageMogr2/thumbnail/300x300,"ซื้อ 1,200฿ ได้รับ 20 พอยท์",,ซาฟท์ อินสแตนท์ ยีสต์แห้งสําเร็จรูป 500 ก.,สั่งเช้า ส่งเย็น,"฿

140.

00",฿,00,,,
https://www.makro.pro/th/p/s9ycv-w-7078785253571?info=JTdCJTIyaW5kZXhDbGlja2VkJTIyJTNBNDMlN0Q,https://images.mango-prod.siammakro.cloud/SOURCE/e6adbe47ed894112a7037b9b43365396,"ซื้อ 1,200฿ ได้รับ 20 พอยท์",,แม็คคอร์มิค กลิ่นวานิลา 473 มล.,สั่งเช้า ส่งเย็น,"฿

126.

00",฿,00,,,
https://www.makro.pro/th/p/tf2fk5e-6915006660803?info=JTdCJTIyaW5kZXhDbGlja2VkJTIyJTNBNDQlN0Q,https://images.mango-prod.siammakro.cloud/SOURCE/fdcc1a271cd14de29797ab4aef7ea1cd,,,ฉวนไต้ เจลลี่บราวน์ชูการ์ 1 กก.,สั่งเช้า ส่งเย็น,"฿

250.

00",฿,00,,,
https://www.makro.pro/th/p/_gomzml-7204317724867?info=JTdCJTIyaW5kZXhDbGlja2VkJTIyJTNBNDUlN0Q,https://images.mango-prod.siammakro.cloud/product-images/7204317724867-a0f09243-2e07-44df-8b48-ead4d25ed136.jpeg?imageMogr2/thumbnail/300x300,ซื้อ 2 หน่วย รับส่วนลด 16฿,+1,อโรม่า ผงโกโก้สีน้ําตาล 400 ก,สั่งเช้า ส่งเย็น,"฿

178.

00",฿,00,,,
https://www.makro.pro/th/p/5iifozq-7204312252611?info=JTdCJTIyaW5kZXhDbGlja2VkJTIyJTNBNDYlN0Q,https://images.mango-prod.siammakro.cloud/product-images/7204312252611-4683d6c8-a87c-40fc-9417-47434fc463d5.jpeg?imageMogr2/thumbnail/300x300,"ซื้อ 1,200฿ ได้รับ 20 พอยท์",,ยูยี ฟิลลิ่ง สังขยา รสใบเตย 900 ก.,สั่งเช้า ส่งเย็น,"฿

37.

00",฿,00,,,
https://www.makro.pro/th/p/ppdjvzz-7078651396291?info=JTdCJTIyaW5kZXhDbGlja2VkJTIyJTNBNDclN0Q,https://images.mango-prod.siammakro.cloud/SOURCE/768b1d294d28425db80448ce4c4816b7,,,จูนิเปอร์ ซันเดย์ ท็อปปิ้ง กลิ่นช็อกโกแลต 500 ก.,สั่งเช้า ส่งเย็น,"฿

129.

00",฿,00,,,
https://www.makro.pro/th/p/pvgubys-7204317200579?info=JTdCJTIyaW5kZXhDbGlja2VkJTIyJTNBNDglN0Q,https://images.mango-prod.siammakro.cloud/SOURCE/90b8a5a2d3a34a1b98d0e17a48e2396a,"ซื้อ 1,200฿ ได้รับ 20 พอยท์",,ยูยี โค๊ตติ้ง ช็อกโกแลต 1 กก.,สั่งเช้า ส่งเย็น,"฿

140.

00",฿,00,,,
https://www.makro.pro/th/p/4ngjzl3-6974543855811?info=JTdCJTIyaW5kZXhDbGlja2VkJTIyJTNBNDklN0Q,https://images.mango-prod.siammakro.cloud/product-images/6974543855811-a6867f77-5f40-498a-9ca3-9682e07a31a6.jpeg?imageMogr2/thumbnail/300x300,ซื้อ 399฿ รับส่วนลด 30฿,+1,เบสท์ฟู้ดส์ ฟิลลิ่ง กลิ่นบลูเบอร์รี่ 900 ก.,สั่งเช้า ส่งเย็น,฿,47.,00,฿ 50.00,-6%,
https://www.makro.pro/th/p/eAk7poH-402940782690689?info=JTdCJTIyaW5kZXhDbGlja2VkJTIyJTNBNTAlN0Q,https://images.mango-prod.siammakro.cloud/product-images/402940782690689-94f277fd-d18e-4689-852a-d4b47b57a8af.jpeg?imageMogr2/thumbnail/300x300,,,เอโร่ แซนวิชสเปรด 1 กก.,สั่งเช้า ส่งเย็น,"฿

89.

00",฿,00,,,
https://www.makro.pro/th/p/n6kvf47-6974759796931?info=JTdCJTIyaW5kZXhDbGlja2VkJTIyJTNBNTElN0Q,https://images.mango-prod.siammakro.cloud/SOURCE/e7b7a89fde1a4b64a4b532199317c476,"ซื้อ 1,200฿ ได้รับ 20 พอยท์",,เอ-มาย แป้งพิซซ่า ขนาด 7 นิ้ว 100 ก. x 4,สั่งเช้า ส่งเย็น,"฿

100.

00",฿,00,,,
https://www.makro.pro/th/p/ferlzq-7275731878083?info=JTdCJTIyaW5kZXhDbGlja2VkJTIyJTNBNTIlN0Q,https://images.mango-prod.siammakro.cloud/product-images/7275731878083-b9933389-1577-46e3-8eea-b9bfce0ecc91.jpeg?imageMogr2/thumbnail/300x300,,,เฮอร์ชีส์ ไซรัป ช็อกโกแลต 623 ก.,สั่งเช้า ส่งเย็น,"฿

175.

00",฿,00,,,
https://www.makro.pro/th/p/0z5dc4q-7497613344963?info=JTdCJTIyaW5kZXhDbGlja2VkJTIyJTNBNTMlN0Q,https://images.mango-prod.siammakro.cloud/SOURCE/5953596773ce4141802fec362869d374,,,เอล ชาร์โร คอร์นชิพ รสเค็ม 200 กรัม,สั่งเช้า ส่งเย็น,"฿

89.

00",฿,00,,,
https://www.makro.pro/th/p/lmolvq8-7497423323331?info=JTdCJTIyaW5kZXhDbGlja2VkJTIyJTNBNTQlN0Q,https://images.mango-prod.siammakro.cloud/product-images/7497423323331-37badd62-270b-47c4-87e4-26980c1cfed3.jpeg?imageMogr2/thumbnail/300x300,"ซื้อ 1,200฿ ได้รับ 20 พอยท์",,มิชชั่นแรพส์ โฮลเกรน 320 กรัม,สั่งเช้า ส่งเย็น,"฿

115.

00",฿,00,,,
https://www.makro.pro/th/p/udt5i35-6974543986883?info=JTdCJTIyaW5kZXhDbGlja2VkJTIyJTNBNTUlN0Q,https://images.mango-prod.siammakro.cloud/product-images/6974543986883-781f1bd6-79f2-477d-bfd6-b2eca6cb7880.jpeg?imageMogr2/thumbnail/300x300,ซื้อ 399฿ รับส่วนลด 30฿,+1,เบสท์ฟู้ดส์ ฟิลลิ่ง กลิ่นคัสตาร์ดใบเตย 900 ก.,สั่งเช้า ส่งเย็น,"฿

47.

00",฿,00,,,
https://www.makro.pro/th/p/nvyvnsd-7078791741635?info=JTdCJTIyaW5kZXhDbGlja2VkJTIyJTNBNTYlN0Q,https://images.mango-prod.siammakro.cloud/product-images/7078791741635-7538d65a-6028-46d3-9418-957ac2323bce.jpeg?imageMogr2/thumbnail/300x300,"ซื้อ 1,200฿ ได้รับ 20 พอยท์",,โกโก้ริช ผงโกโก้ สีเข้ม 450 ก.,สั่งเช้า ส่งเย็น,"฿

199.

00",฿,00,,,
https://www.makro.pro/th/p/h14rcag-7497574613187?info=JTdCJTIyaW5kZXhDbGlja2VkJTIyJTNBNTclN0Q,https://images.mango-prod.siammakro.cloud/SOURCE/8bad7392ae7543a986ea42df6316074c,"ซื้อ 1,200฿ ได้รับ 20 พอยท์",,เอล ชาร์โร ทาโก้เชลล์ 6 นิ้ว 165 กรัม,สั่งเช้า ส่งเย็น,"฿

117.

00",฿,00,,,
https://www.makro.pro/th/p/6imykrl-7325008625859?info=JTdCJTIyaW5kZXhDbGlja2VkJTIyJTNBNTglN0Q,https://images.mango-prod.siammakro.cloud/product-images/7325008625859-981ed82f-2580-499c-8ecc-4af8c21d54aa.jpeg?imageMogr2/thumbnail/300x300,ซื้อ 599฿ รับส่วนลด 33฿,+2,โอวัลติน ช็อกโกแลต มอลต์ ผง 140 ก. x 12,สั่งเช้า ส่งเย็น,"฿

395.

00",฿,00,,,
https://www.makro.pro/th/p/XuUw_c9-54028915942173?info=JTdCJTIyaW5kZXhDbGlja2VkJTIyJTNBNTklN0Q,https://images.mango-prod.siammakro.cloud/product-images/54028915942173-359e540f-eddf-4d94-8b1c-26e99c2064c9.jpeg?imageMogr2/thumbnail/300x300,"ซื้อ 1,200฿ ได้รับ 20 พอยท์",,ยูยี ฟิลลิ่งช็อกโกแลต 900 ก.,สั่งเช้า ส่งเย็น,"฿

37.

00",฿,00,,,
https://www.makro.pro/th/p/127jkrc-7078791479491?info=JTdCJTIyaW5kZXhDbGlja2VkJTIyJTNBNjAlN0Q,https://images.mango-prod.siammakro.cloud/SOURCE/198b3ce6525d4562b67f3c6e00f93876,,,แวนฮูเต็น ผงโกโก้ 100% 400 ก.,สั่งเช้า ส่งเย็น,"฿

249.

00",฿,00,,,
https://www.makro.pro/th/p/_kijkly-7275710775491?info=JTdCJTIyaW5kZXhDbGlja2VkJTIyJTNBNjElN0Q,https://images.mango-prod.siammakro.cloud/SOURCE/d3057ba4f600404c89d89630c3fec21b,ซื้อ 399฿ รับส่วนลด 30฿,+2,เบสท์ฟู้ดส์ สเปรดสับปะรด 1.9 กก.,สั่งเช้า ส่งเย็น,฿,169.,00,฿ 171.00,-1%,
https://www.makro.pro/th/p/9lw7tek-7196409987267?info=JTdCJTIyaW5kZXhDbGlja2VkJTIyJTNBNjIlN0Q,https://images.mango-prod.siammakro.cloud/product-images/7196409987267-54f12283-2f36-4126-bfbe-d52a0457d1e0.jpeg?imageMogr2/thumbnail/300x300,ซื้อ 2 หน่วย ได้รับ 15 พอยท์,+2,ทิวลิป ไวท์ช็อกโกแลตคอมพาวด์ ชนิดกระดุม 1 กก.,สั่งเช้า ส่งเย็น,"฿

235.

00",฿,00,,,
https://www.makro.pro/th/p/-cdvxp0-6974009278659?info=JTdCJTIyaW5kZXhDbGlja2VkJTIyJTNBNjMlN0Q,https://images.mango-prod.siammakro.cloud/SOURCE/5ca940334bd54e81bcce72b37a84b008,,,จูนิเปอร์ ท็อปปิ้ง ช็อกโกแลต 1.2 กก.,สั่งเช้า ส่งเย็น,"฿

189.

00",฿,00,,,
https://www.makro.pro/th/p/nrpcmwx-6974757175491?info=JTdCJTIyaW5kZXhDbGlja2VkJTIyJTNBNjQlN0Q,https://images.mango-prod.siammakro.cloud/product-images/6974757175491-3f5cf3e6-9975-45fd-a586-6ae7bc071cc9.jpeg?imageMogr2/thumbnail/300x300,"ซื้อ 1,200฿ ได้รับ 20 พอยท์",,นางเงือก ผงวุ้น สีเขียว 50 ก. x 2,สั่งเช้า ส่งเย็น,"฿

182.

00",฿,00,,,
https://www.makro.pro/th/p/pgxbfet-6974757339331?info=JTdCJTIyaW5kZXhDbGlja2VkJTIyJTNBNjUlN0Q,https://images.mango-prod.siammakro.cloud/SOURCE/e95b1bbb798b4b66b50cd836ffd7fa54,"ซื้อ 1,200฿ ได้รับ 20 พอยท์",,เอ-มาย แป้งพายชั้น 50 ก. 12 ชิ้น,สั่งเช้า ส่งเย็น,"฿

185.

00",฿,00,,,
https://www.makro.pro/th/p/ub_klvc-7499630706883?info=JTdCJTIyaW5kZXhDbGlja2VkJTIyJTNBNjYlN0Q,https://images.mango-prod.siammakro.cloud/product-images/7499630706883-a87564e1-730d-4dc4-b58c-c1c5f072f695.jpeg?imageMogr2/thumbnail/300x300,ซื้อ 599฿ ได้รับ 50 พอยท์,+1,อิมพีเรียล แป้งทําวาฟเฟิล 400 ก.,สั่งเช้า ส่งเย็น,"฿

57.

00",฿,00,,,
https://www.makro.pro/th/p/TL6mfdP-617622002146670?info=JTdCJTIyaW5kZXhDbGlja2VkJTIyJTNBNjclN0Q,https://images.mango-prod.siammakro.cloud/SOURCE/00371cef46f247c0a3669f86f2b63f90,"ซื้อ 1,200฿ ได้รับ 20 พอยท์",,มาร์ชี่ส์ มาร์ชแมลโลว์หัวใจ 150 ก.,สั่งเช้า ส่งเย็น,"฿

42.

00",฿,00,,,
https://www.makro.pro/th/p/p3ceoci-7196399206595?info=JTdCJTIyaW5kZXhDbGlja2VkJTIyJTNBNjglN0Q,https://images.mango-prod.siammakro.cloud/SOURCE/eb635f2db5ba4257937798613131aa71,"ซื้อ 1,200฿ ได้รับ 20 พอยท์",,ซาฟท์ อินสแตนท์ ยีสต์แห้งสําเร็จรูป 125 ก.,สั่งเช้า ส่งเย็น,"฿

60.

00",฿,00,,,
https://www.makro.pro/th/p/cfpxfdd-7497433448643?info=JTdCJTIyaW5kZXhDbGlja2VkJTIyJTNBNjklN0Q,https://images.mango-prod.siammakro.cloud/SOURCE/a71a97b301c544ebb99c62d0b479031f,"ซื้อ 1,200฿ ได้รับ 20 พอยท์",,มาร์ชี่ส์ มาร์ชแมลโลว์ เกลียวกลาง กลิ่นวานิลลา 150 กรัม,สั่งเช้า ส่งเย็น,"฿

42.

00",฿,00,,,
https://www.makro.pro/th/p/6hffvul-7196412444867?info=JTdCJTIyaW5kZXhDbGlja2VkJTIyJTNBNzAlN0Q,https://images.mango-prod.siammakro.cloud/SOURCE/8231e31b5a084d8cb4d8349e168b0e2d,"ซื้อ 1,200฿ ได้รับ 20 พอยท์",,ทิวลิป ผงโก้โก้ สีมาตรฐาน 440 ก.,สั่งเช้า ส่งเย็น,"฿

188.

00",฿,00,,,
https://www.makro.pro/th/p/6uaa3k5-7275731976387?info=JTdCJTIyaW5kZXhDbGlja2VkJTIyJTNBNzElN0Q,https://images.mango-prod.siammakro.cloud/SOURCE/267830a48cf041f79f8a38fc74482233,,,จูนิเปอร์ ท็อปปิ้ง บัตเตอร์สก็อตช์ 500 ก.,สั่งเช้า ส่งเย็น,"฿

119.

00",฿,00,,,
https://www.makro.pro/th/p/haak4e7-6974543659203?info=JTdCJTIyaW5kZXhDbGlja2VkJTIyJTNBNzIlN0Q,https://images.mango-prod.siammakro.cloud/product-images/6974543659203-602391a2-fecb-4d3b-bad1-99f3fc652328.jpeg?imageMogr2/thumbnail/300x300,ซื้อ 399฿ รับส่วนลด 30฿,+1,เบสท์ฟู้ดส์ ฟิลลิ่ง ส้ม 900 ก.,สั่งเช้า ส่งเย็น,"฿

47.

00",฿,00,,,
https://www.makro.pro/th/p/nsmj-yc-7497362669763?info=JTdCJTIyaW5kZXhDbGlja2VkJTIyJTNBNzMlN0Q,https://images.mango-prod.siammakro.cloud/SOURCE/525674c5bc9e4bc3ae20cf002597a923,,,ฉวนไต้ วุ้นป๊อบ รสลิ้นจี่ 1 กิโลกรัม,สั่งเช้า ส่งเย็น,"฿

250.

00",฿,00,,,
https://www.makro.pro/th/p/q9dm7a2-7275710873795?info=JTdCJTIyaW5kZXhDbGlja2VkJTIyJTNBNzQlN0Q,https://images.mango-prod.siammakro.cloud/SOURCE/5e0cc9b6c1e546769166190fa1f9ce22,ซื้อ 1฿ ร่วมกับสินค้าในรายการ 1 หน่วย รับส่วนลด 80฿,,สมัคเกอร์ส แยมสตรอเบอร์รี่ 340 ก.,สั่งเช้า ส่งเย็น,฿,132.,00,฿ 139.00,-5%,
https://www.makro.pro/th/p/p2iie_s-6974713135299?info=JTdCJTIyaW5kZXhDbGlja2VkJTIyJTNBNzUlN0Q,https://images.mango-prod.siammakro.cloud/SOURCE/0892f5ffa16d40159a0bf628bf48ba8e,"ซื้อ 1,200฿ ได้รับ 20 พอยท์",,เยลลิต้า เจลาติน 20 ก. x 5,สั่งเช้า ส่งเย็น,"฿

305.

00",฿,00,,,
https://www.makro.pro/th/p/apgqpc1-7416141545667?info=JTdCJTIyaW5kZXhDbGlja2VkJTIyJTNBNzYlN0Q,https://images.mango-prod.siammakro.cloud/SOURCE/08a21b800910439cb725e8a1d06f7a0c,"ซื้อ 1,200฿ ได้รับ 20 พอยท์",,บรักกี้แมน ยีสต์ สีน้ําตาล 500 กรัม,สั่งเช้า ส่งเย็น,"฿

124.

00",฿,00,,,
https://www.makro.pro/th/p/013al33-6974715756739?info=JTdCJTIyaW5kZXhDbGlja2VkJTIyJTNBNzclN0Q,https://images.mango-prod.siammakro.cloud/SOURCE/b83b3fd5c975495398c298bf7ee29f83,"ซื้อ 1,200฿ ได้รับ 20 พอยท์",,ทิวลิป ดาร์คช็อกโกแลตชิพ ชนิดเม็ดใหญ่ 550 ก. x 2,สั่งเช้า ส่งเย็น,"฿

278.

00",฿,00,,,
https://www.makro.pro/th/p/FniSo47-258042460922832?info=JTdCJTIyaW5kZXhDbGlja2VkJTIyJTNBNzglN0Q,https://images.mango-prod.siammakro.cloud/SOURCE/054d02a8e9674c08a17eeaa9b52a1097,"ซื้อ 1,200฿ ได้รับ 20 พอยท์",,เอโร่ โกลด์ แป้งพิซซ่าซาวโดวจ์ 400 ก.,สั่งเช้า ส่งเย็น,"฿

115.

00",฿,00,,,
https://www.makro.pro/th/p/sip6ta3-7196396716227?info=JTdCJTIyaW5kZXhDbGlja2VkJTIyJTNBNzklN0Q,https://images.mango-prod.siammakro.cloud/SOURCE/e7e9ce6a651f4d25994e73ed28de8484,ซื้อ 399฿ รับส่วนลด 30฿,+1,เบสท์ฟู้ดส์ ฟิลลิ่ง ช็อกโกแลต 900 ก.,สั่งเช้า ส่งเย็น,฿,53.,00,฿ 57.00,-7%,
https://www.makro.pro/th/p/x7qs3p9-7416122736835?info=JTdCJTIyaW5kZXhDbGlja2VkJTIyJTNBODAlN0Q,https://images.mango-prod.siammakro.cloud/SOURCE/e0ed531290164890a780dc26c514a645,"ซื้อ 1,200฿ ได้รับ 20 พอยท์",,แม็กกาแรต ครีมออฟตาร์ตาร์ 200 กรัม,สั่งเช้า ส่งเย็น,"฿

155.

00",฿,00,,,
https://www.makro.pro/th/p/5pw2wkn-7275710906563?info=JTdCJTIyaW5kZXhDbGlja2VkJTIyJTNBODElN0Q,https://images.mango-prod.siammakro.cloud/SOURCE/bd6b43116f454184baa84f92eb52b009,ซื้อ 1฿ ร่วมกับสินค้าในรายการ 1 หน่วย รับส่วนลด 80฿,,สมัคเกอร์ส แยมบลูเบอรี่ 340 ก.,สั่งเช้า ส่งเย็น,฿,132.,00,฿ 139.00,-5%,
https://www.makro.pro/th/p/2hdk6ti-7204312875203?info=JTdCJTIyaW5kZXhDbGlja2VkJTIyJTNBODIlN0Q,https://images.mango-prod.siammakro.cloud/SOURCE/a945c22b14c046faac76179026794c41,ซื้อ 899฿ รับส่วนลด 60฿,+1,นกบีซีเอส น้ําตาลปอนด์ 300 ก. x 6,สั่งเช้า ส่งเย็น,"฿

119.

00",฿,00,,,
https://www.makro.pro/th/p/p13pzxJ-961742195752258?info=JTdCJTIyaW5kZXhDbGlja2VkJTIyJTNBODMlN0Q,https://images.mango-prod.siammakro.cloud/product-images/961742195752258-77d23c00-2bef-47cf-a75c-4a6236bea130.jpeg?imageMogr2/thumbnail/300x300,"ซื้อ 1,200฿ ได้รับ 20 พอยท์",,ทิวลิป ผงโกโก้สีน้ําตาลแดงเข้ม 440 ก.,สั่งเช้า ส่งเย็น,"฿

265.

00",฿,00,,,
https://www.makro.pro/th/p/sxd0yds-7499664523459?info=JTdCJTIyaW5kZXhDbGlja2VkJTIyJTNBODQlN0Q,https://images.mango-prod.siammakro.cloud/SOURCE/3273920435254f729e6178358fae09b0,"ซื้อ 1,200฿ ได้รับ 20 พอยท์",,เบสท์ โอเดอร์ วานิลลาผง 500 กรัม,สั่งเช้า ส่งเย็น,฿,129.,00,฿ 151.00,-14%,
https://www.makro.pro/th/p/3oaulnp-6974592745667?info=JTdCJTIyaW5kZXhDbGlja2VkJTIyJTNBODUlN0Q,https://images.mango-prod.siammakro.cloud/SOURCE/cc26908a0c0648748de398fcfd217702,"ซื้อ 1,200฿ ได้รับ 20 พอยท์",,แม็กกาแรต เจลาติน 500 ก.,สั่งเช้า ส่งเย็น,"฿

305.

00",฿,00,,,
https://www.makro.pro/th/p/1p3hr3u-7196409168067?info=JTdCJTIyaW5kZXhDbGlja2VkJTIyJTNBODYlN0Q,https://images.mango-prod.siammakro.cloud/product-images/7196409168067-efe08d11-cddd-4b29-8d6b-cd7a6cba7985.jpeg?imageMogr2/thumbnail/300x300,"ซื้อ 1,200฿ ได้รับ 20 พอยท์",,ทิวลิป ไวท์ช็อกโกแลตชิพส์ เม็ดกลาง 500 ก. x 2,สั่งเช้า ส่งเย็น,"฿

278.

00",฿,00,,,
https://www.makro.pro/th/p/pyROkOl-526606171978268?info=JTdCJTIyaW5kZXhDbGlja2VkJTIyJTNBODclN0Q,https://images.mango-prod.siammakro.cloud/SOURCE/c071783f5238463588401ca037b28df0,"ซื้อ 1,200฿ ได้รับ 20 พอยท์",,อัลเฟรโด แป้งพิซซ่า 5 นิ้ว 10 แผ่น,สั่งเช้า ส่งเย็น,"฿

140.

00",฿,00,,,
https://www.makro.pro/th/p/_tpngsh-7275710709955?info=JTdCJTIyaW5kZXhDbGlja2VkJTIyJTNBODglN0Q,https://images.mango-prod.siammakro.cloud/SOURCE/a4fe5844b97f4f5aa16a1ec7e636afed,ซื้อ 1฿ ร่วมกับสินค้าในรายการ 1 หน่วย รับส่วนลด 80฿,,สมัคเกอร์ส แยมส้ม 340 ก.,สั่งเช้า ส่งเย็น,฿,132.,00,฿ 139.00,-5%,
https://www.makro.pro/th/p/0gznsen-7416048255171?info=JTdCJTIyaW5kZXhDbGlja2VkJTIyJTNBODklN0Q,https://images.mango-prod.siammakro.cloud/SOURCE/42f868f80ebf4f8ab53ccd39d4012c03,"ซื้อ 1,200฿ ได้รับ 20 พอยท์",,ซันเมอร์ แป้งพายผีเสื้อแช่แข็ง 3 ชิ้น,สั่งเช้า ส่งเย็น,"฿

215.

00",฿,00,,,
https://www.makro.pro/th/p/gsxzjnn-7204317987011?info=JTdCJTIyaW5kZXhDbGlja2VkJTIyJTNBOTAlN0Q,https://images.mango-prod.siammakro.cloud/SOURCE/a7140bcff44b4498a4cf45e793a9b52b,"ซื้อ 1,200฿ ได้รับ 20 พอยท์",,อินสแตนท์ ซัคเซส ยีสต์แห้งสําเร็จรูป 500 ก.,สั่งเช้า ส่งเย็น,"฿

105.

00",฿,00,,,
https://www.makro.pro/th/p/huefliy-7499700142275?info=JTdCJTIyaW5kZXhDbGlja2VkJTIyJTNBOTElN0Q,https://images.mango-prod.siammakro.cloud/product-images/7499700142275-29790f84-120f-4e52-9363-05138364ca1a.jpeg?imageMogr2/thumbnail/300x300,"ซื้อ 1,200฿ ได้รับ 20 พอยท์",,แวนฮูเต็น อินเทนส์ ดาร์คคอมพาวด์ ช็อกโกแลตเหรียญ 1 กก.,สั่งเช้า ส่งเย็น,฿,185.,00,฿ 200.00,-7%,
https://www.makro.pro/th/p/swli8wa-7497501147331?info=JTdCJTIyaW5kZXhDbGlja2VkJTIyJTNBOTIlN0Q,https://images.mango-prod.siammakro.cloud/SOURCE/3235960270ac4293bfccd97e5528fbf8,"ซื้อ 1,200฿ ได้รับ 20 พอยท์",,ยูยี สวิตส์ คอมพาวด์ 1 กิโลกรัม,สั่งเช้า ส่งเย็น,"฿

165.

00",฿,00,,,
https://www.makro.pro/th/p/vtf3wzj-7497486139587?info=JTdCJTIyaW5kZXhDbGlja2VkJTIyJTNBOTMlN0Q,https://images.mango-prod.siammakro.cloud/SOURCE/a71286d46d5c42fe9200b362bb6dda12,,,ปันจาบี ลิจัท ปาปาดัม แผ่นแป้ง 200 ก.,สั่งเช้า ส่งเย็น,"฿

56.

00",฿,00,,,
https://www.makro.pro/th/p/HJs2Ffs_-433263592561048?info=JTdCJTIyaW5kZXhDbGlja2VkJTIyJTNBOTQlN0Q,https://images.mango-prod.siammakro.cloud/product-images/433263592561048-9991c53a-0941-4f76-978a-0098f48384f6.jpeg?imageMogr2/thumbnail/300x300,,,เอโร่ โกโก้ปรุงสําเร็จชนิดผง 3อิน1 1 กก.,สั่งเช้า ส่งเย็น,"฿

226.

00",฿,00,,,
https://www.makro.pro/th/p/VCO84GeR-987097828111916?info=JTdCJTIyaW5kZXhDbGlja2VkJTIyJTNBOTUlN0Q,https://images.mango-prod.siammakro.cloud/product-images/987097828111916-0cc1e650-a505-4733-a0c7-c7a7a7dcc6ea.jpeg?imageMogr2/thumbnail/300x300,,,เอโร่ ผงโกโก้ 100% 500 ก.,สั่งเช้า ส่งเย็น,"฿

245.

00",฿,00,,,
https://www.makro.pro/th/p/1px_tir-7499769774275?info=JTdCJTIyaW5kZXhDbGlja2VkJTIyJTNBOTYlN0Q,https://images.mango-prod.siammakro.cloud/SOURCE/a2ad79b85f79404198f4140b450ee5cc,"ซื้อ 1,200฿ ได้รับ 20 พอยท์",,ยูเอฟเอ็ม เอส พี ครีม 1 กิโลกรัม,สั่งเช้า ส่งเย็น,"฿

165.

00",฿,00,,,
https://www.makro.pro/th/p/muz-u7e-7497400352963?info=JTdCJTIyaW5kZXhDbGlja2VkJTIyJTNBOTclN0Q,https://images.mango-prod.siammakro.cloud/SOURCE/b36688e5df7a4affb04d89343f004f55,,,โลโบ ผงทําเต้าฮวยเย็น 130ก. X 3,สั่งเช้า ส่งเย็น,"฿

87.

00",฿,00,,,
https://www.makro.pro/th/p/5LIv51o-375796764418166?info=JTdCJTIyaW5kZXhDbGlja2VkJTIyJTNBOTglN0Q,https://images.mango-prod.siammakro.cloud/SOURCE/5775a1f7fbfc4feea0b8f0b6a06304dd,"ซื้อ 1,200฿ ได้รับ 20 พอยท์",,ทิวลิป เซมิ สวีทดาร์กชิพส์ 500 ก. x 2,สั่งเช้า ส่งเย็น,"฿

278.

00",฿,00,,,
https://www.makro.pro/th/p/5damvof-7497614950595?info=JTdCJTIyaW5kZXhDbGlja2VkJTIyJTNBOTklN0Q,https://images.mango-prod.siammakro.cloud/SOURCE/f9700f5109d04ebfbf73f65bb44c6ad8,,,เอล ชาร์โร คอร์นชิพ รสฮอท แอนด์ สไปซี่ 200 กรัม,สั่งเช้า ส่งเย็น,"฿

85.

00",฿,00,,,
https://www.makro.pro/th/p/etwaynv-7499762860227?info=JTdCJTIyaW5kZXhDbGlja2VkJTIyJTNBMTAwJTdE,https://images.mango-prod.siammakro.cloud/product-images/7499762860227-4b0fb079-2a63-4e5a-9001-33662c0f9bc9.jpeg?imageMogr2/thumbnail/300x300,"ซื้อ 1,200฿ ได้รับ 20 พอยท์",,แวนฮูเต็น เซมิสวีท ดาร์ค ช็อกโกแลตชิปส์ 1 กก.,สั่งเช้า ส่งเย็น,฿,175.,00,฿ 190.00,-7%,
https://www.makro.pro/th/p/C7a0zT--625425192970250?info=JTdCJTIyaW5kZXhDbGlja2VkJTIyJTNBMTAxJTdE,https://images.mango-prod.siammakro.cloud/SOURCE/0e93e7b1ab4546818c45c5b44d9737d1,"ซื้อ 1,200฿ ได้รับ 20 พอยท์",,มิชชั่น แรพส์ สปิแนช 270 ก.,สั่งเช้า ส่งเย็น,"฿

115.

00",฿,00,,,
https://www.makro.pro/th/p/18I8pqk-573344066825213?info=JTdCJTIyaW5kZXhDbGlja2VkJTIyJTNBMTAyJTdE,https://images.mango-prod.siammakro.cloud/SOURCE/415cd1f76def4fac8bc8e268da8b2765,"ซื้อ 1,200฿ ได้รับ 20 พอยท์",,มิชชั่น แรพส์ 6 เกรนส์ 360 ก.,สั่งเช้า ส่งเย็น,"฿

125.

00",฿,00,,,
https://www.makro.pro/th/p/53EQEn0-399056841956860?info=JTdCJTIyaW5kZXhDbGlja2VkJTIyJTNBMTAzJTdE,https://images.mango-prod.siammakro.cloud/product-images/399056841956860-8741218f-63fd-49fd-90c5-302fd5ede759.jpeg?imageMogr2/thumbnail/300x300,"ซื้อ 1,200฿ ได้รับ 20 พอยท์",,เอล ชาร์โร แป้งโตรตีย่า 12 นิ้ว 10 ชิ้น x 12,สั่งเช้า ส่งเย็น,"฿

2,928.

00",฿,00,,,
https://www.makro.pro/th/p/OYFG7_uD-477208790376769?info=JTdCJTIyaW5kZXhDbGlja2VkJTIyJTNBMTA0JTdE,https://images.mango-prod.siammakro.cloud/product-images/477208790376769-b3b938ee-005c-47d6-8c38-974b2da94905.jpeg?imageMogr2/thumbnail/300x300,,,โกโก้ดัทช์ ผงดาร์คโกโก้ 3อิน1 22 ก. x 25,สั่งเช้า ส่งเย็น,฿,205.,00,฿ 250.00,-18%,
https://www.makro.pro/th/p/WDyCtws-525948167454547?info=JTdCJTIyaW5kZXhDbGlja2VkJTIyJTNBMTA1JTdE,https://images.mango-prod.siammakro.cloud/product-images/525948167454547-403ca3df-1704-41ea-80d1-bed4f7295881.jpeg?imageMogr2/thumbnail/300x300,"ซื้อ 1,200฿ ได้รับ 20 พอยท์",,คะวาน แป้งโรตี ชานัย 480 ก. X 10,สั่งเช้า ส่งเย็น,"฿

1,040.

00",฿,00,,,
https://www.makro.pro/th/p/cc9ywps-7497527394499?info=JTdCJTIyaW5kZXhDbGlja2VkJTIyJTNBMTA2JTdE,https://images.mango-prod.siammakro.cloud/SOURCE/c50386e99e244dbdb89043120ece40a2,"ซื้อ 1,200฿ ได้รับ 20 พอยท์",,เดลีซัน แผ่นแป้งพิซซ่า 9 นิ้ว 320 กรัม,สั่งเช้า ส่งเย็น,"฿

115.

00",฿,00,,,
https://www.makro.pro/th/p/x51Yf6B-797000870401321?info=JTdCJTIyaW5kZXhDbGlja2VkJTIyJTNBMTA3JTdE,https://images.mango-prod.siammakro.cloud/SOURCE/bfb484f4aaf04e259f2b2422f079988f,"ซื้อ 1,200฿ ได้รับ 20 พอยท์",,ขนมปังซาวโดวจ์แบบดั้งเดิม 330 ก.,สั่งเช้า ส่งเย็น,"฿

80.

00",฿,00,,,
https://www.makro.pro/th/p/58Wl5F5-251207616724179?info=JTdCJTIyaW5kZXhDbGlja2VkJTIyJTNBMTA4JTdE,https://images.mango-prod.siammakro.cloud/SOURCE/19241a321eb44d5584fcfbcacbb29ad7,"ซื้อ 1,200฿ ได้รับ 20 พอยท์",,เอล ชาร์โร แป้งสาลี ตอร์ตีญ่า& ขนาด 8 นิ้ว แพ็คละ 24 ถุง,สั่งเช้า ส่งเย็น,"฿

2,400.

00",฿,00,,,
https://www.makro.pro/th/p/ys96D41-558080699915506?info=JTdCJTIyaW5kZXhDbGlja2VkJTIyJTNBMTA5JTdE,https://images.mango-prod.siammakro.cloud/SOURCE/ad33eea5641040e0b0d424a6f562804e,"ซื้อ 1,200฿ ได้รับ 20 พอยท์",,เอ-มาย เพ็ตติแปง 50 ก. 9 ชิ้น,สั่งเช้า ส่งเย็น,"฿

130.

00",฿,00,,,
https://www.makro.pro/th/p/9tvjzql-7499733598403?info=JTdCJTIyaW5kZXhDbGlja2VkJTIyJTNBMTEwJTdE,https://images.mango-prod.siammakro.cloud/product-images/7499733598403-1944f39f-5c52-4a44-8cd3-f9f83b3cffe5.jpeg?imageMogr2/thumbnail/300x300,"ซื้อ 1,200฿ ได้รับ 20 พอยท์",,แวนฮูเต็น เซมิสวีทดาร์คคอมพาวด์เหรียญ 1 กก.,สั่งเช้า ส่งเย็น,฿,195.,00,฿ 200.00,-2%,
https://www.makro.pro/th/p/qKzHIvn-382579855598188?info=JTdCJTIyaW5kZXhDbGlja2VkJTIyJTNBMTExJTdE,https://images.mango-prod.siammakro.cloud/product-images/382579855598188-e3993139-8365-4e89-a274-f01ee311607b.jpeg?imageMogr2/thumbnail/300x300,"ซื้อ 1,000฿ ได้รับ 80 พอยท์",+2,แอนลีน โททอล10 นมผง 800 ก. 2 กระป๋อง+400 ก. กระป๋อง,สั่งเช้า ส่งเย็น,฿,"1,264.",00,"฿ 1,516.00",-16%,
https://www.makro.pro/th/p/0CSVLZv-979358282201116?info=JTdCJTIyaW5kZXhDbGlja2VkJTIyJTNBMTEyJTdE,https://images.mango-prod.siammakro.cloud/SOURCE/8f7b2c63ed61498583201778d4d4459a,ซื้ออย่างน้อย 1000฿ ลดเพิ่ม 50฿,+1,พรีมิโอ แป้งทาร์ตไข่ โอคุน โปรตุ เอกทาร์ต เบอร์ 207 20 ก.,3-7 วัน,฿,170.,00,฿ 189.00,-10%,
https://www.makro.pro/th/p/5p9nreq-7119691907267?info=JTdCJTIyaW5kZXhDbGlja2VkJTIyJTNBMTEzJTdE,https://images.mango-prod.siammakro.cloud/SOURCE/9fb3c434100f4c94a1ed44ba916a8fbf,"ซื้อ 1,200฿ ได้รับ 20 พอยท์",,เอ-มาย บิ๊กแพ็ค แป้งพิซซ่า ขนาด 7 นิ้ว 100 ก. 4 ชิ้น x 6,สั่งเช้า ส่งเย็น,"฿

580.

00",฿,00,,,
https://www.makro.pro/th/p/B7u0Ivg-610683653500460?info=JTdCJTIyaW5kZXhDbGlja2VkJTIyJTNBMTE0JTdE,https://images.mango-prod.siammakro.cloud/SOURCE/09544d87a30841daa13cc0af32b40a2c,ซื้ออย่างน้อย 1000฿ ลดเพิ่ม 50฿,+1,ไชน์โรด ทาร์ต ฟิลลิ่ง 1 กก.,3-7 วัน,฿,138.,00,฿ 150.00,-8%,
https://www.makro.pro/th/p/eibGASj-302910426385134?info=JTdCJTIyaW5kZXhDbGlja2VkJTIyJTNBMTE1JTdE,https://images.mango-prod.siammakro.cloud/SOURCE/49a1e28ff46d4d519907b93a55573154,ซื้ออย่างน้อย 1000฿ ลดเพิ่ม 50฿,+1,พรีมีโอ ทาร์ตครีมฟิลลิ่ง 907 ก.,3-7 วัน,฿,158.,00,฿ 170.00,-7%,
https://www.makro.pro/th/p/PFy1yOH-959438300055772?info=JTdCJTIyaW5kZXhDbGlja2VkJTIyJTNBMTE2JTdE,https://images.mango-prod.siammakro.cloud/SOURCE/29c534e615284ba78454467859ff3c3e,,,ลองบีชบุกบราวน์ชูการ์ (800g.) LongBeach Brown Sugar Konjac บุกไข่มุก/ บุกในน้ําเชื่อม,3-7 วัน,"฿

110.

00",฿,00,,,
https://www.makro.pro/th/p/6fvuust-521651531906635?info=JTdCJTIyaW5kZXhDbGlja2VkJTIyJTNBMTE3JTdE,https://images.mango-prod.siammakro.cloud/SOURCE/ee09d669fad24df19229562cd41686b8,,,Best odour เบคกิ้ง โซดา ขนาด 500 กรัม Baking soda 500 กรัม ผงโซดา ทําความสะอาด ล้างผัก เบเกอรี่,7-14 วัน,฿,40.,00,฿ 45.00,-11%,
https://www.makro.pro/th/p/85RYkPE-441558366158745?info=JTdCJTIyaW5kZXhDbGlja2VkJTIyJTNBMTE4JTdE,https://strapi-cdn.mango-prod.siammakro.cloud/uploads/Gold_Container_Frame_TH_040480f35e.png,ซื้ออย่างน้อย 1000฿ ลดเพิ่ม 50฿,+1,อิมพีเรียลสตรอเบอร์รี่สเปรด 15 กรัม แพ็ค 100 ถ้วย,3-7 วัน,฿,234.,00,฿ 259.00,-9%,
https://www.makro.pro/th/p/zIpbMUI-949550161838564?info=JTdCJTIyaW5kZXhDbGlja2VkJTIyJTNBMTE5JTdE,https://images.mango-prod.siammakro.cloud/SOURCE/3c5616157f054ecfadd6bcbdb3da1287,ซื้ออย่างน้อย 1000฿ ลดเพิ่ม 50฿,+1,อิมพีเรียลออเรนจ์สเปรดเดเบิ้ล 15 กรัม แพ็ค 100 ถ้วย,3-7 วัน,฿,244.,00,฿ 259.00,-5%,
https://www.makro.pro/th/p/GlZEokP-391058890895304?info=JTdCJTIyaW5kZXhDbGlja2VkJTIyJTNBMTIwJTdE,https://images.mango-prod.siammakro.cloud/SOURCE/5aab79d564394d3bbfa6e2032e6baa49,,,"ทีอีเอ ไข่มุกดํา กลิ่นคาราเมล ต้นตํารับจากไต้หวัน บรรจุ 1,000 กรัม",3-7 วัน,"฿

58.

00",฿,00,,,
https://www.makro.pro/th/p/v1hb9IP-608596830807789?info=JTdCJTIyaW5kZXhDbGlja2VkJTIyJTNBMTIxJTdE,https://images.mango-prod.siammakro.cloud/SOURCE/3c6f3db9d9ff42ea9a9e664225ca47e1,ซื้ออย่างน้อย 1000฿ ลดเพิ่ม 50฿,+1,คะวาน โรตีพาราทาเพลน 400 ก.,3-7 วัน,฿,93.,00,฿ 109.00,-14%,
https://www.makro.pro/th/p/JtoddJU-842214421383707?info=JTdCJTIyaW5kZXhDbGlja2VkJTIyJTNBMTIyJTdE,https://images.mango-prod.siammakro.cloud/SOURCE/5d2c576e7336422db8ba9972bc724fc0,ซื้ออย่างน้อย 1000฿ ลดเพิ่ม 50฿,+1,อิมพีเรียลไพน์แอปเปิ้ลสเปรด 15 กรัม (แพ็ค 100 ถ้วย),3-7 วัน,฿,244.,00,฿ 259.00,-5%,
https://www.makro.pro/th/p/udpj49g-7196741468355?info=JTdCJTIyaW5kZXhDbGlja2VkJTIyJTNBMTIzJTdE,https://images.mango-prod.siammakro.cloud/SOURCE/0c591776495044019eb3839726c72841,,,บีไอเอฟ PANCAKE MIX 400 G.,1-3 วัน,"฿

52.

00",฿,00,,,
https://www.makro.pro/th/p/5c-p5it-7196694708419?info=JTdCJTIyaW5kZXhDbGlja2VkJTIyJTNBMTI0JTdE,https://images.mango-prod.siammakro.cloud/SOURCE/751205c81fed4ad5a3398a203eda75de,,,บีไอเอฟ WAFFLE MIX 400 G.,1-3 วัน,"฿

52.

00",฿,00,,,
https://www.makro.pro/th/p/ZT_cetS-288795361757163?info=JTdCJTIyaW5kZXhDbGlja2VkJTIyJTNBMTI1JTdE,https://images.mango-prod.siammakro.cloud/SOURCE/b3fef59a67a94151a97698eedf38e0d3,,,แป้งฮะเก๋า ตราใบหยก 500 G.,1-3 วัน,"฿

59.

00",฿,00,,,
https://www.makro.pro/th/p/T2ofz1V-561111019331429?info=JTdCJTIyaW5kZXhDbGlja2VkJTIyJTNBMTI2JTdE,https://images.mango-prod.siammakro.cloud/SOURCE/41df4a1a06fa46039b0e9573a49654da,ซื้ออย่างน้อย 1000฿ ลดเพิ่ม 50฿,+1,คะวาน โรตีพาราทาเฟลคกี้ 400 ก.,3-7 วัน,฿,93.,00,฿ 109.00,-14%,
https://www.makro.pro/th/p/QMU57BIN-625262135893777?info=JTdCJTIyaW5kZXhDbGlja2VkJTIyJTNBMTI3JTdE,https://images.mango-prod.siammakro.cloud/product-images/625262135893777-4ad02a94-e9f6-4317-b923-0a0e3d1c4bb6.jpeg?imageMogr2/thumbnail/300x300,,,มิตรผล น้ําตาลเบเกอรี 1 กก. x 24,พรีออเดอร์,฿,768.,00,฿ 960.00,-20%,
https://www.makro.pro/th/p/_gRtC3i-964815739319580?info=JTdCJTIyaW5kZXhDbGlja2VkJTIyJTNBMTI4JTdE,https://images.mango-prod.siammakro.cloud/SOURCE/b8ed9782db1a4d4fba2fae1f58070dda,,,"ทีอีเอ ไข่มุกทอง (เม็ดไข่ปลา) เม็ดเล็ก ขนาด 1,000 กรัม",3-7 วัน,"฿

68.

00",฿,00,,,
https://www.makro.pro/th/p/iEnGFXB-439514420043158?info=JTdCJTIyaW5kZXhDbGlja2VkJTIyJTNBMTI5JTdE,https://images.mango-prod.siammakro.cloud/SOURCE/4d829e7f2f2041bb9c7ca0b45327c5bc,,,Best odour ผงฟู สูตร ดับเบิ้ลแอ็คติ้ง เบสท์โอเดอร์ ขนาด 500 กรัม Baking powder double acting 500g,7-14 วัน,฿,68.,00,฿ 70.00,-2%,
https://www.makro.pro/th/p/L1lPEQf-503511295801767?info=JTdCJTIyaW5kZXhDbGlja2VkJTIyJTNBMTMwJTdE,https://images.mango-prod.siammakro.cloud/SOURCE/95faad0c11b6462898bc61266c2d12b7,ซื้ออย่างน้อย 1000฿ ลดเพิ่ม 50฿,+1,โพลเซลลี แป้งพิซซ่า ฟารินา ซุปเปอร์ 5 กก.,3-7 วัน,฿,306.,00,฿ 360.00,-15%,
https://www.makro.pro/th/p/r-kz7Uj-932721121976124?info=JTdCJTIyaW5kZXhDbGlja2VkJTIyJTNBMTMxJTdE,https://images.mango-prod.siammakro.cloud/SOURCE/5f16c5fb51504938bae23020bf2f77ed,ซื้ออย่างน้อย 1000฿ ลดเพิ่ม 50฿,,โพลเซลลี แป้งพิซซ่า ฟารินา คลาสซิกา 1 กก.,3-7 วัน,฿,85.,00,฿ 100.00,-15%,
https://www.makro.pro/th/p/rNrw-k9-324948626254794?info=JTdCJTIyaW5kZXhDbGlja2VkJTIyJTNBMTMyJTdE,https://images.mango-prod.siammakro.cloud/SOURCE/23a930f5df184b2caf73e204899a9f8b,,,ทีอีเอ มุกป๊อป เรนโบว์ ป๊อปปิ้ง รสลิ้นจี่ ขนาด 130 กรัม,3-7 วัน,"฿

48.

00",฿,00,,,
https://www.makro.pro/th/p/eHr7C9X-337617844864312?info=JTdCJTIyaW5kZXhDbGlja2VkJTIyJTNBMTMzJTdE,https://images.mango-prod.siammakro.cloud/SOURCE/6ecd797e67584639857d907465f016f2,,,ทีอีเอ มุกป๊อป เรนโบว์ป๊อปปิ้ง รสสตรอว์เบอร์รี่ ขนาด 130 กรัม,3-7 วัน,"฿

48.

00",฿,00,,,
https://www.makro.pro/th/p/2TCB1zD-915975399386549?info=JTdCJTIyaW5kZXhDbGlja2VkJTIyJTNBMTM0JTdE,https://images.mango-prod.siammakro.cloud/SOURCE/1560b3a0b7ba4bcea1104b04eb812515,ซื้ออย่างน้อย 1000฿ ลดเพิ่ม 50฿,+1,ShineRoad Cheese Filling ไชน์โรดชีสฟิลลิ่ง 1 กก.,3-7 วัน,฿,265.,00,฿ 285.00,-7%,
https://www.makro.pro/th/p/429zeu2-405221258817269?info=JTdCJTIyaW5kZXhDbGlja2VkJTIyJTNBMTM1JTdE,https://images.mango-prod.siammakro.cloud/SOURCE/7601b1b60ba34965955442e06f529254,,,ยกลัง เบคกิ้งโซดา ขนาด 500 กรัม 1 ลัง บรรจุ 12 ถุง Baking soda โซดา ทําความสะอาด ล้างผัก เบเกอรี่,7-14 วัน,฿,480.,00,฿ 500.00,-4%,
https://www.makro.pro/th/p/pR-D5Cu-371161913540753?info=JTdCJTIyaW5kZXhDbGlja2VkJTIyJTNBMTM2JTdE,https://images.mango-prod.siammakro.cloud/SOURCE/eb95d1f44c0a4ec5b4ae2589fa44175e,ซื้ออย่างน้อย 1000฿ ลดเพิ่ม 50฿,+1,Van Houten แวนเฮาเตนดาร์คช็อกโกแลต65.7% 1กก,3-7 วัน,฿,852.,00,฿ 990.00,-13%,
https://www.makro.pro/th/p/Z06m4Rez-718137095581270?info=JTdCJTIyaW5kZXhDbGlja2VkJTIyJTNBMTM3JTdE,https://images.mango-prod.siammakro.cloud/product-images/718137095581270-28be7a56-25d5-4fe2-ac73-8ff6b5815cdb.jpeg?imageMogr2/thumbnail/300x300,,,เอโร่ ท็อปปิ้ง ช็อกโกแลต 1.2 กก. 15 ถุง x 5 ลัง,พรีออเดอร์,฿,"6,600.",00,"฿ 6,900.00",-4%,
https://www.makro.pro/th/p/xfe2xgU-123548414336102?info=JTdCJTIyaW5kZXhDbGlja2VkJTIyJTNBMTM4JTdE,https://images.mango-prod.siammakro.cloud/SOURCE/5cd2234e6bc84cba8ea8cf361eac77d1,,,น้ําตาลมะพร้าวหอมแท้ 100% ตราชฎา 500 กรัม หอม หวาน เข้มข้น จากธรรมชาติ ใช้ทําอาหารคาว และขนมหวาน,3-7 วัน,"฿

120.

00",฿,00,,,
https://www.makro.pro/th/p/psWxmUs-821586467806710?info=JTdCJTIyaW5kZXhDbGlja2VkJTIyJTNBMTM5JTdE,https://images.mango-prod.siammakro.cloud/SOURCE/a78cc3f9e6934369b02b0ab05413234f,ซื้ออย่างน้อย 1000฿ ลดเพิ่ม 50฿,+1,คะวาน โรตีพาราทาออนเนียน 400 ก.,3-7 วัน,฿,93.,00,฿ 109.00,-14%,
https://www.makro.pro/th/p/pbb0V4Z-800843958093726?info=JTdCJTIyaW5kZXhDbGlja2VkJTIyJTNBMTQwJTdE,https://images.mango-prod.siammakro.cloud/SOURCE/981173fe6ed64f128de8fb4914b258a7,,,[แพ็ก 4]โกโก้ดัทช์ 3 อิน 1 โกโก้ ชาไทย - 110 กรัม รวม 20ซอง [Bundle 4]COCOA DUTCH 3IN1 Cocoa Thai Tea 110G (Total 20 sachet),3-5 วัน,฿,280.,00,฿ 316.00,-11%,
https://www.makro.pro/th/p/ncgfnvv_-166475923990598?info=JTdCJTIyaW5kZXhDbGlja2VkJTIyJTNBMTQxJTdE,https://images.mango-prod.siammakro.cloud/product-images/166475923990598-48ccc24b-8f65-4b5c-9ee6-f89f847cd234.jpeg?imageMogr2/thumbnail/300x300,"ซื้อ 1,200฿ ได้รับ 20 พอยท์",,โอวัลติน ผงโกโก้ผสมมอลต์ 400 ก.,สั่งเช้า ส่งเย็น,฿,165.,00,฿ 179.00,-7%,
https://www.makro.pro/th/p/_q20OLW-958869796177202?info=JTdCJTIyaW5kZXhDbGlja2VkJTIyJTNBMTQyJTdE,https://images.mango-prod.siammakro.cloud/SOURCE/4b6882484f6948cda673d50c22e46f0a,,,ทีอีเอ มุกป๊อป เรนโบว์ ป๊อปปิ้ง รสแอปเปิ้ล ขนาด 130 กรัม,3-7 วัน,"฿

48.

00",฿,00,,,
https://www.makro.pro/th/p/GpH6cQK-496440853688469?info=JTdCJTIyaW5kZXhDbGlja2VkJTIyJTNBMTQzJTdE,https://images.mango-prod.siammakro.cloud/SOURCE/12b8413888da4d7caab1759f23e3a33d,,,ทีอีเอ มุกป๊อป เรนโบว์ ป๊อปปิ้ง รสบลูเบอร์รี่ขนาด 130 กรัม,3-7 วัน,"฿

48.

00",฿,00,,,
https://www.makro.pro/th/p/KKm2UX--573181377280428?info=JTdCJTIyaW5kZXhDbGlja2VkJTIyJTNBMTQ0JTdE,https://images.mango-prod.siammakro.cloud/SOURCE/cf5eb6c6a2724b38ba5aa7fa9b1d2a87,,,"ทีอีเอ ไข่มุกดํา กลิ่นคาราเมล ต้นตํารับจากไต้หวัน บรรจุ (1,000 กรัม) x 6 ถุง",3-7 วัน,฿,318.,00,฿ 330.00,-3%,
https://www.makro.pro/th/p/0VZPlD5-111534334621219?info=JTdCJTIyaW5kZXhDbGlja2VkJTIyJTNBMTQ1JTdE,https://images.mango-prod.siammakro.cloud/SOURCE/16f530ea68d94d739403b07ab35124d6,ซื้ออย่างน้อย 1000฿ ลดเพิ่ม 50฿,+1,Van Houten แวนเฮาเตนคลาสสิกดารคคอมพาวคอย 1 กก.,3-7 วัน,฿,203.,00,฿ 235.00,-13%,
https://www.makro.pro/th/p/03AAwYnG-188022884751399?info=JTdCJTIyaW5kZXhDbGlja2VkJTIyJTNBMTQ2JTdE,https://images.mango-prod.siammakro.cloud/product-images/188022884751399-2bbe6d72-5e20-454a-8c42-bdd24067c686.jpeg?imageMogr2/thumbnail/300x300,,,เอโร่ ท็อปปิ้ง คาราเมล 1.2 กก. 12 ถุง x 5 ลัง,พรีออเดอร์,฿,"6,600.",00,"฿ 6,900.00",-4%,
https://www.makro.pro/th/p/9551p-n-7196752314563?info=JTdCJTIyaW5kZXhDbGlja2VkJTIyJTNBMTQ3JTdE,https://images.mango-prod.siammakro.cloud/SOURCE/d529da8fdb764269adc87f989157288f,,,บีไอเอฟ CREPE MIX 400 G.,1-3 วัน,"฿

52.

00",฿,00,,,
https://www.makro.pro/th/p/qavmqkf-7196735635651?info=JTdCJTIyaW5kZXhDbGlja2VkJTIyJTNBMTQ4JTdE,https://images.mango-prod.siammakro.cloud/SOURCE/5c9ab5bdb2dd457285e3c627df495170,,,บีไอเอฟ PANCAKE MIX 12x400 G.,1-3 วัน,"฿

580.

00",฿,00,,,
https://www.makro.pro/th/p/CKzMiuo-490372008223071?info=JTdCJTIyaW5kZXhDbGlja2VkJTIyJTNBMTQ5JTdE,https://images.mango-prod.siammakro.cloud/SOURCE/119c89034e5642838a8f8b7b79f76f9f,,,"ทีอีเอ ไข่มุกทอง (เม็ดไข่ปลา) เม็ดเล็ก ขนาด (1,000 กรัม) x 6 ถุง",3-7 วัน,฿,368.,00,฿ 396.00,-7%,
https://www.makro.pro/th/p/4MKxbPZ-517742045056651?info=JTdCJTIyaW5kZXhDbGlja2VkJTIyJTNBMTUwJTdE,https://images.mango-prod.siammakro.cloud/SOURCE/583770b85c4e43f9a79079060ce94791,,,ลองบีชรอยัลโกลด์บุกคริสตัลขนาด800กรัมLong Beach Royal Gold Konjac Crystal Size 800 g.,3-7 วัน,"฿

110.

00",฿,00,,,
https://www.makro.pro/th/p/pQ3jKFQ-614267846715690?info=JTdCJTIyaW5kZXhDbGlja2VkJTIyJTNBMTUxJTdE,https://images.mango-prod.siammakro.cloud/SOURCE/717be2a8ff5c4fa086e9fbfeb3d907f0,,,ลองบีชบุกข้าวเหนียวมูน (800 g) LongBeach Thai Sticky Rice with Coconut Milk Konjac บุกไข่มุก/ บุกในน้ําเชื่อม,3-7 วัน,"฿

110.

00",฿,00,,,
https://www.makro.pro/th/p/3YU03C5-349291313973789?info=JTdCJTIyaW5kZXhDbGlja2VkJTIyJTNBMTUyJTdE,https://images.mango-prod.siammakro.cloud/SOURCE/d734abc0a90b4c5cba14b737585cbabf,,,ทีอีเอ วุ้นชาไทย ท็อปปิ้งสําเร็จรูป ขนาด 500 กรัม,3-7 วัน,฿,56.,00,฿ 68.00,-17%,
https://www.makro.pro/th/p/ARUdZWG-924609539369966?info=JTdCJTIyaW5kZXhDbGlja2VkJTIyJTNBMTUzJTdE,https://images.mango-prod.siammakro.cloud/SOURCE/98d73579f992426da0827e7f12d6e568,ซื้ออย่างน้อย 1000฿ ลดเพิ่ม 50฿,+1,เอ็มบอร์ก คิวลินารีคุกกิ้ง 1 กก.,3-7 วัน,฿,136.,00,฿ 159.00,-14%,
https://www.makro.pro/th/p/9yx8L0Y-948281019604868?info=JTdCJTIyaW5kZXhDbGlja2VkJTIyJTNBMTU0JTdE,https://images.mango-prod.siammakro.cloud/SOURCE/211a70133dad49c4ac673d27f134db49,ซื้ออย่างน้อย 1000฿ ลดเพิ่ม 50฿,+1,Van Houten แวนเฮาเตนไวท์ช็อกโกแลต23.7% 1 กก.,3-7 วัน,฿,656.,00,฿ 720.00,-8%,
https://www.makro.pro/th/p/CcnSJAN-393192013881668?info=JTdCJTIyaW5kZXhDbGlja2VkJTIyJTNBMTU1JTdE,https://images.mango-prod.siammakro.cloud/SOURCE/85acee97de84451783cc7db61abdee41,,,"ทีอีเอ ถั่วแดงกวน อะซึกิ แบบสําเร็จรูป บรรจุ 1,000 กรัม",3-7 วัน,"฿

222.

00",฿,00,,,
https://www.makro.pro/th/p/gKMrhMe-745579847488633?info=JTdCJTIyaW5kZXhDbGlja2VkJTIyJTNBMTU2JTdE,https://images.mango-prod.siammakro.cloud/SOURCE/18889d2022bd4775bdded9a9cabbadfd,,,ลองบีช บุกในน้ําเชื่อม ขนาด 800 กรัม,3-7 วัน,"฿

110.

00",฿,00,,,
https://www.makro.pro/th/p/ykuNHnn-100062638613878?info=JTdCJTIyaW5kZXhDbGlja2VkJTIyJTNBMTU3JTdE,https://images.mango-prod.siammakro.cloud/SOURCE/6cc3b7cdfc2041f9a4047cd8273316db,,,ยกลัง ผงฟู ขนาด 500 กรัม 1 ลัง บรรจุ 12 ถุง สูตร ดับเบิ้ลแอ็คติ้ง เบสท์โอเดอร์ Baking powder ขนม,7-14 วัน,฿,810.,00,฿ 820.00,-1%,
https://www.makro.pro/th/p/yPYdwOg-421144358524209?info=JTdCJTIyaW5kZXhDbGlja2VkJTIyJTNBMTU4JTdE,https://images.mango-prod.siammakro.cloud/SOURCE/7754d8df47044ee5bef22f806d966a96,,,ผงฟู สูตร ดับเบิ้ลแอ็คติ้ง ตรา เบสท์โอเดอร์ ขนาด 500 กรัม แบบ กระป๋อง กระปุก Baking powder double acting 500g เค้ก ขนม ค,7-14 วัน,฿,88.,00,฿ 90.00,-2%,
https://www.makro.pro/th/p/meBNV0b-765955789578799?info=JTdCJTIyaW5kZXhDbGlja2VkJTIyJTNBMTU5JTdE,https://images.mango-prod.siammakro.cloud/SOURCE/d7838d21dbcb401f9cfdf7b6fa622cf1,ซื้ออย่างน้อย 1000฿ ลดเพิ่ม 50฿,+1,โพลเซลลี แป้งพิซซ่า ฟารินา อิดิอาเล 5 กก.,3-7 วัน,฿,272.,00,฿ 320.00,-15%,
https://www.makro.pro/th/p/MBpELUM-257749047604172?info=JTdCJTIyaW5kZXhDbGlja2VkJTIyJTNBMTYwJTdE,https://images.mango-prod.siammakro.cloud/SOURCE/17a491362d4c478abd8fb78a154fc162,,,โกโก้ผง ตราโกโก้ดัทช์ ช้อยส์ ขนาด 420 กรัม (แพ็กคู่),3-5 วัน,฿,365.,00,฿ 428.00,-14%,
https://www.makro.pro/th/p/yogr6eo-7196752216259?info=JTdCJTIyaW5kZXhDbGlja2VkJTIyJTNBMTYxJTdE,https://images.mango-prod.siammakro.cloud/SOURCE/bac19f15d9c8481dbd852b6ba66c1b90,,,(ยกลัง) แป้งสําเร็จรูปทําเครปสไตล์ญี่ปุ่น ตราBIF 400 G.X12 ชิ้น,1-3 วัน,"฿

580.

00",฿,00,,,
https://www.makro.pro/th/p/MSn6i7e-874945988099726?info=JTdCJTIyaW5kZXhDbGlja2VkJTIyJTNBMTYyJTdE,https://images.mango-prod.siammakro.cloud/SOURCE/7735cbb8f06f48c0aaa469f96b2b1ea6,ซื้ออย่างน้อย 1000฿ ลดเพิ่ม 10฿,,ไข่มุกจากไข่ขาว นิ่มนิ่ม เหมาะสําหรับผู้ควบคุมน้ําหนัก ยกลัง 50 ถุง,1-3 วัน,฿,"3,090.",00,"฿ 4,250.00",-27%,
https://www.makro.pro/th/p/LDFJxJG-864018558608527?info=JTdCJTIyaW5kZXhDbGlja2VkJTIyJTNBMTYzJTdE,https://images.mango-prod.siammakro.cloud/SOURCE/45c40f00299c45758b1447edfc9b3341,ซื้ออย่างน้อย 1000฿ ลดเพิ่ม 10฿,+1,ไข่มุกไข่ขาว นิ่มนิ่ม โปรตีนสูง ไร้แป้ง ไร้ไขมัน คีโตทานได้,1-3 วัน,฿,69.,00,฿ 85.00,-18%,
https://www.makro.pro/th/p/uEcKvlG-599335129124057?info=JTdCJTIyaW5kZXhDbGlja2VkJTIyJTNBMTY0JTdE,https://images.mango-prod.siammakro.cloud/SOURCE/c3eb0113dd584c768f0fdd1fc3979363,,,Khaolaor ขาวละออ ช็อคโก้ฟอร์ม โกโก้ผงสําเร็จรูปพร้อมชง 10 ซอง/กล่อง,3-7 วัน,฿,110.,00,฿ 170.00,-35%,
https://www.makro.pro/th/p/eBTJYf9-770138685930341?info=JTdCJTIyaW5kZXhDbGlja2VkJTIyJTNBMTY1JTdE,https://images.mango-prod.siammakro.cloud/SOURCE/e8c07eaa347a4a1ca71ea639c76114fa,ซื้ออย่างน้อย 1000฿ ลดเพิ่ม 50฿,+1,อิมพีเรียลมายองเนสทรัฟเฟิล 900 กรัม,3-7 วัน,฿,170.,00,฿ 199.00,-14%,
https://www.makro.pro/th/p/rsuXbqC-755510527760222?info=JTdCJTIyaW5kZXhDbGlja2VkJTIyJTNBMTY2JTdE,https://images.mango-prod.siammakro.cloud/SOURCE/6f3570e76b914882892638bb9113cc26,ซื้ออย่างน้อย 1000฿ ลดเพิ่ม 50฿,+1,เอเล่แอนด์เวียร์ สเปรดแอนคุกรสจืด 200 ก.,3-7 วัน,฿,137.,00,฿ 155.00,-11%,
https://www.makro.pro/th/p/H6H7Tcq-355080891810768?info=JTdCJTIyaW5kZXhDbGlja2VkJTIyJTNBMTY3JTdE,https://images.mango-prod.siammakro.cloud/SOURCE/097d3960cff54efe811070c7e56aac3d,ซื้ออย่างน้อย 1000฿ ลดเพิ่ม 50฿,+1,มูลังบอจัวร์ แป้งฝรั่งเศสชนิดโม่หิน ที 80 25 กก.,3-7 วัน,฿,"1,862.",00,"฿ 2,165.00",-14%,
https://www.makro.pro/th/p/V_exfuU-121079765328393?info=JTdCJTIyaW5kZXhDbGlja2VkJTIyJTNBMTY4JTdE,https://images.mango-prod.siammakro.cloud/SOURCE/a8a87666b8cb4b84ad2225159ef6c9e8,ซื้ออย่างน้อย 1000฿ ลดเพิ่ม 50฿,+1,มูลังบอจัวร์ แป้งฝรั่งเศสชนิดโม่หิน ที150 25 กก.,3-7 วัน,฿,"1,739.",00,"฿ 2,045.00",-14%,
https://www.makro.pro/th/p/qUZHfrh-933043080216379?info=JTdCJTIyaW5kZXhDbGlja2VkJTIyJTNBMTY5JTdE,https://images.mango-prod.siammakro.cloud/SOURCE/2937eed411d94422a2215bae91f5d1fd,ซื้ออย่างน้อย 399฿ ลดเพิ่ม 5%,+1,ฉั่วฮะเส็ง สควีซ น้ําพริกเผา สูตรทาขนมปัง 150 กรัม,1-3 วัน,฿,35.,00,฿ 39.00,-10%,
https://www.makro.pro/th/p/-ggRQtU-222220988070221?info=JTdCJTIyaW5kZXhDbGlja2VkJTIyJTNBMTcwJTdE,https://images.mango-prod.siammakro.cloud/SOURCE/c86fcd7e2d7c4693a91754be5857492c,,,[ยกลัง] ทีอีเอ บุกไข่มุกขาว ในน้ําเชื่อม บรรจุ (800 กรัม) x 14 ถุง,3-7 วัน,฿,"1,228.",00,"฿ 1,310.00",-6%,
https://www.makro.pro/th/p/RzpGieO-975194072862236?info=JTdCJTIyaW5kZXhDbGlja2VkJTIyJTNBMTcxJTdE,https://images.mango-prod.siammakro.cloud/SOURCE/ee2e48f972f84806b752245cc98efbdd,ซื้ออย่างน้อย 1000฿ ลดเพิ่ม 50฿,+1,Van Houten แวนเฮาเตนมิลค์ช็อกโกแลต29.5% 1 กก.,3-7 วัน,฿,654.,00,฿ 760.00,-13%,
https://www.makro.pro/th/p/3i_vDnu-181847607626264?info=JTdCJTIyaW5kZXhDbGlja2VkJTIyJTNBMTcyJTdE,https://images.mango-prod.siammakro.cloud/SOURCE/31994342df1e4f72a6e286b76b8b1269,,,ทีอีเอ ผงวุ้นไอโยว ขนาด (100 กรัม) x 6 ถุง,3-7 วัน,฿,428.,00,฿ 478.00,-10%,
https://www.makro.pro/th/p/LL3U9Gp-904752558462118?info=JTdCJTIyaW5kZXhDbGlja2VkJTIyJTNBMTczJTdE,https://images.mango-prod.siammakro.cloud/SOURCE/02aa3f714fa746f2bb797add5c1e064b,,,ลองบีชครีมเมอร์ ขนาด 1000 กรัม LongBeach Non-Dairy Creamer 1000 g.,3-7 วัน,"฿

96.

00",฿,00,,,
https://www.makro.pro/th/p/uazdM5q-724651006276017?info=JTdCJTIyaW5kZXhDbGlja2VkJTIyJTNBMTc0JTdE,https://images.mango-prod.siammakro.cloud/SOURCE/c30b6abe9d814351939530b0bbfe31f4,,,"ทีอีเอ ถั่วแดงกวน อะซึกิ แบบสําเร็จรูป บรรจุ (1,000 กรัม) x 6 ถุง",3-7 วัน,฿,"1,128.",00,"฿ 1,230.00",-8%,
https://www.makro.pro/th/p/t8J4tB8-717174932350868?info=JTdCJTIyaW5kZXhDbGlja2VkJTIyJTNBMTc1JTdE,https://images.mango-prod.siammakro.cloud/SOURCE/d0933fff8bc747818300a4ae577342f5,,,"ทีอีเอ ถั่วแดงกวน อะซึกิ แบบสําเร็จรูป บรรจุ (1,000 กรัม) x 3 ถุง",3-7 วัน,฿,588.,00,฿ 632.00,-6%,
https://www.makro.pro/th/p/76dk3e2-702214297080334?info=JTdCJTIyaW5kZXhDbGlja2VkJTIyJTNBMTc2JTdE,https://images.mango-prod.siammakro.cloud/SOURCE/087b4ff0aeca475483f4a9af68a9176b,,,ยกลัง ผงฟู กระป๋อง ขนาด 1000 กรัม 1 ลัง บรรจุ 6 กระป๋อง สูตร ดับเบิ้ลแอ็คติ้ง เบสท์โอเดอร์ กระปุก,7-14 วัน,฿,910.,00,฿ 930.00,-2%,
https://www.makro.pro/th/p/0Ecw6fl-173096841094820?info=JTdCJTIyaW5kZXhDbGlja2VkJTIyJTNBMTc3JTdE,https://images.mango-prod.siammakro.cloud/SOURCE/07498a35c75a41c8803fad8fc0887319,,,Best odour ผงฟู สูตร ดับเบิ้ลแอ็คติ้ง ตรา เบสท์โอเดอร์ ขนาด 1000 กรัม กระป๋อง Baking powder double acting,7-14 วัน,฿,150.,00,฿ 160.00,-6%,
https://www.makro.pro/th/p/XyR8jY6-330892303124646?info=JTdCJTIyaW5kZXhDbGlja2VkJTIyJTNBMTc4JTdE,https://images.mango-prod.siammakro.cloud/SOURCE/d3a0d846fb10441bb04ecb06cab20843,ซื้ออย่างน้อย 1000฿ ลดเพิ่ม 50฿,+1,มูลังบอจัวร์ แป้งฝรั่งเศส กรูยู T55 25 กก.,3-7 วัน,฿,"2,338.",00,"฿ 2,750.00",-14%,
https://www.makro.pro/th/p/BTlFpJM-818688154352710?info=JTdCJTIyaW5kZXhDbGlja2VkJTIyJTNBMTc5JTdE,https://images.mango-prod.siammakro.cloud/SOURCE/4ef80c293f18404fb195cc1b0138f931,ซื้ออย่างน้อย 1000฿ ลดเพิ่ม 50฿,+1,มูลังบอจัวร์ แป้งฝรั่งเศส ที 45 สําหรับอบขนม 25 กก.,3-7 วัน,฿,"1,961.",00,"฿ 2,280.00",-13%,
https://www.makro.pro/th/p/QKciV0k-764261618607449?info=JTdCJTIyaW5kZXhDbGlja2VkJTIyJTNBMTgwJTdE,https://images.mango-prod.siammakro.cloud/SOURCE/c1c0e1caf9594ff79a0c40d201ff884f,,,โกโก้ผง ตราโกโก้ดัทช์ ช้อยส์ ดาร์ก ขนาด 420 กรัม (แพ็กคู่),3-5 วัน,฿,379.,00,฿ 468.00,-19%,
https://www.makro.pro/th/p/7MqjhLs-491982287758377?info=JTdCJTIyaW5kZXhDbGlja2VkJTIyJTNBMTgxJTdE,https://images.mango-prod.siammakro.cloud/SOURCE/5bbb4be2ae7b421f8ac0fc1c9b7c3068,,,ยกลัง ผงฟู สูตร ดับเบิ้ลแอ็คติ้ง ตรา เบสท์โอเดอร์ ขนาด 500 กรัม แบบ กระป๋อง กระปุก Baking powder double acting 500g เค้ก ขนม ค,7-14 วัน,฿,"1,010.",00,"฿ 1,020.00",2+ units,
https://www.makro.pro/th/p/ix5tlup-7275731779779?info=JTdCJTIyaW5kZXhDbGlja2VkJTIyJTNBMTgyJTdE,https://images.mango-prod.siammakro.cloud/product-images/7275731779779-456a508e-6c09-4d1e-a324-fb799ce943f4.jpeg?imageMogr2/thumbnail/300x300,ซื้อ 599฿ รับส่วนลด 33฿,+2,โอวัลติน ช็อกโกแลต ท็อปปิ้ง เฟลค 450 ก.,สั่งเช้า ส่งเย็น,฿,109.,00,฿ 115.00,-5%,สินค้าหมด
https://www.makro.pro/th/p/xwwr6yk-7497502458051?info=JTdCJTIyaW5kZXhDbGlja2VkJTIyJTNBMTgzJTdE,https://images.mango-prod.siammakro.cloud/SOURCE/91ba8adf219b45ba81d99d717b8c093b,"ซื้อ 1,200฿ ได้รับ 20 พอยท์",,ยูยี โค๊ตติ้งช็อกโกแลตไวท์ 1000 กรัม,สั่งเช้า ส่งเย็น,"฿

115.00",฿,,,,สินค้าหมด
https://www.makro.pro/th/p/d7l3npx-6974680301763?info=JTdCJTIyaW5kZXhDbGlja2VkJTIyJTNBMTg0JTdE,https://images.mango-prod.siammakro.cloud/SOURCE/e402966af06942a8b168a39eac2ae77d,"ซื้อ 1,200฿ ได้รับ 20 พอยท์",,ไวเดอร์เนส บลูเบอร์รี่พาย 595 ก.,สั่งเช้า ส่งเย็น,"฿

295.00",฿,,,,สินค้าหมด
https://www.makro.pro/th/p/i5uti48-7497575235779?info=JTdCJTIyaW5kZXhDbGlja2VkJTIyJTNBMTg1JTdE,https://images.mango-prod.siammakro.cloud/SOURCE/9aa4d718731a4371b2d1cf92e3c6c54d,"ซื้อ 1,200฿ ได้รับ 20 พอยท์",,เดลีซัน แผ่นแป้งธัญพืช 9 นิ้ว 360 กรัม,สั่งเช้า ส่งเย็น,"฿

105.00",฿,,,,สินค้าหมด
https://www.makro.pro/th/p/46r5p69-7196398387395?info=JTdCJTIyaW5kZXhDbGlja2VkJTIyJTNBMTg2JTdE,https://images.mango-prod.siammakro.cloud/SOURCE/2817b47acf6b4b08913e5f9efb448c37,"ซื้อ 1,200฿ ได้รับ 20 พอยท์",,ตราช้าง ช็อกโกเรนโบว์ไรซ์ 1 กก.,สั่งเช้า ส่งเย็น,"฿

175.00",฿,,,,สินค้าหมด
https://www.makro.pro/th/p/6z-cuj7-7497569796291?info=JTdCJTIyaW5kZXhDbGlja2VkJTIyJTNBMTg3JTdE,https://images.mango-prod.siammakro.cloud/SOURCE/401ac5a4b55e45978338e126d2bfdf65,"ซื้อ 1,200฿ ได้รับ 20 พอยท์",,เดลีซัน แผ่นแป้งดั้งเดิม 9 นิ้ว 360 กรัม,สั่งเช้า ส่งเย็น,"฿

105.00",฿,,,,สินค้าหมด
https://www.makro.pro/th/p/cqi15o8-7196412608707?info=JTdCJTIyaW5kZXhDbGlja2VkJTIyJTNBMTg4JTdE,https://images.mango-prod.siammakro.cloud/product-images/7196412608707-f274d132-12f4-4305-b8da-61f8bf14f431.jpeg?imageMogr2/thumbnail/300x300,"ซื้อ 1,200฿ ได้รับ 20 พอยท์",,เฮอร์ชีส์ เซมิสวีทช็อกโกแลต 285 ก.,สั่งเช้า ส่งเย็น,฿,185.,00,฿ 195.00,-5%,สินค้าหมด
https://www.makro.pro/th/p/jc8oons-7497527132355?info=JTdCJTIyaW5kZXhDbGlja2VkJTIyJTNBMTg5JTdE,https://images.mango-prod.siammakro.cloud/SOURCE/c14b8e43eda442d19ac0d55c0feeee25,"ซื้อ 1,200฿ ได้รับ 20 พอยท์",,ใบไม้ทอง ไขมันพืชผสม 1 กิโลกรัม,สั่งเช้า ส่งเย็น,"฿

90.00",฿,,,,สินค้าหมด
https://www.makro.pro/th/p/gw3qk7x-7497487974595?info=JTdCJTIyaW5kZXhDbGlja2VkJTIyJTNBMTkwJTdE,https://images.mango-prod.siammakro.cloud/SOURCE/0123342cb91343c0b5d169080efbfc6a,"ซื้อ 1,200฿ ได้รับ 20 พอยท์",,เดลิซัน แผ่นแป้งดั้งเดิม 7.5 นิ้ว 320 ก.,สั่งเช้า ส่งเย็น,"฿

105.00",฿,,,,สินค้าหมด
https://www.makro.pro/th/p/nkpEsnN-200363947183954?info=JTdCJTIyaW5kZXhDbGlja2VkJTIyJTNBMTkxJTdE,https://images.mango-prod.siammakro.cloud/SOURCE/590e8bd8298c446493738e44a7a631f2,"ซื้อ 1,200฿ ได้รับ 20 พอยท์",,มิชชั่น แรพส์ พิต้าเพลน 400 ก.,สั่งเช้า ส่งเย็น,"฿

115.00",฿,,,,สินค้าหมด
https://www.makro.pro/th/p/orT2UfPY-169980024839483?info=JTdCJTIyaW5kZXhDbGlja2VkJTIyJTNBMTkyJTdE,https://images.mango-prod.siammakro.cloud/product-images/169980024839483-747ccc39-f7b9-4022-979d-ad562d4d7380.jpeg?imageMogr2/thumbnail/300x300,,,โกโก้ดัทช์ ผงโกโก้ 3อิน1 22 ก. x 25,สั่งเช้า ส่งเย็น,฿,199.,00,฿ 230.00,-13%,สินค้าหมด
https://www.makro.pro/th/p/gregzdr-7248048324803?info=JTdCJTIyaW5kZXhDbGlja2VkJTIyJTNBMTkzJTdE,https://images.mango-prod.siammakro.cloud/SOURCE/44615db1e37c4094a5d42353d76dbfc5,"ซื้อ 1,200฿ ได้รับ 20 พอยท์",,เดลิซัน แผ่นแป้งมินิ 5.5 นิ้ว 250 ก.,สั่งเช้า ส่งเย็น,"฿

95.00",฿,,,,สินค้าหมด
https://www.makro.pro/th/p/q0msspi-7497420112067?info=JTdCJTIyaW5kZXhDbGlja2VkJTIyJTNBMTk0JTdE,https://images.mango-prod.siammakro.cloud/SOURCE/38833270ac4c488ea10b58a26d17b88b,"ซื้อ 1,200฿ ได้รับ 20 พอยท์",,เดลีซัน แผ่นแป้งธัญพืช 5.5 นิ้ว 250 กรัม,สั่งเช้า ส่งเย็น,"฿

95.00",฿,,,,สินค้าหมด
https://www.makro.pro/th/p/vUa1TkR-436292029639031?info=JTdCJTIyaW5kZXhDbGlja2VkJTIyJTNBMTk1JTdE,https://images.mango-prod.siammakro.cloud/SOURCE/ffffabc732534c20a59eff31c6df04d4,"ซื้อ 1,200฿ ได้รับ 20 พอยท์",,มิชชั่น แรพส์ โปรตีน แรปส์ โฮลมีล 360ก. X 1,สั่งเช้า ส่งเย็น,"฿

130.00",฿,,,,สินค้าหมด
https://www.makro.pro/th/p/1ukqzkg-7499672420547?info=JTdCJTIyaW5kZXhDbGlja2VkJTIyJTNBMTk2JTdE,https://images.mango-prod.siammakro.cloud/product-images/7499672420547-86d13c63-cec7-40b3-8400-8cf0c5b32764.jpeg?imageMogr2/thumbnail/300x300,"ซื้อ 1,200฿ ได้รับ 20 พอยท์",,แวนฮูเต็น อินเทนส์ ดาร์คคอมพาวด์ ช็อกโกแลตบล็อก 1 กก.,สั่งเช้า ส่งเย็น,฿,195.,00,฿ 200.00,-2%,สินค้าหมด
https://www.makro.pro/th/p/59qb5xz-7497581232323?info=JTdCJTIyaW5kZXhDbGlja2VkJTIyJTNBMTk3JTdE,https://images.mango-prod.siammakro.cloud/SOURCE/73858ebdd67547aa87da6e5e398dcca5,"ซื้อ 1,200฿ ได้รับ 20 พอยท์",,เดลีซัน แผ่นแป้งเมล็ดเจียและแฟลกซ์ 9 นิ้ว 360 กรัม,สั่งเช้า ส่งเย็น,"฿

115.00",฿,,,,สินค้าหมด
https://www.makro.pro/th/p/h9qa7aj-7497377087683?info=JTdCJTIyaW5kZXhDbGlja2VkJTIyJTNBMTk4JTdE,https://images.mango-prod.siammakro.cloud/SOURCE/2453827d467b4f0f8916ec8a1554af03,"ซื้อ 1,200฿ ได้รับ 20 พอยท์",,เดลิซัน แผ่นแป้งข้าวโพด 9 นิ้ว 360 ก.,สั่งเช้า ส่งเย็น,"฿

95.00",฿,,,,สินค้าหมด
https://www.makro.pro/th/p/xolpSdcF-770603773725084?info=JTdCJTIyaW5kZXhDbGlja2VkJTIyJTNBMTk5JTdE,https://images.mango-prod.siammakro.cloud/product-images/770603773725084-a9a4806c-0021-42d1-bcf9-ca915a9dc500.jpeg?imageMogr2/thumbnail/300x300,"ซื้อ 1,200฿ ได้รับ 20 พอยท์",,มาร์ชี่ส์ มินิ ทวิสต์ พิงค์แอนด์ไวท์ 150 ก.,สั่งเช้า ส่งเย็น,"฿

42.00",฿,,,,สินค้าหมด
https://www.makro.pro/th/p/18ce9a3-7497487450307?info=JTdCJTIyaW5kZXhDbGlja2VkJTIyJTNBMjAwJTdE,https://images.mango-prod.siammakro.cloud/SOURCE/698f690b41d34021a71e7a625f23d180,"ซื้อ 1,200฿ ได้รับ 20 พอยท์",,เดลิซัน แผ่นแป้งเพียดิน่า 9 นิ้ว 320 ก.,สั่งเช้า ส่งเย็น,"฿

145.00",฿,,,,สินค้าหมด
https://www.makro.pro/th/p/4lkSoM4N-833812060202849?info=JTdCJTIyaW5kZXhDbGlja2VkJTIyJTNBMjAxJTdE,https://images.mango-prod.siammakro.cloud/product-images/833812060202849-534b787f-09c2-484d-b19f-69ec0dce24ed.jpeg?imageMogr2/thumbnail/300x300,"ซื้อ 1,200฿ ได้รับ 20 พอยท์",,แวนฮูเต็น ดาร์ค ช็อกโกแลต คูเวอร์เจอร์ แบบเหรียญ 53% 1 กก.,สั่งเช้า ส่งเย็น,฿,570.,00,฿ 590.00,-3%,สินค้าหมด
https://www.makro.pro/th/p/hhzkzes-7497450684611?info=JTdCJTIyaW5kZXhDbGlja2VkJTIyJTNBMjAyJTdE,https://images.mango-prod.siammakro.cloud/product-images/7497450684611-37d3cd51-9c2a-432f-b456-08bb5e6d5735.jpeg?imageMogr2/thumbnail/300x300,,,แป้งทาโกะยากิ/โอโคโนมิยากิ 1 กิโลกรัม,สั่งเช้า ส่งเย็น,"฿

143.00",฿,,,,สินค้าหมด
https://www.makro.pro/th/p/C9__SQe-515179718110489?info=JTdCJTIyaW5kZXhDbGlja2VkJTIyJTNBMjAzJTdE,https://images.mango-prod.siammakro.cloud/SOURCE/32be854a8bf74da1bb4365fb20c62079,,,ปานิปูริ แผ่นแป้งทอด 1,สั่งเช้า ส่งเย็น,"฿

135.00",฿,,,,สินค้าหมด
https://www.makro.pro/th/p/wKbD3wV-443149576238009?info=JTdCJTIyaW5kZXhDbGlja2VkJTIyJTNBMjA0JTdE,https://images.mango-prod.siammakro.cloud/SOURCE/fcad5b9edd9e46cabddd01b3c9936ba0,ซื้ออย่างน้อย 1000฿ ลดเพิ่ม 50฿,+1,โพลเซลลี แป้งพิซซ่า ฟารินา คลาสซิกา 5 กก.,3-7 วัน,฿,289.,00,฿ 340.00,-15%,สินค้าหมด
https://www.makro.pro/th/p/1XjHSaQ-843758706421858?info=JTdCJTIyaW5kZXhDbGlja2VkJTIyJTNBMjA1JTdE,https://images.mango-prod.siammakro.cloud/product-images/843758706421858-d5f90924-1444-461a-a129-e63295702612.jpeg?imageMogr2/thumbnail/300x300,,,โดซองต์แช่แข็ง 25 ก. 120 ชิ้น,สั่งเช้า ส่งเย็น,"฿

606.00",฿,,,,สินค้าหมด
https://www.makro.pro/th/p/q861o0R-336101118872149?info=JTdCJTIyaW5kZXhDbGlja2VkJTIyJTNBMjA2JTdE,https://images.mango-prod.siammakro.cloud/SOURCE/61ebc5f48d494501a963316567067b1d,ซื้ออย่างน้อย 1000฿ ลดเพิ่ม 50฿,,Van Houten แวนเฮาเตนดาร์คช็อกโกแลต 53% 1 กก.,3-7 วัน,฿,637.,00,฿ 740.00,-13%,สินค้าหมด
https://www.makro.pro/th/p/gC8amhF-703023260405688?info=JTdCJTIyaW5kZXhDbGlja2VkJTIyJTNBMjA3JTdE,https://images.mango-prod.siammakro.cloud/SOURCE/a18a016ccc20456f99c74287c5e81800,ซื้ออย่างน้อย 1000฿ ลดเพิ่ม 50฿,+1,Van Houten Professional แวนเฮาเตน คลาสสิกไวท์คอมพาวคอย 1 กก.,3-7 วัน,฿,200.,00,฿ 235.00,-14%,สินค้าหมด
https://www.makro.pro/th/p/7ia80C5-851595211073528?info=JTdCJTIyaW5kZXhDbGlja2VkJTIyJTNBMjA4JTdE,https://images.mango-prod.siammakro.cloud/SOURCE/dbc86de564f44c5d98af48dfba28c332,ซื้ออย่างน้อย 1000฿ ลดเพิ่ม 50฿,+1,ShineRoad Tart Filling น้ําทาร์ตไชน์โรด 454 กรัม,3-7 วัน,฿,50.,00,฿ 113.00,-55%,สินค้าหมด
https://www.makro.pro/th/p/C826OX0-289291678735832?info=JTdCJTIyaW5kZXhDbGlja2VkJTIyJTNBMjA5JTdE,https://images.mango-prod.siammakro.cloud/SOURCE/5e077c7f6570496e918c8af442e570ab,,,"ทีอีเอ ไข่มุกบุกคริสตัล รสบราวน์ชูก้าร์ ขนาด 1,000 กรัม",3-7 วัน,"฿

188.00",฿,,,,สินค้าหมด
https://www.makro.pro/th/p/VOgeJmS-787084197299887?info=JTdCJTIyaW5kZXhDbGlja2VkJTIyJTNBMjEwJTdE,https://images.mango-prod.siammakro.cloud/SOURCE/4706fa7e8e2a46b49df6b86397e4fbe8,ซื้ออย่างน้อย 1000฿ ลดเพิ่ม 50฿,+1,Van Houten Professional แวนเฮาเตนไวท์คอมพาวด์คอยน์ 1 กก.,3-7 วัน,฿,246.,00,฿ 285.00,-13%,สินค้าหมด
https://www.makro.pro/th/p/jq5-9bz-566814971807741?info=JTdCJTIyaW5kZXhDbGlja2VkJTIyJTNBMjExJTdE,https://images.mango-prod.siammakro.cloud/SOURCE/76b79b10d09941d09b8dd63715a80262,,,Nurmaya INSTANT DRY YEAST 100% ยีสต์ ผสมเบเกอรี่ หมัก ขนมปัง เนอมายา ขนาด 500 กรัม,7-14 วัน,"฿

105.00",฿,,,,สินค้าหมด
https://www.makro.pro/th/p/L4NaDDQ-643856144533385?info=JTdCJTIyaW5kZXhDbGlja2VkJTIyJTNBMjEyJTdE,https://images.mango-prod.siammakro.cloud/SOURCE/d7d5a72831b049b4847f0efaef265060,ซื้ออย่างน้อย 1000฿ ลดเพิ่ม 50฿,+1,Van Houten SemiSweetDarkCompoundBlock แวนเฮาเตนเซมิสวีทดาร์คคอมพาวบล็อค 1 กก.,3-7 วัน,฿,213.,00,฿ 250.00,-14%,สินค้าหมด
https://www.makro.pro/th/p/qxymw_a-7196694839491?info=JTdCJTIyaW5kZXhDbGlja2VkJTIyJTNBMjEzJTdE,https://images.mango-prod.siammakro.cloud/SOURCE/ca19991a54214f6ab18e56b4f4e02b2c,,,บีไอเอฟ WAFFLE MIX 12x400 G.,1-3 วัน,"฿

580.00",฿,,,,สินค้าหมด
https://www.makro.pro/th/p/LJJjb09-122195559427286?info=JTdCJTIyaW5kZXhDbGlja2VkJTIyJTNBMjE0JTdE,https://images.mango-prod.siammakro.cloud/SOURCE/8aa183109a5f4001821540dd04f591cb,,,ยกลัง วานิลลาผง ขนาด 500 กรัม 1 ลัง บรรจุ 12 กระป๋อง ขนม เบเกอรี่ เบสท์โอเดอร์ กระป๋อง วนิลลา ผง,7-14 วัน,"฿

1,920.00",฿,,,,สินค้าหมด
https://www.makro.pro/th/p/oo5iG-p-278685246616277?info=JTdCJTIyaW5kZXhDbGlja2VkJTIyJTNBMjE1JTdE,https://images.mango-prod.siammakro.cloud/SOURCE/c4a5488659244ea1b1bfbc23169ab5a4,,,ยกลัง วานิลลาผง ขนาด 1000 กรัม 1 ลัง บรรจุ 6 กระป๋อง ขนม เบเกอรี่ เบสท์โอเดอร์ กระป๋อง วนิลลา ผง,7-14 วัน,"฿

1,920.00",฿,,,,สินค้าหมด
https://www.makro.pro/th/p/giTAf2p-181412522255952?info=JTdCJTIyaW5kZXhDbGlja2VkJTIyJTNBMjE2JTdE,https://images.mango-prod.siammakro.cloud/SOURCE/56709735a66f4ae9bd60c94aa4c24f6c,,,Best odour วานิลลา ผง ใส่ขนม เบเกอรี่ ขนาด 1000 กรัม เบสท์โอเดอร์ กระป๋อง วนิลลา วนิลา,7-14 วัน,"฿

350.00",฿,,,,สินค้าหมด
https://www.makro.pro/th/p/mUgOBoC-561187292005831?info=JTdCJTIyaW5kZXhDbGlja2VkJTIyJTNBMjE3JTdE,https://images.mango-prod.siammakro.cloud/SOURCE/a0b4bb7407a64a949875d1b5ea7c8630,,,Unclebarns เวย์ มิลค์ พาวเดอร์ ทํา เบเกอรี่ ขนม (Whey Milk Powder) ตรา อังเคิลบาร์นส์ ขนาด 500 กรัม,7-14 วัน,"฿

65.00",฿,,,,สินค้าหมด
https://www.makro.pro/th/p/2zmRdM3-611446144033128?info=JTdCJTIyaW5kZXhDbGlja2VkJTIyJTNBMjE4JTdE,https://images.mango-prod.siammakro.cloud/SOURCE/34bcf627b24545abb0d79278918ba448,ซื้ออย่างน้อย 1000฿ ลดเพิ่ม 50฿,+1,เอเล่แอนด์เวียร์ คุกกิ้งครีม 200 มล.,3-7 วัน,฿,136.,00,฿ 146.00,-6%,สินค้าหมด
https://www.makro.pro/th/p/9TnOfrk-352898727250928?info=JTdCJTIyaW5kZXhDbGlja2VkJTIyJTNBMjE5JTdE,https://images.mango-prod.siammakro.cloud/SOURCE/155e17111d7146ffab6bea35937cc336,,,Best odour วานิลลา ผง หอม หวาน อร่อย เบสโอเดอร์ ทําเบเกอรี่ ขนาด 500กรัม กระป๋อง วนิลา วานิลา,7-14 วัน,฿,185.,00,฿ 200.00,-7%,สินค้าหมด
https://www.makro.pro/th/p/4dRHpJb-127447787012789?info=JTdCJTIyaW5kZXhDbGlja2VkJTIyJTNBMjIwJTdE,https://images.mango-prod.siammakro.cloud/SOURCE/54c8d4c9cafb4a76af6590909cb9f55b,,,ยกลัง ยีสต์ ขนาด 500 กรัม 1 ลังบรรจุ 20 ถุง ผสมเบเกอรี่ ยีสต์จืด หมัก ขนมปัง เนอมายา,7-14 วัน,"฿

2,000.00",฿,,,,สินค้าหมด
