MuiBox-root href,MuiBox-root src,MuiBox-root,css-1n8x1y2,MuiTypography-root (2),MuiTypography-root (3),MuiTypography-root (4),MuiTypography-root (5),MuiTypography-root (6),MuiTypography-root (7),MuiTypography-root (8),MuiBox-root (2),MuiBox-root (3)
https://www.makro.pro/th/p/8i3v5a4-6974683414723?info=JTdCJTIycGFnZVNsdWclMjIlM0ElMjJGcmVzaCUyME92ZXJsb2FkJTIwJTdDJTIwQnJlYWRzJTIwJTI2JTIwQmFrZXJ5JTJGMTkwNTclMjIlMkMlMjJjYXJvdXNlbE5hbWUlMjIlM0ElMjIlMjIlMkMlMjJjb2xsZWN0aW9uSWQlMjIlM0ElMjIxOTA1NyUyMiU3RA,https://images.mango-prod.siammakro.cloud/product-images/6974683414723-3e50ee06-ef65-4044-ae6b-2057557db618.jpeg?imageMogr2/thumbnail/300x300,"ซื้อ 1,200฿ ได้รับ 20 พอยท์",ฟาร์มเฮ้าส์ ขนมปังแซนวิช 480 ก.,฿,38.,00,฿ 40.00,5+ units,-5%,,,
https://www.makro.pro/th/p/cztavlv-7275732730051?info=JTdCJTIycGFnZVNsdWclMjIlM0ElMjJGcmVzaCUyME92ZXJsb2FkJTIwJTdDJTIwQnJlYWRzJTIwJTI2JTIwQmFrZXJ5JTJGMTkwNTclMjIlMkMlMjJjYXJvdXNlbE5hbWUlMjIlM0ElMjIlMjIlMkMlMjJjb2xsZWN0aW9uSWQlMjIlM0ElMjIxOTA1NyUyMiUyQyUyMmluZGV4Q2xpY2tlZCUyMiUzQTElN0Q,https://images.mango-prod.siammakro.cloud/SOURCE/f32e2835935a434a910fe98e7ef96d32,"ซื้อ 1,200฿ ได้รับ 20 พอยท์",เอโร่ โกลด์ ขนมปังกระโหลก 540 ก.,฿,37.,00,฿ 40.00,4 - 7 units,-7%,1 Option,,
https://www.makro.pro/th/p/v_lbxp5-7275732697283?info=JTdCJTIycGFnZVNsdWclMjIlM0ElMjJGcmVzaCUyME92ZXJsb2FkJTIwJTdDJTIwQnJlYWRzJTIwJTI2JTIwQmFrZXJ5JTJGMTkwNTclMjIlMkMlMjJjYXJvdXNlbE5hbWUlMjIlM0ElMjIlMjIlMkMlMjJjb2xsZWN0aW9uSWQlMjIlM0ElMjIxOTA1NyUyMiUyQyUyMmluZGV4Q2xpY2tlZCUyMiUzQTIlN0Q,https://images.mango-prod.siammakro.cloud/product-images/7275732697283-afc62bdd-0017-44f8-93d6-175402b7cd79.jpeg?imageMogr2/thumbnail/300x300,"ซื้อ 1,200฿ ได้รับ 20 พอยท์",เอโร่ โกลด์ ขนมปังบันเบอร์เกอร์ 60 ก. x 6,฿,33.,00,฿ 36.00,4 - 7 units,-8%,,,
https://www.makro.pro/th/p/kbxezkt-7275732467907?info=JTdCJTIycGFnZVNsdWclMjIlM0ElMjJGcmVzaCUyME92ZXJsb2FkJTIwJTdDJTIwQnJlYWRzJTIwJTI2JTIwQmFrZXJ5JTJGMTkwNTclMjIlMkMlMjJjYXJvdXNlbE5hbWUlMjIlM0ElMjIlMjIlMkMlMjJjb2xsZWN0aW9uSWQlMjIlM0ElMjIxOTA1NyUyMiUyQyUyMmluZGV4Q2xpY2tlZCUyMiUzQTMlN0Q,https://images.mango-prod.siammakro.cloud/SOURCE/a0cdcface3c54c82a3630b70e83fcaf4,"ซื้อ 1,200฿ ได้รับ 20 พอยท์",เอโร่ โกลด์ ขนมปังแซนด์วิช 600 ก.,฿,37.,00,฿ 40.00,4 - 7 units,-7%,1 Option,,
https://www.makro.pro/th/p/tpAuUiw0-260092364336550?info=JTdCJTIycGFnZVNsdWclMjIlM0ElMjJGcmVzaCUyME92ZXJsb2FkJTIwJTdDJTIwQnJlYWRzJTIwJTI2JTIwQmFrZXJ5JTJGMTkwNTclMjIlMkMlMjJjYXJvdXNlbE5hbWUlMjIlM0ElMjIlMjIlMkMlMjJjb2xsZWN0aW9uSWQlMjIlM0ElMjIxOTA1NyUyMiUyQyUyMmluZGV4Q2xpY2tlZCUyMiUzQTQlN0Q,https://images.mango-prod.siammakro.cloud/product-images/260092364336550-f91aa4f8-3dbb-49ba-b122-ee4f7c0eeeff.jpeg?imageMogr2/thumbnail/300x300,"ซื้อ 1,200฿ ได้รับ 20 พอยท์",เค้กกล้วยหอมครีมชีสนูเทลล่า 360 ก.,"฿

139.

00",฿,00,,,,,,
https://www.makro.pro/th/p/IV7vqay--593774894402845?info=JTdCJTIycGFnZVNsdWclMjIlM0ElMjJGcmVzaCUyME92ZXJsb2FkJTIwJTdDJTIwQnJlYWRzJTIwJTI2JTIwQmFrZXJ5JTJGMTkwNTclMjIlMkMlMjJjYXJvdXNlbE5hbWUlMjIlM0ElMjIlMjIlMkMlMjJjb2xsZWN0aW9uSWQlMjIlM0ElMjIxOTA1NyUyMiUyQyUyMmluZGV4Q2xpY2tlZCUyMiUzQTUlN0Q,https://images.mango-prod.siammakro.cloud/product-images/593774894402845-1aeda4ab-2d94-4617-ac27-9f2c1a0d2759.jpeg?imageMogr2/thumbnail/300x300,ซื้อ 2 จ่าย 1,เอโร่ โกลด์ เค้กกล้วยหอมครีมชีส 340 ก.,"฿

99.

00",฿,00,,,,,+1,
https://www.makro.pro/th/p/5dtgvvm-6974682497219?info=JTdCJTIycGFnZVNsdWclMjIlM0ElMjJGcmVzaCUyME92ZXJsb2FkJTIwJTdDJTIwQnJlYWRzJTIwJTI2JTIwQmFrZXJ5JTJGMTkwNTclMjIlMkMlMjJjYXJvdXNlbE5hbWUlMjIlM0ElMjIlMjIlMkMlMjJjb2xsZWN0aW9uSWQlMjIlM0ElMjIxOTA1NyUyMiUyQyUyMmluZGV4Q2xpY2tlZCUyMiUzQTYlN0Q,https://images.mango-prod.siammakro.cloud/product-images/6974682497219-8c2cc17f-a1a7-4f76-b7e1-539119bcdf02.jpeg?imageMogr2/thumbnail/300x300,"ซื้อ 1,200฿ ได้รับ 20 พอยท์",ฟาร์มเฮ้าส์ ขนมปังสไลด์ตัดขอบ 220 ก.,"฿

30.

00",฿,00,,,,,,
https://www.makro.pro/th/p/87K067J-469997477298045?info=JTdCJTIycGFnZVNsdWclMjIlM0ElMjJGcmVzaCUyME92ZXJsb2FkJTIwJTdDJTIwQnJlYWRzJTIwJTI2JTIwQmFrZXJ5JTJGMTkwNTclMjIlMkMlMjJjYXJvdXNlbE5hbWUlMjIlM0ElMjIlMjIlMkMlMjJjb2xsZWN0aW9uSWQlMjIlM0ElMjIxOTA1NyUyMiUyQyUyMmluZGV4Q2xpY2tlZCUyMiUzQTclN0Q,https://images.mango-prod.siammakro.cloud/SOURCE/b26b32b0b83849948663e0358731ee78,"ซื้อ 1,200฿ ได้รับ 20 พอยท์",เอโร่ ขนมปังกระเทียมชีส 320 ก.,"฿

95.

00",฿,00,,,,,,
https://www.makro.pro/th/p/-yyszo5-6974478745795?info=JTdCJTIycGFnZVNsdWclMjIlM0ElMjJGcmVzaCUyME92ZXJsb2FkJTIwJTdDJTIwQnJlYWRzJTIwJTI2JTIwQmFrZXJ5JTJGMTkwNTclMjIlMkMlMjJjYXJvdXNlbE5hbWUlMjIlM0ElMjIlMjIlMkMlMjJjb2xsZWN0aW9uSWQlMjIlM0ElMjIxOTA1NyUyMiUyQyUyMmluZGV4Q2xpY2tlZCUyMiUzQTglN0Q,https://images.mango-prod.siammakro.cloud/product-images/6974478745795-708c9951-623e-4da4-af37-66e90e169765.jpeg?imageMogr2/thumbnail/300x300,"ซื้อ 1,200฿ ได้รับ 20 พอยท์",อัลเฟรโด แป้งพิซซ่า แบบบาง 225 ก.,"฿

55.

00",฿,00,,,,,,
https://www.makro.pro/th/p/zywysqg-7243311186115?info=JTdCJTIycGFnZVNsdWclMjIlM0ElMjJGcmVzaCUyME92ZXJsb2FkJTIwJTdDJTIwQnJlYWRzJTIwJTI2JTIwQmFrZXJ5JTJGMTkwNTclMjIlMkMlMjJjYXJvdXNlbE5hbWUlMjIlM0ElMjIlMjIlMkMlMjJjb2xsZWN0aW9uSWQlMjIlM0ElMjIxOTA1NyUyMiUyQyUyMmluZGV4Q2xpY2tlZCUyMiUzQTklN0Q,https://images.mango-prod.siammakro.cloud/product-images/7243311186115-8a2e5675-1cd4-4c6f-adcc-dc3e4065c9af.jpeg?imageMogr2/thumbnail/300x300,"ซื้อ 1,200฿ ได้รับ 20 พอยท์",เอโร่ ฮันนี่โทสต์ 520 ก.,"฿

90.

00",฿,00,,,,,,
https://www.makro.pro/th/p/8shMNF9-32811794102281?info=JTdCJTIycGFnZVNsdWclMjIlM0ElMjJGcmVzaCUyME92ZXJsb2FkJTIwJTdDJTIwQnJlYWRzJTIwJTI2JTIwQmFrZXJ5JTJGMTkwNTclMjIlMkMlMjJjYXJvdXNlbE5hbWUlMjIlM0ElMjIlMjIlMkMlMjJjb2xsZWN0aW9uSWQlMjIlM0ElMjIxOTA1NyUyMiUyQyUyMmluZGV4Q2xpY2tlZCUyMiUzQTEwJTdE,https://images.mango-prod.siammakro.cloud/SOURCE/27a81d3c15014d27bf3587b70a637d1b,"ซื้อ 1,200฿ ได้รับ 20 พอยท์",เอโร่ โกลด์ บันการ์ลิคครีมชีส 540 ก.,"฿

250.

00",฿,00,,,,,,
https://www.makro.pro/th/p/569m8c3-7196408053955?info=JTdCJTIycGFnZVNsdWclMjIlM0ElMjJGcmVzaCUyME92ZXJsb2FkJTIwJTdDJTIwQnJlYWRzJTIwJTI2JTIwQmFrZXJ5JTJGMTkwNTclMjIlMkMlMjJjYXJvdXNlbE5hbWUlMjIlM0ElMjIlMjIlMkMlMjJjb2xsZWN0aW9uSWQlMjIlM0ElMjIxOTA1NyUyMiUyQyUyMmluZGV4Q2xpY2tlZCUyMiUzQTExJTdE,https://images.mango-prod.siammakro.cloud/product-images/7196408053955-c12f06ec-41f6-4df4-8562-8ecee2649813.jpeg?imageMogr2/thumbnail/300x300,"ซื้อ 1,200฿ ได้รับ 20 พอยท์",เอโร่ คุกกี้รสใบเตย 1 กก.,"฿

198.

00",฿,00,,,,,,
https://www.makro.pro/th/p/pne9q3q-6974683054275?info=JTdCJTIycGFnZVNsdWclMjIlM0ElMjJGcmVzaCUyME92ZXJsb2FkJTIwJTdDJTIwQnJlYWRzJTIwJTI2JTIwQmFrZXJ5JTJGMTkwNTclMjIlMkMlMjJjYXJvdXNlbE5hbWUlMjIlM0ElMjIlMjIlMkMlMjJjb2xsZWN0aW9uSWQlMjIlM0ElMjIxOTA1NyUyMiUyQyUyMmluZGV4Q2xpY2tlZCUyMiUzQTEyJTdE,https://images.mango-prod.siammakro.cloud/product-images/6974683054275-e8e6ac20-cfe7-43e1-b728-cd9bcf674725.jpeg?imageMogr2/thumbnail/300x300,"ซื้อ 1,200฿ ได้รับ 20 พอยท์",ฟาร์มเฮ้าส์ ขนมปังโฮลวีต 500 ก.,"฿

44.

00",฿,00,,,,,,
https://www.makro.pro/th/p/0cl8u01-6974475993283?info=JTdCJTIycGFnZVNsdWclMjIlM0ElMjJGcmVzaCUyME92ZXJsb2FkJTIwJTdDJTIwQnJlYWRzJTIwJTI2JTIwQmFrZXJ5JTJGMTkwNTclMjIlMkMlMjJjYXJvdXNlbE5hbWUlMjIlM0ElMjIlMjIlMkMlMjJjb2xsZWN0aW9uSWQlMjIlM0ElMjIxOTA1NyUyMiUyQyUyMmluZGV4Q2xpY2tlZCUyMiUzQTEzJTdE,https://images.mango-prod.siammakro.cloud/product-images/6974475993283-603a4d8c-4620-4fe8-a0f1-9cee64266bf4.jpeg?imageMogr2/thumbnail/300x300,"ซื้อ 1,200฿ ได้รับ 20 พอยท์",ฟาร์มเฮ้าส์ บันโรยงา 320 ก. 6 ชิ้น,"฿

38.

00",฿,00,,,,,,
https://www.makro.pro/th/p/mji_xen-7497553641667?info=JTdCJTIycGFnZVNsdWclMjIlM0ElMjJGcmVzaCUyME92ZXJsb2FkJTIwJTdDJTIwQnJlYWRzJTIwJTI2JTIwQmFrZXJ5JTJGMTkwNTclMjIlMkMlMjJjYXJvdXNlbE5hbWUlMjIlM0ElMjIlMjIlMkMlMjJjb2xsZWN0aW9uSWQlMjIlM0ElMjIxOTA1NyUyMiUyQyUyMmluZGV4Q2xpY2tlZCUyMiUzQTE0JTdE,https://images.mango-prod.siammakro.cloud/product-images/7497553641667-78c054d0-60ef-4ed2-9e2a-d7545e81cc88.jpeg?imageMogr2/thumbnail/300x300,"ซื้อ 1,200฿ ได้รับ 20 พอยท์",เอโร่ โกลด์ ขนมปังฮอทดอก 60 ก. 6 ชิ้น,฿,35.,00,฿ 38.00,5 - 9 units,-7%,,,
https://www.makro.pro/th/p/clzs2jh-6974720278723?info=JTdCJTIycGFnZVNsdWclMjIlM0ElMjJGcmVzaCUyME92ZXJsb2FkJTIwJTdDJTIwQnJlYWRzJTIwJTI2JTIwQmFrZXJ5JTJGMTkwNTclMjIlMkMlMjJjYXJvdXNlbE5hbWUlMjIlM0ElMjIlMjIlMkMlMjJjb2xsZWN0aW9uSWQlMjIlM0ElMjIxOTA1NyUyMiUyQyUyMmluZGV4Q2xpY2tlZCUyMiUzQTE1JTdE,https://images.mango-prod.siammakro.cloud/SOURCE/52bd16f30d8840eb89141a4ea4cabda8,"ซื้อ 1,200฿ ได้รับ 20 พอยท์",จิเวอร์นี่ ถ้วยทาร์ตเค็ม 420 ก. 56 ชิ้น,"฿

215.

00",฿,00,,,,,,
https://www.makro.pro/th/p/YLe1lkO-790476243115527?info=JTdCJTIycGFnZVNsdWclMjIlM0ElMjJGcmVzaCUyME92ZXJsb2FkJTIwJTdDJTIwQnJlYWRzJTIwJTI2JTIwQmFrZXJ5JTJGMTkwNTclMjIlMkMlMjJjYXJvdXNlbE5hbWUlMjIlM0ElMjIlMjIlMkMlMjJjb2xsZWN0aW9uSWQlMjIlM0ElMjIxOTA1NyUyMiUyQyUyMmluZGV4Q2xpY2tlZCUyMiUzQTE2JTdE,https://images.mango-prod.siammakro.cloud/SOURCE/3921f59a5a9d4053abc421fdd1cf1eae,"ซื้อ 1,200฿ ได้รับ 20 พอยท์",เอโร่ มินิครัวซองต์โฮลวีท 15 ก. 10 ชิ้น,"฿

82.

00",฿,00,,,,,,
https://www.makro.pro/th/p/XFDLgRNz-161872527964398?info=JTdCJTIycGFnZVNsdWclMjIlM0ElMjJGcmVzaCUyME92ZXJsb2FkJTIwJTdDJTIwQnJlYWRzJTIwJTI2JTIwQmFrZXJ5JTJGMTkwNTclMjIlMkMlMjJjYXJvdXNlbE5hbWUlMjIlM0ElMjIlMjIlMkMlMjJjb2xsZWN0aW9uSWQlMjIlM0ElMjIxOTA1NyUyMiUyQyUyMmluZGV4Q2xpY2tlZCUyMiUzQTE3JTdE,https://images.mango-prod.siammakro.cloud/product-images/161872527964398-74042e69-34ec-40c3-9a3d-10db1d508448.jpeg?imageMogr2/thumbnail/300x300,"ซื้อ 1,200฿ ได้รับ 20 พอยท์",เอโร่ ขนมปังกรูตอง 500 ก.,"฿

65.

00",฿,00,,,,,,
https://www.makro.pro/th/p/bsygusz-7275733975235?info=JTdCJTIycGFnZVNsdWclMjIlM0ElMjJGcmVzaCUyME92ZXJsb2FkJTIwJTdDJTIwQnJlYWRzJTIwJTI2JTIwQmFrZXJ5JTJGMTkwNTclMjIlMkMlMjJjYXJvdXNlbE5hbWUlMjIlM0ElMjIlMjIlMkMlMjJjb2xsZWN0aW9uSWQlMjIlM0ElMjIxOTA1NyUyMiUyQyUyMmluZGV4Q2xpY2tlZCUyMiUzQTE4JTdE,https://images.mango-prod.siammakro.cloud/SOURCE/b5a26fed98214deaa2ab1164b51d8e9a,"ซื้อ 1,200฿ ได้รับ 20 พอยท์",แต้เซ่งเฮง ถั่วทอด โหล 700 ก.,฿,130.,00,฿ 145.00,,-10%,,,
https://www.makro.pro/th/p/jvk25tp-7352860147907?info=JTdCJTIycGFnZVNsdWclMjIlM0ElMjJGcmVzaCUyME92ZXJsb2FkJTIwJTdDJTIwQnJlYWRzJTIwJTI2JTIwQmFrZXJ5JTJGMTkwNTclMjIlMkMlMjJjYXJvdXNlbE5hbWUlMjIlM0ElMjIlMjIlMkMlMjJjb2xsZWN0aW9uSWQlMjIlM0ElMjIxOTA1NyUyMiUyQyUyMmluZGV4Q2xpY2tlZCUyMiUzQTE5JTdE,https://images.mango-prod.siammakro.cloud/product-images/7352860147907-89a574ab-01eb-4724-b513-ec30c24b2278.jpeg?imageMogr2/thumbnail/300x300,"ซื้อ 1,200฿ ได้รับ 20 พอยท์",เอโร่ โกลด์ ครัวซองต์เนยสด 43 ก. x 4,"฿

75.

00",฿,00,,,,,,
https://www.makro.pro/th/p/pwiwimz-7275732500675?info=JTdCJTIycGFnZVNsdWclMjIlM0ElMjJGcmVzaCUyME92ZXJsb2FkJTIwJTdDJTIwQnJlYWRzJTIwJTI2JTIwQmFrZXJ5JTJGMTkwNTclMjIlMkMlMjJjYXJvdXNlbE5hbWUlMjIlM0ElMjIlMjIlMkMlMjJjb2xsZWN0aW9uSWQlMjIlM0ElMjIxOTA1NyUyMiUyQyUyMmluZGV4Q2xpY2tlZCUyMiUzQTIwJTdE,https://images.mango-prod.siammakro.cloud/product-images/7275732500675-b7d1eec7-d21c-4d17-8e7e-a8cf210c9f6c.jpeg?imageMogr2/thumbnail/300x300,"ซื้อ 1,200฿ ได้รับ 20 พอยท์",เอโร่ โกลด์ มินิครัวซองต์เนยสด 500 ก.,"฿

255.

00",฿,00,,,,,,
https://www.makro.pro/th/p/ythk-fd-7325035495619?info=JTdCJTIycGFnZVNsdWclMjIlM0ElMjJGcmVzaCUyME92ZXJsb2FkJTIwJTdDJTIwQnJlYWRzJTIwJTI2JTIwQmFrZXJ5JTJGMTkwNTclMjIlMkMlMjJjYXJvdXNlbE5hbWUlMjIlM0ElMjIlMjIlMkMlMjJjb2xsZWN0aW9uSWQlMjIlM0ElMjIxOTA1NyUyMiUyQyUyMmluZGV4Q2xpY2tlZCUyMiUzQTIxJTdE,https://images.mango-prod.siammakro.cloud/SOURCE/38407b6daf9f4961952d8448987a0c1b,"ซื้อ 1,200฿ ได้รับ 20 พอยท์",เอโร่ โกลด์ ขนมปังแซนด์วิชโฮลวีทเนื้อละเอียด 650 ก.,฿,53.,00,฿ 56.00,4 - 9 units,-5%,,,
https://www.makro.pro/th/p/7ione93-7325000073411?info=JTdCJTIycGFnZVNsdWclMjIlM0ElMjJGcmVzaCUyME92ZXJsb2FkJTIwJTdDJTIwQnJlYWRzJTIwJTI2JTIwQmFrZXJ5JTJGMTkwNTclMjIlMkMlMjJjYXJvdXNlbE5hbWUlMjIlM0ElMjIlMjIlMkMlMjJjb2xsZWN0aW9uSWQlMjIlM0ElMjIxOTA1NyUyMiUyQyUyMmluZGV4Q2xpY2tlZCUyMiUzQTIyJTdE,https://images.mango-prod.siammakro.cloud/product-images/7325000073411-43b57e4d-ffaa-4507-95e4-da0ce093941a.jpeg?imageMogr2/thumbnail/300x300,"ซื้อ 1,200฿ ได้รับ 20 พอยท์",เอโร่ โกลด์ ซอฟท์โรล 30 ก. x 12,฿,36.,00,฿ 39.00,4 - 7 units,-7%,,,
https://www.makro.pro/th/p/q10cpio-7115276615875?info=JTdCJTIycGFnZVNsdWclMjIlM0ElMjJGcmVzaCUyME92ZXJsb2FkJTIwJTdDJTIwQnJlYWRzJTIwJTI2JTIwQmFrZXJ5JTJGMTkwNTclMjIlMkMlMjJjYXJvdXNlbE5hbWUlMjIlM0ElMjIlMjIlMkMlMjJjb2xsZWN0aW9uSWQlMjIlM0ElMjIxOTA1NyUyMiUyQyUyMmluZGV4Q2xpY2tlZCUyMiUzQTIzJTdE,https://images.mango-prod.siammakro.cloud/product-images/7115276615875-f9b554e0-db07-49b2-9496-11c60da527b2.jpeg?imageMogr2/thumbnail/300x300,"ซื้อ 1,200฿ ได้รับ 20 พอยท์",เอโร่ โกลด์ ครัวซองต์เนยสด 600 ก.,"฿

275.

00",฿,00,,,,,,
https://www.makro.pro/th/p/hmjvs3l-7352860704963?info=JTdCJTIycGFnZVNsdWclMjIlM0ElMjJGcmVzaCUyME92ZXJsb2FkJTIwJTdDJTIwQnJlYWRzJTIwJTI2JTIwQmFrZXJ5JTJGMTkwNTclMjIlMkMlMjJjYXJvdXNlbE5hbWUlMjIlM0ElMjIlMjIlMkMlMjJjb2xsZWN0aW9uSWQlMjIlM0ElMjIxOTA1NyUyMiUyQyUyMmluZGV4Q2xpY2tlZCUyMiUzQTI0JTdE,https://images.mango-prod.siammakro.cloud/SOURCE/8706395131764be1929c533fa2f7ca95,"ซื้อ 1,200฿ ได้รับ 20 พอยท์",เอโร่ โกลด์ เปลือกทาร์ตแช่แข็ง 18 ชิ้น,฿,93.,00,฿ 98.00,5 - 9 units,-5%,,,
https://www.makro.pro/th/p/2allaem-7497373679811?info=JTdCJTIycGFnZVNsdWclMjIlM0ElMjJGcmVzaCUyME92ZXJsb2FkJTIwJTdDJTIwQnJlYWRzJTIwJTI2JTIwQmFrZXJ5JTJGMTkwNTclMjIlMkMlMjJjYXJvdXNlbE5hbWUlMjIlM0ElMjIlMjIlMkMlMjJjb2xsZWN0aW9uSWQlMjIlM0ElMjIxOTA1NyUyMiUyQyUyMmluZGV4Q2xpY2tlZCUyMiUzQTI1JTdE,https://images.mango-prod.siammakro.cloud/SOURCE/b6815ce2ded84942b2aabf4cb0deb778,"ซื้อ 1,200฿ ได้รับ 20 พอยท์",เอโร่ บันเบอร์เกอร์ 15 กรัม x 12 ชิ้น,"฿

34.00",฿,,,,,,,สินค้าหมด
https://www.makro.pro/th/p/55tuiiu-7497457565891?info=JTdCJTIycGFnZVNsdWclMjIlM0ElMjJGcmVzaCUyME92ZXJsb2FkJTIwJTdDJTIwQnJlYWRzJTIwJTI2JTIwQmFrZXJ5JTJGMTkwNTclMjIlMkMlMjJjYXJvdXNlbE5hbWUlMjIlM0ElMjIlMjIlMkMlMjJjb2xsZWN0aW9uSWQlMjIlM0ElMjIxOTA1NyUyMiUyQyUyMmluZGV4Q2xpY2tlZCUyMiUzQTI2JTdE,https://images.mango-prod.siammakro.cloud/SOURCE/5af3cc1017a94fd38db03ff765ff7da7,"ซื้อ 1,200฿ ได้รับ 20 พอยท์",เอ็มบีเอ ขนมปังเนยกระเทียมอบกรอบ 120 กรัม,"฿

45.

00",฿,00,,,,,,
https://www.makro.pro/th/p/4cdnP2m-732333018610743?info=JTdCJTIycGFnZVNsdWclMjIlM0ElMjJGcmVzaCUyME92ZXJsb2FkJTIwJTdDJTIwQnJlYWRzJTIwJTI2JTIwQmFrZXJ5JTJGMTkwNTclMjIlMkMlMjJjYXJvdXNlbE5hbWUlMjIlM0ElMjIlMjIlMkMlMjJjb2xsZWN0aW9uSWQlMjIlM0ElMjIxOTA1NyUyMiUyQyUyMmluZGV4Q2xpY2tlZCUyMiUzQTI3JTdE,https://images.mango-prod.siammakro.cloud/SOURCE/b9de2a7fec904d5191e3cb1c835058cd,"ซื้อ 1,200฿ ได้รับ 20 พอยท์",แต้เซ่งเฮง ขนมถั่วกระจก โหล 960 ก. 24 ชิ้น,฿,130.,00,฿ 145.00,,-10%,,,
https://www.makro.pro/th/p/m_stn0e-7325029400771?info=JTdCJTIycGFnZVNsdWclMjIlM0ElMjJGcmVzaCUyME92ZXJsb2FkJTIwJTdDJTIwQnJlYWRzJTIwJTI2JTIwQmFrZXJ5JTJGMTkwNTclMjIlMkMlMjJjYXJvdXNlbE5hbWUlMjIlM0ElMjIlMjIlMkMlMjJjb2xsZWN0aW9uSWQlMjIlM0ElMjIxOTA1NyUyMiUyQyUyMmluZGV4Q2xpY2tlZCUyMiUzQTI4JTdE,https://images.mango-prod.siammakro.cloud/product-images/7325029400771-9590d5b0-ccde-4b4c-b009-bfea0b4e2b3e.jpeg?imageMogr2/thumbnail/300x300,"ซื้อ 1,200฿ ได้รับ 20 พอยท์",เอโร่ เฟรนช์บาแก็ต 220 ก.,฿,36.,00,฿ 39.00,4 - 7 units,-7%,,,
https://www.makro.pro/th/p/m2m3-if-7275732402371?info=JTdCJTIycGFnZVNsdWclMjIlM0ElMjJGcmVzaCUyME92ZXJsb2FkJTIwJTdDJTIwQnJlYWRzJTIwJTI2JTIwQmFrZXJ5JTJGMTkwNTclMjIlMkMlMjJjYXJvdXNlbE5hbWUlMjIlM0ElMjIlMjIlMkMlMjJjb2xsZWN0aW9uSWQlMjIlM0ElMjIxOTA1NyUyMiUyQyUyMmluZGV4Q2xpY2tlZCUyMiUzQTI5JTdE,https://images.mango-prod.siammakro.cloud/SOURCE/49fe544ccca4437d8a47b5afdd5652d2,"ซื้อ 1,200฿ ได้รับ 20 พอยท์",เอโร่ โกลด์ ขนมปังแพหวาน 375 ก.,฿,36.,00,฿ 39.00,5 - 9 units,-7%,,,
https://www.makro.pro/th/p/363x-j-7325085663427?info=JTdCJTIycGFnZVNsdWclMjIlM0ElMjJGcmVzaCUyME92ZXJsb2FkJTIwJTdDJTIwQnJlYWRzJTIwJTI2JTIwQmFrZXJ5JTJGMTkwNTclMjIlMkMlMjJjYXJvdXNlbE5hbWUlMjIlM0ElMjIlMjIlMkMlMjJjb2xsZWN0aW9uSWQlMjIlM0ElMjIxOTA1NyUyMiUyQyUyMmluZGV4Q2xpY2tlZCUyMiUzQTMwJTdE,https://images.mango-prod.siammakro.cloud/product-images/7325085663427-36fbbdf2-f076-4614-9810-e565072fa042.jpeg?imageMogr2/thumbnail/300x300,"ซื้อ 1,200฿ ได้รับ 20 พอยท์",ซันเบลส ขนมปังชนิดแผ่น 960 ก.,฿,65.,00,฿ 68.00,4 - 7 units,-4%,,,
https://www.makro.pro/th/p/e1F0vSr_-424866498822540?info=JTdCJTIycGFnZVNsdWclMjIlM0ElMjJGcmVzaCUyME92ZXJsb2FkJTIwJTdDJTIwQnJlYWRzJTIwJTI2JTIwQmFrZXJ5JTJGMTkwNTclMjIlMkMlMjJjYXJvdXNlbE5hbWUlMjIlM0ElMjIlMjIlMkMlMjJjb2xsZWN0aW9uSWQlMjIlM0ElMjIxOTA1NyUyMiUyQyUyMmluZGV4Q2xpY2tlZCUyMiUzQTMxJTdE,https://images.mango-prod.siammakro.cloud/product-images/424866498822540-b245881d-349d-4291-a90a-96327b5fbc8f.jpeg?imageMogr2/thumbnail/300x300,"ซื้อ 1,200฿ ได้รับ 20 พอยท์",แดรี่โด ไดฟูกุช็อกโกแลตดูไบ รสพิสตาชิโอ 210 ก.,฿,105.,00,฿ 140.00,,-25%,,,
https://www.makro.pro/th/p/2dkybj-6974682693827?info=JTdCJTIycGFnZVNsdWclMjIlM0ElMjJGcmVzaCUyME92ZXJsb2FkJTIwJTdDJTIwQnJlYWRzJTIwJTI2JTIwQmFrZXJ5JTJGMTkwNTclMjIlMkMlMjJjYXJvdXNlbE5hbWUlMjIlM0ElMjIlMjIlMkMlMjJjb2xsZWN0aW9uSWQlMjIlM0ElMjIxOTA1NyUyMiUyQyUyMmluZGV4Q2xpY2tlZCUyMiUzQTMyJTdE,https://images.mango-prod.siammakro.cloud/product-images/6974682693827-41d890e5-df2e-4003-ad70-236434c6103c.jpeg?imageMogr2/thumbnail/300x300,"ซื้อ 1,200฿ ได้รับ 20 พอยท์",ฟาร์มเฮ้าส์ ขนมปัง รอยัลเบรด 275 ก.,"฿

36.

00",฿,00,,,,,,
https://www.makro.pro/th/p/dv5ty8o-6974683316419?info=JTdCJTIycGFnZVNsdWclMjIlM0ElMjJGcmVzaCUyME92ZXJsb2FkJTIwJTdDJTIwQnJlYWRzJTIwJTI2JTIwQmFrZXJ5JTJGMTkwNTclMjIlMkMlMjJjYXJvdXNlbE5hbWUlMjIlM0ElMjIlMjIlMkMlMjJjb2xsZWN0aW9uSWQlMjIlM0ElMjIxOTA1NyUyMiUyQyUyMmluZGV4Q2xpY2tlZCUyMiUzQTMzJTdE,https://images.mango-prod.siammakro.cloud/product-images/6974683316419-9f5eba58-82c2-4848-a64d-80257145e314.jpeg?imageMogr2/thumbnail/300x300,"ซื้อ 1,200฿ ได้รับ 20 พอยท์",ฟาร์มเฮ้าส์ ขนมปังแซนวิช 240 ก.,"฿

21.

00",฿,00,,,,,,
https://www.makro.pro/th/p/c9gyhdn-7497468444867?info=JTdCJTIycGFnZVNsdWclMjIlM0ElMjJGcmVzaCUyME92ZXJsb2FkJTIwJTdDJTIwQnJlYWRzJTIwJTI2JTIwQmFrZXJ5JTJGMTkwNTclMjIlMkMlMjJjYXJvdXNlbE5hbWUlMjIlM0ElMjIlMjIlMkMlMjJjb2xsZWN0aW9uSWQlMjIlM0ElMjIxOTA1NyUyMiUyQyUyMmluZGV4Q2xpY2tlZCUyMiUzQTM0JTdE,https://images.mango-prod.siammakro.cloud/SOURCE/1392de2694af4c1ba26823ff98e14659,"ซื้อ 1,200฿ ได้รับ 20 พอยท์",เอโร่ โกลด์ ขนมปังคราฟคอร์น 330 ก.,"฿

75.

00",฿,00,,,,,,
https://www.makro.pro/th/p/unxrlb3-6974757929155?info=JTdCJTIycGFnZVNsdWclMjIlM0ElMjJGcmVzaCUyME92ZXJsb2FkJTIwJTdDJTIwQnJlYWRzJTIwJTI2JTIwQmFrZXJ5JTJGMTkwNTclMjIlMkMlMjJjYXJvdXNlbE5hbWUlMjIlM0ElMjIlMjIlMkMlMjJjb2xsZWN0aW9uSWQlMjIlM0ElMjIxOTA1NyUyMiUyQyUyMmluZGV4Q2xpY2tlZCUyMiUzQTM1JTdE,https://images.mango-prod.siammakro.cloud/SOURCE/eb2da2ff78c241db989bef88c94713ed,"ซื้อ 1,200฿ ได้รับ 20 พอยท์",อัลเฟรโด แป้งพิซซ่าสําเร็จรูปแช่แข็ง 7 นิ้ว 12 ชิ้น,฿,175.,00,฿ 185.00,10 - 29 units,-5%,,,
https://www.makro.pro/th/p/ladhnpb-7193010634947?info=JTdCJTIycGFnZVNsdWclMjIlM0ElMjJGcmVzaCUyME92ZXJsb2FkJTIwJTdDJTIwQnJlYWRzJTIwJTI2JTIwQmFrZXJ5JTJGMTkwNTclMjIlMkMlMjJjYXJvdXNlbE5hbWUlMjIlM0ElMjIlMjIlMkMlMjJjb2xsZWN0aW9uSWQlMjIlM0ElMjIxOTA1NyUyMiUyQyUyMmluZGV4Q2xpY2tlZCUyMiUzQTM2JTdE,https://images.mango-prod.siammakro.cloud/SOURCE/5e73b8bc9f40452597a3d04b02b7cfe3,"ซื้อ 1,200฿ ได้รับ 20 พอยท์",อัลเฟรโด แป้งพิซซ่า 9 นิ้ว 3 ชิ้น,"฿

107.

00",฿,00,,,,,,
https://www.makro.pro/th/p/qewnbu3-7497373352131?info=JTdCJTIycGFnZVNsdWclMjIlM0ElMjJGcmVzaCUyME92ZXJsb2FkJTIwJTdDJTIwQnJlYWRzJTIwJTI2JTIwQmFrZXJ5JTJGMTkwNTclMjIlMkMlMjJjYXJvdXNlbE5hbWUlMjIlM0ElMjIlMjIlMkMlMjJjb2xsZWN0aW9uSWQlMjIlM0ElMjIxOTA1NyUyMiUyQyUyMmluZGV4Q2xpY2tlZCUyMiUzQTM3JTdE,https://images.mango-prod.siammakro.cloud/product-images/7497373352131-1c9bffb1-ee7a-45c9-b72a-70b36321b191.jpeg?imageMogr2/thumbnail/300x300,"ซื้อ 1,200฿ ได้รับ 20 พอยท์",มิชชั่นแรพส์ ออริจินัล 360 กรัม,"฿

115.

00",฿,00,,,,,,
https://www.makro.pro/th/p/GOII-Sjt-898206978130614?info=JTdCJTIycGFnZVNsdWclMjIlM0ElMjJGcmVzaCUyME92ZXJsb2FkJTIwJTdDJTIwQnJlYWRzJTIwJTI2JTIwQmFrZXJ5JTJGMTkwNTclMjIlMkMlMjJjYXJvdXNlbE5hbWUlMjIlM0ElMjIlMjIlMkMlMjJjb2xsZWN0aW9uSWQlMjIlM0ElMjIxOTA1NyUyMiUyQyUyMmluZGV4Q2xpY2tlZCUyMiUzQTM4JTdE,https://images.mango-prod.siammakro.cloud/product-images/898206978130614-4b61ffea-0049-4434-8be7-bb83dc6bd6d6.jpeg?imageMogr2/thumbnail/300x300,"ซื้อ 1,200฿ ได้รับ 20 พอยท์",โอคุนทาร์ตรูปดอกไม้30กX20ชX1พค,"฿

250.

00",฿,00,,,,,,
https://www.makro.pro/th/p/pv9a1mr-7416155275459?info=JTdCJTIycGFnZVNsdWclMjIlM0ElMjJGcmVzaCUyME92ZXJsb2FkJTIwJTdDJTIwQnJlYWRzJTIwJTI2JTIwQmFrZXJ5JTJGMTkwNTclMjIlMkMlMjJjYXJvdXNlbE5hbWUlMjIlM0ElMjIlMjIlMkMlMjJjb2xsZWN0aW9uSWQlMjIlM0ElMjIxOTA1NyUyMiUyQyUyMmluZGV4Q2xpY2tlZCUyMiUzQTM5JTdE,https://images.mango-prod.siammakro.cloud/SOURCE/33dd1de70eab40a3a85601e770f2006b,"ซื้อ 1,200฿ ได้รับ 20 พอยท์",ซันเบลส ขนมปังชนิดแผ่น 480 กรัม,฿,35.,00,฿ 38.00,4 - 7 units,-7%,,,
https://www.makro.pro/th/p/3a0tkxk-6974481006787?info=JTdCJTIycGFnZVNsdWclMjIlM0ElMjJGcmVzaCUyME92ZXJsb2FkJTIwJTdDJTIwQnJlYWRzJTIwJTI2JTIwQmFrZXJ5JTJGMTkwNTclMjIlMkMlMjJjYXJvdXNlbE5hbWUlMjIlM0ElMjIlMjIlMkMlMjJjb2xsZWN0aW9uSWQlMjIlM0ElMjIxOTA1NyUyMiUyQyUyMmluZGV4Q2xpY2tlZCUyMiUzQTQwJTdE,https://images.mango-prod.siammakro.cloud/product-images/6974481006787-30ae2374-df84-479a-9184-f3e932ab5f3e.jpeg?imageMogr2/thumbnail/300x300,"ซื้อ 1,200฿ ได้รับ 20 พอยท์",เอโร่ เค้กช็อคโกแลตลาวา 468 ก.,"฿

185.

00",฿,00,,,,,,
https://www.makro.pro/th/p/RrOcvHs-182600371080183?info=JTdCJTIycGFnZVNsdWclMjIlM0ElMjJGcmVzaCUyME92ZXJsb2FkJTIwJTdDJTIwQnJlYWRzJTIwJTI2JTIwQmFrZXJ5JTJGMTkwNTclMjIlMkMlMjJjYXJvdXNlbE5hbWUlMjIlM0ElMjIlMjIlMkMlMjJjb2xsZWN0aW9uSWQlMjIlM0ElMjIxOTA1NyUyMiUyQyUyMmluZGV4Q2xpY2tlZCUyMiUzQTQxJTdE,https://images.mango-prod.siammakro.cloud/product-images/182600371080183-3798f7a5-9b5c-4459-b308-90de72659f97.jpeg?imageMogr2/thumbnail/300x300,"ซื้อ 1,200฿ ได้รับ 20 พอยท์",เอโร่ โกลด์ ครัวซองต์เนยสด 43 ก. 6 ชิ้น,"฿

109.

00",฿,00,,,,,,
https://www.makro.pro/th/p/n6kvf47-6974759796931?info=JTdCJTIycGFnZVNsdWclMjIlM0ElMjJGcmVzaCUyME92ZXJsb2FkJTIwJTdDJTIwQnJlYWRzJTIwJTI2JTIwQmFrZXJ5JTJGMTkwNTclMjIlMkMlMjJjYXJvdXNlbE5hbWUlMjIlM0ElMjIlMjIlMkMlMjJjb2xsZWN0aW9uSWQlMjIlM0ElMjIxOTA1NyUyMiUyQyUyMmluZGV4Q2xpY2tlZCUyMiUzQTQyJTdE,https://images.mango-prod.siammakro.cloud/SOURCE/e7b7a89fde1a4b64a4b532199317c476,"ซื้อ 1,200฿ ได้รับ 20 พอยท์",เอ-มาย แป้งพิซซ่า ขนาด 7 นิ้ว 100 ก. x 4,"฿

100.

00",฿,00,,,,,,
https://www.makro.pro/th/p/lmolvq8-7497423323331?info=JTdCJTIycGFnZVNsdWclMjIlM0ElMjJGcmVzaCUyME92ZXJsb2FkJTIwJTdDJTIwQnJlYWRzJTIwJTI2JTIwQmFrZXJ5JTJGMTkwNTclMjIlMkMlMjJjYXJvdXNlbE5hbWUlMjIlM0ElMjIlMjIlMkMlMjJjb2xsZWN0aW9uSWQlMjIlM0ElMjIxOTA1NyUyMiUyQyUyMmluZGV4Q2xpY2tlZCUyMiUzQTQzJTdE,https://images.mango-prod.siammakro.cloud/product-images/7497423323331-37badd62-270b-47c4-87e4-26980c1cfed3.jpeg?imageMogr2/thumbnail/300x300,"ซื้อ 1,200฿ ได้รับ 20 พอยท์",มิชชั่นแรพส์ โฮลเกรน 320 กรัม,"฿

115.

00",฿,00,,,,,,
https://www.makro.pro/th/p/h14rcag-7497574613187?info=JTdCJTIycGFnZVNsdWclMjIlM0ElMjJGcmVzaCUyME92ZXJsb2FkJTIwJTdDJTIwQnJlYWRzJTIwJTI2JTIwQmFrZXJ5JTJGMTkwNTclMjIlMkMlMjJjYXJvdXNlbE5hbWUlMjIlM0ElMjIlMjIlMkMlMjJjb2xsZWN0aW9uSWQlMjIlM0ElMjIxOTA1NyUyMiUyQyUyMmluZGV4Q2xpY2tlZCUyMiUzQTQ0JTdE,https://images.mango-prod.siammakro.cloud/SOURCE/8bad7392ae7543a986ea42df6316074c,"ซื้อ 1,200฿ ได้รับ 20 พอยท์",เอล ชาร์โร ทาโก้เชลล์ 6 นิ้ว 165 กรัม,"฿

117.

00",฿,00,,,,,,
https://www.makro.pro/th/p/brdwdu4-6974683644099?info=JTdCJTIycGFnZVNsdWclMjIlM0ElMjJGcmVzaCUyME92ZXJsb2FkJTIwJTdDJTIwQnJlYWRzJTIwJTI2JTIwQmFrZXJ5JTJGMTkwNTclMjIlMkMlMjJjYXJvdXNlbE5hbWUlMjIlM0ElMjIlMjIlMkMlMjJjb2xsZWN0aW9uSWQlMjIlM0ElMjIxOTA1NyUyMiUyQyUyMmluZGV4Q2xpY2tlZCUyMiUzQTQ1JTdE,https://images.mango-prod.siammakro.cloud/product-images/6974683644099-07f9756e-d82f-452a-83ff-4b489bdd493e.jpeg?imageMogr2/thumbnail/300x300,"ซื้อ 1,200฿ ได้รับ 20 พอยท์",ฟาร์มเฮ้าส์ ขนมปังโฮลวีต 250 ก.,"฿

24.

00",฿,00,,,,,,
https://www.makro.pro/th/p/pgxbfet-6974757339331?info=JTdCJTIycGFnZVNsdWclMjIlM0ElMjJGcmVzaCUyME92ZXJsb2FkJTIwJTdDJTIwQnJlYWRzJTIwJTI2JTIwQmFrZXJ5JTJGMTkwNTclMjIlMkMlMjJjYXJvdXNlbE5hbWUlMjIlM0ElMjIlMjIlMkMlMjJjb2xsZWN0aW9uSWQlMjIlM0ElMjIxOTA1NyUyMiUyQyUyMmluZGV4Q2xpY2tlZCUyMiUzQTQ2JTdE,https://images.mango-prod.siammakro.cloud/SOURCE/e95b1bbb798b4b66b50cd836ffd7fa54,"ซื้อ 1,200฿ ได้รับ 20 พอยท์",เอ-มาย แป้งพายชั้น 50 ก. 12 ชิ้น,"฿

185.

00",฿,00,,,,,,
https://www.makro.pro/th/p/t3q2oiq-7196406841539?info=JTdCJTIycGFnZVNsdWclMjIlM0ElMjJGcmVzaCUyME92ZXJsb2FkJTIwJTdDJTIwQnJlYWRzJTIwJTI2JTIwQmFrZXJ5JTJGMTkwNTclMjIlMkMlMjJjYXJvdXNlbE5hbWUlMjIlM0ElMjIlMjIlMkMlMjJjb2xsZWN0aW9uSWQlMjIlM0ElMjIxOTA1NyUyMiUyQyUyMmluZGV4Q2xpY2tlZCUyMiUzQTQ3JTdE,https://images.mango-prod.siammakro.cloud/SOURCE/83e0967b56034f80b4bd7afaeb5dd7e0,"ซื้อ 1,200฿ ได้รับ 20 พอยท์",เอโร่ โกลด์ วาฟเฟิลแช่แข็ง 225 ก.,"฿

85.

00",฿,00,,,,,,
https://www.makro.pro/th/p/cwwy2fa-7497579659459?info=JTdCJTIycGFnZVNsdWclMjIlM0ElMjJGcmVzaCUyME92ZXJsb2FkJTIwJTdDJTIwQnJlYWRzJTIwJTI2JTIwQmFrZXJ5JTJGMTkwNTclMjIlMkMlMjJjYXJvdXNlbE5hbWUlMjIlM0ElMjIlMjIlMkMlMjJjb2xsZWN0aW9uSWQlMjIlM0ElMjIxOTA1NyUyMiUyQyUyMmluZGV4Q2xpY2tlZCUyMiUzQTQ4JTdE,https://images.mango-prod.siammakro.cloud/SOURCE/c0f34f67b0e447f196c8bcfaa2328d0b,"ซื้อ 1,200฿ ได้รับ 20 พอยท์",คิวบิก ขนมปังฝรั่งเศส ขนาด 340 กรัม,"฿

39.

00",฿,00,,,,,,
https://www.makro.pro/th/p/kiif8kd-6974709498051?info=JTdCJTIycGFnZVNsdWclMjIlM0ElMjJGcmVzaCUyME92ZXJsb2FkJTIwJTdDJTIwQnJlYWRzJTIwJTI2JTIwQmFrZXJ5JTJGMTkwNTclMjIlMkMlMjJjYXJvdXNlbE5hbWUlMjIlM0ElMjIlMjIlMkMlMjJjb2xsZWN0aW9uSWQlMjIlM0ElMjIxOTA1NyUyMiUyQyUyMmluZGV4Q2xpY2tlZCUyMiUzQTQ5JTdE,https://images.mango-prod.siammakro.cloud/product-images/6974709498051-eb0f128f-4b15-40ab-aca1-cd2cfd071f19.jpeg?imageMogr2/thumbnail/300x300,"ซื้อ 1,200฿ ได้รับ 20 พอยท์",เอโร่ คุกกี้รสวานิลลา 1 กก.,"฿

198.

00",฿,00,,,,,,
https://www.makro.pro/th/p/xdwbgav-6974721556675?info=JTdCJTIycGFnZVNsdWclMjIlM0ElMjJGcmVzaCUyME92ZXJsb2FkJTIwJTdDJTIwQnJlYWRzJTIwJTI2JTIwQmFrZXJ5JTJGMTkwNTclMjIlMkMlMjJjYXJvdXNlbE5hbWUlMjIlM0ElMjIlMjIlMkMlMjJjb2xsZWN0aW9uSWQlMjIlM0ElMjIxOTA1NyUyMiUyQyUyMmluZGV4Q2xpY2tlZCUyMiUzQTUwJTdE,https://images.mango-prod.siammakro.cloud/SOURCE/fb591a8a203d4f1ca8e17aa13c77e2e6,"ซื้อ 1,200฿ ได้รับ 20 พอยท์",จิเวอร์นี่ ถ้วยทาร์ตหวาน 520 ก. x 52,"฿

205.

00",฿,00,,,,,,
https://www.makro.pro/th/p/KNsfsTEt-822253946719081?info=JTdCJTIycGFnZVNsdWclMjIlM0ElMjJGcmVzaCUyME92ZXJsb2FkJTIwJTdDJTIwQnJlYWRzJTIwJTI2JTIwQmFrZXJ5JTJGMTkwNTclMjIlMkMlMjJjYXJvdXNlbE5hbWUlMjIlM0ElMjIlMjIlMkMlMjJjb2xsZWN0aW9uSWQlMjIlM0ElMjIxOTA1NyUyMiUyQyUyMmluZGV4Q2xpY2tlZCUyMiUzQTUxJTdE,https://images.mango-prod.siammakro.cloud/product-images/822253946719081-4f651a0a-54a1-4716-9f20-bd834c3fb57b.jpeg?imageMogr2/thumbnail/300x300,"ซื้อ 1,200฿ ได้รับ 20 พอยท์",เอโร่ มินิครัวซองต์ 500 ก.,"฿

120.

00",฿,00,,,,,,
https://www.makro.pro/th/p/emw-g3g-6974683218115?info=JTdCJTIycGFnZVNsdWclMjIlM0ElMjJGcmVzaCUyME92ZXJsb2FkJTIwJTdDJTIwQnJlYWRzJTIwJTI2JTIwQmFrZXJ5JTJGMTkwNTclMjIlMkMlMjJjYXJvdXNlbE5hbWUlMjIlM0ElMjIlMjIlMkMlMjJjb2xsZWN0aW9uSWQlMjIlM0ElMjIxOTA1NyUyMiUyQyUyMmluZGV4Q2xpY2tlZCUyMiUzQTUyJTdE,https://images.mango-prod.siammakro.cloud/SOURCE/6e075e34a7f04c51b453ad28d53db77a,"ซื้อ 1,200฿ ได้รับ 20 พอยท์",ฟาร์มเฮ้าส์ ขนมปัง รอยัลโฮลวีต 285 ก.,"฿

40.

00",฿,00,,,,,,
https://www.makro.pro/th/p/9lioxby-7275709923523?info=JTdCJTIycGFnZVNsdWclMjIlM0ElMjJGcmVzaCUyME92ZXJsb2FkJTIwJTdDJTIwQnJlYWRzJTIwJTI2JTIwQmFrZXJ5JTJGMTkwNTclMjIlMkMlMjJjYXJvdXNlbE5hbWUlMjIlM0ElMjIlMjIlMkMlMjJjb2xsZWN0aW9uSWQlMjIlM0ElMjIxOTA1NyUyMiUyQyUyMmluZGV4Q2xpY2tlZCUyMiUzQTUzJTdE,https://images.mango-prod.siammakro.cloud/SOURCE/0144eec9859b4246b01eb522be6368f7,"ซื้อ 1,200฿ ได้รับ 20 พอยท์",แต้เซ่งเฮง เปี๊ยะถั่วฟัก โหล 960 ก. 24 ชิ้น,฿,130.,00,฿ 145.00,,-10%,,,
https://www.makro.pro/th/p/ETJ1Hpt-719512378195253?info=JTdCJTIycGFnZVNsdWclMjIlM0ElMjJGcmVzaCUyME92ZXJsb2FkJTIwJTdDJTIwQnJlYWRzJTIwJTI2JTIwQmFrZXJ5JTJGMTkwNTclMjIlMkMlMjJjYXJvdXNlbE5hbWUlMjIlM0ElMjIlMjIlMkMlMjJjb2xsZWN0aW9uSWQlMjIlM0ElMjIxOTA1NyUyMiUyQyUyMmluZGV4Q2xpY2tlZCUyMiUzQTU0JTdE,https://images.mango-prod.siammakro.cloud/SOURCE/dee8a243ae974d77b77c7f1b6e3d7326,"ซื้อ 1,200฿ ได้รับ 20 พอยท์",เอโร่ ขนมปังคาราเมลโทสต์ 680 ก.,"฿

135.

00",฿,00,,,,,,
https://www.makro.pro/th/p/x1ud6pm-7275709694147?info=JTdCJTIycGFnZVNsdWclMjIlM0ElMjJGcmVzaCUyME92ZXJsb2FkJTIwJTdDJTIwQnJlYWRzJTIwJTI2JTIwQmFrZXJ5JTJGMTkwNTclMjIlMkMlMjJjYXJvdXNlbE5hbWUlMjIlM0ElMjIlMjIlMkMlMjJjb2xsZWN0aW9uSWQlMjIlM0ElMjIxOTA1NyUyMiUyQyUyMmluZGV4Q2xpY2tlZCUyMiUzQTU1JTdE,https://images.mango-prod.siammakro.cloud/SOURCE/a7e1568cf6b7459c8a124070de9fa9b4,"ซื้อ 1,200฿ ได้รับ 20 พอยท์",เอโร่ ทาร์ตไข่เหลวแช่แข็ง 850 ก.,฿,162.,00,฿ 165.00,5 - 9 units,-1%,,,
https://www.makro.pro/th/p/l8jrjsb-7275710251203?info=JTdCJTIycGFnZVNsdWclMjIlM0ElMjJGcmVzaCUyME92ZXJsb2FkJTIwJTdDJTIwQnJlYWRzJTIwJTI2JTIwQmFrZXJ5JTJGMTkwNTclMjIlMkMlMjJjYXJvdXNlbE5hbWUlMjIlM0ElMjIlMjIlMkMlMjJjb2xsZWN0aW9uSWQlMjIlM0ElMjIxOTA1NyUyMiUyQyUyMmluZGV4Q2xpY2tlZCUyMiUzQTU2JTdE,https://images.mango-prod.siammakro.cloud/SOURCE/2e1f81f1ccbd4e31b084c29d6c1c7451,"ซื้อ 1,200฿ ได้รับ 20 พอยท์",แต้เซ่งเฮง ขนมเปี๊ยะลูกเต๋า ขวดโหล 960 ก. 24 ชิ้น,฿,130.,00,฿ 145.00,,-10%,,,
https://www.makro.pro/th/p/2jhzake-6976621707459?info=JTdCJTIycGFnZVNsdWclMjIlM0ElMjJGcmVzaCUyME92ZXJsb2FkJTIwJTdDJTIwQnJlYWRzJTIwJTI2JTIwQmFrZXJ5JTJGMTkwNTclMjIlMkMlMjJjYXJvdXNlbE5hbWUlMjIlM0ElMjIlMjIlMkMlMjJjb2xsZWN0aW9uSWQlMjIlM0ElMjIxOTA1NyUyMiUyQyUyMmluZGV4Q2xpY2tlZCUyMiUzQTU3JTdE,https://images.mango-prod.siammakro.cloud/product-images/6976621707459-49aac4c4-342d-4db0-bd75-8b9028df49ef.jpeg?imageMogr2/thumbnail/300x300,"ซื้อ 1,200฿ ได้รับ 20 พอยท์",เอสแอนด์พี เค้กเนยสด 300 ก.,"฿

145.

00",฿,00,,,,,,
https://www.makro.pro/th/p/FniSo47-258042460922832?info=JTdCJTIycGFnZVNsdWclMjIlM0ElMjJGcmVzaCUyME92ZXJsb2FkJTIwJTdDJTIwQnJlYWRzJTIwJTI2JTIwQmFrZXJ5JTJGMTkwNTclMjIlMkMlMjJjYXJvdXNlbE5hbWUlMjIlM0ElMjIlMjIlMkMlMjJjb2xsZWN0aW9uSWQlMjIlM0ElMjIxOTA1NyUyMiUyQyUyMmluZGV4Q2xpY2tlZCUyMiUzQTU4JTdE,https://images.mango-prod.siammakro.cloud/SOURCE/054d02a8e9674c08a17eeaa9b52a1097,"ซื้อ 1,200฿ ได้รับ 20 พอยท์",เอโร่ โกลด์ แป้งพิซซ่าซาวโดวจ์ 400 ก.,"฿

115.

00",฿,00,,,,,,
https://www.makro.pro/th/p/t2tae5v-7497514352835?info=JTdCJTIycGFnZVNsdWclMjIlM0ElMjJGcmVzaCUyME92ZXJsb2FkJTIwJTdDJTIwQnJlYWRzJTIwJTI2JTIwQmFrZXJ5JTJGMTkwNTclMjIlMkMlMjJjYXJvdXNlbE5hbWUlMjIlM0ElMjIlMjIlMkMlMjJjb2xsZWN0aW9uSWQlMjIlM0ElMjIxOTA1NyUyMiUyQyUyMmluZGV4Q2xpY2tlZCUyMiUzQTU5JTdE,https://images.mango-prod.siammakro.cloud/SOURCE/a851fdf61adb4f69a40fa075f78f111f,"ซื้อ 1,200฿ ได้รับ 20 พอยท์",เอ็มบีเอ ขนมปังเนยอบกรอบ 120 กรัม,"฿

45.

00",฿,00,,,,,,
https://www.makro.pro/th/p/8HHj-KAJ-699812868430373?info=JTdCJTIycGFnZVNsdWclMjIlM0ElMjJGcmVzaCUyME92ZXJsb2FkJTIwJTdDJTIwQnJlYWRzJTIwJTI2JTIwQmFrZXJ5JTJGMTkwNTclMjIlMkMlMjJjYXJvdXNlbE5hbWUlMjIlM0ElMjIlMjIlMkMlMjJjb2xsZWN0aW9uSWQlMjIlM0ElMjIxOTA1NyUyMiUyQyUyMmluZGV4Q2xpY2tlZCUyMiUzQTYwJTdE,https://images.mango-prod.siammakro.cloud/product-images/699812868430373-1d50754f-d536-4c96-8483-fac2a2de23e6.jpeg?imageMogr2/thumbnail/300x300,"ซื้อ 1,200฿ ได้รับ 20 พอยท์",ช็อกโก บอมบ์ บาย ช็อกโกฟรุช สตรอเบอร์รี่แช่แข็งเคลือบช็อกโกแลต 180 ก.,"฿

165.

00",฿,00,,,,,,
https://www.makro.pro/th/p/Kb7hJeD3-496955021704068?info=JTdCJTIycGFnZVNsdWclMjIlM0ElMjJGcmVzaCUyME92ZXJsb2FkJTIwJTdDJTIwQnJlYWRzJTIwJTI2JTIwQmFrZXJ5JTJGMTkwNTclMjIlMkMlMjJjYXJvdXNlbE5hbWUlMjIlM0ElMjIlMjIlMkMlMjJjb2xsZWN0aW9uSWQlMjIlM0ElMjIxOTA1NyUyMiUyQyUyMmluZGV4Q2xpY2tlZCUyMiUzQTYxJTdE,https://images.mango-prod.siammakro.cloud/product-images/496955021704068-c98bfe0b-6af2-4763-9106-53e6fe8bf850.jpeg?imageMogr2/thumbnail/300x300,"ซื้อ 1,200฿ ได้รับ 20 พอยท์",เอโร่ ครัวซองต์ 600 ก.,"฿

135.

00",฿,00,,,,,,
https://www.makro.pro/th/p/TlZymBy-532810812470577?info=JTdCJTIycGFnZVNsdWclMjIlM0ElMjJGcmVzaCUyME92ZXJsb2FkJTIwJTdDJTIwQnJlYWRzJTIwJTI2JTIwQmFrZXJ5JTJGMTkwNTclMjIlMkMlMjJjYXJvdXNlbE5hbWUlMjIlM0ElMjIlMjIlMkMlMjJjb2xsZWN0aW9uSWQlMjIlM0ElMjIxOTA1NyUyMiUyQyUyMmluZGV4Q2xpY2tlZCUyMiUzQTYyJTdE,https://images.mango-prod.siammakro.cloud/SOURCE/7b7e6ebc3a924c559fefdf1144abb00d,"ซื้อ 1,200฿ ได้รับ 20 พอยท์",เอโร่ โกลด์ ทิมเบอร์ริง ครัวซองต์ 420 ก.,"฿

240.

00",฿,00,,,,,,
https://www.makro.pro/th/p/3uudoee-7196407300291?info=JTdCJTIycGFnZVNsdWclMjIlM0ElMjJGcmVzaCUyME92ZXJsb2FkJTIwJTdDJTIwQnJlYWRzJTIwJTI2JTIwQmFrZXJ5JTJGMTkwNTclMjIlMkMlMjJjYXJvdXNlbE5hbWUlMjIlM0ElMjIlMjIlMkMlMjJjb2xsZWN0aW9uSWQlMjIlM0ElMjIxOTA1NyUyMiUyQyUyMmluZGV4Q2xpY2tlZCUyMiUzQTYzJTdE,https://images.mango-prod.siammakro.cloud/product-images/7196407300291-75345db9-a5a6-4e0a-a4e6-0147e469e0ca.jpeg?imageMogr2/thumbnail/300x300,"ซื้อ 1,200฿ ได้รับ 20 พอยท์",อัลเฟรโด พิซซ่าฮาวายถาดกลม 7 นิ้ว 660 ก.,"฿

229.

00",฿,00,,,,,,
https://www.makro.pro/th/p/pyROkOl-526606171978268?info=JTdCJTIycGFnZVNsdWclMjIlM0ElMjJGcmVzaCUyME92ZXJsb2FkJTIwJTdDJTIwQnJlYWRzJTIwJTI2JTIwQmFrZXJ5JTJGMTkwNTclMjIlMkMlMjJjYXJvdXNlbE5hbWUlMjIlM0ElMjIlMjIlMkMlMjJjb2xsZWN0aW9uSWQlMjIlM0ElMjIxOTA1NyUyMiUyQyUyMmluZGV4Q2xpY2tlZCUyMiUzQTY0JTdE,https://images.mango-prod.siammakro.cloud/SOURCE/c071783f5238463588401ca037b28df0,"ซื้อ 1,200฿ ได้รับ 20 พอยท์",อัลเฟรโด แป้งพิซซ่า 5 นิ้ว 10 แผ่น,"฿

140.

00",฿,00,,,,,,
https://www.makro.pro/th/p/xeydfig-6974682562755?info=JTdCJTIycGFnZVNsdWclMjIlM0ElMjJGcmVzaCUyME92ZXJsb2FkJTIwJTdDJTIwQnJlYWRzJTIwJTI2JTIwQmFrZXJ5JTJGMTkwNTclMjIlMkMlMjJjYXJvdXNlbE5hbWUlMjIlM0ElMjIlMjIlMkMlMjJjb2xsZWN0aW9uSWQlMjIlM0ElMjIxOTA1NyUyMiUyQyUyMmluZGV4Q2xpY2tlZCUyMiUzQTY1JTdE,https://images.mango-prod.siammakro.cloud/product-images/6974682562755-8270f66f-0166-4e8c-8372-00fb3489ab9b.jpeg?imageMogr2/thumbnail/300x300,"ซื้อ 1,200฿ ได้รับ 20 พอยท์",ฟาร์มเฮ้าส์ ขนมปัง รอยัล 12 เกรน 285 ก.,฿,42.,00,฿ 44.00,,-4%,,,
https://www.makro.pro/th/p/ilh8wfl-6974475174083?info=JTdCJTIycGFnZVNsdWclMjIlM0ElMjJGcmVzaCUyME92ZXJsb2FkJTIwJTdDJTIwQnJlYWRzJTIwJTI2JTIwQmFrZXJ5JTJGMTkwNTclMjIlMkMlMjJjYXJvdXNlbE5hbWUlMjIlM0ElMjIlMjIlMkMlMjJjb2xsZWN0aW9uSWQlMjIlM0ElMjIxOTA1NyUyMiUyQyUyMmluZGV4Q2xpY2tlZCUyMiUzQTY2JTdE,https://images.mango-prod.siammakro.cloud/SOURCE/a4e1444af4324f03bb2d0d68b3cf7235,"ซื้อ 1,200฿ ได้รับ 20 พอยท์",ทริปเปิล ไนน์ ขนมปังกรอบอบเนย 50 ก.,"฿

68.

00",฿,00,,,,,,
https://www.makro.pro/th/p/my9hn0f-7275709825219?info=JTdCJTIycGFnZVNsdWclMjIlM0ElMjJGcmVzaCUyME92ZXJsb2FkJTIwJTdDJTIwQnJlYWRzJTIwJTI2JTIwQmFrZXJ5JTJGMTkwNTclMjIlMkMlMjJjYXJvdXNlbE5hbWUlMjIlM0ElMjIlMjIlMkMlMjJjb2xsZWN0aW9uSWQlMjIlM0ElMjIxOTA1NyUyMiUyQyUyMmluZGV4Q2xpY2tlZCUyMiUzQTY3JTdE,https://images.mango-prod.siammakro.cloud/SOURCE/bc1a732d13ac462db4485b2c6bef361f,"ซื้อ 1,200฿ ได้รับ 20 พอยท์",แต้เซ่งเฮง ขนมไหว้พระจันทร์ ไส้ถั่วกลิ่นทุเรียน โหล 960 ก.,฿,130.,00,฿ 145.00,,-10%,,,
https://www.makro.pro/th/p/0gznsen-7416048255171?info=JTdCJTIycGFnZVNsdWclMjIlM0ElMjJGcmVzaCUyME92ZXJsb2FkJTIwJTdDJTIwQnJlYWRzJTIwJTI2JTIwQmFrZXJ5JTJGMTkwNTclMjIlMkMlMjJjYXJvdXNlbE5hbWUlMjIlM0ElMjIlMjIlMkMlMjJjb2xsZWN0aW9uSWQlMjIlM0ElMjIxOTA1NyUyMiUyQyUyMmluZGV4Q2xpY2tlZCUyMiUzQTY4JTdE,https://images.mango-prod.siammakro.cloud/SOURCE/42f868f80ebf4f8ab53ccd39d4012c03,"ซื้อ 1,200฿ ได้รับ 20 พอยท์",ซันเมอร์ แป้งพายผีเสื้อแช่แข็ง 3 ชิ้น,"฿

215.

00",฿,00,,,,,,
https://www.makro.pro/th/p/ybyovmf-7275710480579?info=JTdCJTIycGFnZVNsdWclMjIlM0ElMjJGcmVzaCUyME92ZXJsb2FkJTIwJTdDJTIwQnJlYWRzJTIwJTI2JTIwQmFrZXJ5JTJGMTkwNTclMjIlMkMlMjJjYXJvdXNlbE5hbWUlMjIlM0ElMjIlMjIlMkMlMjJjb2xsZWN0aW9uSWQlMjIlM0ElMjIxOTA1NyUyMiUyQyUyMmluZGV4Q2xpY2tlZCUyMiUzQTY5JTdE,https://images.mango-prod.siammakro.cloud/SOURCE/83484ae7fef74df7a23f208715a48e7e,"ซื้อ 1,200฿ ได้รับ 20 พอยท์",แต้เซ่งเฮง พายไส้สับปะรด โหล 960 ก. 24 ชิ้น,฿,130.,00,฿ 145.00,,-10%,,,
https://www.makro.pro/th/p/pecsbxi-7275710382275?info=JTdCJTIycGFnZVNsdWclMjIlM0ElMjJGcmVzaCUyME92ZXJsb2FkJTIwJTdDJTIwQnJlYWRzJTIwJTI2JTIwQmFrZXJ5JTJGMTkwNTclMjIlMkMlMjJjYXJvdXNlbE5hbWUlMjIlM0ElMjIlMjIlMkMlMjJjb2xsZWN0aW9uSWQlMjIlM0ElMjIxOTA1NyUyMiUyQyUyMmluZGV4Q2xpY2tlZCUyMiUzQTcwJTdE,https://images.mango-prod.siammakro.cloud/SOURCE/24f8e2d5f0f6455882bd3384cb374f89,"ซื้อ 1,200฿ ได้รับ 20 พอยท์",แต้เซ่งเฮง ขนมเปี๊ยะคอเป็ดงาขาว ขวดโหล 960 ก. 24 ชิ้น,฿,130.,00,฿ 145.00,,-10%,,,
https://www.makro.pro/th/p/d6gpn10-7196408217795?info=JTdCJTIycGFnZVNsdWclMjIlM0ElMjJGcmVzaCUyME92ZXJsb2FkJTIwJTdDJTIwQnJlYWRzJTIwJTI2JTIwQmFrZXJ5JTJGMTkwNTclMjIlMkMlMjJjYXJvdXNlbE5hbWUlMjIlM0ElMjIlMjIlMkMlMjJjb2xsZWN0aW9uSWQlMjIlM0ElMjIxOTA1NyUyMiUyQyUyMmluZGV4Q2xpY2tlZCUyMiUzQTcxJTdE,https://images.mango-prod.siammakro.cloud/product-images/7196408217795-714826b2-422a-4d26-a592-3a49acbd6599.jpeg?imageMogr2/thumbnail/300x300,"ซื้อ 1,200฿ ได้รับ 20 พอยท์",เอโร่ คุกกี้รสนม 1 กก.,"฿

198.

00",฿,00,,,,,,
https://www.makro.pro/th/p/ojqbw8g-7196407464131?info=JTdCJTIycGFnZVNsdWclMjIlM0ElMjJGcmVzaCUyME92ZXJsb2FkJTIwJTdDJTIwQnJlYWRzJTIwJTI2JTIwQmFrZXJ5JTJGMTkwNTclMjIlMkMlMjJjYXJvdXNlbE5hbWUlMjIlM0ElMjIlMjIlMkMlMjJjb2xsZWN0aW9uSWQlMjIlM0ElMjIxOTA1NyUyMiUyQyUyMmluZGV4Q2xpY2tlZCUyMiUzQTcyJTdE,https://images.mango-prod.siammakro.cloud/SOURCE/2f562225889643af8a21fd1a931ce7df,"ซื้อ 1,200฿ ได้รับ 20 พอยท์",มิสเตอร์โคน วาฟเฟิลโคน x 96,"฿

399.

00",฿,00,,,,,,
https://www.makro.pro/th/p/2pYVUwCv-528522826386012?info=JTdCJTIycGFnZVNsdWclMjIlM0ElMjJGcmVzaCUyME92ZXJsb2FkJTIwJTdDJTIwQnJlYWRzJTIwJTI2JTIwQmFrZXJ5JTJGMTkwNTclMjIlMkMlMjJjYXJvdXNlbE5hbWUlMjIlM0ElMjIlMjIlMkMlMjJjb2xsZWN0aW9uSWQlMjIlM0ElMjIxOTA1NyUyMiUyQyUyMmluZGV4Q2xpY2tlZCUyMiUzQTczJTdE,https://images.mango-prod.siammakro.cloud/product-images/528522826386012-c76a662e-7c09-4520-b910-2c3da466f9b3.jpeg?imageMogr2/thumbnail/300x300,"ซื้อ 1,200฿ ได้รับ 20 พอยท์",เอโร่ แป้งพิซซ่ามินิ 3 นิ้ว 24 ชิ้น,"฿

98.

00",฿,00,,,,,,
https://www.makro.pro/th/p/xyoagi0-7275710349507?info=JTdCJTIycGFnZVNsdWclMjIlM0ElMjJGcmVzaCUyME92ZXJsb2FkJTIwJTdDJTIwQnJlYWRzJTIwJTI2JTIwQmFrZXJ5JTJGMTkwNTclMjIlMkMlMjJjYXJvdXNlbE5hbWUlMjIlM0ElMjIlMjIlMkMlMjJjb2xsZWN0aW9uSWQlMjIlM0ElMjIxOTA1NyUyMiUyQyUyMmluZGV4Q2xpY2tlZCUyMiUzQTc0JTdE,https://images.mango-prod.siammakro.cloud/SOURCE/99eb8068bf564ca0a62e7c74fb496889,"ซื้อ 1,200฿ ได้รับ 20 พอยท์",แต้เซ่งเฮง ขนมเปี๊ยะเต่าล้า โหล 960 ก. 24 ชิ้น,฿,130.,00,฿ 145.00,,-10%,,,
https://www.makro.pro/th/p/Z-zojf8-160551394229637?info=JTdCJTIycGFnZVNsdWclMjIlM0ElMjJGcmVzaCUyME92ZXJsb2FkJTIwJTdDJTIwQnJlYWRzJTIwJTI2JTIwQmFrZXJ5JTJGMTkwNTclMjIlMkMlMjJjYXJvdXNlbE5hbWUlMjIlM0ElMjIlMjIlMkMlMjJjb2xsZWN0aW9uSWQlMjIlM0ElMjIxOTA1NyUyMiUyQyUyMmluZGV4Q2xpY2tlZCUyMiUzQTc1JTdE,https://images.mango-prod.siammakro.cloud/SOURCE/80772330d0b449b1bb6488ab08b5296f,"ซื้อ 1,200฿ ได้รับ 20 พอยท์",แต้เซ่งเฮง เปี๊ยะถั่วมะพร้าวใบเตย โหล 960 ก.,฿,130.,00,฿ 145.00,,-10%,,,
https://www.makro.pro/th/p/urumw5y-7352855789763?info=JTdCJTIycGFnZVNsdWclMjIlM0ElMjJGcmVzaCUyME92ZXJsb2FkJTIwJTdDJTIwQnJlYWRzJTIwJTI2JTIwQmFrZXJ5JTJGMTkwNTclMjIlMkMlMjJjYXJvdXNlbE5hbWUlMjIlM0ElMjIlMjIlMkMlMjJjb2xsZWN0aW9uSWQlMjIlM0ElMjIxOTA1NyUyMiUyQyUyMmluZGV4Q2xpY2tlZCUyMiUzQTc2JTdE,https://images.mango-prod.siammakro.cloud/product-images/7352855789763-8946ded7-6231-43cf-b4a1-f73cc601d07c.jpeg?imageMogr2/thumbnail/300x300,"ซื้อ 1,200฿ ได้รับ 20 พอยท์",เอโร่ โกลด์ โดนัทน้ําตาล เกลียว 30 ก. x 5,"฿

58.

00",฿,00,,,,,,
https://www.makro.pro/th/p/upnt-k6-7497384460483?info=JTdCJTIycGFnZVNsdWclMjIlM0ElMjJGcmVzaCUyME92ZXJsb2FkJTIwJTdDJTIwQnJlYWRzJTIwJTI2JTIwQmFrZXJ5JTJGMTkwNTclMjIlMkMlMjJjYXJvdXNlbE5hbWUlMjIlM0ElMjIlMjIlMkMlMjJjb2xsZWN0aW9uSWQlMjIlM0ElMjIxOTA1NyUyMiUyQyUyMmluZGV4Q2xpY2tlZCUyMiUzQTc3JTdE,https://images.mango-prod.siammakro.cloud/SOURCE/3e17009777794a1b89edb48d09897b99,"ซื้อ 1,200฿ ได้รับ 20 พอยท์",เอโร่ โกลด์ มัฟฟิน คละรส 65 ก. x 3,"฿

46.

00",฿,00,,,,,,
https://www.makro.pro/th/p/nb0MIMC-185133344379628?info=JTdCJTIycGFnZVNsdWclMjIlM0ElMjJGcmVzaCUyME92ZXJsb2FkJTIwJTdDJTIwQnJlYWRzJTIwJTI2JTIwQmFrZXJ5JTJGMTkwNTclMjIlMkMlMjJjYXJvdXNlbE5hbWUlMjIlM0ElMjIlMjIlMkMlMjJjb2xsZWN0aW9uSWQlMjIlM0ElMjIxOTA1NyUyMiUyQyUyMmluZGV4Q2xpY2tlZCUyMiUzQTc4JTdE,https://images.mango-prod.siammakro.cloud/product-images/185133344379628-7b39d5de-c424-43ad-81f8-eb03cbea1c87.jpeg?imageMogr2/thumbnail/300x300,"ซื้อ 1,200฿ ได้รับ 20 พอยท์",เดนิชไส้สับปะรด40กรัมX6,"฿

72.

00",฿,00,,,,,,
https://www.makro.pro/th/p/cc_0kpw-7497456124099?info=JTdCJTIycGFnZVNsdWclMjIlM0ElMjJGcmVzaCUyME92ZXJsb2FkJTIwJTdDJTIwQnJlYWRzJTIwJTI2JTIwQmFrZXJ5JTJGMTkwNTclMjIlMkMlMjJjYXJvdXNlbE5hbWUlMjIlM0ElMjIlMjIlMkMlMjJjb2xsZWN0aW9uSWQlMjIlM0ElMjIxOTA1NyUyMiUyQyUyMmluZGV4Q2xpY2tlZCUyMiUzQTc5JTdE,https://images.mango-prod.siammakro.cloud/SOURCE/8e31f3befcea49c8826e6e7ea11eb1c9,"ซื้อ 1,200฿ ได้รับ 20 พอยท์",มิสเตอร์โคน ซูการ์โคน 120 ชิ้น,"฿

209.

00",฿,00,,,,,,
https://www.makro.pro/th/p/bqoez3t-7193010536643?info=JTdCJTIycGFnZVNsdWclMjIlM0ElMjJGcmVzaCUyME92ZXJsb2FkJTIwJTdDJTIwQnJlYWRzJTIwJTI2JTIwQmFrZXJ5JTJGMTkwNTclMjIlMkMlMjJjYXJvdXNlbE5hbWUlMjIlM0ElMjIlMjIlMkMlMjJjb2xsZWN0aW9uSWQlMjIlM0ElMjIxOTA1NyUyMiUyQyUyMmluZGV4Q2xpY2tlZCUyMiUzQTgwJTdE,https://images.mango-prod.siammakro.cloud/SOURCE/1d37bd6a0f4743c5aacac45c2eb506ad,"ซื้อ 1,200฿ ได้รับ 20 พอยท์",เอโร่ โกลด์ แป้งพายชั้นเนยสด 600 ก.,"฿

190.

00",฿,00,,,,,,
https://www.makro.pro/th/p/7pkynb8-7499719639235?info=JTdCJTIycGFnZVNsdWclMjIlM0ElMjJGcmVzaCUyME92ZXJsb2FkJTIwJTdDJTIwQnJlYWRzJTIwJTI2JTIwQmFrZXJ5JTJGMTkwNTclMjIlMkMlMjJjYXJvdXNlbE5hbWUlMjIlM0ElMjIlMjIlMkMlMjJjb2xsZWN0aW9uSWQlMjIlM0ElMjIxOTA1NyUyMiUyQyUyMmluZGV4Q2xpY2tlZCUyMiUzQTgxJTdE,https://images.mango-prod.siammakro.cloud/SOURCE/18a524bb73754bff8517b3b4bf7742a7,"ซื้อ 1,200฿ ได้รับ 20 พอยท์",เอโร่ โกลด์ คัพเค้กฟิลลิ่ง กลิ่นส้ม 25 ก. 6 ชิ้น,"฿

48.00",฿,,,,,,,สินค้าหมด
https://www.makro.pro/th/p/43lJTN6-910858211314722?info=JTdCJTIycGFnZVNsdWclMjIlM0ElMjJGcmVzaCUyME92ZXJsb2FkJTIwJTdDJTIwQnJlYWRzJTIwJTI2JTIwQmFrZXJ5JTJGMTkwNTclMjIlMkMlMjJjYXJvdXNlbE5hbWUlMjIlM0ElMjIlMjIlMkMlMjJjb2xsZWN0aW9uSWQlMjIlM0ElMjIxOTA1NyUyMiUyQyUyMmluZGV4Q2xpY2tlZCUyMiUzQTgyJTdE,https://images.mango-prod.siammakro.cloud/SOURCE/fd3417ebcebb46d487f8c8cfaffe72bd,"ซื้อ 1,200฿ ได้รับ 20 พอยท์",แต้เซ่งเฮง เปี๊ยะถั่วเค็ม โหล 960 ก. 24 ชิ้น,฿,130.,00,฿ 145.00,,-10%,,,
https://www.makro.pro/th/p/lcF_w7X-218953294475480?info=JTdCJTIycGFnZVNsdWclMjIlM0ElMjJGcmVzaCUyME92ZXJsb2FkJTIwJTdDJTIwQnJlYWRzJTIwJTI2JTIwQmFrZXJ5JTJGMTkwNTclMjIlMkMlMjJjYXJvdXNlbE5hbWUlMjIlM0ElMjIlMjIlMkMlMjJjb2xsZWN0aW9uSWQlMjIlM0ElMjIxOTA1NyUyMiUyQyUyMmluZGV4Q2xpY2tlZCUyMiUzQTgzJTdE,https://images.mango-prod.siammakro.cloud/product-images/218953294475480-f480588a-c301-412b-8bf8-a9a329125a4a.jpeg?imageMogr2/thumbnail/300x300,"ซื้อ 1,200฿ ได้รับ 20 พอยท์",เอโร่ โกลด์ ครัวซองต์โฮลวีท 40 ก. x 6,"฿

120.

00",฿,00,,,,,,
https://www.makro.pro/th/p/1Etri4O-374874279530818?info=JTdCJTIycGFnZVNsdWclMjIlM0ElMjJGcmVzaCUyME92ZXJsb2FkJTIwJTdDJTIwQnJlYWRzJTIwJTI2JTIwQmFrZXJ5JTJGMTkwNTclMjIlMkMlMjJjYXJvdXNlbE5hbWUlMjIlM0ElMjIlMjIlMkMlMjJjb2xsZWN0aW9uSWQlMjIlM0ElMjIxOTA1NyUyMiUyQyUyMmluZGV4Q2xpY2tlZCUyMiUzQTg0JTdE,https://images.mango-prod.siammakro.cloud/SOURCE/3d9aac729c6c43b6b757c2c791d39f54,"ซื้อ 1,200฿ ได้รับ 20 พอยท์",เอโร่ โกลด์ มัฟฟินคละรส 65 ก. x 9,"฿

130.

00",฿,00,,,,,,
https://www.makro.pro/th/p/2829pd6-7196406350019?info=JTdCJTIycGFnZVNsdWclMjIlM0ElMjJGcmVzaCUyME92ZXJsb2FkJTIwJTdDJTIwQnJlYWRzJTIwJTI2JTIwQmFrZXJ5JTJGMTkwNTclMjIlMkMlMjJjYXJvdXNlbE5hbWUlMjIlM0ElMjIlMjIlMkMlMjJjb2xsZWN0aW9uSWQlMjIlM0ElMjIxOTA1NyUyMiUyQyUyMmluZGV4Q2xpY2tlZCUyMiUzQTg1JTdE,https://images.mango-prod.siammakro.cloud/product-images/7196406350019-a46375be-472d-488b-b9ab-a9ab333d6e63.jpeg?imageMogr2/thumbnail/300x300,"ซื้อ 1,200฿ ได้รับ 20 พอยท์",เอสแอนด์พี เค้กช็อกโกแลต 300 ก.,"฿

145.

00",฿,00,,,,,,
https://www.makro.pro/th/p/14rOII2-349456899655437?info=JTdCJTIycGFnZVNsdWclMjIlM0ElMjJGcmVzaCUyME92ZXJsb2FkJTIwJTdDJTIwQnJlYWRzJTIwJTI2JTIwQmFrZXJ5JTJGMTkwNTclMjIlMkMlMjJjYXJvdXNlbE5hbWUlMjIlM0ElMjIlMjIlMkMlMjJjb2xsZWN0aW9uSWQlMjIlM0ElMjIxOTA1NyUyMiUyQyUyMmluZGV4Q2xpY2tlZCUyMiUzQTg2JTdE,https://images.mango-prod.siammakro.cloud/SOURCE/e783e4b9a7e34e9585fce2c4a472d443,"ซื้อ 1,200฿ ได้รับ 20 พอยท์",วรรณวนัช ชิฟฟ่อน รวมรส 8 ชิ้น x 1,"฿

110.

00",฿,00,,,,,,
https://www.makro.pro/th/p/3k9gplv-7196404056259?info=JTdCJTIycGFnZVNsdWclMjIlM0ElMjJGcmVzaCUyME92ZXJsb2FkJTIwJTdDJTIwQnJlYWRzJTIwJTI2JTIwQmFrZXJ5JTJGMTkwNTclMjIlMkMlMjJjYXJvdXNlbE5hbWUlMjIlM0ElMjIlMjIlMkMlMjJjb2xsZWN0aW9uSWQlMjIlM0ElMjIxOTA1NyUyMiUyQyUyMmluZGV4Q2xpY2tlZCUyMiUzQTg3JTdE,https://images.mango-prod.siammakro.cloud/product-images/7196404056259-8ea30408-6333-43c1-8865-cfe42469738b.jpeg?imageMogr2/thumbnail/300x300,"ซื้อ 1,200฿ ได้รับ 20 พอยท์",เอโร่ คุกกี้รสกาแฟ 1 กก.,"฿

198.

00",฿,00,,,,,,
https://www.makro.pro/th/p/C7a0zT--625425192970250?info=JTdCJTIycGFnZVNsdWclMjIlM0ElMjJGcmVzaCUyME92ZXJsb2FkJTIwJTdDJTIwQnJlYWRzJTIwJTI2JTIwQmFrZXJ5JTJGMTkwNTclMjIlMkMlMjJjYXJvdXNlbE5hbWUlMjIlM0ElMjIlMjIlMkMlMjJjb2xsZWN0aW9uSWQlMjIlM0ElMjIxOTA1NyUyMiUyQyUyMmluZGV4Q2xpY2tlZCUyMiUzQTg4JTdE,https://images.mango-prod.siammakro.cloud/SOURCE/0e93e7b1ab4546818c45c5b44d9737d1,"ซื้อ 1,200฿ ได้รับ 20 พอยท์",มิชชั่น แรพส์ สปิแนช 270 ก.,"฿

115.

00",฿,00,,,,,,
https://www.makro.pro/th/p/SBR0j2E-367678632619062?info=JTdCJTIycGFnZVNsdWclMjIlM0ElMjJGcmVzaCUyME92ZXJsb2FkJTIwJTdDJTIwQnJlYWRzJTIwJTI2JTIwQmFrZXJ5JTJGMTkwNTclMjIlMkMlMjJjYXJvdXNlbE5hbWUlMjIlM0ElMjIlMjIlMkMlMjJjb2xsZWN0aW9uSWQlMjIlM0ElMjIxOTA1NyUyMiUyQyUyMmluZGV4Q2xpY2tlZCUyMiUzQTg5JTdE,https://images.mango-prod.siammakro.cloud/SOURCE/94b0bf6824ce4171a886024a725ca0de,"ซื้อ 1,200฿ ได้รับ 20 พอยท์",แต้เซ่งเฮง ถั่วทอดกลอย โหล 600 ก.,฿,130.,00,฿ 145.00,,-10%,,,
https://www.makro.pro/th/p/LMnWCnW-225691978872650?info=JTdCJTIycGFnZVNsdWclMjIlM0ElMjJGcmVzaCUyME92ZXJsb2FkJTIwJTdDJTIwQnJlYWRzJTIwJTI2JTIwQmFrZXJ5JTJGMTkwNTclMjIlMkMlMjJjYXJvdXNlbE5hbWUlMjIlM0ElMjIlMjIlMkMlMjJjb2xsZWN0aW9uSWQlMjIlM0ElMjIxOTA1NyUyMiUyQyUyMmluZGV4Q2xpY2tlZCUyMiUzQTkwJTdE,https://images.mango-prod.siammakro.cloud/SOURCE/dc2e627ba36248ef9d915cac9ada1566,"ซื้อ 1,200฿ ได้รับ 20 พอยท์",เอโร่ โกลด์ สตอเบอรี่ชีสเค้ก 450 ก.,"฿

275.

00",฿,00,,,,,,
https://www.makro.pro/th/p/Onk5muD-644919465329766?info=JTdCJTIycGFnZVNsdWclMjIlM0ElMjJGcmVzaCUyME92ZXJsb2FkJTIwJTdDJTIwQnJlYWRzJTIwJTI2JTIwQmFrZXJ5JTJGMTkwNTclMjIlMkMlMjJjYXJvdXNlbE5hbWUlMjIlM0ElMjIlMjIlMkMlMjJjb2xsZWN0aW9uSWQlMjIlM0ElMjIxOTA1NyUyMiUyQyUyMmluZGV4Q2xpY2tlZCUyMiUzQTkxJTdE,https://images.mango-prod.siammakro.cloud/SOURCE/fd64b10fafae46a4b94c798bba416944,"ซื้อ 1,200฿ ได้รับ 20 พอยท์",เอโร่ โกลด์ นิวยอกร์กชีสเค้ก 390 ก.,"฿

299.

00",฿,00,,,,,,
https://www.makro.pro/th/p/21AMGjS-966096853500111?info=JTdCJTIycGFnZVNsdWclMjIlM0ElMjJGcmVzaCUyME92ZXJsb2FkJTIwJTdDJTIwQnJlYWRzJTIwJTI2JTIwQmFrZXJ5JTJGMTkwNTclMjIlMkMlMjJjYXJvdXNlbE5hbWUlMjIlM0ElMjIlMjIlMkMlMjJjb2xsZWN0aW9uSWQlMjIlM0ElMjIxOTA1NyUyMiUyQyUyMmluZGV4Q2xpY2tlZCUyMiUzQTkyJTdE,https://images.mango-prod.siammakro.cloud/SOURCE/fbeb55593ecf4d02beaef76ac6dfe9c5,"ซื้อ 1,200฿ ได้รับ 20 พอยท์",เอโร่ มินิพัฟไส้สับปะรด 23 ก. 12 ชิ้น,"฿

99.

00",฿,00,,,,,,
https://www.makro.pro/th/p/vGTVTPG-905030091475736?info=JTdCJTIycGFnZVNsdWclMjIlM0ElMjJGcmVzaCUyME92ZXJsb2FkJTIwJTdDJTIwQnJlYWRzJTIwJTI2JTIwQmFrZXJ5JTJGMTkwNTclMjIlMkMlMjJjYXJvdXNlbE5hbWUlMjIlM0ElMjIlMjIlMkMlMjJjb2xsZWN0aW9uSWQlMjIlM0ElMjIxOTA1NyUyMiUyQyUyMmluZGV4Q2xpY2tlZCUyMiUzQTkzJTdE,https://images.mango-prod.siammakro.cloud/SOURCE/4924025a6b514cbab480327cb052757a,"ซื้อ 1,200฿ ได้รับ 20 พอยท์",เอโร่ โกลด์ มินิเค้กครีมกาแฟ 20 ก. 9 ชิ้น,"฿

79.

00",฿,00,,,,,,
https://www.makro.pro/th/p/FwYigW0-19650826238510?info=JTdCJTIycGFnZVNsdWclMjIlM0ElMjJGcmVzaCUyME92ZXJsb2FkJTIwJTdDJTIwQnJlYWRzJTIwJTI2JTIwQmFrZXJ5JTJGMTkwNTclMjIlMkMlMjJjYXJvdXNlbE5hbWUlMjIlM0ElMjIlMjIlMkMlMjJjb2xsZWN0aW9uSWQlMjIlM0ElMjIxOTA1NyUyMiUyQyUyMmluZGV4Q2xpY2tlZCUyMiUzQTk0JTdE,https://images.mango-prod.siammakro.cloud/SOURCE/a1a23301b3c14e8aba13f47d0ab15e4b,"ซื้อ 1,200฿ ได้รับ 20 พอยท์",เอโร่ มินิพัฟไส้สตรอเบอร์รี่ 23 ก. 12 ชิ้น,"฿

99.

00",฿,00,,,,,,
https://www.makro.pro/th/p/SDg6ZKo-235893322611828?info=JTdCJTIycGFnZVNsdWclMjIlM0ElMjJGcmVzaCUyME92ZXJsb2FkJTIwJTdDJTIwQnJlYWRzJTIwJTI2JTIwQmFrZXJ5JTJGMTkwNTclMjIlMkMlMjJjYXJvdXNlbE5hbWUlMjIlM0ElMjIlMjIlMkMlMjJjb2xsZWN0aW9uSWQlMjIlM0ElMjIxOTA1NyUyMiUyQyUyMmluZGV4Q2xpY2tlZCUyMiUzQTk1JTdE,https://images.mango-prod.siammakro.cloud/SOURCE/2d3c1a630dec478c92f6051d87d33e49,"ซื้อ 1,200฿ ได้รับ 20 พอยท์",เอโร่ ไดฟูกุ ครีมแรร์ชีส 420 ก.,"฿

195.

00",฿,00,,,,,,
https://www.makro.pro/th/p/zS7Ja5m-712183339321443?info=JTdCJTIycGFnZVNsdWclMjIlM0ElMjJGcmVzaCUyME92ZXJsb2FkJTIwJTdDJTIwQnJlYWRzJTIwJTI2JTIwQmFrZXJ5JTJGMTkwNTclMjIlMkMlMjJjYXJvdXNlbE5hbWUlMjIlM0ElMjIlMjIlMkMlMjJjb2xsZWN0aW9uSWQlMjIlM0ElMjIxOTA1NyUyMiUyQyUyMmluZGV4Q2xpY2tlZCUyMiUzQTk2JTdE,https://images.mango-prod.siammakro.cloud/SOURCE/77ab4cce0fd44ee983c03e2088bb3bdd,"ซื้อ 1,200฿ ได้รับ 20 พอยท์",เอโร่ ไดฟูกุสตอเบอร์รีครีมสด 420 ก.,"฿

195.

00",฿,00,,,,,,
https://www.makro.pro/th/p/8sqakzu-7275732336835?info=JTdCJTIycGFnZVNsdWclMjIlM0ElMjJGcmVzaCUyME92ZXJsb2FkJTIwJTdDJTIwQnJlYWRzJTIwJTI2JTIwQmFrZXJ5JTJGMTkwNTclMjIlMkMlMjJjYXJvdXNlbE5hbWUlMjIlM0ElMjIlMjIlMkMlMjJjb2xsZWN0aW9uSWQlMjIlM0ElMjIxOTA1NyUyMiUyQyUyMmluZGV4Q2xpY2tlZCUyMiUzQTk3JTdE,https://images.mango-prod.siammakro.cloud/SOURCE/9fcdb2c6a4be4a9198b11b1e74218e7f,"ซื้อ 1,200฿ ได้รับ 20 พอยท์",เอโร่ โกลด์ มินิครัวซองต์ 15 ก. x 10,"฿

75.00",฿,,,,,,,สินค้าหมด
https://www.makro.pro/th/p/SJ-WIjX-2918717990052?info=JTdCJTIycGFnZVNsdWclMjIlM0ElMjJGcmVzaCUyME92ZXJsb2FkJTIwJTdDJTIwQnJlYWRzJTIwJTI2JTIwQmFrZXJ5JTJGMTkwNTclMjIlMkMlMjJjYXJvdXNlbE5hbWUlMjIlM0ElMjIlMjIlMkMlMjJjb2xsZWN0aW9uSWQlMjIlM0ElMjIxOTA1NyUyMiUyQyUyMmluZGV4Q2xpY2tlZCUyMiUzQTk4JTdE,https://images.mango-prod.siammakro.cloud/product-images/2918717990052-55766807-f042-47a9-b900-710fb338aa79.jpeg?imageMogr2/thumbnail/300x300,ซื้อ 2 จ่าย 1,เอโร่ โกลด์ บราวนี่อัลมอนด์ 20 ก. x 9,"฿

84.

00",฿,00,,,,,+1,
https://www.makro.pro/th/p/4uymfl7-7352938791107?info=JTdCJTIycGFnZVNsdWclMjIlM0ElMjJGcmVzaCUyME92ZXJsb2FkJTIwJTdDJTIwQnJlYWRzJTIwJTI2JTIwQmFrZXJ5JTJGMTkwNTclMjIlMkMlMjJjYXJvdXNlbE5hbWUlMjIlM0ElMjIlMjIlMkMlMjJjb2xsZWN0aW9uSWQlMjIlM0ElMjIxOTA1NyUyMiUyQyUyMmluZGV4Q2xpY2tlZCUyMiUzQTk5JTdE,https://images.mango-prod.siammakro.cloud/SOURCE/cb52bfdd221a4316b0b1609ef4ba028c,"ซื้อ 1,200฿ ได้รับ 20 พอยท์",เอโร่ โกลด์ เค้กกล้วยหอม 55 ก. 8 ชิ้น,"฿

58.

00",฿,00,,,,,,
https://www.makro.pro/th/p/thqcafe-7497569403075?info=JTdCJTIycGFnZVNsdWclMjIlM0ElMjJGcmVzaCUyME92ZXJsb2FkJTIwJTdDJTIwQnJlYWRzJTIwJTI2JTIwQmFrZXJ5JTJGMTkwNTclMjIlMkMlMjJjYXJvdXNlbE5hbWUlMjIlM0ElMjIlMjIlMkMlMjJjb2xsZWN0aW9uSWQlMjIlM0ElMjIxOTA1NyUyMiUyQyUyMmluZGV4Q2xpY2tlZCUyMiUzQTEwMCU3RA,https://images.mango-prod.siammakro.cloud/SOURCE/de970003fa4f4543af7226883396af21,"ซื้อ 1,200฿ ได้รับ 20 พอยท์",เอโร่ โกลด์ ขนมปังเวียนนา 260 ก.,฿,32.,00,฿ 34.00,5 - 9 units,-5%,,,สินค้าหมด
https://www.makro.pro/th/p/5-0vusa-7497520349379?info=JTdCJTIycGFnZVNsdWclMjIlM0ElMjJGcmVzaCUyME92ZXJsb2FkJTIwJTdDJTIwQnJlYWRzJTIwJTI2JTIwQmFrZXJ5JTJGMTkwNTclMjIlMkMlMjJjYXJvdXNlbE5hbWUlMjIlM0ElMjIlMjIlMkMlMjJjb2xsZWN0aW9uSWQlMjIlM0ElMjIxOTA1NyUyMiUyQyUyMmluZGV4Q2xpY2tlZCUyMiUzQTEwMSU3RA,https://images.mango-prod.siammakro.cloud/SOURCE/8b8b94332e3b4df4936f3f46598625e9,"ซื้อ 1,200฿ ได้รับ 20 พอยท์",บันเบอร์เกอร์80ก.X4ชิ้น,"฿

40.00",฿,,,,,,,สินค้าหมด
https://www.makro.pro/th/p/vulbbuc-7497405825219?info=JTdCJTIycGFnZVNsdWclMjIlM0ElMjJGcmVzaCUyME92ZXJsb2FkJTIwJTdDJTIwQnJlYWRzJTIwJTI2JTIwQmFrZXJ5JTJGMTkwNTclMjIlMkMlMjJjYXJvdXNlbE5hbWUlMjIlM0ElMjIlMjIlMkMlMjJjb2xsZWN0aW9uSWQlMjIlM0ElMjIxOTA1NyUyMiUyQyUyMmluZGV4Q2xpY2tlZCUyMiUzQTEwMiU3RA,https://images.mango-prod.siammakro.cloud/SOURCE/bc6e4a607d92426d8f5f7db0749d99d5,"ซื้อ 1,200฿ ได้รับ 20 พอยท์",ขนมปังแซนวิชโฮลวีท ซันเบลส960กรัม,฿,74.,00,฿ 77.00,4 - 7 units,-3%,,,สินค้าหมด
https://www.makro.pro/th/p/guwbqqd-6974476058819?info=JTdCJTIycGFnZVNsdWclMjIlM0ElMjJGcmVzaCUyME92ZXJsb2FkJTIwJTdDJTIwQnJlYWRzJTIwJTI2JTIwQmFrZXJ5JTJGMTkwNTclMjIlMkMlMjJjYXJvdXNlbE5hbWUlMjIlM0ElMjIlMjIlMkMlMjJjb2xsZWN0aW9uSWQlMjIlM0ElMjIxOTA1NyUyMiUyQyUyMmluZGV4Q2xpY2tlZCUyMiUzQTEwMyU3RA,https://images.mango-prod.siammakro.cloud/SOURCE/921449167a2441c797039e0a5d465276,"ซื้อ 1,200฿ ได้รับ 20 พอยท์",ฟาร์มเฮ้าส์ ขนมปังฮอทดอก 270 ก. x 5,"฿

33.00",฿,,,,,,,สินค้าหมด
https://www.makro.pro/th/p/s7fs1sb-7196407955651?info=JTdCJTIycGFnZVNsdWclMjIlM0ElMjJGcmVzaCUyME92ZXJsb2FkJTIwJTdDJTIwQnJlYWRzJTIwJTI2JTIwQmFrZXJ5JTJGMTkwNTclMjIlMkMlMjJjYXJvdXNlbE5hbWUlMjIlM0ElMjIlMjIlMkMlMjJjb2xsZWN0aW9uSWQlMjIlM0ElMjIxOTA1NyUyMiUyQyUyMmluZGV4Q2xpY2tlZCUyMiUzQTEwNCU3RA,https://images.mango-prod.siammakro.cloud/product-images/7196407955651-8032a428-6ba9-4041-beed-131eb960069f.jpeg?imageMogr2/thumbnail/300x300,"ซื้อ 1,200฿ ได้รับ 20 พอยท์",ตรามังกร ขนมตุ๊บตั๊บห่อขาว 70 ก. x 3,"฿

51.00",฿,,,,,,,สินค้าหมด
https://www.makro.pro/th/p/u01tlwh-7499682250947?info=JTdCJTIycGFnZVNsdWclMjIlM0ElMjJGcmVzaCUyME92ZXJsb2FkJTIwJTdDJTIwQnJlYWRzJTIwJTI2JTIwQmFrZXJ5JTJGMTkwNTclMjIlMkMlMjJjYXJvdXNlbE5hbWUlMjIlM0ElMjIlMjIlMkMlMjJjb2xsZWN0aW9uSWQlMjIlM0ElMjIxOTA1NyUyMiUyQyUyMmluZGV4Q2xpY2tlZCUyMiUzQTEwNSU3RA,https://images.mango-prod.siammakro.cloud/product-images/7499682250947-4eaaab9a-bfeb-4ffc-ae54-8824ed03a600.jpeg?imageMogr2/thumbnail/300x300,"ซื้อ 1,200฿ ได้รับ 20 พอยท์",เดนิชอัลมอนด์40กรัมX6,"฿

72.00",฿,,,,,,,สินค้าหมด
https://www.makro.pro/th/p/7Gq9e_v-306649007230837?info=JTdCJTIycGFnZVNsdWclMjIlM0ElMjJGcmVzaCUyME92ZXJsb2FkJTIwJTdDJTIwQnJlYWRzJTIwJTI2JTIwQmFrZXJ5JTJGMTkwNTclMjIlMkMlMjJjYXJvdXNlbE5hbWUlMjIlM0ElMjIlMjIlMkMlMjJjb2xsZWN0aW9uSWQlMjIlM0ElMjIxOTA1NyUyMiUyQyUyMmluZGV4Q2xpY2tlZCUyMiUzQTEwNiU3RA,https://images.mango-prod.siammakro.cloud/SOURCE/bcdc7e2a155d4aab99d8c3deef26673e,"ซื้อ 1,200฿ ได้รับ 20 พอยท์",เอโร่ โกลด์ ช็อกโกแลตชิพสติ๊ก 40 ก. x 8,"฿

92.00",฿,,,,,,,สินค้าหมด
https://www.makro.pro/th/p/avk3vcd-7497393045699?info=JTdCJTIycGFnZVNsdWclMjIlM0ElMjJGcmVzaCUyME92ZXJsb2FkJTIwJTdDJTIwQnJlYWRzJTIwJTI2JTIwQmFrZXJ5JTJGMTkwNTclMjIlMkMlMjJjYXJvdXNlbE5hbWUlMjIlM0ElMjIlMjIlMkMlMjJjb2xsZWN0aW9uSWQlMjIlM0ElMjIxOTA1NyUyMiUyQyUyMmluZGV4Q2xpY2tlZCUyMiUzQTEwNyU3RA,https://images.mango-prod.siammakro.cloud/product-images/7497393045699-691ed970-e851-4aaf-a92f-ddcf7d0d525d.jpeg?imageMogr2/thumbnail/300x300,"ซื้อ 1,200฿ ได้รับ 20 พอยท์",เอโร่ โกลด์ เค้กกล้วยหอม 55 ก. 48 ชิ้น,฿,320.,00,฿ 330.00,3 - 5 units,-3%,,,สินค้าหมด
https://www.makro.pro/th/p/-TuMyUky-793317376161322?info=JTdCJTIycGFnZVNsdWclMjIlM0ElMjJGcmVzaCUyME92ZXJsb2FkJTIwJTdDJTIwQnJlYWRzJTIwJTI2JTIwQmFrZXJ5JTJGMTkwNTclMjIlMkMlMjJjYXJvdXNlbE5hbWUlMjIlM0ElMjIlMjIlMkMlMjJjb2xsZWN0aW9uSWQlMjIlM0ElMjIxOTA1NyUyMiUyQyUyMmluZGV4Q2xpY2tlZCUyMiUzQTEwOCU3RA,https://images.mango-prod.siammakro.cloud/product-images/793317376161322-a5651c45-110b-4218-acd5-27e34eb4d52f.jpeg?imageMogr2/thumbnail/300x300,"ซื้อ 1,200฿ ได้รับ 20 พอยท์",เอโร่ โกลด์ ฟลาวเวอร์ชีสทาร์ต 55 ก. x 2,"฿

89.00",฿,,,,,,,สินค้าหมด
https://www.makro.pro/th/p/DW1pfGF-376965868077073?info=JTdCJTIycGFnZVNsdWclMjIlM0ElMjJGcmVzaCUyME92ZXJsb2FkJTIwJTdDJTIwQnJlYWRzJTIwJTI2JTIwQmFrZXJ5JTJGMTkwNTclMjIlMkMlMjJjYXJvdXNlbE5hbWUlMjIlM0ElMjIlMjIlMkMlMjJjb2xsZWN0aW9uSWQlMjIlM0ElMjIxOTA1NyUyMiUyQyUyMmluZGV4Q2xpY2tlZCUyMiUzQTEwOSU3RA,https://images.mango-prod.siammakro.cloud/SOURCE/f9da5ddbaf664086b630c522653b84de,"ซื้อ 1,200฿ ได้รับ 20 พอยท์",เอโร่ แป้งพิซซ่าหนานุ่ม 80 กรัม x 4 ชิ้น,฿,34.,00,฿ 36.00,5 - 9 units,-5%,,,สินค้าหมด
https://www.makro.pro/th/p/7Sc9yBky-674191216495637?info=JTdCJTIycGFnZVNsdWclMjIlM0ElMjJGcmVzaCUyME92ZXJsb2FkJTIwJTdDJTIwQnJlYWRzJTIwJTI2JTIwQmFrZXJ5JTJGMTkwNTclMjIlMkMlMjJjYXJvdXNlbE5hbWUlMjIlM0ElMjIlMjIlMkMlMjJjb2xsZWN0aW9uSWQlMjIlM0ElMjIxOTA1NyUyMiUyQyUyMmluZGV4Q2xpY2tlZCUyMiUzQTExMCU3RA,https://images.mango-prod.siammakro.cloud/product-images/674191216495637-c9cad65b-9bc0-4d0e-b6cd-17bb30c366d4.jpeg?imageMogr2/thumbnail/300x300,"ซื้อ 1,200฿ ได้รับ 20 พอยท์",เอโร่ โกลด์ บลูเบอร์รี่ชีสเค้กบราวนี่ 340 ก.,"฿

189.00",฿,,,,,,,สินค้าหมด
https://www.makro.pro/th/p/byyehmr-7416155308227?info=JTdCJTIycGFnZVNsdWclMjIlM0ElMjJGcmVzaCUyME92ZXJsb2FkJTIwJTdDJTIwQnJlYWRzJTIwJTI2JTIwQmFrZXJ5JTJGMTkwNTclMjIlMkMlMjJjYXJvdXNlbE5hbWUlMjIlM0ElMjIlMjIlMkMlMjJjb2xsZWN0aW9uSWQlMjIlM0ElMjIxOTA1NyUyMiUyQyUyMmluZGV4Q2xpY2tlZCUyMiUzQTExMSU3RA,https://images.mango-prod.siammakro.cloud/product-images/7416155308227-4ceb4dbf-cf47-4fa7-8fc4-22b989a04e2b.jpeg?imageMogr2/thumbnail/300x300,"ซื้อ 1,200฿ ได้รับ 20 พอยท์",ขนมปัง เฟรนช์เบรดเล็กแช่แข็ง 140 กรัม x 3 ชิ้น,"฿

75.00",฿,,,,,,,สินค้าหมด
https://www.makro.pro/th/p/i5uti48-7497575235779?info=JTdCJTIycGFnZVNsdWclMjIlM0ElMjJGcmVzaCUyME92ZXJsb2FkJTIwJTdDJTIwQnJlYWRzJTIwJTI2JTIwQmFrZXJ5JTJGMTkwNTclMjIlMkMlMjJjYXJvdXNlbE5hbWUlMjIlM0ElMjIlMjIlMkMlMjJjb2xsZWN0aW9uSWQlMjIlM0ElMjIxOTA1NyUyMiUyQyUyMmluZGV4Q2xpY2tlZCUyMiUzQTExMiU3RA,https://images.mango-prod.siammakro.cloud/SOURCE/9aa4d718731a4371b2d1cf92e3c6c54d,"ซื้อ 1,200฿ ได้รับ 20 พอยท์",เดลีซัน แผ่นแป้งธัญพืช 9 นิ้ว 360 กรัม,"฿

105.00",฿,,,,,,,สินค้าหมด
https://www.makro.pro/th/p/LZ4LhTk-796356603634717?info=JTdCJTIycGFnZVNsdWclMjIlM0ElMjJGcmVzaCUyME92ZXJsb2FkJTIwJTdDJTIwQnJlYWRzJTIwJTI2JTIwQmFrZXJ5JTJGMTkwNTclMjIlMkMlMjJjYXJvdXNlbE5hbWUlMjIlM0ElMjIlMjIlMkMlMjJjb2xsZWN0aW9uSWQlMjIlM0ElMjIxOTA1NyUyMiUyQyUyMmluZGV4Q2xpY2tlZCUyMiUzQTExMyU3RA,https://images.mango-prod.siammakro.cloud/product-images/796356603634717-d2b42d08-6f11-43cf-9f5e-049a2f9be9b6.jpeg?imageMogr2/thumbnail/300x300,ซื้อ 2 จ่าย 1,เอโร่ มินิครัวซองต์นมฮอกไกโด 35 ก. x 5,"฿

79.00",฿,,,,,,+1,สินค้าหมด
https://www.makro.pro/th/p/ateah-p-776050333474681?info=JTdCJTIycGFnZVNsdWclMjIlM0ElMjJGcmVzaCUyME92ZXJsb2FkJTIwJTdDJTIwQnJlYWRzJTIwJTI2JTIwQmFrZXJ5JTJGMTkwNTclMjIlMkMlMjJjYXJvdXNlbE5hbWUlMjIlM0ElMjIlMjIlMkMlMjJjb2xsZWN0aW9uSWQlMjIlM0ElMjIxOTA1NyUyMiUyQyUyMmluZGV4Q2xpY2tlZCUyMiUzQTExNCU3RA,https://images.mango-prod.siammakro.cloud/product-images/776050333474681-1b21d26c-1e27-438d-a910-4fa3f3b47a5f.jpeg?imageMogr2/thumbnail/300x300,"ซื้อ 1,200฿ ได้รับ 20 พอยท์",เอโร่ ทาร์ตไข่ 50 ก. x 6,"฿

105.00",฿,,,,,,,สินค้าหมด
https://www.makro.pro/th/p/0X3TAGF-384954326202987?info=JTdCJTIycGFnZVNsdWclMjIlM0ElMjJGcmVzaCUyME92ZXJsb2FkJTIwJTdDJTIwQnJlYWRzJTIwJTI2JTIwQmFrZXJ5JTJGMTkwNTclMjIlMkMlMjJjYXJvdXNlbE5hbWUlMjIlM0ElMjIlMjIlMkMlMjJjb2xsZWN0aW9uSWQlMjIlM0ElMjIxOTA1NyUyMiUyQyUyMmluZGV4Q2xpY2tlZCUyMiUzQTExNSU3RA,https://images.mango-prod.siammakro.cloud/SOURCE/b8680b8bd3ac437598fac601b4368e82,"ซื้อ 1,200฿ ได้รับ 20 พอยท์",เอโร่ โกลด์ เอแคลร์รสวานิลลา 30 ก. x 9,"฿

72.00",฿,,,,,,,สินค้าหมด
https://www.makro.pro/th/p/ndtzqq-7352927453379?info=JTdCJTIycGFnZVNsdWclMjIlM0ElMjJGcmVzaCUyME92ZXJsb2FkJTIwJTdDJTIwQnJlYWRzJTIwJTI2JTIwQmFrZXJ5JTJGMTkwNTclMjIlMkMlMjJjYXJvdXNlbE5hbWUlMjIlM0ElMjIlMjIlMkMlMjJjb2xsZWN0aW9uSWQlMjIlM0ElMjIxOTA1NyUyMiUyQyUyMmluZGV4Q2xpY2tlZCUyMiUzQTExNiU3RA,https://images.mango-prod.siammakro.cloud/SOURCE/b1a3a0835ddd46f685601c03e7f922a6,"ซื้อ 1,200฿ ได้รับ 20 พอยท์",เอโร่ โกลด์ ขนมปังไส้ลูกเกด 300 ก.,"฿

44.00",฿,,,,,,,สินค้าหมด
https://www.makro.pro/th/p/EHD1hJGX-877663411883555?info=JTdCJTIycGFnZVNsdWclMjIlM0ElMjJGcmVzaCUyME92ZXJsb2FkJTIwJTdDJTIwQnJlYWRzJTIwJTI2JTIwQmFrZXJ5JTJGMTkwNTclMjIlMkMlMjJjYXJvdXNlbE5hbWUlMjIlM0ElMjIlMjIlMkMlMjJjb2xsZWN0aW9uSWQlMjIlM0ElMjIxOTA1NyUyMiUyQyUyMmluZGV4Q2xpY2tlZCUyMiUzQTExNyU3RA,https://images.mango-prod.siammakro.cloud/product-images/877663411883555-c19cfaaa-20f4-4acd-9a00-682a1143027f.jpeg?imageMogr2/thumbnail/300x300,,แดรีโด ไดฟูกุไวท์ช็อคโกแลตสตรอเบอร์รี่ 200 ก.,"฿

120.00",฿,,,,,,,สินค้าหมด
https://www.makro.pro/th/p/SP14Ii3-960377945196988?info=JTdCJTIycGFnZVNsdWclMjIlM0ElMjJGcmVzaCUyME92ZXJsb2FkJTIwJTdDJTIwQnJlYWRzJTIwJTI2JTIwQmFrZXJ5JTJGMTkwNTclMjIlMkMlMjJjYXJvdXNlbE5hbWUlMjIlM0ElMjIlMjIlMkMlMjJjb2xsZWN0aW9uSWQlMjIlM0ElMjIxOTA1NyUyMiUyQyUyMmluZGV4Q2xpY2tlZCUyMiUzQTExOCU3RA,https://images.mango-prod.siammakro.cloud/product-images/960377945196988-97fcc878-f37d-455e-b27f-89abda11070d.jpeg?imageMogr2/thumbnail/300x300,"ซื้อ 1,200฿ ได้รับ 20 พอยท์",แดรีโด ไดฟูกุลาวา เฮเซลนัท 4 ชิ้น 140 ก,"฿

95.00",฿,,,,,,,สินค้าหมด
https://www.makro.pro/th/p/0hpiiop-7352855855299?info=JTdCJTIycGFnZVNsdWclMjIlM0ElMjJGcmVzaCUyME92ZXJsb2FkJTIwJTdDJTIwQnJlYWRzJTIwJTI2JTIwQmFrZXJ5JTJGMTkwNTclMjIlMkMlMjJjYXJvdXNlbE5hbWUlMjIlM0ElMjIlMjIlMkMlMjJjb2xsZWN0aW9uSWQlMjIlM0ElMjIxOTA1NyUyMiUyQyUyMmluZGV4Q2xpY2tlZCUyMiUzQTExOSU3RA,https://images.mango-prod.siammakro.cloud/SOURCE/63c45f6dc2ec4c66a440cd522dfba4d0,"ซื้อ 1,200฿ ได้รับ 20 พอยท์",เอโร่ โกลด์ โดนัทน้ําตาล (วงแหวน) 30 ก. 5 ชิ้น,"฿

58.00",฿,,,,,,,สินค้าหมด
https://www.makro.pro/th/p/49ohdtx-7499780128963?info=JTdCJTIycGFnZVNsdWclMjIlM0ElMjJGcmVzaCUyME92ZXJsb2FkJTIwJTdDJTIwQnJlYWRzJTIwJTI2JTIwQmFrZXJ5JTJGMTkwNTclMjIlMkMlMjJjYXJvdXNlbE5hbWUlMjIlM0ElMjIlMjIlMkMlMjJjb2xsZWN0aW9uSWQlMjIlM0ElMjIxOTA1NyUyMiUyQyUyMmluZGV4Q2xpY2tlZCUyMiUzQTEyMCU3RA,https://images.mango-prod.siammakro.cloud/SOURCE/3c7ea34827434615a9956ffbf9a00afe,"ซื้อ 1,200฿ ได้รับ 20 พอยท์",เดนิช ลูกเกด 40 ก. x 6,"฿

72.00",฿,,,,,,,สินค้าหมด
https://www.makro.pro/th/p/7C9Kv_o-746889307849962?info=JTdCJTIycGFnZVNsdWclMjIlM0ElMjJGcmVzaCUyME92ZXJsb2FkJTIwJTdDJTIwQnJlYWRzJTIwJTI2JTIwQmFrZXJ5JTJGMTkwNTclMjIlMkMlMjJjYXJvdXNlbE5hbWUlMjIlM0ElMjIlMjIlMkMlMjJjb2xsZWN0aW9uSWQlMjIlM0ElMjIxOTA1NyUyMiUyQyUyMmluZGV4Q2xpY2tlZCUyMiUzQTEyMSU3RA,https://images.mango-prod.siammakro.cloud/product-images/746889307849962-7a4f13e9-1af2-475e-9179-b094518a7ac3.jpeg?imageMogr2/thumbnail/300x300,"ซื้อ 1,200฿ ได้รับ 20 พอยท์",เอโร่ โกลด์ เค้กกล้วยหอม 55 ก. 15 ชิ้น,"฿

109.00",฿,,,,,,,สินค้าหมด
https://www.makro.pro/th/p/3mmu9vs-7196404613315?info=JTdCJTIycGFnZVNsdWclMjIlM0ElMjJGcmVzaCUyME92ZXJsb2FkJTIwJTdDJTIwQnJlYWRzJTIwJTI2JTIwQmFrZXJ5JTJGMTkwNTclMjIlMkMlMjJjYXJvdXNlbE5hbWUlMjIlM0ElMjIlMjIlMkMlMjJjb2xsZWN0aW9uSWQlMjIlM0ElMjIxOTA1NyUyMiUyQyUyMmluZGV4Q2xpY2tlZCUyMiUzQTEyMiU3RA,https://images.mango-prod.siammakro.cloud/SOURCE/3c41e7a091b54fa7b8c05194d9de259c,"ซื้อ 1,200฿ ได้รับ 20 พอยท์",มิสเตอร์โคน วาฟเฟิลโคนใหญ่ x 60,"฿

275.00",฿,,,,,,,สินค้าหมด
https://www.makro.pro/th/p/Nxg-APZ-60735019340281?info=JTdCJTIycGFnZVNsdWclMjIlM0ElMjJGcmVzaCUyME92ZXJsb2FkJTIwJTdDJTIwQnJlYWRzJTIwJTI2JTIwQmFrZXJ5JTJGMTkwNTclMjIlMkMlMjJjYXJvdXNlbE5hbWUlMjIlM0ElMjIlMjIlMkMlMjJjb2xsZWN0aW9uSWQlMjIlM0ElMjIxOTA1NyUyMiUyQyUyMmluZGV4Q2xpY2tlZCUyMiUzQTEyMyU3RA,https://images.mango-prod.siammakro.cloud/product-images/60735019340281-f0c1899c-27cc-4e91-937d-019a70143778.jpeg?imageMogr2/thumbnail/300x300,"ซื้อ 1,200฿ ได้รับ 20 พอยท์",ครัวซองต์ไส้ชาไทย 35 ก. 5 ชิ้น,"฿

79.00",฿,,,,,,,สินค้าหมด
https://www.makro.pro/th/p/pRKOenq-851266456232244?info=JTdCJTIycGFnZVNsdWclMjIlM0ElMjJGcmVzaCUyME92ZXJsb2FkJTIwJTdDJTIwQnJlYWRzJTIwJTI2JTIwQmFrZXJ5JTJGMTkwNTclMjIlMkMlMjJjYXJvdXNlbE5hbWUlMjIlM0ElMjIlMjIlMkMlMjJjb2xsZWN0aW9uSWQlMjIlM0ElMjIxOTA1NyUyMiUyQyUyMmluZGV4Q2xpY2tlZCUyMiUzQTEyNCU3RA,https://images.mango-prod.siammakro.cloud/product-images/851266456232244-3617d835-09d8-4982-abbc-89c9c32705a0.jpeg?imageMogr2/thumbnail/300x300,"ซื้อ 1,200฿ ได้รับ 20 พอยท์",เอโร่ โกลด์ ครัวซองต์เนยสด 43 ก. 12 ชิ้น,"฿

214.00",฿,,,,,,,สินค้าหมด
https://www.makro.pro/th/p/nkpEsnN-200363947183954?info=JTdCJTIycGFnZVNsdWclMjIlM0ElMjJGcmVzaCUyME92ZXJsb2FkJTIwJTdDJTIwQnJlYWRzJTIwJTI2JTIwQmFrZXJ5JTJGMTkwNTclMjIlMkMlMjJjYXJvdXNlbE5hbWUlMjIlM0ElMjIlMjIlMkMlMjJjb2xsZWN0aW9uSWQlMjIlM0ElMjIxOTA1NyUyMiUyQyUyMmluZGV4Q2xpY2tlZCUyMiUzQTEyNSU3RA,https://images.mango-prod.siammakro.cloud/SOURCE/590e8bd8298c446493738e44a7a631f2,"ซื้อ 1,200฿ ได้รับ 20 พอยท์",มิชชั่น แรพส์ พิต้าเพลน 400 ก.,"฿

115.00",฿,,,,,,,สินค้าหมด
https://www.makro.pro/th/p/vr3sqjg-7497461661891?info=JTdCJTIycGFnZVNsdWclMjIlM0ElMjJGcmVzaCUyME92ZXJsb2FkJTIwJTdDJTIwQnJlYWRzJTIwJTI2JTIwQmFrZXJ5JTJGMTkwNTclMjIlMkMlMjJjYXJvdXNlbE5hbWUlMjIlM0ElMjIlMjIlMkMlMjJjb2xsZWN0aW9uSWQlMjIlM0ElMjIxOTA1NyUyMiUyQyUyMmluZGV4Q2xpY2tlZCUyMiUzQTEyNiU3RA,https://images.mango-prod.siammakro.cloud/SOURCE/86c6ac70cc794888a326443fd7081d02,"ซื้อ 1,200฿ ได้รับ 20 พอยท์",เอโร่ โกลด์ มินิโดนัทเคลือบ 15 ก. x 35,"฿

220.00",฿,,,,,,,สินค้าหมด
https://www.makro.pro/th/p/aBz5BT1-575718607288244?info=JTdCJTIycGFnZVNsdWclMjIlM0ElMjJGcmVzaCUyME92ZXJsb2FkJTIwJTdDJTIwQnJlYWRzJTIwJTI2JTIwQmFrZXJ5JTJGMTkwNTclMjIlMkMlMjJjYXJvdXNlbE5hbWUlMjIlM0ElMjIlMjIlMkMlMjJjb2xsZWN0aW9uSWQlMjIlM0ElMjIxOTA1NyUyMiUyQyUyMmluZGV4Q2xpY2tlZCUyMiUzQTEyNyU3RA,https://images.mango-prod.siammakro.cloud/SOURCE/44ef5d743b0e417f9f35d0ad00a3f8af,"ซื้อ 1,200฿ ได้รับ 20 พอยท์",เอโร่ โกลด์ มินิเค้กช็อกโกแลตกานาช 20 ก. x 9,"฿

89.00",฿,,,,,,,สินค้าหมด
https://www.makro.pro/th/p/3eoV_qyV-934387470432617?info=JTdCJTIycGFnZVNsdWclMjIlM0ElMjJGcmVzaCUyME92ZXJsb2FkJTIwJTdDJTIwQnJlYWRzJTIwJTI2JTIwQmFrZXJ5JTJGMTkwNTclMjIlMkMlMjJjYXJvdXNlbE5hbWUlMjIlM0ElMjIlMjIlMkMlMjJjb2xsZWN0aW9uSWQlMjIlM0ElMjIxOTA1NyUyMiUyQyUyMmluZGV4Q2xpY2tlZCUyMiUzQTEyOCU3RA,https://images.mango-prod.siammakro.cloud/product-images/934387470432617-93e938e3-eeee-4b4f-af43-ea8b2a725c2c.jpeg?imageMogr2/thumbnail/300x300,"ซื้อ 1,200฿ ได้รับ 20 พอยท์",ทอฟฟี่เค้ก รสช็อกโกแลต 390 ก.,"฿

179.00",฿,,,,,,,สินค้าหมด
https://www.makro.pro/th/p/-egYuBO-22304051548389?info=JTdCJTIycGFnZVNsdWclMjIlM0ElMjJGcmVzaCUyME92ZXJsb2FkJTIwJTdDJTIwQnJlYWRzJTIwJTI2JTIwQmFrZXJ5JTJGMTkwNTclMjIlMkMlMjJjYXJvdXNlbE5hbWUlMjIlM0ElMjIlMjIlMkMlMjJjb2xsZWN0aW9uSWQlMjIlM0ElMjIxOTA1NyUyMiUyQyUyMmluZGV4Q2xpY2tlZCUyMiUzQTEyOSU3RA,https://images.mango-prod.siammakro.cloud/SOURCE/77deb070f9944642a66468b0c5020e19,"ซื้อ 1,200฿ ได้รับ 20 พอยท์",เอโร่ โกลด์ ครัวซองต์แฮมชีส 80 ก. x 3,"฿

105.00",฿,,,,,,,สินค้าหมด
