MuiBox-root href,MuiBox-root src,MuiBox-root,css-1n8x1y2,MuiTypography-root (2),MuiTypography-root (3),MuiTypography-root (4),MuiTypography-root (5),MuiTypography-root (6),MuiBox-root (2),MuiBox-root (3)
https://www.makro.pro/th/p/OKxXQmw-256907010312638?info=JTdCJTIycGFnZVNsdWclMjIlM0ElMjJGcmVzaCUyME92ZXJsb2FkJTIwJTdDJTIwQnV0dGVyJTIwYW5kJTIwQ2hlZXNlJTJGMTkwNTMlMjIlMkMlMjJjYXJvdXNlbE5hbWUlMjIlM0ElMjIlMjIlMkMlMjJjb2xsZWN0aW9uSWQlMjIlM0ElMjIxOTA1MyUyMiU3RA,https://images.mango-prod.siammakro.cloud/product-images/256907010312638-6bfd7466-055e-4201-be31-ae812fa23cea.jpeg?imageMogr2/thumbnail/300x300,"ซื้อ 1,200฿ ได้รับ 20 พอยท์",เอโร่ มอสซาเรลล่าชีสขูดเส้น 500 ก.,"฿

215.

00",฿,00,,,,
https://www.makro.pro/th/p/mpdvz8x-7078718701763?info=JTdCJTIycGFnZVNsdWclMjIlM0ElMjJGcmVzaCUyME92ZXJsb2FkJTIwJTdDJTIwQnV0dGVyJTIwYW5kJTIwQ2hlZXNlJTJGMTkwNTMlMjIlMkMlMjJjYXJvdXNlbE5hbWUlMjIlM0ElMjIlMjIlMkMlMjJjb2xsZWN0aW9uSWQlMjIlM0ElMjIxOTA1MyUyMiUyQyUyMmluZGV4Q2xpY2tlZCUyMiUzQTElN0Q,https://images.mango-prod.siammakro.cloud/SOURCE/2253bef279854043943b07c822b22c55,"ซื้อ 1,200฿ ได้รับ 20 พอยท์",อลาวรี่ เนยแท้ ชนิดจืด 200 ก.,฿,109.,00,฿ 129.00,-15%,,
https://www.makro.pro/th/p/0vyvajq-6974713266371?info=JTdCJTIycGFnZVNsdWclMjIlM0ElMjJGcmVzaCUyME92ZXJsb2FkJTIwJTdDJTIwQnV0dGVyJTIwYW5kJTIwQ2hlZXNlJTJGMTkwNTMlMjIlMkMlMjJjYXJvdXNlbE5hbWUlMjIlM0ElMjIlMjIlMkMlMjJjb2xsZWN0aW9uSWQlMjIlM0ElMjIxOTA1MyUyMiUyQyUyMmluZGV4Q2xpY2tlZCUyMiUzQTIlN0Q,https://images.mango-prod.siammakro.cloud/product-images/6974713266371-a999ac8b-5738-43d8-b541-c78bd6a1735b.jpeg?imageMogr2/thumbnail/300x300,"ซื้อ 1,200฿ ได้รับ 20 พอยท์",ฟิลาเดลเฟีย ครีมชีส 2 กก.,"฿

849.

00",฿,00,,,,
https://www.makro.pro/th/p/cnq66mn-7554758541507?info=JTdCJTIycGFnZVNsdWclMjIlM0ElMjJGcmVzaCUyME92ZXJsb2FkJTIwJTdDJTIwQnV0dGVyJTIwYW5kJTIwQ2hlZXNlJTJGMTkwNTMlMjIlMkMlMjJjYXJvdXNlbE5hbWUlMjIlM0ElMjIlMjIlMkMlMjJjb2xsZWN0aW9uSWQlMjIlM0ElMjIxOTA1MyUyMiUyQyUyMmluZGV4Q2xpY2tlZCUyMiUzQTMlN0Q,https://images.mango-prod.siammakro.cloud/product-images/7554758541507-7b1688ac-4a1f-4ce6-b178-6436adf20507.jpeg?imageMogr2/thumbnail/300x300,"ซื้อ 1,200฿ ได้รับ 20 พอยท์",เมนแลนด์ พาร์เมซานชีส ชนิดขูดเส้น 1 กก.,฿,599.,00,฿ 639.00,-6%,,
https://www.makro.pro/th/p/UMNRbz0-229162615636434?info=JTdCJTIycGFnZVNsdWclMjIlM0ElMjJGcmVzaCUyME92ZXJsb2FkJTIwJTdDJTIwQnV0dGVyJTIwYW5kJTIwQ2hlZXNlJTJGMTkwNTMlMjIlMkMlMjJjYXJvdXNlbE5hbWUlMjIlM0ElMjIlMjIlMkMlMjJjb2xsZWN0aW9uSWQlMjIlM0ElMjIxOTA1MyUyMiUyQyUyMmluZGV4Q2xpY2tlZCUyMiUzQTQlN0Q,https://images.mango-prod.siammakro.cloud/product-images/229162615636434-223b9a29-de4a-492c-b5cf-8627d8d17212.jpeg?imageMogr2/thumbnail/300x300,"ซื้อ 1,200฿ ได้รับ 20 พอยท์",เอโร่ มอสซาเรลล่าผสมเชดด้าชีสขูดเส้น 1 กก.,"฿

335.

00",฿,00,,,,
https://www.makro.pro/th/p/4s5iJXq-98663200569929?info=JTdCJTIycGFnZVNsdWclMjIlM0ElMjJGcmVzaCUyME92ZXJsb2FkJTIwJTdDJTIwQnV0dGVyJTIwYW5kJTIwQ2hlZXNlJTJGMTkwNTMlMjIlMkMlMjJjYXJvdXNlbE5hbWUlMjIlM0ElMjIlMjIlMkMlMjJjb2xsZWN0aW9uSWQlMjIlM0ElMjIxOTA1MyUyMiUyQyUyMmluZGV4Q2xpY2tlZCUyMiUzQTUlN0Q,https://images.mango-prod.siammakro.cloud/SOURCE/685b498c17784e1e8eac91bf52fde00b,"ซื้อ 1,200฿ ได้รับ 20 พอยท์",เอโร่ มอสซาเรลล่าขูดเส้นแช่แข็ง 1 กก.,"฿

330.

00",฿,00,,,,
https://www.makro.pro/th/p/7tzy7jx-7078775947459?info=JTdCJTIycGFnZVNsdWclMjIlM0ElMjJGcmVzaCUyME92ZXJsb2FkJTIwJTdDJTIwQnV0dGVyJTIwYW5kJTIwQ2hlZXNlJTJGMTkwNTMlMjIlMkMlMjJjYXJvdXNlbE5hbWUlMjIlM0ElMjIlMjIlMkMlMjJjb2xsZWN0aW9uSWQlMjIlM0ElMjIxOTA1MyUyMiUyQyUyMmluZGV4Q2xpY2tlZCUyMiUzQTYlN0Q,https://images.mango-prod.siammakro.cloud/SOURCE/323f50b2addf415ba660e164d5b3acb0,"ซื้อ 1,200฿ ได้รับ 20 พอยท์",ฟิลาเดลเฟีย ครีมชีสออริจินัล 250 ก.,฿,149.,00,฿ 165.00,-9%,,
https://www.makro.pro/th/p/bCqUcPO-834058545135279?info=JTdCJTIycGFnZVNsdWclMjIlM0ElMjJGcmVzaCUyME92ZXJsb2FkJTIwJTdDJTIwQnV0dGVyJTIwYW5kJTIwQ2hlZXNlJTJGMTkwNTMlMjIlMkMlMjJjYXJvdXNlbE5hbWUlMjIlM0ElMjIlMjIlMkMlMjJjb2xsZWN0aW9uSWQlMjIlM0ElMjIxOTA1MyUyMiUyQyUyMmluZGV4Q2xpY2tlZCUyMiUzQTclN0Q,https://images.mango-prod.siammakro.cloud/SOURCE/8ad12fd0791f4554808261b87a6f7b4c,"ซื้อ 1,200฿ ได้รับ 20 พอยท์",แองเคอร์ ชีสสไลซ์สีเข้ม 1 กก.,"฿

369.

00",฿,00,,,,
https://www.makro.pro/th/p/1m4fxvw-7078718865603?info=JTdCJTIycGFnZVNsdWclMjIlM0ElMjJGcmVzaCUyME92ZXJsb2FkJTIwJTdDJTIwQnV0dGVyJTIwYW5kJTIwQ2hlZXNlJTJGMTkwNTMlMjIlMkMlMjJjYXJvdXNlbE5hbWUlMjIlM0ElMjIlMjIlMkMlMjJjb2xsZWN0aW9uSWQlMjIlM0ElMjIxOTA1MyUyMiUyQyUyMmluZGV4Q2xpY2tlZCUyMiUzQTglN0Q,https://images.mango-prod.siammakro.cloud/product-images/7078718865603-53074f96-18e3-4ba8-991c-732f027fbdbd.jpeg?imageMogr2/thumbnail/300x300,"ซื้อ 1,200฿ ได้รับ 20 พอยท์",ออร์คิด บัตเตอร์เบลนด์เค็ม เนยผสม 200 ก.,฿,82.,00,฿ 87.00,-5%,,
https://www.makro.pro/th/p/ooswc15-7115285758147?info=JTdCJTIycGFnZVNsdWclMjIlM0ElMjJGcmVzaCUyME92ZXJsb2FkJTIwJTdDJTIwQnV0dGVyJTIwYW5kJTIwQ2hlZXNlJTJGMTkwNTMlMjIlMkMlMjJjYXJvdXNlbE5hbWUlMjIlM0ElMjIlMjIlMkMlMjJjb2xsZWN0aW9uSWQlMjIlM0ElMjIxOTA1MyUyMiUyQyUyMmluZGV4Q2xpY2tlZCUyMiUzQTklN0Q,https://images.mango-prod.siammakro.cloud/SOURCE/f888cfad013e4de6841f54bacbd1f2fd,"ซื้อ 1,200฿ ได้รับ 20 พอยท์",แองเคอร์ ชีส สไลซ์ สีอ่อน 1.09 กก.,"฿

369.

00",฿,00,,,,
https://www.makro.pro/th/p/bqyrlu9-6974477140163?info=JTdCJTIycGFnZVNsdWclMjIlM0ElMjJGcmVzaCUyME92ZXJsb2FkJTIwJTdDJTIwQnV0dGVyJTIwYW5kJTIwQ2hlZXNlJTJGMTkwNTMlMjIlMkMlMjJjYXJvdXNlbE5hbWUlMjIlM0ElMjIlMjIlMkMlMjJjb2xsZWN0aW9uSWQlMjIlM0ElMjIxOTA1MyUyMiUyQyUyMmluZGV4Q2xpY2tlZCUyMiUzQTEwJTdE,https://images.mango-prod.siammakro.cloud/SOURCE/7a47bca9cca348dcb10ccb9227ee4dea,ซื้อ 1000฿ รับส่วนลด 120฿,อลาวรี่ เนยแวลู ชนิดจืด 5 กก.,฿,710.,00,฿ 765.00,-7%,+1,
https://www.makro.pro/th/p/vrvrto4-7078718177475?info=JTdCJTIycGFnZVNsdWclMjIlM0ElMjJGcmVzaCUyME92ZXJsb2FkJTIwJTdDJTIwQnV0dGVyJTIwYW5kJTIwQ2hlZXNlJTJGMTkwNTMlMjIlMkMlMjJjYXJvdXNlbE5hbWUlMjIlM0ElMjIlMjIlMkMlMjJjb2xsZWN0aW9uSWQlMjIlM0ElMjIxOTA1MyUyMiUyQyUyMmluZGV4Q2xpY2tlZCUyMiUzQTExJTdE,https://images.mango-prod.siammakro.cloud/SOURCE/9617b021dc1044949a02b4dae458d455,"ซื้อ 1,200฿ ได้รับ 20 พอยท์",แองเคอร์ เนยเค็ม 227 ก.,฿,129.,00,฿ 139.00,-7%,,
https://www.makro.pro/th/p/xayfjt5-6974531174595?info=JTdCJTIycGFnZVNsdWclMjIlM0ElMjJGcmVzaCUyME92ZXJsb2FkJTIwJTdDJTIwQnV0dGVyJTIwYW5kJTIwQ2hlZXNlJTJGMTkwNTMlMjIlMkMlMjJjYXJvdXNlbE5hbWUlMjIlM0ElMjIlMjIlMkMlMjJjb2xsZWN0aW9uSWQlMjIlM0ElMjIxOTA1MyUyMiUyQyUyMmluZGV4Q2xpY2tlZCUyMiUzQTEyJTdE,https://images.mango-prod.siammakro.cloud/SOURCE/1e653e153be34cce9916e47591dfe56e,"ซื้อ 1,200฿ ได้รับ 20 พอยท์",แองเคอร์ ครีมชีส 1 กก.,"฿

340.

00",฿,00,,,,
https://www.makro.pro/th/p/4avbv5t-6974531797187?info=JTdCJTIycGFnZVNsdWclMjIlM0ElMjJGcmVzaCUyME92ZXJsb2FkJTIwJTdDJTIwQnV0dGVyJTIwYW5kJTIwQ2hlZXNlJTJGMTkwNTMlMjIlMkMlMjJjYXJvdXNlbE5hbWUlMjIlM0ElMjIlMjIlMkMlMjJjb2xsZWN0aW9uSWQlMjIlM0ElMjIxOTA1MyUyMiUyQyUyMmluZGV4Q2xpY2tlZCUyMiUzQTEzJTdE,https://images.mango-prod.siammakro.cloud/SOURCE/70cb5bfd732c4f1fad2bcc4fa97e98c2,"ซื้อ 1,200฿ ได้รับ 20 พอยท์",แองเคอร์ เชดด้าโพรเซสชีส 500 ก.,"฿

259.

00",฿,00,,,,
https://www.makro.pro/th/p/XslO-8b-314105869155085?info=JTdCJTIycGFnZVNsdWclMjIlM0ElMjJGcmVzaCUyME92ZXJsb2FkJTIwJTdDJTIwQnV0dGVyJTIwYW5kJTIwQ2hlZXNlJTJGMTkwNTMlMjIlMkMlMjJjYXJvdXNlbE5hbWUlMjIlM0ElMjIlMjIlMkMlMjJjb2xsZWN0aW9uSWQlMjIlM0ElMjIxOTA1MyUyMiUyQyUyMmluZGV4Q2xpY2tlZCUyMiUzQTE0JTdE,https://images.mango-prod.siammakro.cloud/product-images/314105869155085-21ca94fd-b495-4d04-9cb5-7b06d5f1c93d.jpeg?imageMogr2/thumbnail/300x300,"ซื้อ 1,200฿ ได้รับ 20 พอยท์",เอโร่ เรดเชดด้าชีสชนิดก้อน 500 ก.,"฿

259.

00",฿,00,,,,
https://www.makro.pro/th/p/x9gp4ur-7115287199939?info=JTdCJTIycGFnZVNsdWclMjIlM0ElMjJGcmVzaCUyME92ZXJsb2FkJTIwJTdDJTIwQnV0dGVyJTIwYW5kJTIwQ2hlZXNlJTJGMTkwNTMlMjIlMkMlMjJjYXJvdXNlbE5hbWUlMjIlM0ElMjIlMjIlMkMlMjJjb2xsZWN0aW9uSWQlMjIlM0ElMjIxOTA1MyUyMiUyQyUyMmluZGV4Q2xpY2tlZCUyMiUzQTE1JTdE,https://images.mango-prod.siammakro.cloud/SOURCE/fb0e75da2a3b447494e210c1a9a4eec2,"ซื้อ 1,200฿ ได้รับ 20 พอยท์",เพอร์เฟคต้า พิซซ่าเรลล่าชีส 1 กก.,"฿

299.

00",฿,00,,,,
https://www.makro.pro/th/p/mu1qhrp-7115286479043?info=JTdCJTIycGFnZVNsdWclMjIlM0ElMjJGcmVzaCUyME92ZXJsb2FkJTIwJTdDJTIwQnV0dGVyJTIwYW5kJTIwQ2hlZXNlJTJGMTkwNTMlMjIlMkMlMjJjYXJvdXNlbE5hbWUlMjIlM0ElMjIlMjIlMkMlMjJjb2xsZWN0aW9uSWQlMjIlM0ElMjIxOTA1MyUyMiUyQyUyMmluZGV4Q2xpY2tlZCUyMiUzQTE2JTdE,https://images.mango-prod.siammakro.cloud/SOURCE/19052d0db7164d0fbc3a1b1e731bc24d,"ซื้อ 1,200฿ ได้รับ 20 พอยท์",คาโรไลน์ ครีมชีสสด 250 ก.,฿,129.,00,฿ 135.00,-4%,,
https://www.makro.pro/th/p/6zady2_-6974477631683?info=JTdCJTIycGFnZVNsdWclMjIlM0ElMjJGcmVzaCUyME92ZXJsb2FkJTIwJTdDJTIwQnV0dGVyJTIwYW5kJTIwQ2hlZXNlJTJGMTkwNTMlMjIlMkMlMjJjYXJvdXNlbE5hbWUlMjIlM0ElMjIlMjIlMkMlMjJjb2xsZWN0aW9uSWQlMjIlM0ElMjIxOTA1MyUyMiUyQyUyMmluZGV4Q2xpY2tlZCUyMiUzQTE3JTdE,https://images.mango-prod.siammakro.cloud/SOURCE/2ff3932a436a4d21a7031371c0dd1e4a,ซื้อ 1000฿ รับส่วนลด 120฿,อลาวรี่ เนยแวลู ชนิดเค็ม 5 กก.,฿,710.,00,฿ 765.00,-7%,+1,
https://www.makro.pro/th/p/3EsW3ty-703641785627622?info=JTdCJTIycGFnZVNsdWclMjIlM0ElMjJGcmVzaCUyME92ZXJsb2FkJTIwJTdDJTIwQnV0dGVyJTIwYW5kJTIwQ2hlZXNlJTJGMTkwNTMlMjIlMkMlMjJjYXJvdXNlbE5hbWUlMjIlM0ElMjIlMjIlMkMlMjJjb2xsZWN0aW9uSWQlMjIlM0ElMjIxOTA1MyUyMiUyQyUyMmluZGV4Q2xpY2tlZCUyMiUzQTE4JTdE,https://images.mango-prod.siammakro.cloud/product-images/703641785627622-1fc06e8f-7fbf-4168-ae90-8b79f0d1100d.jpeg?imageMogr2/thumbnail/300x300,"ซื้อ 1,200฿ ได้รับ 20 พอยท์",เอโร่ เชดด้าชีส 2 กก.,"฿

690.

00",฿,00,,,,
https://www.makro.pro/th/p/6zd_Bre8-324796142755728?info=JTdCJTIycGFnZVNsdWclMjIlM0ElMjJGcmVzaCUyME92ZXJsb2FkJTIwJTdDJTIwQnV0dGVyJTIwYW5kJTIwQ2hlZXNlJTJGMTkwNTMlMjIlMkMlMjJjYXJvdXNlbE5hbWUlMjIlM0ElMjIlMjIlMkMlMjJjb2xsZWN0aW9uSWQlMjIlM0ElMjIxOTA1MyUyMiUyQyUyMmluZGV4Q2xpY2tlZCUyMiUzQTE5JTdE,https://images.mango-prod.siammakro.cloud/product-images/324796142755728-8214198d-5705-4b05-b324-49e9b8bfc1f8.jpeg?imageMogr2/thumbnail/300x300,"ซื้อ 1,200฿ ได้รับ 20 พอยท์",เอโร่ พิซซ่าท็อปปิ้งชีส 2.2 กก. x 8,"฿

4,200.

00",฿,00,,,,
https://www.makro.pro/th/p/BfBzPVo-71004603056446?info=JTdCJTIycGFnZVNsdWclMjIlM0ElMjJGcmVzaCUyME92ZXJsb2FkJTIwJTdDJTIwQnV0dGVyJTIwYW5kJTIwQ2hlZXNlJTJGMTkwNTMlMjIlMkMlMjJjYXJvdXNlbE5hbWUlMjIlM0ElMjIlMjIlMkMlMjJjb2xsZWN0aW9uSWQlMjIlM0ElMjIxOTA1MyUyMiUyQyUyMmluZGV4Q2xpY2tlZCUyMiUzQTIwJTdE,https://images.mango-prod.siammakro.cloud/product-images/71004603056446-0f22f123-12f7-4bb4-8b51-405a0bcec207.jpeg?imageMogr2/thumbnail/300x300,"ซื้อ 1,200฿ ได้รับ 20 พอยท์",เอโร่ พิซซ่าท็อปปิ้งชีส 2.2 กก.,"฿

560.

00",฿,00,,,,
https://www.makro.pro/th/p/rlcxdry-7416108646595?info=JTdCJTIycGFnZVNsdWclMjIlM0ElMjJGcmVzaCUyME92ZXJsb2FkJTIwJTdDJTIwQnV0dGVyJTIwYW5kJTIwQ2hlZXNlJTJGMTkwNTMlMjIlMkMlMjJjYXJvdXNlbE5hbWUlMjIlM0ElMjIlMjIlMkMlMjJjb2xsZWN0aW9uSWQlMjIlM0ElMjIxOTA1MyUyMiUyQyUyMmluZGV4Q2xpY2tlZCUyMiUzQTIxJTdE,https://images.mango-prod.siammakro.cloud/SOURCE/d870607a2d114aa1b967e6fe8eb017e8,"ซื้อ 1,200฿ ได้รับ 20 พอยท์",คาโรไลน์ เฟต้าชีส 200 ก.,"฿

145.

00",฿,00,,,,
https://www.makro.pro/th/p/50ls50b-7115287724227?info=JTdCJTIycGFnZVNsdWclMjIlM0ElMjJGcmVzaCUyME92ZXJsb2FkJTIwJTdDJTIwQnV0dGVyJTIwYW5kJTIwQ2hlZXNlJTJGMTkwNTMlMjIlMkMlMjJjYXJvdXNlbE5hbWUlMjIlM0ElMjIlMjIlMkMlMjJjb2xsZWN0aW9uSWQlMjIlM0ElMjIxOTA1MyUyMiUyQyUyMmluZGV4Q2xpY2tlZCUyMiUzQTIyJTdE,https://images.mango-prod.siammakro.cloud/SOURCE/cbdc70f6a89a4d468e9e3d3f79283ff1,"ซื้อ 1,200฿ ได้รับ 20 พอยท์",อลาวรี่ โพรเซสเชดด้าชีส 500 ก. 24 แผ่น,฿,224.,00,฿ 249.00,-10%,,
https://www.makro.pro/th/p/7k8gbqx-6974532223171?info=JTdCJTIycGFnZVNsdWclMjIlM0ElMjJGcmVzaCUyME92ZXJsb2FkJTIwJTdDJTIwQnV0dGVyJTIwYW5kJTIwQ2hlZXNlJTJGMTkwNTMlMjIlMkMlMjJjYXJvdXNlbE5hbWUlMjIlM0ElMjIlMjIlMkMlMjJjb2xsZWN0aW9uSWQlMjIlM0ElMjIxOTA1MyUyMiUyQyUyMmluZGV4Q2xpY2tlZCUyMiUzQTIzJTdE,https://images.mango-prod.siammakro.cloud/SOURCE/3c89822c09934353ae0e93680cb6ab1c,"ซื้อ 1,200฿ ได้รับ 20 พอยท์",ฟอนเทียร่า ไอคิวเอฟ มอสซาเรลล่าชีส ชนิดขูด 1 กก.,฿,329.,00,฿ 349.00,-5%,,
https://www.makro.pro/th/p/3bt5r1j-7115236344003?info=JTdCJTIycGFnZVNsdWclMjIlM0ElMjJGcmVzaCUyME92ZXJsb2FkJTIwJTdDJTIwQnV0dGVyJTIwYW5kJTIwQ2hlZXNlJTJGMTkwNTMlMjIlMkMlMjJjYXJvdXNlbE5hbWUlMjIlM0ElMjIlMjIlMkMlMjJjb2xsZWN0aW9uSWQlMjIlM0ElMjIxOTA1MyUyMiUyQyUyMmluZGV4Q2xpY2tlZCUyMiUzQTI0JTdE,https://images.mango-prod.siammakro.cloud/SOURCE/4c3400ffbbd3475381f4f94349fa40f2,"ซื้อ 1,200฿ ได้รับ 20 พอยท์",อลาวรี่ เนยชนิดเค็ม 1 กล่อง (8 ก. x 100 ถ้วย),฿,385.,00,฿ 420.00,-8%,,
https://www.makro.pro/th/p/0lrjhmc-7078776242371?info=JTdCJTIycGFnZVNsdWclMjIlM0ElMjJGcmVzaCUyME92ZXJsb2FkJTIwJTdDJTIwQnV0dGVyJTIwYW5kJTIwQ2hlZXNlJTJGMTkwNTMlMjIlMkMlMjJjYXJvdXNlbE5hbWUlMjIlM0ElMjIlMjIlMkMlMjJjb2xsZWN0aW9uSWQlMjIlM0ElMjIxOTA1MyUyMiUyQyUyMmluZGV4Q2xpY2tlZCUyMiUzQTI1JTdE,https://images.mango-prod.siammakro.cloud/product-images/7078776242371-770ad1d3-ee7c-4c90-87fd-226f800fbd1f.jpeg?imageMogr2/thumbnail/300x300,"ซื้อ 1,200฿ ได้รับ 20 พอยท์",เอโร่ คัลเลอร์เบอร์เกอร์สไลซ์ 980 ก.,"฿

359.

00",฿,00,,,,
https://www.makro.pro/th/p/3xwhoej-6974531961027?info=JTdCJTIycGFnZVNsdWclMjIlM0ElMjJGcmVzaCUyME92ZXJsb2FkJTIwJTdDJTIwQnV0dGVyJTIwYW5kJTIwQ2hlZXNlJTJGMTkwNTMlMjIlMkMlMjJjYXJvdXNlbE5hbWUlMjIlM0ElMjIlMjIlMkMlMjJjb2xsZWN0aW9uSWQlMjIlM0ElMjIxOTA1MyUyMiUyQyUyMmluZGV4Q2xpY2tlZCUyMiUzQTI2JTdE,https://images.mango-prod.siammakro.cloud/SOURCE/8704fc95b0cc42788e33e6794712bd0a,"ซื้อ 1,200฿ ได้รับ 20 พอยท์",โปรชีส โพรเซสเชดด้าชีส 10 แผ่น x 2,฿,95.,00,฿ 105.00,-9%,,
https://www.makro.pro/th/p/gey8ufr-7115286610115?info=JTdCJTIycGFnZVNsdWclMjIlM0ElMjJGcmVzaCUyME92ZXJsb2FkJTIwJTdDJTIwQnV0dGVyJTIwYW5kJTIwQ2hlZXNlJTJGMTkwNTMlMjIlMkMlMjJjYXJvdXNlbE5hbWUlMjIlM0ElMjIlMjIlMkMlMjJjb2xsZWN0aW9uSWQlMjIlM0ElMjIxOTA1MyUyMiUyQyUyMmluZGV4Q2xpY2tlZCUyMiUzQTI3JTdE,https://images.mango-prod.siammakro.cloud/SOURCE/0484e30ead9c46d799e71f382e7c39c9,"ซื้อ 1,200฿ ได้รับ 20 พอยท์",อิมพีเรียล เชดด้าชีส 24สไลซ์ 500 ก,฿,219.,00,฿ 229.00,-4%,,
https://www.makro.pro/th/p/salvagx-7115236212931?info=JTdCJTIycGFnZVNsdWclMjIlM0ElMjJGcmVzaCUyME92ZXJsb2FkJTIwJTdDJTIwQnV0dGVyJTIwYW5kJTIwQ2hlZXNlJTJGMTkwNTMlMjIlMkMlMjJjYXJvdXNlbE5hbWUlMjIlM0ElMjIlMjIlMkMlMjJjb2xsZWN0aW9uSWQlMjIlM0ElMjIxOTA1MyUyMiUyQyUyMmluZGV4Q2xpY2tlZCUyMiUzQTI4JTdE,https://images.mango-prod.siammakro.cloud/product-images/7115236212931-f106735e-c43a-45e0-9cd1-1fe60474e2d6.jpeg?imageMogr2/thumbnail/300x300,"ซื้อ 1,200฿ ได้รับ 20 พอยท์",อิมพีเรียล เนยเค็ม 200 ก.,"฿

85.

00",฿,00,,,,
https://www.makro.pro/th/p/lgvxsfg-7115285921987?info=JTdCJTIycGFnZVNsdWclMjIlM0ElMjJGcmVzaCUyME92ZXJsb2FkJTIwJTdDJTIwQnV0dGVyJTIwYW5kJTIwQ2hlZXNlJTJGMTkwNTMlMjIlMkMlMjJjYXJvdXNlbE5hbWUlMjIlM0ElMjIlMjIlMkMlMjJjb2xsZWN0aW9uSWQlMjIlM0ElMjIxOTA1MyUyMiUyQyUyMmluZGV4Q2xpY2tlZCUyMiUzQTI5JTdE,https://images.mango-prod.siammakro.cloud/SOURCE/9a24570271c349a494dc3bc8c2faf1d5,"ซื้อ 1,200฿ ได้รับ 20 พอยท์",อิมพีเรียล เกรทเต็ด พาร์เมซานสไตล์ชีส 100 ก.,"฿

145.

00",฿,00,,,,
https://www.makro.pro/th/p/ptkxefp-7078720241859?info=JTdCJTIycGFnZVNsdWclMjIlM0ElMjJGcmVzaCUyME92ZXJsb2FkJTIwJTdDJTIwQnV0dGVyJTIwYW5kJTIwQ2hlZXNlJTJGMTkwNTMlMjIlMkMlMjJjYXJvdXNlbE5hbWUlMjIlM0ElMjIlMjIlMkMlMjJjb2xsZWN0aW9uSWQlMjIlM0ElMjIxOTA1MyUyMiUyQyUyMmluZGV4Q2xpY2tlZCUyMiUzQTMwJTdE,https://images.mango-prod.siammakro.cloud/product-images/7078720241859-d268067f-7c4b-4c02-8855-888dccce2c16.jpeg?imageMogr2/thumbnail/300x300,"ซื้อ 1,200฿ ได้รับ 20 พอยท์",อิมพีเรียล เนยจืด 200 ก.,"฿

85.

00",฿,00,,,,
https://www.makro.pro/th/p/31-ETF2-455713919318781?info=JTdCJTIycGFnZVNsdWclMjIlM0ElMjJGcmVzaCUyME92ZXJsb2FkJTIwJTdDJTIwQnV0dGVyJTIwYW5kJTIwQ2hlZXNlJTJGMTkwNTMlMjIlMkMlMjJjYXJvdXNlbE5hbWUlMjIlM0ElMjIlMjIlMkMlMjJjb2xsZWN0aW9uSWQlMjIlM0ElMjIxOTA1MyUyMiUyQyUyMmluZGV4Q2xpY2tlZCUyMiUzQTMxJTdE,https://images.mango-prod.siammakro.cloud/product-images/455713919318781-e1c9e3a1-a5b9-4197-bb0c-84ff70bc1931.jpeg?imageMogr2/thumbnail/300x300,"ซื้อ 1,200฿ ได้รับ 20 พอยท์",เอโร่ พิซซ่าท็อปปิ้งชีสขูดเส้น 970 ก.,"฿

289.

00",฿,00,,,,
https://www.makro.pro/th/p/tjaqsu-7078775521475?info=JTdCJTIycGFnZVNsdWclMjIlM0ElMjJGcmVzaCUyME92ZXJsb2FkJTIwJTdDJTIwQnV0dGVyJTIwYW5kJTIwQ2hlZXNlJTJGMTkwNTMlMjIlMkMlMjJjYXJvdXNlbE5hbWUlMjIlM0ElMjIlMjIlMkMlMjJjb2xsZWN0aW9uSWQlMjIlM0ElMjIxOTA1MyUyMiUyQyUyMmluZGV4Q2xpY2tlZCUyMiUzQTMyJTdE,https://images.mango-prod.siammakro.cloud/SOURCE/4680aee6dcbd460b9b371c6d7150673c,"ซื้อ 1,200฿ ได้รับ 20 พอยท์",ชไรเบอร์ เกรทเทดพาร์เมซานชีส 440 ก.,"฿

375.

00",฿,00,,,,
https://www.makro.pro/th/p/sjoe0do-7324999844035?info=JTdCJTIycGFnZVNsdWclMjIlM0ElMjJGcmVzaCUyME92ZXJsb2FkJTIwJTdDJTIwQnV0dGVyJTIwYW5kJTIwQ2hlZXNlJTJGMTkwNTMlMjIlMkMlMjJjYXJvdXNlbE5hbWUlMjIlM0ElMjIlMjIlMkMlMjJjb2xsZWN0aW9uSWQlMjIlM0ElMjIxOTA1MyUyMiUyQyUyMmluZGV4Q2xpY2tlZCUyMiUzQTMzJTdE,https://images.mango-prod.siammakro.cloud/SOURCE/1f5e99273b3949d798f6fd87e793e067,"ซื้อ 1,200฿ ได้รับ 20 พอยท์",อลาวรี่ เนยรสจืด 8 ก. 100 ถ้วย,฿,385.,00,฿ 420.00,-8%,,
https://www.makro.pro/th/p/-2v7u3_-7078720045251?info=JTdCJTIycGFnZVNsdWclMjIlM0ElMjJGcmVzaCUyME92ZXJsb2FkJTIwJTdDJTIwQnV0dGVyJTIwYW5kJTIwQ2hlZXNlJTJGMTkwNTMlMjIlMkMlMjJjYXJvdXNlbE5hbWUlMjIlM0ElMjIlMjIlMkMlMjJjb2xsZWN0aW9uSWQlMjIlM0ElMjIxOTA1MyUyMiUyQyUyMmluZGV4Q2xpY2tlZCUyMiUzQTM0JTdE,https://images.mango-prod.siammakro.cloud/SOURCE/3b4dc84f1ce64132a74ce554aff5554a,ซื้อ 1000฿ รับส่วนลด 120฿,อลาวรี่ แวลู เนยผสม ชนิดจืด 2 กก.,฿,360.,00,฿ 380.00,-5%,+1,
https://www.makro.pro/th/p/lmrxvab-7204370120899?info=JTdCJTIycGFnZVNsdWclMjIlM0ElMjJGcmVzaCUyME92ZXJsb2FkJTIwJTdDJTIwQnV0dGVyJTIwYW5kJTIwQ2hlZXNlJTJGMTkwNTMlMjIlMkMlMjJjYXJvdXNlbE5hbWUlMjIlM0ElMjIlMjIlMkMlMjJjb2xsZWN0aW9uSWQlMjIlM0ElMjIxOTA1MyUyMiUyQyUyMmluZGV4Q2xpY2tlZCUyMiUzQTM1JTdE,https://images.mango-prod.siammakro.cloud/SOURCE/f4616374ee234cf9bd6cb8f2311da155,ซื้อ 3 หน่วย รับส่วนลด 50฿,แดรี่โกลด์เชดด้าชีส12สไลซ์216ก.,"฿

109.

00",฿,00,,,+1,
https://www.makro.pro/th/p/eufwuhl-7078719455427?info=JTdCJTIycGFnZVNsdWclMjIlM0ElMjJGcmVzaCUyME92ZXJsb2FkJTIwJTdDJTIwQnV0dGVyJTIwYW5kJTIwQ2hlZXNlJTJGMTkwNTMlMjIlMkMlMjJjYXJvdXNlbE5hbWUlMjIlM0ElMjIlMjIlMkMlMjJjb2xsZWN0aW9uSWQlMjIlM0ElMjIxOTA1MyUyMiUyQyUyMmluZGV4Q2xpY2tlZCUyMiUzQTM2JTdE,https://images.mango-prod.siammakro.cloud/product-images/7078719455427-5e931de0-67c9-4151-bf3c-dd7ccc012403.jpeg?imageMogr2/thumbnail/300x300,"ซื้อ 1,200฿ ได้รับ 20 พอยท์",แองเคอร์ เนยจืด 227 ก.,฿,129.,00,฿ 139.00,-7%,,
https://www.makro.pro/th/p/onqmpx0-7115236081859?info=JTdCJTIycGFnZVNsdWclMjIlM0ElMjJGcmVzaCUyME92ZXJsb2FkJTIwJTdDJTIwQnV0dGVyJTIwYW5kJTIwQ2hlZXNlJTJGMTkwNTMlMjIlMkMlMjJjYXJvdXNlbE5hbWUlMjIlM0ElMjIlMjIlMkMlMjJjb2xsZWN0aW9uSWQlMjIlM0ElMjIxOTA1MyUyMiUyQyUyMmluZGV4Q2xpY2tlZCUyMiUzQTM3JTdE,https://images.mango-prod.siammakro.cloud/SOURCE/0b6cd87c90284cb8b0e5d5195d19fd81,"ซื้อ 1,200฿ ได้รับ 20 พอยท์",เอโร่ เนยกระเทียม 500 ก.,฿,199.,00,฿ 209.00,-4%,,
https://www.makro.pro/th/p/mvjeetp-6974477795523?info=JTdCJTIycGFnZVNsdWclMjIlM0ElMjJGcmVzaCUyME92ZXJsb2FkJTIwJTdDJTIwQnV0dGVyJTIwYW5kJTIwQ2hlZXNlJTJGMTkwNTMlMjIlMkMlMjJjYXJvdXNlbE5hbWUlMjIlM0ElMjIlMjIlMkMlMjJjb2xsZWN0aW9uSWQlMjIlM0ElMjIxOTA1MyUyMiUyQyUyMmluZGV4Q2xpY2tlZCUyMiUzQTM4JTdE,https://images.mango-prod.siammakro.cloud/SOURCE/031f74ffef644bfcb97b2324283d83e3,"ซื้อ 1,200฿ ได้รับ 20 พอยท์",อลาวรี่ เนยสด รสจืด 400 ก.,฿,199.,00,฿ 235.00,-15%,,
https://www.makro.pro/th/p/kvcpble-6974477467843?info=JTdCJTIycGFnZVNsdWclMjIlM0ElMjJGcmVzaCUyME92ZXJsb2FkJTIwJTdDJTIwQnV0dGVyJTIwYW5kJTIwQ2hlZXNlJTJGMTkwNTMlMjIlMkMlMjJjYXJvdXNlbE5hbWUlMjIlM0ElMjIlMjIlMkMlMjJjb2xsZWN0aW9uSWQlMjIlM0ElMjIxOTA1MyUyMiUyQyUyMmluZGV4Q2xpY2tlZCUyMiUzQTM5JTdE,https://images.mango-prod.siammakro.cloud/SOURCE/31324c61371e482884f60d65ce49d463,"ซื้อ 1,200฿ ได้รับ 20 พอยท์",อลาวรี่ เนยสด รสเค็ม 400 ก.,฿,199.,00,฿ 235.00,-15%,,
https://www.makro.pro/th/p/nvsivwe-7115329536195?info=JTdCJTIycGFnZVNsdWclMjIlM0ElMjJGcmVzaCUyME92ZXJsb2FkJTIwJTdDJTIwQnV0dGVyJTIwYW5kJTIwQ2hlZXNlJTJGMTkwNTMlMjIlMkMlMjJjYXJvdXNlbE5hbWUlMjIlM0ElMjIlMjIlMkMlMjJjb2xsZWN0aW9uSWQlMjIlM0ElMjIxOTA1MyUyMiUyQyUyMmluZGV4Q2xpY2tlZCUyMiUzQTQwJTdE,https://images.mango-prod.siammakro.cloud/product-images/7115329536195-98d738e1-b4e5-4014-b5e1-472b82b5abef.jpeg?imageMogr2/thumbnail/300x300,"ซื้อ 1,200฿ ได้รับ 20 พอยท์",ตาตัว มาสคาโปนชีส 500 ก.,"฿

324.

00",฿,00,,,,
https://www.makro.pro/th/p/7qcjlfh-7078719291587?info=JTdCJTIycGFnZVNsdWclMjIlM0ElMjJGcmVzaCUyME92ZXJsb2FkJTIwJTdDJTIwQnV0dGVyJTIwYW5kJTIwQ2hlZXNlJTJGMTkwNTMlMjIlMkMlMjJjYXJvdXNlbE5hbWUlMjIlM0ElMjIlMjIlMkMlMjJjb2xsZWN0aW9uSWQlMjIlM0ElMjIxOTA1MyUyMiUyQyUyMmluZGV4Q2xpY2tlZCUyMiUzQTQxJTdE,https://images.mango-prod.siammakro.cloud/SOURCE/4514c898b5f84a6b82439aed73b9ef16,"ซื้อ 1,200฿ ได้รับ 20 พอยท์",อลาวรี่ เนยแท้ ชนิดเค็ม 200 ก.,฿,109.,00,฿ 129.00,-15%,,
https://www.makro.pro/th/p/xewfpnn-7078720995523?info=JTdCJTIycGFnZVNsdWclMjIlM0ElMjJGcmVzaCUyME92ZXJsb2FkJTIwJTdDJTIwQnV0dGVyJTIwYW5kJTIwQ2hlZXNlJTJGMTkwNTMlMjIlMkMlMjJjYXJvdXNlbE5hbWUlMjIlM0ElMjIlMjIlMkMlMjJjb2xsZWN0aW9uSWQlMjIlM0ElMjIxOTA1MyUyMiUyQyUyMmluZGV4Q2xpY2tlZCUyMiUzQTQyJTdE,https://images.mango-prod.siammakro.cloud/product-images/7078720995523-8123fc74-4f9a-4c69-a191-a464941417ef.jpeg?imageMogr2/thumbnail/300x300,ซื้อ 1000฿ รับส่วนลด 120฿,อลาวรี่ เนยผสมชนิดจืด 2 กก.,฿,419.,00,฿ 450.00,-6%,+1,
https://www.makro.pro/th/p/gelwxyc-7078719586499?info=JTdCJTIycGFnZVNsdWclMjIlM0ElMjJGcmVzaCUyME92ZXJsb2FkJTIwJTdDJTIwQnV0dGVyJTIwYW5kJTIwQ2hlZXNlJTJGMTkwNTMlMjIlMkMlMjJjYXJvdXNlbE5hbWUlMjIlM0ElMjIlMjIlMkMlMjJjb2xsZWN0aW9uSWQlMjIlM0ElMjIxOTA1MyUyMiUyQyUyMmluZGV4Q2xpY2tlZCUyMiUzQTQzJTdE,https://images.mango-prod.siammakro.cloud/SOURCE/4646776f380d449791c00d3b4dbf2fb0,ซื้อ 1000฿ รับส่วนลด 120฿,อลาวรี่ เนยชนิดแท่ง รสจืด 5 กก.,฿,888.,00,฿ 955.00,-7%,+1,
https://www.makro.pro/th/p/bh9dmhc-7078718079171?info=JTdCJTIycGFnZVNsdWclMjIlM0ElMjJGcmVzaCUyME92ZXJsb2FkJTIwJTdDJTIwQnV0dGVyJTIwYW5kJTIwQ2hlZXNlJTJGMTkwNTMlMjIlMkMlMjJjYXJvdXNlbE5hbWUlMjIlM0ElMjIlMjIlMkMlMjJjb2xsZWN0aW9uSWQlMjIlM0ElMjIxOTA1MyUyMiUyQyUyMmluZGV4Q2xpY2tlZCUyMiUzQTQ0JTdE,https://images.mango-prod.siammakro.cloud/product-images/7078718079171-65a5e3ab-9374-44cf-8430-0a3efe6f8dba.jpeg?imageMogr2/thumbnail/300x300,"ซื้อ 1,200฿ ได้รับ 20 พอยท์",ออร์คิดเนยเค็ม 200 ก.,"฿

129.

00",฿,00,,,,
https://www.makro.pro/th/p/hjs9sug-6974737154243?info=JTdCJTIycGFnZVNsdWclMjIlM0ElMjJGcmVzaCUyME92ZXJsb2FkJTIwJTdDJTIwQnV0dGVyJTIwYW5kJTIwQ2hlZXNlJTJGMTkwNTMlMjIlMkMlMjJjYXJvdXNlbE5hbWUlMjIlM0ElMjIlMjIlMkMlMjJjb2xsZWN0aW9uSWQlMjIlM0ElMjIxOTA1MyUyMiUyQyUyMmluZGV4Q2xpY2tlZCUyMiUzQTQ1JTdE,https://images.mango-prod.siammakro.cloud/SOURCE/797d96293ce342bd81eef0f9feb912d8,"ซื้อ 1,200฿ ได้รับ 20 พอยท์",เอโร่ คอมพาวด์บัตเตอร์จืด 5 กก.,"฿

729.

00",฿,00,,,,
https://www.makro.pro/th/p/qq21hta-7078775619779?info=JTdCJTIycGFnZVNsdWclMjIlM0ElMjJGcmVzaCUyME92ZXJsb2FkJTIwJTdDJTIwQnV0dGVyJTIwYW5kJTIwQ2hlZXNlJTJGMTkwNTMlMjIlMkMlMjJjYXJvdXNlbE5hbWUlMjIlM0ElMjIlMjIlMkMlMjJjb2xsZWN0aW9uSWQlMjIlM0ElMjIxOTA1MyUyMiUyQyUyMmluZGV4Q2xpY2tlZCUyMiUzQTQ2JTdE,https://images.mango-prod.siammakro.cloud/product-images/7078775619779-fa50462b-78c0-4de6-9c3e-949a1dabc2de.jpeg?imageMogr2/thumbnail/300x300,"ซื้อ 1,200฿ ได้รับ 20 พอยท์",เอโร่ ไวท์เบอร์เกอร์สไลซ์ 980 ก.,"฿

359.

00",฿,00,,,,
https://www.makro.pro/th/p/gmc4ydi-7497615507651?info=JTdCJTIycGFnZVNsdWclMjIlM0ElMjJGcmVzaCUyME92ZXJsb2FkJTIwJTdDJTIwQnV0dGVyJTIwYW5kJTIwQ2hlZXNlJTJGMTkwNTMlMjIlMkMlMjJjYXJvdXNlbE5hbWUlMjIlM0ElMjIlMjIlMkMlMjJjb2xsZWN0aW9uSWQlMjIlM0ElMjIxOTA1MyUyMiUyQyUyMmluZGV4Q2xpY2tlZCUyMiUzQTQ3JTdE,https://images.mango-prod.siammakro.cloud/SOURCE/6a54c7160011475589433572f6347880,"ซื้อ 1,200฿ ได้รับ 20 พอยท์",เอโร่ มอซซาเรลลาสดในน้ําเกลือ 220 ก.,"฿

80.

00",฿,00,,,,
https://www.makro.pro/th/p/4143im3-7196425912515?info=JTdCJTIycGFnZVNsdWclMjIlM0ElMjJGcmVzaCUyME92ZXJsb2FkJTIwJTdDJTIwQnV0dGVyJTIwYW5kJTIwQ2hlZXNlJTJGMTkwNTMlMjIlMkMlMjJjYXJvdXNlbE5hbWUlMjIlM0ElMjIlMjIlMkMlMjJjb2xsZWN0aW9uSWQlMjIlM0ElMjIxOTA1MyUyMiUyQyUyMmluZGV4Q2xpY2tlZCUyMiUzQTQ4JTdE,https://images.mango-prod.siammakro.cloud/SOURCE/f73fefc4bcb6446b8d99b7663e48e04f,"ซื้อ 1,200฿ ได้รับ 20 พอยท์",ออลลี่ ค้อตเตจชีส 400 ก.,"฿

129.

00",฿,00,,,,
https://www.makro.pro/th/p/Z0lHFYT-622252365228697?info=JTdCJTIycGFnZVNsdWclMjIlM0ElMjJGcmVzaCUyME92ZXJsb2FkJTIwJTdDJTIwQnV0dGVyJTIwYW5kJTIwQ2hlZXNlJTJGMTkwNTMlMjIlMkMlMjJjYXJvdXNlbE5hbWUlMjIlM0ElMjIlMjIlMkMlMjJjb2xsZWN0aW9uSWQlMjIlM0ElMjIxOTA1MyUyMiUyQyUyMmluZGV4Q2xpY2tlZCUyMiUzQTQ5JTdE,https://images.mango-prod.siammakro.cloud/SOURCE/7592489f830243f197e8e5b8db8100c8,"ซื้อ 1,200฿ ได้รับ 20 พอยท์",เอโร่ มอสซาเรลล่าชีสก้อน 500 ก.,"฿

209.

00",฿,00,,,,
https://www.makro.pro/th/p/4PCb6iT-8813145639146?info=JTdCJTIycGFnZVNsdWclMjIlM0ElMjJGcmVzaCUyME92ZXJsb2FkJTIwJTdDJTIwQnV0dGVyJTIwYW5kJTIwQ2hlZXNlJTJGMTkwNTMlMjIlMkMlMjJjYXJvdXNlbE5hbWUlMjIlM0ElMjIlMjIlMkMlMjJjb2xsZWN0aW9uSWQlMjIlM0ElMjIxOTA1MyUyMiUyQyUyMmluZGV4Q2xpY2tlZCUyMiUzQTUwJTdE,https://images.mango-prod.siammakro.cloud/product-images/8813145639146-20a70de2-6225-47d8-8157-9cbfc3a892f6.jpeg?imageMogr2/thumbnail/300x300,"ซื้อ 1,200฿ ได้รับ 20 พอยท์",เอโร่ เชดด้าชีส 1 กก.,"฿

360.

00",฿,00,,,,
https://www.makro.pro/th/p/jeskuzs-7078719914179?info=JTdCJTIycGFnZVNsdWclMjIlM0ElMjJGcmVzaCUyME92ZXJsb2FkJTIwJTdDJTIwQnV0dGVyJTIwYW5kJTIwQ2hlZXNlJTJGMTkwNTMlMjIlMkMlMjJjYXJvdXNlbE5hbWUlMjIlM0ElMjIlMjIlMkMlMjJjb2xsZWN0aW9uSWQlMjIlM0ElMjIxOTA1MyUyMiUyQyUyMmluZGV4Q2xpY2tlZCUyMiUzQTUxJTdE,https://images.mango-prod.siammakro.cloud/SOURCE/70ac4a2f30274da2ade3217b4c4f49f1,ซื้อ 1000฿ รับส่วนลด 120฿,อลาวรี่ แวลู่ เนยรสเค็ม 2 กก.,฿,360.,00,฿ 380.00,-5%,+1,
https://www.makro.pro/th/p/rgkdhnu-7078719750339?info=JTdCJTIycGFnZVNsdWclMjIlM0ElMjJGcmVzaCUyME92ZXJsb2FkJTIwJTdDJTIwQnV0dGVyJTIwYW5kJTIwQ2hlZXNlJTJGMTkwNTMlMjIlMkMlMjJjYXJvdXNlbE5hbWUlMjIlM0ElMjIlMjIlMkMlMjJjb2xsZWN0aW9uSWQlMjIlM0ElMjIxOTA1MyUyMiUyQyUyMmluZGV4Q2xpY2tlZCUyMiUzQTUyJTdE,https://images.mango-prod.siammakro.cloud/product-images/7078719750339-8079819a-4309-4331-872a-e334bf4f6996.jpeg?imageMogr2/thumbnail/300x300,"ซื้อ 1,200฿ ได้รับ 20 พอยท์",ออร์คิด เนยจืด 200 ก.,"฿

129.

00",฿,00,,,,
https://www.makro.pro/th/p/7tpquvd-7078720340163?info=JTdCJTIycGFnZVNsdWclMjIlM0ElMjJGcmVzaCUyME92ZXJsb2FkJTIwJTdDJTIwQnV0dGVyJTIwYW5kJTIwQ2hlZXNlJTJGMTkwNTMlMjIlMkMlMjJjYXJvdXNlbE5hbWUlMjIlM0ElMjIlMjIlMkMlMjJjb2xsZWN0aW9uSWQlMjIlM0ElMjIxOTA1MyUyMiUyQyUyMmluZGV4Q2xpY2tlZCUyMiUzQTUzJTdE,https://images.mango-prod.siammakro.cloud/SOURCE/0b7bdbd8bb684282a7b628f3baac43b4,"ซื้อ 1,200฿ ได้รับ 20 พอยท์",อลาวรี่ เนยกระเทียมและสมุนไพรปรุงสําเร็จรูป 500 ก.,฿,205.,00,฿ 239.00,-14%,,
https://www.makro.pro/th/p/p4rsmru-7196426436803?info=JTdCJTIycGFnZVNsdWclMjIlM0ElMjJGcmVzaCUyME92ZXJsb2FkJTIwJTdDJTIwQnV0dGVyJTIwYW5kJTIwQ2hlZXNlJTJGMTkwNTMlMjIlMkMlMjJjYXJvdXNlbE5hbWUlMjIlM0ElMjIlMjIlMkMlMjJjb2xsZWN0aW9uSWQlMjIlM0ElMjIxOTA1MyUyMiUyQyUyMmluZGV4Q2xpY2tlZCUyMiUzQTU0JTdE,https://images.mango-prod.siammakro.cloud/SOURCE/a6b40fe3809b42089e62f48fbc204ef1,"ซื้อ 1,200฿ ได้รับ 20 พอยท์",คาสเทลโล บรี ชีส 125 ก.,"฿

175.

00",฿,00,,,,
https://www.makro.pro/th/p/ccZezAP-295549243851871?info=JTdCJTIycGFnZVNsdWclMjIlM0ElMjJGcmVzaCUyME92ZXJsb2FkJTIwJTdDJTIwQnV0dGVyJTIwYW5kJTIwQ2hlZXNlJTJGMTkwNTMlMjIlMkMlMjJjYXJvdXNlbE5hbWUlMjIlM0ElMjIlMjIlMkMlMjJjb2xsZWN0aW9uSWQlMjIlM0ElMjIxOTA1MyUyMiUyQyUyMmluZGV4Q2xpY2tlZCUyMiUzQTU1JTdE,https://images.mango-prod.siammakro.cloud/product-images/295549243851871-72821c12-fcef-4d6f-bae3-53b94c39c876.jpeg?imageMogr2/thumbnail/300x300,"ซื้อ 1,200฿ ได้รับ 20 พอยท์",เอโร่ โกลด์ เชดด้าชีสขูดเส้น1 กก.,"฿

340.

00",฿,00,,,,
https://www.makro.pro/th/p/0bQvgRy-459921494955336?info=JTdCJTIycGFnZVNsdWclMjIlM0ElMjJGcmVzaCUyME92ZXJsb2FkJTIwJTdDJTIwQnV0dGVyJTIwYW5kJTIwQ2hlZXNlJTJGMTkwNTMlMjIlMkMlMjJjYXJvdXNlbE5hbWUlMjIlM0ElMjIlMjIlMkMlMjJjb2xsZWN0aW9uSWQlMjIlM0ElMjIxOTA1MyUyMiUyQyUyMmluZGV4Q2xpY2tlZCUyMiUzQTU2JTdE,https://images.mango-prod.siammakro.cloud/SOURCE/0fe4a61ea614415ca840c4a6c7119aea,"ซื้อ 1,200฿ ได้รับ 20 พอยท์",เอโร่ พาร์เมซานชีส ชนิดผง 500 ก.,"฿

339.

00",฿,00,,,,
https://www.makro.pro/th/p/46qdmoj-7497406677187?info=JTdCJTIycGFnZVNsdWclMjIlM0ElMjJGcmVzaCUyME92ZXJsb2FkJTIwJTdDJTIwQnV0dGVyJTIwYW5kJTIwQ2hlZXNlJTJGMTkwNTMlMjIlMkMlMjJjYXJvdXNlbE5hbWUlMjIlM0ElMjIlMjIlMkMlMjJjb2xsZWN0aW9uSWQlMjIlM0ElMjIxOTA1MyUyMiUyQyUyMmluZGV4Q2xpY2tlZCUyMiUzQTU3JTdE,https://images.mango-prod.siammakro.cloud/SOURCE/b9b12bb0202c4e9fa8cfe696555cd2b4,"ซื้อ 1,200฿ ได้รับ 20 พอยท์",อิมพีเรียล มาการีนซันฟลาวเวอร์ 10 กรัม x 100 ถ้วย,฿,295.,00,฿ 310.00,-4%,,
https://www.makro.pro/th/p/KKbS6i9-391797486425395?info=JTdCJTIycGFnZVNsdWclMjIlM0ElMjJGcmVzaCUyME92ZXJsb2FkJTIwJTdDJTIwQnV0dGVyJTIwYW5kJTIwQ2hlZXNlJTJGMTkwNTMlMjIlMkMlMjJjYXJvdXNlbE5hbWUlMjIlM0ElMjIlMjIlMkMlMjJjb2xsZWN0aW9uSWQlMjIlM0ElMjIxOTA1MyUyMiUyQyUyMmluZGV4Q2xpY2tlZCUyMiUzQTU4JTdE,https://images.mango-prod.siammakro.cloud/SOURCE/c9ee8219cbdb4b66ac03bb968599e01f,"ซื้อ 1,200฿ ได้รับ 20 พอยท์",เอโร่ เรดเชดด้าชีส ขูดเส้น 1 กก.,"฿

450.

00",฿,00,,,,
https://www.makro.pro/th/p/1qk-npo-7115286806723?info=JTdCJTIycGFnZVNsdWclMjIlM0ElMjJGcmVzaCUyME92ZXJsb2FkJTIwJTdDJTIwQnV0dGVyJTIwYW5kJTIwQ2hlZXNlJTJGMTkwNTMlMjIlMkMlMjJjYXJvdXNlbE5hbWUlMjIlM0ElMjIlMjIlMkMlMjJjb2xsZWN0aW9uSWQlMjIlM0ElMjIxOTA1MyUyMiUyQyUyMmluZGV4Q2xpY2tlZCUyMiUzQTU5JTdE,https://images.mango-prod.siammakro.cloud/SOURCE/1f59742fb2d543dcb2bb15be21441145,"ซื้อ 1,200฿ ได้รับ 20 พอยท์",พอลลี ครีมชีส 1.34 กก.,"฿

479.

00",฿,00,,,,
https://www.makro.pro/th/p/3c9vkqj-6974737350851?info=JTdCJTIycGFnZVNsdWclMjIlM0ElMjJGcmVzaCUyME92ZXJsb2FkJTIwJTdDJTIwQnV0dGVyJTIwYW5kJTIwQ2hlZXNlJTJGMTkwNTMlMjIlMkMlMjJjYXJvdXNlbE5hbWUlMjIlM0ElMjIlMjIlMkMlMjJjb2xsZWN0aW9uSWQlMjIlM0ElMjIxOTA1MyUyMiUyQyUyMmluZGV4Q2xpY2tlZCUyMiUzQTYwJTdE,https://images.mango-prod.siammakro.cloud/SOURCE/c8c2c21e80a144c3ab6200632f5b77f7,"ซื้อ 1,200฿ ได้รับ 20 พอยท์",เอโร่ คอมพาวด์บัตเตอร์เค็ม 5 กก.,"฿

729.

00",฿,00,,,,
https://www.makro.pro/th/p/md4fxky-7078775750851?info=JTdCJTIycGFnZVNsdWclMjIlM0ElMjJGcmVzaCUyME92ZXJsb2FkJTIwJTdDJTIwQnV0dGVyJTIwYW5kJTIwQ2hlZXNlJTJGMTkwNTMlMjIlMkMlMjJjYXJvdXNlbE5hbWUlMjIlM0ElMjIlMjIlMkMlMjJjb2xsZWN0aW9uSWQlMjIlM0ElMjIxOTA1MyUyMiUyQyUyMmluZGV4Q2xpY2tlZCUyMiUzQTYxJTdE,https://images.mango-prod.siammakro.cloud/product-images/7078775750851-8973189b-4033-4133-9261-7a8798dd6335.jpeg?imageMogr2/thumbnail/300x300,"ซื้อ 1,200฿ ได้รับ 20 พอยท์",อลาวรี่ โพรเซสชีส 1 กก.,฿,324.,00,฿ 360.00,-10%,,
https://www.makro.pro/th/p/9prot4c-7078720864451?info=JTdCJTIycGFnZVNsdWclMjIlM0ElMjJGcmVzaCUyME92ZXJsb2FkJTIwJTdDJTIwQnV0dGVyJTIwYW5kJTIwQ2hlZXNlJTJGMTkwNTMlMjIlMkMlMjJjYXJvdXNlbE5hbWUlMjIlM0ElMjIlMjIlMkMlMjJjb2xsZWN0aW9uSWQlMjIlM0ElMjIxOTA1MyUyMiUyQyUyMmluZGV4Q2xpY2tlZCUyMiUzQTYyJTdE,https://images.mango-prod.siammakro.cloud/SOURCE/47da852c751c478a83b5db3765642758,ซื้อ 1000฿ รับส่วนลด 120฿,อลาวรี่ เนยผสม ชนิดเค็ม 2 กก.,฿,419.,00,฿ 450.00,-6%,+1,
https://www.makro.pro/th/p/pya0ey-6974477041859?info=JTdCJTIycGFnZVNsdWclMjIlM0ElMjJGcmVzaCUyME92ZXJsb2FkJTIwJTdDJTIwQnV0dGVyJTIwYW5kJTIwQ2hlZXNlJTJGMTkwNTMlMjIlMkMlMjJjYXJvdXNlbE5hbWUlMjIlM0ElMjIlMjIlMkMlMjJjb2xsZWN0aW9uSWQlMjIlM0ElMjIxOTA1MyUyMiUyQyUyMmluZGV4Q2xpY2tlZCUyMiUzQTYzJTdE,https://images.mango-prod.siammakro.cloud/SOURCE/16bfb23a12224341aba96dd10fd5b1fc,ซื้อ 1000฿ รับส่วนลด 120฿,อลาวรี่ เนยชนิดแท่ง รสเค็ม ยกลัง 5 กก.,฿,888.,00,฿ 955.00,-7%,+1,
https://www.makro.pro/th/p/UAFa-_T-80668424157303?info=JTdCJTIycGFnZVNsdWclMjIlM0ElMjJGcmVzaCUyME92ZXJsb2FkJTIwJTdDJTIwQnV0dGVyJTIwYW5kJTIwQ2hlZXNlJTJGMTkwNTMlMjIlMkMlMjJjYXJvdXNlbE5hbWUlMjIlM0ElMjIlMjIlMkMlMjJjb2xsZWN0aW9uSWQlMjIlM0ElMjIxOTA1MyUyMiUyQyUyMmluZGV4Q2xpY2tlZCUyMiUzQTY0JTdE,https://images.mango-prod.siammakro.cloud/SOURCE/6786793197fb42e5a9d451eea0373ef0,"ซื้อ 1,200฿ ได้รับ 20 พอยท์",เอโร่ พาร์เมซานชีส แบบผง 1 กก.,"฿

619.

00",฿,00,,,,
https://www.makro.pro/th/p/e0om_ta-7497434693827?info=JTdCJTIycGFnZVNsdWclMjIlM0ElMjJGcmVzaCUyME92ZXJsb2FkJTIwJTdDJTIwQnV0dGVyJTIwYW5kJTIwQ2hlZXNlJTJGMTkwNTMlMjIlMkMlMjJjYXJvdXNlbE5hbWUlMjIlM0ElMjIlMjIlMkMlMjJjb2xsZWN0aW9uSWQlMjIlM0ElMjIxOTA1MyUyMiUyQyUyMmluZGV4Q2xpY2tlZCUyMiUzQTY1JTdE,https://images.mango-prod.siammakro.cloud/product-images/7497434693827-f86f8764-c7c0-4acb-9192-88a2f01379c2.jpeg?imageMogr2/thumbnail/300x300,"ซื้อ 1,200฿ ได้รับ 20 พอยท์",เอโร่ มาสคาโพนเน่ 450 ก.,"฿

207.

00",฿,00,,,,
https://www.makro.pro/th/p/8vdfYDX-867776768694442?info=JTdCJTIycGFnZVNsdWclMjIlM0ElMjJGcmVzaCUyME92ZXJsb2FkJTIwJTdDJTIwQnV0dGVyJTIwYW5kJTIwQ2hlZXNlJTJGMTkwNTMlMjIlMkMlMjJjYXJvdXNlbE5hbWUlMjIlM0ElMjIlMjIlMkMlMjJjb2xsZWN0aW9uSWQlMjIlM0ElMjIxOTA1MyUyMiUyQyUyMmluZGV4Q2xpY2tlZCUyMiUzQTY2JTdE,https://images.mango-prod.siammakro.cloud/SOURCE/ee4e3e2b89d34720ab1c15be371d9ecb,"ซื้อ 1,200฿ ได้รับ 20 พอยท์",เอโร่ พาร์เมซานชีส ขูดเส้น 1 กก.,"฿

569.

00",฿,00,,,,
https://www.makro.pro/th/p/1tout0d-6974477893827?info=JTdCJTIycGFnZVNsdWclMjIlM0ElMjJGcmVzaCUyME92ZXJsb2FkJTIwJTdDJTIwQnV0dGVyJTIwYW5kJTIwQ2hlZXNlJTJGMTkwNTMlMjIlMkMlMjJjYXJvdXNlbE5hbWUlMjIlM0ElMjIlMjIlMkMlMjJjb2xsZWN0aW9uSWQlMjIlM0ElMjIxOTA1MyUyMiUyQyUyMmluZGV4Q2xpY2tlZCUyMiUzQTY3JTdE,https://images.mango-prod.siammakro.cloud/SOURCE/eb1d35f4b76145db904dfad3512d42d8,"ซื้อ 1,200฿ ได้รับ 20 พอยท์",ออร์คิด เนยเพียวบัตเตอร์ ชนิดจืด 2 กก.,฿,798.,00,฿ 975.00,-18%,,
https://www.makro.pro/th/p/qm6z0fp-7078718636227?info=JTdCJTIycGFnZVNsdWclMjIlM0ElMjJGcmVzaCUyME92ZXJsb2FkJTIwJTdDJTIwQnV0dGVyJTIwYW5kJTIwQ2hlZXNlJTJGMTkwNTMlMjIlMkMlMjJjYXJvdXNlbE5hbWUlMjIlM0ElMjIlMjIlMkMlMjJjb2xsZWN0aW9uSWQlMjIlM0ElMjIxOTA1MyUyMiUyQyUyMmluZGV4Q2xpY2tlZCUyMiUzQTY4JTdE,https://images.mango-prod.siammakro.cloud/SOURCE/a007ce395ec24bb5afe14053f9226fcb,"ซื้อ 1,200฿ ได้รับ 20 พอยท์",ออร์คิด เชฟช้อยส์ เนยจืด 5 กก.,฿,699.,00,"฿ 1,025.00",-31%,,
https://www.makro.pro/th/p/iusol81-7115286708419?info=JTdCJTIycGFnZVNsdWclMjIlM0ElMjJGcmVzaCUyME92ZXJsb2FkJTIwJTdDJTIwQnV0dGVyJTIwYW5kJTIwQ2hlZXNlJTJGMTkwNTMlMjIlMkMlMjJjYXJvdXNlbE5hbWUlMjIlM0ElMjIlMjIlMkMlMjJjb2xsZWN0aW9uSWQlMjIlM0ElMjIxOTA1MyUyMiUyQyUyMmluZGV4Q2xpY2tlZCUyMiUzQTY5JTdE,https://images.mango-prod.siammakro.cloud/SOURCE/4b8bb6d0b175477f8b0a97909ec50e95,"ซื้อ 1,200฿ ได้รับ 20 พอยท์",แองเคอร์ เชดด้าชีสก้อน 2 กก.,฿,750.,00,฿ 785.00,-4%,,
https://www.makro.pro/th/p/4nfpaa7-7275726667971?info=JTdCJTIycGFnZVNsdWclMjIlM0ElMjJGcmVzaCUyME92ZXJsb2FkJTIwJTdDJTIwQnV0dGVyJTIwYW5kJTIwQ2hlZXNlJTJGMTkwNTMlMjIlMkMlMjJjYXJvdXNlbE5hbWUlMjIlM0ElMjIlMjIlMkMlMjJjb2xsZWN0aW9uSWQlMjIlM0ElMjIxOTA1MyUyMiUyQyUyMmluZGV4Q2xpY2tlZCUyMiUzQTcwJTdE,https://images.mango-prod.siammakro.cloud/SOURCE/8abfa8eedc754743825bc25b2a07e2c0,"ซื้อ 1,200฿ ได้รับ 20 พอยท์",เอโร่ บัตเตอร์เบลนด์ ชนิดจืด 2 กก.,"฿

369.

00",฿,00,,,,
https://www.makro.pro/th/p/7PHbplm-846525717835970?info=JTdCJTIycGFnZVNsdWclMjIlM0ElMjJGcmVzaCUyME92ZXJsb2FkJTIwJTdDJTIwQnV0dGVyJTIwYW5kJTIwQ2hlZXNlJTJGMTkwNTMlMjIlMkMlMjJjYXJvdXNlbE5hbWUlMjIlM0ElMjIlMjIlMkMlMjJjb2xsZWN0aW9uSWQlMjIlM0ElMjIxOTA1MyUyMiUyQyUyMmluZGV4Q2xpY2tlZCUyMiUzQTcxJTdE,https://images.mango-prod.siammakro.cloud/SOURCE/4ecba3136ba54017b6b74dc4f457391e,"ซื้อ 1,200฿ ได้รับ 20 พอยท์",เอโร่ พาร์เมซานชีส ชนิดขูดเส้น 500 ก.,"฿

335.

00",฿,00,,,,
https://www.makro.pro/th/p/nyoynpg-7078717980867?info=JTdCJTIycGFnZVNsdWclMjIlM0ElMjJGcmVzaCUyME92ZXJsb2FkJTIwJTdDJTIwQnV0dGVyJTIwYW5kJTIwQ2hlZXNlJTJGMTkwNTMlMjIlMkMlMjJjYXJvdXNlbE5hbWUlMjIlM0ElMjIlMjIlMkMlMjJjb2xsZWN0aW9uSWQlMjIlM0ElMjIxOTA1MyUyMiUyQyUyMmluZGV4Q2xpY2tlZCUyMiUzQTcyJTdE,https://images.mango-prod.siammakro.cloud/SOURCE/f970ac0feb0645fc87bb68ea2924d2ff,"ซื้อ 1,200฿ ได้รับ 20 พอยท์",ออร์คิด เนยสําหรับปรุงอาหารและเบเกอรี่ ชนิดเค็ม 5 กก.,฿,955.,00,"฿ 1,230.00",-22%,,
https://www.makro.pro/th/p/dglemyi-7078721421507?info=JTdCJTIycGFnZVNsdWclMjIlM0ElMjJGcmVzaCUyME92ZXJsb2FkJTIwJTdDJTIwQnV0dGVyJTIwYW5kJTIwQ2hlZXNlJTJGMTkwNTMlMjIlMkMlMjJjYXJvdXNlbE5hbWUlMjIlM0ElMjIlMjIlMkMlMjJjb2xsZWN0aW9uSWQlMjIlM0ElMjIxOTA1MyUyMiUyQyUyMmluZGV4Q2xpY2tlZCUyMiUzQTczJTdE,https://images.mango-prod.siammakro.cloud/SOURCE/15b77f80e8dd4cd499a0602b95911668,"ซื้อ 1,200฿ ได้รับ 20 พอยท์",ออร์คิด เชฟช้อยส์ บัตเตอร์เบลนด์ เนยเค็ม 5 กก.,฿,699.,00,"฿ 1,025.00",-31%,,
https://www.makro.pro/th/p/58gf840-7196426928323?info=JTdCJTIycGFnZVNsdWclMjIlM0ElMjJGcmVzaCUyME92ZXJsb2FkJTIwJTdDJTIwQnV0dGVyJTIwYW5kJTIwQ2hlZXNlJTJGMTkwNTMlMjIlMkMlMjJjYXJvdXNlbE5hbWUlMjIlM0ElMjIlMjIlMkMlMjJjb2xsZWN0aW9uSWQlMjIlM0ElMjIxOTA1MyUyMiUyQyUyMmluZGV4Q2xpY2tlZCUyMiUzQTc0JTdE,https://images.mango-prod.siammakro.cloud/product-images/7196426928323-cf71fdb5-9461-4180-8b18-984027f8b7d1.jpeg?imageMogr2/thumbnail/300x300,"ซื้อ 1,200฿ ได้รับ 20 พอยท์",เมนแลนด์ วินเทจ ชีส 470 ก.,"฿

279.

00",฿,00,,,,
https://www.makro.pro/th/p/x-bn4lr-7078720569539?info=JTdCJTIycGFnZVNsdWclMjIlM0ElMjJGcmVzaCUyME92ZXJsb2FkJTIwJTdDJTIwQnV0dGVyJTIwYW5kJTIwQ2hlZXNlJTJGMTkwNTMlMjIlMkMlMjJjYXJvdXNlbE5hbWUlMjIlM0ElMjIlMjIlMkMlMjJjb2xsZWN0aW9uSWQlMjIlM0ElMjIxOTA1MyUyMiUyQyUyMmluZGV4Q2xpY2tlZCUyMiUzQTc1JTdE,https://images.mango-prod.siammakro.cloud/SOURCE/b1ecbd3aac5f410fbfd52e7b2c43c3e2,"ซื้อ 1,200฿ ได้รับ 20 พอยท์",ออร์คิด บัตเตอร์เบลนด์ ชนิดจืด 5 กก.,฿,955.,00,"฿ 1,230.00",-22%,,
https://www.makro.pro/th/p/s_-p62q-7554758607043?info=JTdCJTIycGFnZVNsdWclMjIlM0ElMjJGcmVzaCUyME92ZXJsb2FkJTIwJTdDJTIwQnV0dGVyJTIwYW5kJTIwQ2hlZXNlJTJGMTkwNTMlMjIlMkMlMjJjYXJvdXNlbE5hbWUlMjIlM0ElMjIlMjIlMkMlMjJjb2xsZWN0aW9uSWQlMjIlM0ElMjIxOTA1MyUyMiUyQyUyMmluZGV4Q2xpY2tlZCUyMiUzQTc2JTdE,https://images.mango-prod.siammakro.cloud/product-images/7554758607043-c85d5472-9e63-4085-b84d-7a05af4ed3d4.jpeg?imageMogr2/thumbnail/300x300,"ซื้อ 1,200฿ ได้รับ 20 พอยท์",แองเคอร์ ครีมชีส (1 กก. x 12) ยกลัง,"฿

3,960.

00",฿,00,,,,
https://www.makro.pro/th/p/9ab45o-7416109301955?info=JTdCJTIycGFnZVNsdWclMjIlM0ElMjJGcmVzaCUyME92ZXJsb2FkJTIwJTdDJTIwQnV0dGVyJTIwYW5kJTIwQ2hlZXNlJTJGMTkwNTMlMjIlMkMlMjJjYXJvdXNlbE5hbWUlMjIlM0ElMjIlMjIlMkMlMjJjb2xsZWN0aW9uSWQlMjIlM0ElMjIxOTA1MyUyMiUyQyUyMmluZGV4Q2xpY2tlZCUyMiUzQTc3JTdE,https://images.mango-prod.siammakro.cloud/SOURCE/5ab0ce359e36443b9230663e1fa923cc,"ซื้อ 1,200฿ ได้รับ 20 พอยท์",โอลีฟกรอฟ ไลท์ เนยเทียมผสมน้ํามันมะกอก 500 กรัม,฿,195.,00,฿ 209.00,-6%,,
https://www.makro.pro/th/p/rudn5wt-7078720700611?info=JTdCJTIycGFnZVNsdWclMjIlM0ElMjJGcmVzaCUyME92ZXJsb2FkJTIwJTdDJTIwQnV0dGVyJTIwYW5kJTIwQ2hlZXNlJTJGMTkwNTMlMjIlMkMlMjJjYXJvdXNlbE5hbWUlMjIlM0ElMjIlMjIlMkMlMjJjb2xsZWN0aW9uSWQlMjIlM0ElMjIxOTA1MyUyMiUyQyUyMmluZGV4Q2xpY2tlZCUyMiUzQTc4JTdE,https://images.mango-prod.siammakro.cloud/SOURCE/b366e986b29c4d978834af5f676082e8,"ซื้อ 1,200฿ ได้รับ 20 พอยท์",ออร์คิด เนยชนิดแข็ง เพียวบัตเตอร์เค็ม 2 กก.,฿,798.,00,฿ 975.00,-18%,,
https://www.makro.pro/th/p/p7DFDr7-224016071199348?info=JTdCJTIycGFnZVNsdWclMjIlM0ElMjJGcmVzaCUyME92ZXJsb2FkJTIwJTdDJTIwQnV0dGVyJTIwYW5kJTIwQ2hlZXNlJTJGMTkwNTMlMjIlMkMlMjJjYXJvdXNlbE5hbWUlMjIlM0ElMjIlMjIlMkMlMjJjb2xsZWN0aW9uSWQlMjIlM0ElMjIxOTA1MyUyMiUyQyUyMmluZGV4Q2xpY2tlZCUyMiUzQTc5JTdE,https://images.mango-prod.siammakro.cloud/SOURCE/45c744f89eea429b82d26746da2e5af7,"ซื้อ 1,200฿ ได้รับ 20 พอยท์",แอมโบรซิ พาร์มิเจียโน่ 180 ก.,"฿

295.

00",฿,00,,,,
https://www.makro.pro/th/p/_3Cn2wB-223857217266208?info=JTdCJTIycGFnZVNsdWclMjIlM0ElMjJGcmVzaCUyME92ZXJsb2FkJTIwJTdDJTIwQnV0dGVyJTIwYW5kJTIwQ2hlZXNlJTJGMTkwNTMlMjIlMkMlMjJjYXJvdXNlbE5hbWUlMjIlM0ElMjIlMjIlMkMlMjJjb2xsZWN0aW9uSWQlMjIlM0ElMjIxOTA1MyUyMiUyQyUyMmluZGV4Q2xpY2tlZCUyMiUzQTgwJTdE,https://images.mango-prod.siammakro.cloud/product-images/223857217266208-ee9f66bf-a9b0-431d-af1f-850238181972.jpeg?imageMogr2/thumbnail/300x300,"ซื้อ 1,200฿ ได้รับ 20 พอยท์",เพอร์เฟคต้า พิซซ่าเรลลาชีส 1 ลัง (1 กก. x 12),"฿

3,240.

00",฿,00,,,,
https://www.makro.pro/th/p/ClJ4Qph-697148507439785?info=JTdCJTIycGFnZVNsdWclMjIlM0ElMjJGcmVzaCUyME92ZXJsb2FkJTIwJTdDJTIwQnV0dGVyJTIwYW5kJTIwQ2hlZXNlJTJGMTkwNTMlMjIlMkMlMjJjYXJvdXNlbE5hbWUlMjIlM0ElMjIlMjIlMkMlMjJjb2xsZWN0aW9uSWQlMjIlM0ElMjIxOTA1MyUyMiUyQyUyMmluZGV4Q2xpY2tlZCUyMiUzQTgxJTdE,https://images.mango-prod.siammakro.cloud/product-images/697148507439785-9dd2aad4-4f85-445f-8d71-4691e42db0c8.jpeg?imageMogr2/thumbnail/300x300,"ซื้อ 1,200฿ ได้รับ 20 พอยท์",เอโร่ มอสซาเรลลาขูดเส้นแช่แข็ง 1 กก. x 12,"฿

3,840.

00",฿,00,,,,
https://www.makro.pro/th/p/rstd7vs-7119604678851?info=JTdCJTIycGFnZVNsdWclMjIlM0ElMjJGcmVzaCUyME92ZXJsb2FkJTIwJTdDJTIwQnV0dGVyJTIwYW5kJTIwQ2hlZXNlJTJGMTkwNTMlMjIlMkMlMjJjYXJvdXNlbE5hbWUlMjIlM0ElMjIlMjIlMkMlMjJjb2xsZWN0aW9uSWQlMjIlM0ElMjIxOTA1MyUyMiUyQyUyMmluZGV4Q2xpY2tlZCUyMiUzQTgyJTdE,https://images.mango-prod.siammakro.cloud/SOURCE/1af29c7c43134adaa5c854c13aca15e6,"ซื้อ 1,200฿ ได้รับ 20 พอยท์",มอซซาเรลล่าชีส ชนิดขูด 1 กก. x 12,฿,"3,720.",00,"฿ 3,960.00",-6%,,
https://www.makro.pro/th/p/n4AqWTF-660783631483366?info=JTdCJTIycGFnZVNsdWclMjIlM0ElMjJGcmVzaCUyME92ZXJsb2FkJTIwJTdDJTIwQnV0dGVyJTIwYW5kJTIwQ2hlZXNlJTJGMTkwNTMlMjIlMkMlMjJjYXJvdXNlbE5hbWUlMjIlM0ElMjIlMjIlMkMlMjJjb2xsZWN0aW9uSWQlMjIlM0ElMjIxOTA1MyUyMiUyQyUyMmluZGV4Q2xpY2tlZCUyMiUzQTgzJTdE,https://images.mango-prod.siammakro.cloud/product-images/660783631483366-7b2826a1-367a-4e30-96a9-62afe84f046c.jpeg?imageMogr2/thumbnail/300x300,"ซื้อ 1,200฿ ได้รับ 20 พอยท์",เอโร่ มอสซาเรลล่าผสมเชดด้าชีสขูดเส้น 1 กก. x 12,"฿

3,840.

00",฿,00,,,,
https://www.makro.pro/th/p/WFtHBGm-406984619537643?info=JTdCJTIycGFnZVNsdWclMjIlM0ElMjJGcmVzaCUyME92ZXJsb2FkJTIwJTdDJTIwQnV0dGVyJTIwYW5kJTIwQ2hlZXNlJTJGMTkwNTMlMjIlMkMlMjJjYXJvdXNlbE5hbWUlMjIlM0ElMjIlMjIlMkMlMjJjb2xsZWN0aW9uSWQlMjIlM0ElMjIxOTA1MyUyMiUyQyUyMmluZGV4Q2xpY2tlZCUyMiUzQTg0JTdE,https://images.mango-prod.siammakro.cloud/product-images/406984619537643-3ae23157-1c44-4ebe-a9ee-4b5e7a074206.jpeg?imageMogr2/thumbnail/300x300,"ซื้อ 1,200฿ ได้รับ 20 พอยท์",เอโร่ พิซซ่าท็อปปิ้งขูดเส้น 970 ก. x 12,"฿

3,360.

00",฿,00,,,,
https://www.makro.pro/th/p/EbxH--i-808897425858678?info=JTdCJTIycGFnZVNsdWclMjIlM0ElMjJGcmVzaCUyME92ZXJsb2FkJTIwJTdDJTIwQnV0dGVyJTIwYW5kJTIwQ2hlZXNlJTJGMTkwNTMlMjIlMkMlMjJjYXJvdXNlbE5hbWUlMjIlM0ElMjIlMjIlMkMlMjJjb2xsZWN0aW9uSWQlMjIlM0ElMjIxOTA1MyUyMiUyQyUyMmluZGV4Q2xpY2tlZCUyMiUzQTg1JTdE,https://images.mango-prod.siammakro.cloud/product-images/808897425858678-6c05eb38-d9db-4880-906d-560a4060f0a2.jpeg?imageMogr2/thumbnail/300x300,"ซื้อ 1,200฿ ได้รับ 20 พอยท์",เลอร์แพค เนยจืด 500 ก.,"฿

359.

00",฿,00,,,,
https://www.makro.pro/th/p/eXOIYWW-90053255562904?info=JTdCJTIycGFnZVNsdWclMjIlM0ElMjJGcmVzaCUyME92ZXJsb2FkJTIwJTdDJTIwQnV0dGVyJTIwYW5kJTIwQ2hlZXNlJTJGMTkwNTMlMjIlMkMlMjJjYXJvdXNlbE5hbWUlMjIlM0ElMjIlMjIlMkMlMjJjb2xsZWN0aW9uSWQlMjIlM0ElMjIxOTA1MyUyMiUyQyUyMmluZGV4Q2xpY2tlZCUyMiUzQTg2JTdE,https://images.mango-prod.siammakro.cloud/product-images/90053255562904-78a7e011-9360-42d3-a45b-8db8cd0563a8.jpeg?imageMogr2/thumbnail/300x300,"ซื้อ 1,200฿ ได้รับ 20 พอยท์",เลอร์แพค เนยก้อนแบบเค็ม 500 ก.,"฿

359.

00",฿,00,,,,
https://www.makro.pro/th/p/2isnIdT-499787683541572?info=JTdCJTIycGFnZVNsdWclMjIlM0ElMjJGcmVzaCUyME92ZXJsb2FkJTIwJTdDJTIwQnV0dGVyJTIwYW5kJTIwQ2hlZXNlJTJGMTkwNTMlMjIlMkMlMjJjYXJvdXNlbE5hbWUlMjIlM0ElMjIlMjIlMkMlMjJjb2xsZWN0aW9uSWQlMjIlM0ElMjIxOTA1MyUyMiUyQyUyMmluZGV4Q2xpY2tlZCUyMiUzQTg3JTdE,https://images.mango-prod.siammakro.cloud/product-images/499787683541572-51324e49-7ea1-4879-afd9-7d240ac7e41f.jpeg?imageMogr2/thumbnail/300x300,"ซื้อ 1,200฿ ได้รับ 20 พอยท์",ตาตัว มาสคาโปน 500 ก. x 6,"฿

1,944.

00",฿,00,,,,
https://www.makro.pro/th/p/yckKCtQ-558671299770557?info=JTdCJTIycGFnZVNsdWclMjIlM0ElMjJGcmVzaCUyME92ZXJsb2FkJTIwJTdDJTIwQnV0dGVyJTIwYW5kJTIwQ2hlZXNlJTJGMTkwNTMlMjIlMkMlMjJjYXJvdXNlbE5hbWUlMjIlM0ElMjIlMjIlMkMlMjJjb2xsZWN0aW9uSWQlMjIlM0ElMjIxOTA1MyUyMiUyQyUyMmluZGV4Q2xpY2tlZCUyMiUzQTg4JTdE,https://images.mango-prod.siammakro.cloud/SOURCE/51c4ecec549b4e87a67bfc205065fb6e,"ซื้อ 1,200฿ ได้รับ 20 พอยท์",แองเคอร์ ชีสสไลซ์สีอ่อน 1.09 กก. x 10,"฿

3,600.

00",฿,00,,,,
https://www.makro.pro/th/p/-ZW0zym-485814130324351?info=JTdCJTIycGFnZVNsdWclMjIlM0ElMjJGcmVzaCUyME92ZXJsb2FkJTIwJTdDJTIwQnV0dGVyJTIwYW5kJTIwQ2hlZXNlJTJGMTkwNTMlMjIlMkMlMjJjYXJvdXNlbE5hbWUlMjIlM0ElMjIlMjIlMkMlMjJjb2xsZWN0aW9uSWQlMjIlM0ElMjIxOTA1MyUyMiUyQyUyMmluZGV4Q2xpY2tlZCUyMiUzQTg5JTdE,https://images.mango-prod.siammakro.cloud/product-images/485814130324351-57ab04d4-704c-48c9-a76c-9c36ead6852b.jpeg?imageMogr2/thumbnail/300x300,"ซื้อ 1,200฿ ได้รับ 20 พอยท์",เอโร่มอสซาเรลล่าขูดเส้น 500 กรัม X 12,"฿

2,280.00",฿,,,,,สินค้าหมด
https://www.makro.pro/th/p/N9pxh3V-453839471249225?info=JTdCJTIycGFnZVNsdWclMjIlM0ElMjJGcmVzaCUyME92ZXJsb2FkJTIwJTdDJTIwQnV0dGVyJTIwYW5kJTIwQ2hlZXNlJTJGMTkwNTMlMjIlMkMlMjJjYXJvdXNlbE5hbWUlMjIlM0ElMjIlMjIlMkMlMjJjb2xsZWN0aW9uSWQlMjIlM0ElMjIxOTA1MyUyMiUyQyUyMmluZGV4Q2xpY2tlZCUyMiUzQTkwJTdE,https://images.mango-prod.siammakro.cloud/SOURCE/bc0639ae172b40f2a9d77a6cbda2e013,"ซื้อ 1,200฿ ได้รับ 20 พอยท์",แองเคอร์ เนยเค็ม 227 ก. x 40,"฿

5,160.

00",฿,00,,,,
https://www.makro.pro/th/p/6zeh0wk-7499717476547?info=JTdCJTIycGFnZVNsdWclMjIlM0ElMjJGcmVzaCUyME92ZXJsb2FkJTIwJTdDJTIwQnV0dGVyJTIwYW5kJTIwQ2hlZXNlJTJGMTkwNTMlMjIlMkMlMjJjYXJvdXNlbE5hbWUlMjIlM0ElMjIlMjIlMkMlMjJjb2xsZWN0aW9uSWQlMjIlM0ElMjIxOTA1MyUyMiUyQyUyMmluZGV4Q2xpY2tlZCUyMiUzQTkxJTdE,https://images.mango-prod.siammakro.cloud/SOURCE/fcab69f1e3d044c8b52ee79aee7136bb,"ซื้อ 1,200฿ ได้รับ 20 พอยท์",อลาวรี่ เนยแท้ชนิดจืด 227 ก. x 30,฿,"3,112.",00,"฿ 3,870.00",-19%,,
https://www.makro.pro/th/p/k7hwccc-7497406808259?info=JTdCJTIycGFnZVNsdWclMjIlM0ElMjJGcmVzaCUyME92ZXJsb2FkJTIwJTdDJTIwQnV0dGVyJTIwYW5kJTIwQ2hlZXNlJTJGMTkwNTMlMjIlMkMlMjJjYXJvdXNlbE5hbWUlMjIlM0ElMjIlMjIlMkMlMjJjb2xsZWN0aW9uSWQlMjIlM0ElMjIxOTA1MyUyMiUyQyUyMmluZGV4Q2xpY2tlZCUyMiUzQTkyJTdE,https://images.mango-prod.siammakro.cloud/SOURCE/bb4035f4c0524b88b09ecc3879731ad3,"ซื้อ 1,200฿ ได้รับ 20 พอยท์",เดล คาซาโร มอสซาเรลล่าสดในน้ํา 100 ก.,"฿

75.00",฿,,,,,สินค้าหมด
https://www.makro.pro/th/p/a202bbs-7078718472387?info=JTdCJTIycGFnZVNsdWclMjIlM0ElMjJGcmVzaCUyME92ZXJsb2FkJTIwJTdDJTIwQnV0dGVyJTIwYW5kJTIwQ2hlZXNlJTJGMTkwNTMlMjIlMkMlMjJjYXJvdXNlbE5hbWUlMjIlM0ElMjIlMjIlMkMlMjJjb2xsZWN0aW9uSWQlMjIlM0ElMjIxOTA1MyUyMiUyQyUyMmluZGV4Q2xpY2tlZCUyMiUzQTkzJTdE,https://images.mango-prod.siammakro.cloud/product-images/7078718472387-2b6674db-7906-4cd6-acef-3b15aafae0e2.jpeg?imageMogr2/thumbnail/300x300,"ซื้อ 1,200฿ ได้รับ 20 พอยท์",ออร์คิด บัตเตอร์เบลนด์เนยจืด 200 ก.,฿,82.,00,฿ 87.00,-5%,,สินค้าหมด
https://www.makro.pro/th/p/bnecqia-7115287068867?info=JTdCJTIycGFnZVNsdWclMjIlM0ElMjJGcmVzaCUyME92ZXJsb2FkJTIwJTdDJTIwQnV0dGVyJTIwYW5kJTIwQ2hlZXNlJTJGMTkwNTMlMjIlMkMlMjJjYXJvdXNlbE5hbWUlMjIlM0ElMjIlMjIlMkMlMjJjb2xsZWN0aW9uSWQlMjIlM0ElMjIxOTA1MyUyMiUyQyUyMmluZGV4Q2xpY2tlZCUyMiUzQTk0JTdE,https://images.mango-prod.siammakro.cloud/SOURCE/4c60c2a6067547689ea3d3ebd392c678,"ซื้อ 1,200฿ ได้รับ 20 พอยท์",คาโรไลน์ ครีมชีสสด 2 กก.,"฿

635.00",฿,,,,,สินค้าหมด
https://www.makro.pro/th/p/hGXCyw_-589166720441442?info=JTdCJTIycGFnZVNsdWclMjIlM0ElMjJGcmVzaCUyME92ZXJsb2FkJTIwJTdDJTIwQnV0dGVyJTIwYW5kJTIwQ2hlZXNlJTJGMTkwNTMlMjIlMkMlMjJjYXJvdXNlbE5hbWUlMjIlM0ElMjIlMjIlMkMlMjJjb2xsZWN0aW9uSWQlMjIlM0ElMjIxOTA1MyUyMiUyQyUyMmluZGV4Q2xpY2tlZCUyMiUzQTk1JTdE,https://images.mango-prod.siammakro.cloud/SOURCE/68b25d92a5d947df8a4b3971a6f796cd,"ซื้อ 1,200฿ ได้รับ 20 พอยท์",คาโรไลน์ ครีมชีสสด 2 กก. x 7,"฿

4,200.00",฿,,,,,สินค้าหมด
https://www.makro.pro/th/p/ifakfsy-7275722342595?info=JTdCJTIycGFnZVNsdWclMjIlM0ElMjJGcmVzaCUyME92ZXJsb2FkJTIwJTdDJTIwQnV0dGVyJTIwYW5kJTIwQ2hlZXNlJTJGMTkwNTMlMjIlMkMlMjJjYXJvdXNlbE5hbWUlMjIlM0ElMjIlMjIlMkMlMjJjb2xsZWN0aW9uSWQlMjIlM0ElMjIxOTA1MyUyMiUyQyUyMmluZGV4Q2xpY2tlZCUyMiUzQTk2JTdE,https://images.mango-prod.siammakro.cloud/SOURCE/fbd545741f134670be2ebb4b91a1b5dc,"ซื้อ 1,200฿ ได้รับ 20 พอยท์",พอลลี ครีมชีส 1.34 กก. 10 แพ็ค,"฿

4,400.00",฿,,,,,สินค้าหมด
https://www.makro.pro/th/p/u6xeeae-7119601565891?info=JTdCJTIycGFnZVNsdWclMjIlM0ElMjJGcmVzaCUyME92ZXJsb2FkJTIwJTdDJTIwQnV0dGVyJTIwYW5kJTIwQ2hlZXNlJTJGMTkwNTMlMjIlMkMlMjJjYXJvdXNlbE5hbWUlMjIlM0ElMjIlMjIlMkMlMjJjb2xsZWN0aW9uSWQlMjIlM0ElMjIxOTA1MyUyMiUyQyUyMmluZGV4Q2xpY2tlZCUyMiUzQTk3JTdE,https://images.mango-prod.siammakro.cloud/product-images/7119601565891-6c26e5ec-668b-4563-9612-bf4be7265844.jpeg?imageMogr2/thumbnail/300x300,"ซื้อ 1,200฿ ได้รับ 20 พอยท์",ออร์คิด บัตเตอร์เบลนด์ ชนิดจืด ขนาด 200 ก. x 24,"฿

2,007.00",฿,,,,,สินค้าหมด
