MuiBox-root href,MuiBox-root src,MuiBox-root,css-1n8x1y2,MuiTypography-root (2),MuiTypography-root (4),MuiBox-root (2)
https://www.makro.pro/th/p/clzs2jh-6974720278723?info=JTdCJTIycGFnZVNsdWclMjIlM0ElMjJCYWtlcnklMjAlN0MlMjBDcm9pc3NhbnQlMkMlMjBEYW5pc2glMkMlMjBQaWUlMkYyMjk3MCUyMiUyQyUyMmNhcm91c2VsTmFtZSUyMiUzQSUyMiUyMiUyQyUyMmNvbGxlY3Rpb25JZCUyMiUzQSUyMjIyOTcwJTIyJTdE,https://images.mango-prod.siammakro.cloud/SOURCE/52bd16f30d8840eb89141a4ea4cabda8,"ซื้อ 1,200฿ ได้รับ 20 พอยท์",จิเวอร์นี่ ถ้วยทาร์ตเค็ม 420 ก. 56 ชิ้น,"฿

215.

00",00,
https://www.makro.pro/th/p/8sqakzu-7275732336835?info=JTdCJTIycGFnZVNsdWclMjIlM0ElMjJCYWtlcnklMjAlN0MlMjBDcm9pc3NhbnQlMkMlMjBEYW5pc2glMkMlMjBQaWUlMkYyMjk3MCUyMiUyQyUyMmNhcm91c2VsTmFtZSUyMiUzQSUyMiUyMiUyQyUyMmNvbGxlY3Rpb25JZCUyMiUzQSUyMjIyOTcwJTIyJTJDJTIyaW5kZXhDbGlja2VkJTIyJTNBMSU3RA,https://images.mango-prod.siammakro.cloud/SOURCE/9fcdb2c6a4be4a9198b11b1e74218e7f,"ซื้อ 1,200฿ ได้รับ 20 พอยท์",เอโร่ โกลด์ มินิครัวซองต์ 15 ก. x 10,"฿

75.00",,สินค้าหมด
https://www.makro.pro/th/p/7Gq9e_v-306649007230837?info=JTdCJTIycGFnZVNsdWclMjIlM0ElMjJCYWtlcnklMjAlN0MlMjBDcm9pc3NhbnQlMkMlMjBEYW5pc2glMkMlMjBQaWUlMkYyMjk3MCUyMiUyQyUyMmNhcm91c2VsTmFtZSUyMiUzQSUyMiUyMiUyQyUyMmNvbGxlY3Rpb25JZCUyMiUzQSUyMjIyOTcwJTIyJTJDJTIyaW5kZXhDbGlja2VkJTIyJTNBMiU3RA,https://images.mango-prod.siammakro.cloud/SOURCE/bcdc7e2a155d4aab99d8c3deef26673e,"ซื้อ 1,200฿ ได้รับ 20 พอยท์",เอโร่ โกลด์ ช็อกโกแลตชิพสติ๊ก 40 ก. x 8,"฿

92.00",,สินค้าหมด
https://www.makro.pro/th/p/vjbww1s-7352860082371?info=JTdCJTIycGFnZVNsdWclMjIlM0ElMjJCYWtlcnklMjAlN0MlMjBDcm9pc3NhbnQlMkMlMjBEYW5pc2glMkMlMjBQaWUlMkYyMjk3MCUyMiUyQyUyMmNhcm91c2VsTmFtZSUyMiUzQSUyMiUyMiUyQyUyMmNvbGxlY3Rpb25JZCUyMiUzQSUyMjIyOTcwJTIyJTJDJTIyaW5kZXhDbGlja2VkJTIyJTNBMyU3RA,https://images.mango-prod.siammakro.cloud/product-images/7352860082371-94ec7622-2714-470c-a798-be580590cd77.jpeg?imageMogr2/thumbnail/300x300,"ซื้อ 1,200฿ ได้รับ 20 พอยท์",เอโร่ โกลด์ ครัวซองท์โฮลวีท 40 ก. x 4,"฿

82.00",,สินค้าหมด
https://www.makro.pro/th/p/YLe1lkO-790476243115527?info=JTdCJTIycGFnZVNsdWclMjIlM0ElMjJCYWtlcnklMjAlN0MlMjBDcm9pc3NhbnQlMkMlMjBEYW5pc2glMkMlMjBQaWUlMkYyMjk3MCUyMiUyQyUyMmNhcm91c2VsTmFtZSUyMiUzQSUyMiUyMiUyQyUyMmNvbGxlY3Rpb25JZCUyMiUzQSUyMjIyOTcwJTIyJTJDJTIyaW5kZXhDbGlja2VkJTIyJTNBNCU3RA,https://images.mango-prod.siammakro.cloud/SOURCE/3921f59a5a9d4053abc421fdd1cf1eae,"ซื้อ 1,200฿ ได้รับ 20 พอยท์",เอโร่ มินิครัวซองต์โฮลวีท 15 ก. 10 ชิ้น,"฿

82.

00",00,
https://www.makro.pro/th/p/jvk25tp-7352860147907?info=JTdCJTIycGFnZVNsdWclMjIlM0ElMjJCYWtlcnklMjAlN0MlMjBDcm9pc3NhbnQlMkMlMjBEYW5pc2glMkMlMjBQaWUlMkYyMjk3MCUyMiUyQyUyMmNhcm91c2VsTmFtZSUyMiUzQSUyMiUyMiUyQyUyMmNvbGxlY3Rpb25JZCUyMiUzQSUyMjIyOTcwJTIyJTJDJTIyaW5kZXhDbGlja2VkJTIyJTNBNSU3RA,https://images.mango-prod.siammakro.cloud/product-images/7352860147907-89a574ab-01eb-4724-b513-ec30c24b2278.jpeg?imageMogr2/thumbnail/300x300,"ซื้อ 1,200฿ ได้รับ 20 พอยท์",เอโร่ โกลด์ ครัวซองต์เนยสด 43 ก. x 4,"฿

75.

00",00,
https://www.makro.pro/th/p/052bvte-7196407070915?info=JTdCJTIycGFnZVNsdWclMjIlM0ElMjJCYWtlcnklMjAlN0MlMjBDcm9pc3NhbnQlMkMlMjBEYW5pc2glMkMlMjBQaWUlMkYyMjk3MCUyMiUyQyUyMmNhcm91c2VsTmFtZSUyMiUzQSUyMiUyMiUyQyUyMmNvbGxlY3Rpb25JZCUyMiUzQSUyMjIyOTcwJTIyJTJDJTIyaW5kZXhDbGlja2VkJTIyJTNBNiU3RA,https://images.mango-prod.siammakro.cloud/SOURCE/f8b40f8caf0f40a9acb93a87347e7d50,"ซื้อ 1,200฿ ได้รับ 20 พอยท์",ฮากีกิ พายผีเสื้อเนย 500 ก.,"฿

105.

00",00,
https://www.makro.pro/th/p/RrOcvHs-182600371080183?info=JTdCJTIycGFnZVNsdWclMjIlM0ElMjJCYWtlcnklMjAlN0MlMjBDcm9pc3NhbnQlMkMlMjBEYW5pc2glMkMlMjBQaWUlMkYyMjk3MCUyMiUyQyUyMmNhcm91c2VsTmFtZSUyMiUzQSUyMiUyMiUyQyUyMmNvbGxlY3Rpb25JZCUyMiUzQSUyMjIyOTcwJTIyJTJDJTIyaW5kZXhDbGlja2VkJTIyJTNBNyU3RA,https://images.mango-prod.siammakro.cloud/product-images/182600371080183-3798f7a5-9b5c-4459-b308-90de72659f97.jpeg?imageMogr2/thumbnail/300x300,"ซื้อ 1,200฿ ได้รับ 20 พอยท์",เอโร่ โกลด์ ครัวซองต์เนยสด 43 ก. 6 ชิ้น,"฿

109.

00",00,
https://www.makro.pro/th/p/xdwbgav-6974721556675?info=JTdCJTIycGFnZVNsdWclMjIlM0ElMjJCYWtlcnklMjAlN0MlMjBDcm9pc3NhbnQlMkMlMjBEYW5pc2glMkMlMjBQaWUlMkYyMjk3MCUyMiUyQyUyMmNhcm91c2VsTmFtZSUyMiUzQSUyMiUyMiUyQyUyMmNvbGxlY3Rpb25JZCUyMiUzQSUyMjIyOTcwJTIyJTJDJTIyaW5kZXhDbGlja2VkJTIyJTNBOCU3RA,https://images.mango-prod.siammakro.cloud/SOURCE/fb591a8a203d4f1ca8e17aa13c77e2e6,"ซื้อ 1,200฿ ได้รับ 20 พอยท์",จิเวอร์นี่ ถ้วยทาร์ตหวาน 520 ก. x 52,"฿

205.

00",00,
https://www.makro.pro/th/p/qdyr_cm-7497490694339?info=JTdCJTIycGFnZVNsdWclMjIlM0ElMjJCYWtlcnklMjAlN0MlMjBDcm9pc3NhbnQlMkMlMjBEYW5pc2glMkMlMjBQaWUlMkYyMjk3MCUyMiUyQyUyMmNhcm91c2VsTmFtZSUyMiUzQSUyMiUyMiUyQyUyMmNvbGxlY3Rpb25JZCUyMiUzQSUyMjIyOTcwJTIyJTJDJTIyaW5kZXhDbGlja2VkJTIyJTNBOSU3RA,https://images.mango-prod.siammakro.cloud/SOURCE/105796c3a17549bfaa610cc89b024ec1,"ซื้อ 1,200฿ ได้รับ 20 พอยท์",มินิพายกรอบน้ําตาล 12 ชิ้น,"฿

29.

00",00,
https://www.makro.pro/th/p/nb0MIMC-185133344379628?info=JTdCJTIycGFnZVNsdWclMjIlM0ElMjJCYWtlcnklMjAlN0MlMjBDcm9pc3NhbnQlMkMlMjBEYW5pc2glMkMlMjBQaWUlMkYyMjk3MCUyMiUyQyUyMmNhcm91c2VsTmFtZSUyMiUzQSUyMiUyMiUyQyUyMmNvbGxlY3Rpb25JZCUyMiUzQSUyMjIyOTcwJTIyJTJDJTIyaW5kZXhDbGlja2VkJTIyJTNBMTAlN0Q,https://images.mango-prod.siammakro.cloud/product-images/185133344379628-7b39d5de-c424-43ad-81f8-eb03cbea1c87.jpeg?imageMogr2/thumbnail/300x300,"ซื้อ 1,200฿ ได้รับ 20 พอยท์",เดนิชไส้สับปะรด40กรัมX6,"฿

72.

00",00,
https://www.makro.pro/th/p/lcF_w7X-218953294475480?info=JTdCJTIycGFnZVNsdWclMjIlM0ElMjJCYWtlcnklMjAlN0MlMjBDcm9pc3NhbnQlMkMlMjBEYW5pc2glMkMlMjBQaWUlMkYyMjk3MCUyMiUyQyUyMmNhcm91c2VsTmFtZSUyMiUzQSUyMiUyMiUyQyUyMmNvbGxlY3Rpb25JZCUyMiUzQSUyMjIyOTcwJTIyJTJDJTIyaW5kZXhDbGlja2VkJTIyJTNBMTElN0Q,https://images.mango-prod.siammakro.cloud/product-images/218953294475480-f480588a-c301-412b-8bf8-a9a329125a4a.jpeg?imageMogr2/thumbnail/300x300,"ซื้อ 1,200฿ ได้รับ 20 พอยท์",เอโร่ โกลด์ ครัวซองต์โฮลวีท 40 ก. x 6,"฿

120.

00",00,
https://www.makro.pro/th/p/5hpcewb-7196405301443?info=JTdCJTIycGFnZVNsdWclMjIlM0ElMjJCYWtlcnklMjAlN0MlMjBDcm9pc3NhbnQlMkMlMjBEYW5pc2glMkMlMjBQaWUlMkYyMjk3MCUyMiUyQyUyMmNhcm91c2VsTmFtZSUyMiUzQSUyMiUyMiUyQyUyMmNvbGxlY3Rpb25JZCUyMiUzQSUyMjIyOTcwJTIyJTJDJTIyaW5kZXhDbGlja2VkJTIyJTNBMTIlN0Q,https://images.mango-prod.siammakro.cloud/SOURCE/5f70a955cd954502b81c932fca3e4706,"ซื้อ 1,200฿ ได้รับ 20 พอยท์",ฮากีกิ พายผีเสื้องา 500 ก.,"฿

105.

00",00,
https://www.makro.pro/th/p/ihoezi6-7497398452419?info=JTdCJTIycGFnZVNsdWclMjIlM0ElMjJCYWtlcnklMjAlN0MlMjBDcm9pc3NhbnQlMkMlMjBEYW5pc2glMkMlMjBQaWUlMkYyMjk3MCUyMiUyQyUyMmNhcm91c2VsTmFtZSUyMiUzQSUyMiUyMiUyQyUyMmNvbGxlY3Rpb25JZCUyMiUzQSUyMjIyOTcwJTIyJTJDJTIyaW5kZXhDbGlja2VkJTIyJTNBMTMlN0Q,https://images.mango-prod.siammakro.cloud/product-images/7497398452419-f9436703-a495-4c2b-8146-f7523c7ae9b5.jpeg?imageMogr2/thumbnail/300x300,"ซื้อ 1,200฿ ได้รับ 20 พอยท์",เอ็มบีเอ พายไส้สัปปะรด 1 กิโลกรัม,"฿

165.

00",00,
https://www.makro.pro/th/p/d9e181B-134318011579771?info=JTdCJTIycGFnZVNsdWclMjIlM0ElMjJCYWtlcnklMjAlN0MlMjBDcm9pc3NhbnQlMkMlMjBEYW5pc2glMkMlMjBQaWUlMkYyMjk3MCUyMiUyQyUyMmNhcm91c2VsTmFtZSUyMiUzQSUyMiUyMiUyQyUyMmNvbGxlY3Rpb25JZCUyMiUzQSUyMjIyOTcwJTIyJTJDJTIyaW5kZXhDbGlja2VkJTIyJTNBMTQlN0Q,https://images.mango-prod.siammakro.cloud/product-images/134318011579771-f69bb2d0-2e0e-4177-a27a-e8cbbd9d31a5.jpeg?imageMogr2/thumbnail/300x300,"ซื้อ 1,200฿ ได้รับ 20 พอยท์",เอโร่ เดนิชไส้ไส้กรอกไก่ 70 ก. x 3,"฿

96.

00",00,
https://www.makro.pro/th/p/21AMGjS-966096853500111?info=JTdCJTIycGFnZVNsdWclMjIlM0ElMjJCYWtlcnklMjAlN0MlMjBDcm9pc3NhbnQlMkMlMjBEYW5pc2glMkMlMjBQaWUlMkYyMjk3MCUyMiUyQyUyMmNhcm91c2VsTmFtZSUyMiUzQSUyMiUyMiUyQyUyMmNvbGxlY3Rpb25JZCUyMiUzQSUyMjIyOTcwJTIyJTJDJTIyaW5kZXhDbGlja2VkJTIyJTNBMTUlN0Q,https://images.mango-prod.siammakro.cloud/SOURCE/fbeb55593ecf4d02beaef76ac6dfe9c5,"ซื้อ 1,200฿ ได้รับ 20 พอยท์",เอโร่ มินิพัฟไส้สับปะรด 23 ก. 12 ชิ้น,"฿

99.

00",00,
https://www.makro.pro/th/p/uvd6owj-7497460515011?info=JTdCJTIycGFnZVNsdWclMjIlM0ElMjJCYWtlcnklMjAlN0MlMjBDcm9pc3NhbnQlMkMlMjBEYW5pc2glMkMlMjBQaWUlMkYyMjk3MCUyMiUyQyUyMmNhcm91c2VsTmFtZSUyMiUzQSUyMiUyMiUyQyUyMmNvbGxlY3Rpb25JZCUyMiUzQSUyMjIyOTcwJTIyJTJDJTIyaW5kZXhDbGlja2VkJTIyJTNBMTYlN0Q,https://images.mango-prod.siammakro.cloud/SOURCE/5398eeb051994c928859d5c6ef3d6eb0,"ซื้อ 1,200฿ ได้รับ 20 พอยท์",เอ็มบีเอ พายสับปะรด 200 กรัม,"฿

55.

00",00,
https://www.makro.pro/th/p/FwYigW0-19650826238510?info=JTdCJTIycGFnZVNsdWclMjIlM0ElMjJCYWtlcnklMjAlN0MlMjBDcm9pc3NhbnQlMkMlMjBEYW5pc2glMkMlMjBQaWUlMkYyMjk3MCUyMiUyQyUyMmNhcm91c2VsTmFtZSUyMiUzQSUyMiUyMiUyQyUyMmNvbGxlY3Rpb25JZCUyMiUzQSUyMjIyOTcwJTIyJTJDJTIyaW5kZXhDbGlja2VkJTIyJTNBMTclN0Q,https://images.mango-prod.siammakro.cloud/SOURCE/a1a23301b3c14e8aba13f47d0ab15e4b,"ซื้อ 1,200฿ ได้รับ 20 พอยท์",เอโร่ มินิพัฟไส้สตรอเบอร์รี่ 23 ก. 12 ชิ้น,"฿

99.

00",00,
https://www.makro.pro/th/p/5v8bqq0-7497619538115?info=JTdCJTIycGFnZVNsdWclMjIlM0ElMjJCYWtlcnklMjAlN0MlMjBDcm9pc3NhbnQlMkMlMjBEYW5pc2glMkMlMjBQaWUlMkYyMjk3MCUyMiUyQyUyMmNhcm91c2VsTmFtZSUyMiUzQSUyMiUyMiUyQyUyMmNvbGxlY3Rpb25JZCUyMiUzQSUyMjIyOTcwJTIyJTJDJTIyaW5kZXhDbGlja2VkJTIyJTNBMTglN0Q,https://images.mango-prod.siammakro.cloud/SOURCE/ef0a096371414f448c4ac5cf5fd448b8,"ซื้อ 1,200฿ ได้รับ 20 พอยท์",ฮากีกิ พายกรอบแท่ง 350 กรัม,"฿

85.

00",00,
https://www.makro.pro/th/p/LZ4LhTk-796356603634717?info=JTdCJTIycGFnZVNsdWclMjIlM0ElMjJCYWtlcnklMjAlN0MlMjBDcm9pc3NhbnQlMkMlMjBEYW5pc2glMkMlMjBQaWUlMkYyMjk3MCUyMiUyQyUyMmNhcm91c2VsTmFtZSUyMiUzQSUyMiUyMiUyQyUyMmNvbGxlY3Rpb25JZCUyMiUzQSUyMjIyOTcwJTIyJTJDJTIyaW5kZXhDbGlja2VkJTIyJTNBMTklN0Q,https://images.mango-prod.siammakro.cloud/product-images/796356603634717-d2b42d08-6f11-43cf-9f5e-049a2f9be9b6.jpeg?imageMogr2/thumbnail/300x300,ซื้อ 2 จ่าย 1,เอโร่ มินิครัวซองต์นมฮอกไกโด 35 ก. x 5,"฿

79.00",,สินค้าหมด
https://www.makro.pro/th/p/5z2vsf2-7499783307459?info=JTdCJTIycGFnZVNsdWclMjIlM0ElMjJCYWtlcnklMjAlN0MlMjBDcm9pc3NhbnQlMkMlMjBEYW5pc2glMkMlMjBQaWUlMkYyMjk3MCUyMiUyQyUyMmNhcm91c2VsTmFtZSUyMiUzQSUyMiUyMiUyQyUyMmNvbGxlY3Rpb25JZCUyMiUzQSUyMjIyOTcwJTIyJTJDJTIyaW5kZXhDbGlja2VkJTIyJTNBMjAlN0Q,https://images.mango-prod.siammakro.cloud/product-images/7499783307459-b11c8d88-90c0-4bb1-813e-980f7308158d.jpeg?imageMogr2/thumbnail/300x300,"ซื้อ 1,200฿ ได้รับ 20 พอยท์",เอโร่ โกลด์ เดนิช ไส้ครีมช็อกโกแลต 40 ก. x 6,"฿

72.00",,สินค้าหมด
https://www.makro.pro/th/p/L2fdR0O-551835894758803?info=JTdCJTIycGFnZVNsdWclMjIlM0ElMjJCYWtlcnklMjAlN0MlMjBDcm9pc3NhbnQlMkMlMjBEYW5pc2glMkMlMjBQaWUlMkYyMjk3MCUyMiUyQyUyMmNhcm91c2VsTmFtZSUyMiUzQSUyMiUyMiUyQyUyMmNvbGxlY3Rpb25JZCUyMiUzQSUyMjIyOTcwJTIyJTJDJTIyaW5kZXhDbGlja2VkJTIyJTNBMjElN0Q,https://images.mango-prod.siammakro.cloud/product-images/551835894758803-865a7d06-0fb1-47a4-b956-ba250f8ba9d8.jpeg?imageMogr2/thumbnail/300x300,"ซื้อ 1,200฿ ได้รับ 20 พอยท์",เอโร่ โกลด์ อัลมอนด์ดีไลท์ 80 ก. 3 ชิ้น,"฿

80.00",,สินค้าหมด
https://www.makro.pro/th/p/u01tlwh-7499682250947?info=JTdCJTIycGFnZVNsdWclMjIlM0ElMjJCYWtlcnklMjAlN0MlMjBDcm9pc3NhbnQlMkMlMjBEYW5pc2glMkMlMjBQaWUlMkYyMjk3MCUyMiUyQyUyMmNhcm91c2VsTmFtZSUyMiUzQSUyMiUyMiUyQyUyMmNvbGxlY3Rpb25JZCUyMiUzQSUyMjIyOTcwJTIyJTJDJTIyaW5kZXhDbGlja2VkJTIyJTNBMjIlN0Q,https://images.mango-prod.siammakro.cloud/product-images/7499682250947-4eaaab9a-bfeb-4ffc-ae54-8824ed03a600.jpeg?imageMogr2/thumbnail/300x300,"ซื้อ 1,200฿ ได้รับ 20 พอยท์",เดนิชอัลมอนด์40กรัมX6,"฿

72.00",,สินค้าหมด
https://www.makro.pro/th/p/0X3TAGF-384954326202987?info=JTdCJTIycGFnZVNsdWclMjIlM0ElMjJCYWtlcnklMjAlN0MlMjBDcm9pc3NhbnQlMkMlMjBEYW5pc2glMkMlMjBQaWUlMkYyMjk3MCUyMiUyQyUyMmNhcm91c2VsTmFtZSUyMiUzQSUyMiUyMiUyQyUyMmNvbGxlY3Rpb25JZCUyMiUzQSUyMjIyOTcwJTIyJTJDJTIyaW5kZXhDbGlja2VkJTIyJTNBMjMlN0Q,https://images.mango-prod.siammakro.cloud/SOURCE/b8680b8bd3ac437598fac601b4368e82,"ซื้อ 1,200฿ ได้รับ 20 พอยท์",เอโร่ โกลด์ เอแคลร์รสวานิลลา 30 ก. x 9,"฿

72.00",,สินค้าหมด
https://www.makro.pro/th/p/Ws6-dt1-890710315519914?info=JTdCJTIycGFnZVNsdWclMjIlM0ElMjJCYWtlcnklMjAlN0MlMjBDcm9pc3NhbnQlMkMlMjBEYW5pc2glMkMlMjBQaWUlMkYyMjk3MCUyMiUyQyUyMmNhcm91c2VsTmFtZSUyMiUzQSUyMiUyMiUyQyUyMmNvbGxlY3Rpb25JZCUyMiUzQSUyMjIyOTcwJTIyJTJDJTIyaW5kZXhDbGlja2VkJTIyJTNBMjQlN0Q,https://images.mango-prod.siammakro.cloud/SOURCE/fa49349ab37e4f8888b5eadeaa7bf8c1,"ซื้อ 1,200฿ ได้รับ 20 พอยท์",เอโร่ โกลด์ พายกะหรี่ไก่ 80 ก. x 4,"฿

96.00",,สินค้าหมด
https://www.makro.pro/th/p/l7iP4Iz-679710188469455?info=JTdCJTIycGFnZVNsdWclMjIlM0ElMjJCYWtlcnklMjAlN0MlMjBDcm9pc3NhbnQlMkMlMjBEYW5pc2glMkMlMjBQaWUlMkYyMjk3MCUyMiUyQyUyMmNhcm91c2VsTmFtZSUyMiUzQSUyMiUyMiUyQyUyMmNvbGxlY3Rpb25JZCUyMiUzQSUyMjIyOTcwJTIyJTJDJTIyaW5kZXhDbGlja2VkJTIyJTNBMjUlN0Q,https://images.mango-prod.siammakro.cloud/SOURCE/70229b35623643dc8c6d43cecc8b0ee0,"ซื้อ 1,200฿ ได้รับ 20 พอยท์",เอโร่ โกลด์ พายสับปะรด 75 ก. x 4,"฿

96.00",,สินค้าหมด
https://www.makro.pro/th/p/sDq2MoK-271786593701956?info=JTdCJTIycGFnZVNsdWclMjIlM0ElMjJCYWtlcnklMjAlN0MlMjBDcm9pc3NhbnQlMkMlMjBEYW5pc2glMkMlMjBQaWUlMkYyMjk3MCUyMiUyQyUyMmNhcm91c2VsTmFtZSUyMiUzQSUyMiUyMiUyQyUyMmNvbGxlY3Rpb25JZCUyMiUzQSUyMjIyOTcwJTIyJTJDJTIyaW5kZXhDbGlja2VkJTIyJTNBMjYlN0Q,https://images.mango-prod.siammakro.cloud/SOURCE/31c33664e8be4375830e72a9c4becbbd,"ซื้อ 1,200฿ ได้รับ 20 พอยท์",เอโร่ โกลด์ พายทูน่า 80 ก. x 4,"฿

96.00",,สินค้าหมด
https://www.makro.pro/th/p/49ohdtx-7499780128963?info=JTdCJTIycGFnZVNsdWclMjIlM0ElMjJCYWtlcnklMjAlN0MlMjBDcm9pc3NhbnQlMkMlMjBEYW5pc2glMkMlMjBQaWUlMkYyMjk3MCUyMiUyQyUyMmNhcm91c2VsTmFtZSUyMiUzQSUyMiUyMiUyQyUyMmNvbGxlY3Rpb25JZCUyMiUzQSUyMjIyOTcwJTIyJTJDJTIyaW5kZXhDbGlja2VkJTIyJTNBMjclN0Q,https://images.mango-prod.siammakro.cloud/SOURCE/3c7ea34827434615a9956ffbf9a00afe,"ซื้อ 1,200฿ ได้รับ 20 พอยท์",เดนิช ลูกเกด 40 ก. x 6,"฿

72.00",,สินค้าหมด
https://www.makro.pro/th/p/Nxg-APZ-60735019340281?info=JTdCJTIycGFnZVNsdWclMjIlM0ElMjJCYWtlcnklMjAlN0MlMjBDcm9pc3NhbnQlMkMlMjBEYW5pc2glMkMlMjBQaWUlMkYyMjk3MCUyMiUyQyUyMmNhcm91c2VsTmFtZSUyMiUzQSUyMiUyMiUyQyUyMmNvbGxlY3Rpb25JZCUyMiUzQSUyMjIyOTcwJTIyJTJDJTIyaW5kZXhDbGlja2VkJTIyJTNBMjglN0Q,https://images.mango-prod.siammakro.cloud/product-images/60735019340281-f0c1899c-27cc-4e91-937d-019a70143778.jpeg?imageMogr2/thumbnail/300x300,"ซื้อ 1,200฿ ได้รับ 20 พอยท์",ครัวซองต์ไส้ชาไทย 35 ก. 5 ชิ้น,"฿

79.00",,สินค้าหมด
https://www.makro.pro/th/p/pRKOenq-851266456232244?info=JTdCJTIycGFnZVNsdWclMjIlM0ElMjJCYWtlcnklMjAlN0MlMjBDcm9pc3NhbnQlMkMlMjBEYW5pc2glMkMlMjBQaWUlMkYyMjk3MCUyMiUyQyUyMmNhcm91c2VsTmFtZSUyMiUzQSUyMiUyMiUyQyUyMmNvbGxlY3Rpb25JZCUyMiUzQSUyMjIyOTcwJTIyJTJDJTIyaW5kZXhDbGlja2VkJTIyJTNBMjklN0Q,https://images.mango-prod.siammakro.cloud/product-images/851266456232244-3617d835-09d8-4982-abbc-89c9c32705a0.jpeg?imageMogr2/thumbnail/300x300,"ซื้อ 1,200฿ ได้รับ 20 พอยท์",เอโร่ โกลด์ ครัวซองต์เนยสด 43 ก. 12 ชิ้น,"฿

214.00",,สินค้าหมด
https://www.makro.pro/th/p/Qzq2kjs-822786517276519?info=JTdCJTIycGFnZVNsdWclMjIlM0ElMjJCYWtlcnklMjAlN0MlMjBDcm9pc3NhbnQlMkMlMjBEYW5pc2glMkMlMjBQaWUlMkYyMjk3MCUyMiUyQyUyMmNhcm91c2VsTmFtZSUyMiUzQSUyMiUyMiUyQyUyMmNvbGxlY3Rpb25JZCUyMiUzQSUyMjIyOTcwJTIyJTJDJTIyaW5kZXhDbGlja2VkJTIyJTNBMzAlN0Q,https://images.mango-prod.siammakro.cloud/product-images/822786517276519-74439204-eb42-475f-861d-a02485084b33.jpeg?imageMogr2/thumbnail/300x300,"ซื้อ 1,200฿ ได้รับ 20 พอยท์",เอโร่ โกลด์ เดนิชไก่หยอง 40 ก. x 6,"฿

72.00",,สินค้าหมด
https://www.makro.pro/th/p/-egYuBO-22304051548389?info=JTdCJTIycGFnZVNsdWclMjIlM0ElMjJCYWtlcnklMjAlN0MlMjBDcm9pc3NhbnQlMkMlMjBEYW5pc2glMkMlMjBQaWUlMkYyMjk3MCUyMiUyQyUyMmNhcm91c2VsTmFtZSUyMiUzQSUyMiUyMiUyQyUyMmNvbGxlY3Rpb25JZCUyMiUzQSUyMjIyOTcwJTIyJTJDJTIyaW5kZXhDbGlja2VkJTIyJTNBMzElN0Q,https://images.mango-prod.siammakro.cloud/SOURCE/77deb070f9944642a66468b0c5020e19,"ซื้อ 1,200฿ ได้รับ 20 พอยท์",เอโร่ โกลด์ ครัวซองต์แฮมชีส 80 ก. x 3,"฿

105.00",,สินค้าหมด
https://www.makro.pro/th/p/ak3XciU-164557409087020?info=JTdCJTIycGFnZVNsdWclMjIlM0ElMjJCYWtlcnklMjAlN0MlMjBDcm9pc3NhbnQlMkMlMjBEYW5pc2glMkMlMjBQaWUlMkYyMjk3MCUyMiUyQyUyMmNhcm91c2VsTmFtZSUyMiUzQSUyMiUyMiUyQyUyMmNvbGxlY3Rpb25JZCUyMiUzQSUyMjIyOTcwJTIyJTJDJTIyaW5kZXhDbGlja2VkJTIyJTNBMzIlN0Q,https://images.mango-prod.siammakro.cloud/SOURCE/7d7d79443de44cfea82811aae11c24fb,"ซื้อ 1,200฿ ได้รับ 20 พอยท์",เอโร่ โกลด์ เอแคร์นูเทลล่า 30 ก. x 9,"฿

89.00",,สินค้าหมด
https://www.makro.pro/th/p/kKQMCPd-643921312432598?info=JTdCJTIycGFnZVNsdWclMjIlM0ElMjJCYWtlcnklMjAlN0MlMjBDcm9pc3NhbnQlMkMlMjBEYW5pc2glMkMlMjBQaWUlMkYyMjk3MCUyMiUyQyUyMmNhcm91c2VsTmFtZSUyMiUzQSUyMiUyMiUyQyUyMmNvbGxlY3Rpb25JZCUyMiUzQSUyMjIyOTcwJTIyJTJDJTIyaW5kZXhDbGlja2VkJTIyJTNBMzMlN0Q,https://images.mango-prod.siammakro.cloud/SOURCE/3122e3f642794683a6c68ac63524b7a9,"ซื้อ 1,200฿ ได้รับ 20 พอยท์",เอโร่ โกลด์ เดนิชไส้สับปะรด 40 ก. x 9,"฿

99.00",,สินค้าหมด
https://www.makro.pro/th/p/-A_ExrY-522389552339854?info=JTdCJTIycGFnZVNsdWclMjIlM0ElMjJCYWtlcnklMjAlN0MlMjBDcm9pc3NhbnQlMkMlMjBEYW5pc2glMkMlMjBQaWUlMkYyMjk3MCUyMiUyQyUyMmNhcm91c2VsTmFtZSUyMiUzQSUyMiUyMiUyQyUyMmNvbGxlY3Rpb25JZCUyMiUzQSUyMjIyOTcwJTIyJTJDJTIyaW5kZXhDbGlja2VkJTIyJTNBMzQlN0Q,https://images.mango-prod.siammakro.cloud/SOURCE/cdf5da4e8c4c46f5b3e224a21b78c8a8,"ซื้อ 1,200฿ ได้รับ 20 พอยท์",เอโร่ โกลด์ มินิครัวซองต์แฮมชีส 30 ก. x 4,"฿

70.00",,สินค้าหมด
https://www.makro.pro/th/p/wth26MH-412526869007050?info=JTdCJTIycGFnZVNsdWclMjIlM0ElMjJCYWtlcnklMjAlN0MlMjBDcm9pc3NhbnQlMkMlMjBEYW5pc2glMkMlMjBQaWUlMkYyMjk3MCUyMiUyQyUyMmNhcm91c2VsTmFtZSUyMiUzQSUyMiUyMiUyQyUyMmNvbGxlY3Rpb25JZCUyMiUzQSUyMjIyOTcwJTIyJTJDJTIyaW5kZXhDbGlja2VkJTIyJTNBMzUlN0Q,https://images.mango-prod.siammakro.cloud/SOURCE/86f2725f507b499a86147f55601e5bbe,"ซื้อ 1,200฿ ได้รับ 20 พอยท์",เอโร่ โกลด์ เดนิชลูกเกด 40 ก. x 9,"฿

105.00",,สินค้าหมด
https://www.makro.pro/th/p/1dP7fDn-585553231021754?info=JTdCJTIycGFnZVNsdWclMjIlM0ElMjJCYWtlcnklMjAlN0MlMjBDcm9pc3NhbnQlMkMlMjBEYW5pc2glMkMlMjBQaWUlMkYyMjk3MCUyMiUyQyUyMmNhcm91c2VsTmFtZSUyMiUzQSUyMiUyMiUyQyUyMmNvbGxlY3Rpb25JZCUyMiUzQSUyMjIyOTcwJTIyJTJDJTIyaW5kZXhDbGlja2VkJTIyJTNBMzYlN0Q,https://images.mango-prod.siammakro.cloud/SOURCE/ec430d43d89c4a2dac7e9d9722c504bf,"ซื้อ 1,200฿ ได้รับ 20 พอยท์",เอโร่ โกลด์ เดนิชอัลมอนด์ 40 ก. x 9,"฿

105.00",,สินค้าหมด
https://www.makro.pro/th/p/SjH-ZvM-769202638747756?info=JTdCJTIycGFnZVNsdWclMjIlM0ElMjJCYWtlcnklMjAlN0MlMjBDcm9pc3NhbnQlMkMlMjBEYW5pc2glMkMlMjBQaWUlMkYyMjk3MCUyMiUyQyUyMmNhcm91c2VsTmFtZSUyMiUzQSUyMiUyMiUyQyUyMmNvbGxlY3Rpb25JZCUyMiUzQSUyMjIyOTcwJTIyJTJDJTIyaW5kZXhDbGlja2VkJTIyJTNBMzclN0Q,https://images.mango-prod.siammakro.cloud/SOURCE/d079becbde9140dab1e710bffaaa4756,"ซื้อ 1,200฿ ได้รับ 20 พอยท์",เอโร่ โกลด์ เดนิชไก่หยอง 40 ก. x 9,"฿

99.00",,สินค้าหมด
https://www.makro.pro/th/p/ujsqpb3-7497358409923?info=JTdCJTIycGFnZVNsdWclMjIlM0ElMjJCYWtlcnklMjAlN0MlMjBDcm9pc3NhbnQlMkMlMjBEYW5pc2glMkMlMjBQaWUlMkYyMjk3MCUyMiUyQyUyMmNhcm91c2VsTmFtZSUyMiUzQSUyMiUyMiUyQyUyMmNvbGxlY3Rpb25JZCUyMiUzQSUyMjIyOTcwJTIyJTJDJTIyaW5kZXhDbGlja2VkJTIyJTNBMzglN0Q,https://images.mango-prod.siammakro.cloud/product-images/7497358409923-62b938c0-1544-4b5a-8304-5dcf83946b3b.jpeg?imageMogr2/thumbnail/300x300,"ซื้อ 1,200฿ ได้รับ 20 พอยท์",เอโร่ โกลด์ พายสังขยามะพร้าวอ่อน 75 ก. x 3,"฿

70.00",,สินค้าหมด
https://www.makro.pro/th/p/p4Tzj9N-117473569541219?info=JTdCJTIycGFnZVNsdWclMjIlM0ElMjJCYWtlcnklMjAlN0MlMjBDcm9pc3NhbnQlMkMlMjBEYW5pc2glMkMlMjBQaWUlMkYyMjk3MCUyMiUyQyUyMmNhcm91c2VsTmFtZSUyMiUzQSUyMiUyMiUyQyUyMmNvbGxlY3Rpb25JZCUyMiUzQSUyMjIyOTcwJTIyJTJDJTIyaW5kZXhDbGlja2VkJTIyJTNBMzklN0Q,https://images.mango-prod.siammakro.cloud/SOURCE/5699e7e52afe482b9f915b303ffacddb,"ซื้อ 1,200฿ ได้รับ 20 พอยท์",เอโร่ โกลด์ เดนิชไส้กรอกไก่ 40 ก. x 4,"฿

65.00",,สินค้าหมด
https://www.makro.pro/th/p/wjgUL_L-860170575953784?info=JTdCJTIycGFnZVNsdWclMjIlM0ElMjJCYWtlcnklMjAlN0MlMjBDcm9pc3NhbnQlMkMlMjBEYW5pc2glMkMlMjBQaWUlMkYyMjk3MCUyMiUyQyUyMmNhcm91c2VsTmFtZSUyMiUzQSUyMiUyMiUyQyUyMmNvbGxlY3Rpb25JZCUyMiUzQSUyMjIyOTcwJTIyJTJDJTIyaW5kZXhDbGlja2VkJTIyJTNBNDAlN0Q,https://images.mango-prod.siammakro.cloud/SOURCE/22f2d952bf164659829fd280bd68e187,"ซื้อ 1,200฿ ได้รับ 20 พอยท์",เอโร่ โกลด์ เดนิชไส้กรอกไก่ 40 ก. x 9,"฿

99.00",,สินค้าหมด
https://www.makro.pro/th/p/46S7fRP-510088203384892?info=JTdCJTIycGFnZVNsdWclMjIlM0ElMjJCYWtlcnklMjAlN0MlMjBDcm9pc3NhbnQlMkMlMjBEYW5pc2glMkMlMjBQaWUlMkYyMjk3MCUyMiUyQyUyMmNhcm91c2VsTmFtZSUyMiUzQSUyMiUyMiUyQyUyMmNvbGxlY3Rpb25JZCUyMiUzQSUyMjIyOTcwJTIyJTJDJTIyaW5kZXhDbGlja2VkJTIyJTNBNDElN0Q,https://images.mango-prod.siammakro.cloud/SOURCE/42c305b460f745ea81c4bbe7cc8221fe,"ซื้อ 1,200฿ ได้รับ 20 พอยท์",เอโร่ เดนิชแฮมไก่ชีส 40 ก. x 9,"฿

105.00",,สินค้าหมด
https://www.makro.pro/th/p/4I_u6Xy-147777845185279?info=JTdCJTIycGFnZVNsdWclMjIlM0ElMjJCYWtlcnklMjAlN0MlMjBDcm9pc3NhbnQlMkMlMjBEYW5pc2glMkMlMjBQaWUlMkYyMjk3MCUyMiUyQyUyMmNhcm91c2VsTmFtZSUyMiUzQSUyMiUyMiUyQyUyMmNvbGxlY3Rpb25JZCUyMiUzQSUyMjIyOTcwJTIyJTJDJTIyaW5kZXhDbGlja2VkJTIyJTNBNDIlN0Q,https://images.mango-prod.siammakro.cloud/product-images/147777845185279-a8748f97-8b05-43cb-ab9b-b5a5dfbc869d.jpeg?imageMogr2/thumbnail/300x300,"ซื้อ 1,200฿ ได้รับ 20 พอยท์",เอโร่ โกลด์ เดนิชทวิสนูเทลล่า 180 ก. x 2,"฿

159.00",,สินค้าหมด
