MuiBox-root href,MuiBox-root src,MuiBox-root,css-1n8x1y2,MuiTypography-root (2),MuiTypography-root (3),MuiTypography-root (4),MuiTypography-root (5),MuiTypography-root (6),MuiBox-root (2)
https://www.makro.pro/th/p/yyp4vq7-7164726476995?info=JTdCJTIycGFnZVNsdWclMjIlM0ElMjJOb29kbGUlMjBFc3NlbnRpYWxzJTIwJTdDJTIwRGlwJTIwYW5kJTIwU2F1Y2VzJTJGMTg5NTQlMjIlMkMlMjJjYXJvdXNlbE5hbWUlMjIlM0ElMjIlMjIlMkMlMjJjb2xsZWN0aW9uSWQlMjIlM0ElMjIxODk1NCUyMiU3RA,https://images.mango-prod.siammakro.cloud/SOURCE/57c36b6aaf8d40f29cf2a45db360a362,"ซื้อ 1,200฿ ได้รับ 20 พอยท์",ชาวสวน น้ํามะนาว 1 กก.,฿,76.,00,฿ 78.00,-2%,
https://www.makro.pro/th/p/bgkcnio-7115309023427?info=JTdCJTIycGFnZVNsdWclMjIlM0ElMjJOb29kbGUlMjBFc3NlbnRpYWxzJTIwJTdDJTIwRGlwJTIwYW5kJTIwU2F1Y2VzJTJGMTg5NTQlMjIlMkMlMjJjYXJvdXNlbE5hbWUlMjIlM0ElMjIlMjIlMkMlMjJjb2xsZWN0aW9uSWQlMjIlM0ElMjIxODk1NCUyMiUyQyUyMmluZGV4Q2xpY2tlZCUyMiUzQTElN0Q,https://images.mango-prod.siammakro.cloud/SOURCE/eec827e32ecb441db83a36bf29ab7d81,,แม่บุญล้ํา น้ําปลาร้าต้มสุกปรุงรส สูตรปรุงสําเร็จ 400 มล.,"฿

27.

00",฿,00,,,
https://www.makro.pro/th/p/xy7ftip-7275723292867?info=JTdCJTIycGFnZVNsdWclMjIlM0ElMjJOb29kbGUlMjBFc3NlbnRpYWxzJTIwJTdDJTIwRGlwJTIwYW5kJTIwU2F1Y2VzJTJGMTg5NTQlMjIlMkMlMjJjYXJvdXNlbE5hbWUlMjIlM0ElMjIlMjIlMkMlMjJjb2xsZWN0aW9uSWQlMjIlM0ElMjIxODk1NCUyMiUyQyUyMmluZGV4Q2xpY2tlZCUyMiUzQTIlN0Q,https://images.mango-prod.siammakro.cloud/product-images/7275723292867-58240155-e78c-420d-9e57-d73896f4703c.jpeg?imageMogr2/thumbnail/300x300,,แม่บุญล้ํา น้ําปลาร้าต้มสุกปรุงรส สูตรปรุงสําเร็จ 400 มล. x 6,"฿

156.

00",฿,00,,,
https://www.makro.pro/th/p/fMK3QPq-484585058083429?info=JTdCJTIycGFnZVNsdWclMjIlM0ElMjJOb29kbGUlMjBFc3NlbnRpYWxzJTIwJTdDJTIwRGlwJTIwYW5kJTIwU2F1Y2VzJTJGMTg5NTQlMjIlMkMlMjJjYXJvdXNlbE5hbWUlMjIlM0ElMjIlMjIlMkMlMjJjb2xsZWN0aW9uSWQlMjIlM0ElMjIxODk1NCUyMiUyQyUyMmluZGV4Q2xpY2tlZCUyMiUzQTMlN0Q,https://images.mango-prod.siammakro.cloud/product-images/484585058083429-3318a8b3-6f65-4fd1-a17b-4465f189caba.jpeg?imageMogr2/thumbnail/300x300,,แม่เหรียญ น้ําปลาร้าปรุงรส 380 มล. x 6,฿,135.,00,฿ 145.00,-6%,
https://www.makro.pro/th/p/dgyeig-6974716477635?info=JTdCJTIycGFnZVNsdWclMjIlM0ElMjJOb29kbGUlMjBFc3NlbnRpYWxzJTIwJTdDJTIwRGlwJTIwYW5kJTIwU2F1Y2VzJTJGMTg5NTQlMjIlMkMlMjJjYXJvdXNlbE5hbWUlMjIlM0ElMjIlMjIlMkMlMjJjb2xsZWN0aW9uSWQlMjIlM0ElMjIxODk1NCUyMiUyQyUyMmluZGV4Q2xpY2tlZCUyMiUzQTQlN0Q,https://images.mango-prod.siammakro.cloud/product-images/6974716477635-7dd0e87f-ceb7-42bb-8f3f-ded774c714c2.jpeg?imageMogr2/thumbnail/300x300,"ซื้อ 1,200฿ ได้รับ 20 พอยท์",เอโร่ น้ําซอสสเต๊ก สูตรดั้งเดิม 1 กก.,"฿

89.

00",฿,00,,,
https://www.makro.pro/th/p/3othlsl-6973938041027?info=JTdCJTIycGFnZVNsdWclMjIlM0ElMjJOb29kbGUlMjBFc3NlbnRpYWxzJTIwJTdDJTIwRGlwJTIwYW5kJTIwU2F1Y2VzJTJGMTg5NTQlMjIlMkMlMjJjYXJvdXNlbE5hbWUlMjIlM0ElMjIlMjIlMkMlMjJjb2xsZWN0aW9uSWQlMjIlM0ElMjIxODk1NCUyMiUyQyUyMmluZGV4Q2xpY2tlZCUyMiUzQTUlN0Q,https://images.mango-prod.siammakro.cloud/product-images/6973938041027-09d40560-b5be-4aab-9073-ceac95046d63.jpeg?imageMogr2/thumbnail/300x300,"ซื้อ 1,200฿ ได้รับ 20 พอยท์",เอโร่ น้ําซอสเกรวี่ สูตรพริกไทยดํา 1 กก.,"฿

93.

00",฿,00,,,
https://www.makro.pro/th/p/09eysoi-6974476452035?info=JTdCJTIycGFnZVNsdWclMjIlM0ElMjJOb29kbGUlMjBFc3NlbnRpYWxzJTIwJTdDJTIwRGlwJTIwYW5kJTIwU2F1Y2VzJTJGMTg5NTQlMjIlMkMlMjJjYXJvdXNlbE5hbWUlMjIlM0ElMjIlMjIlMkMlMjJjb2xsZWN0aW9uSWQlMjIlM0ElMjIxODk1NCUyMiUyQyUyMmluZGV4Q2xpY2tlZCUyMiUzQTYlN0Q,https://images.mango-prod.siammakro.cloud/product-images/6974476452035-bf6f1e05-15d3-4703-8115-76f399423696.jpeg?imageMogr2/thumbnail/300x300,"ซื้อ 1,200฿ ได้รับ 20 พอยท์",เอโร่ น้ําสลัดงาคั่วญี่ปุ่น 500 ก.,฿,61.,00,฿ 63.00,-3%,
https://www.makro.pro/th/p/ukwj5l0-7275662672067?info=JTdCJTIycGFnZVNsdWclMjIlM0ElMjJOb29kbGUlMjBFc3NlbnRpYWxzJTIwJTdDJTIwRGlwJTIwYW5kJTIwU2F1Y2VzJTJGMTg5NTQlMjIlMkMlMjJjYXJvdXNlbE5hbWUlMjIlM0ElMjIlMjIlMkMlMjJjb2xsZWN0aW9uSWQlMjIlM0ElMjIxODk1NCUyMiUyQyUyMmluZGV4Q2xpY2tlZCUyMiUzQTclN0Q,https://images.mango-prod.siammakro.cloud/SOURCE/8e868063b74d4d2eabf0474b6fc9cb42,"ซื้อ 1,200฿ ได้รับ 20 พอยท์",เอโร่ ซอสหม่าล่า 1 กก.,฿,111.,00,฿ 115.00,-3%,
https://www.makro.pro/th/p/klen9bp-6976621641923?info=JTdCJTIycGFnZVNsdWclMjIlM0ElMjJOb29kbGUlMjBFc3NlbnRpYWxzJTIwJTdDJTIwRGlwJTIwYW5kJTIwU2F1Y2VzJTJGMTg5NTQlMjIlMkMlMjJjYXJvdXNlbE5hbWUlMjIlM0ElMjIlMjIlMkMlMjJjb2xsZWN0aW9uSWQlMjIlM0ElMjIxODk1NCUyMiUyQyUyMmluZGV4Q2xpY2tlZCUyMiUzQTglN0Q,https://images.mango-prod.siammakro.cloud/SOURCE/4f9527922ac3469f8f003d1ba4154c85,"ซื้อ 1,200฿ ได้รับ 20 พอยท์",ชาวเกาะ กะทิถุงพลาสเจอร์ไรส์ 1 ล.,"฿

88.

50",฿,50,,,
https://www.makro.pro/th/p/9-6jS94-736194826181270?info=JTdCJTIycGFnZVNsdWclMjIlM0ElMjJOb29kbGUlMjBFc3NlbnRpYWxzJTIwJTdDJTIwRGlwJTIwYW5kJTIwU2F1Y2VzJTJGMTg5NTQlMjIlMkMlMjJjYXJvdXNlbE5hbWUlMjIlM0ElMjIlMjIlMkMlMjJjb2xsZWN0aW9uSWQlMjIlM0ElMjIxODk1NCUyMiUyQyUyMmluZGV4Q2xpY2tlZCUyMiUzQTklN0Q,https://images.mango-prod.siammakro.cloud/SOURCE/fe62ecf8f93245d08f102c1ec9b3b26c,,แม่เหรียญ น้ําปลาร้าปรุงรส 380 มล.,฿,23.,00,฿ 25.00,-8%,
https://www.makro.pro/th/p/51vunvd-7275673321667?info=JTdCJTIycGFnZVNsdWclMjIlM0ElMjJOb29kbGUlMjBFc3NlbnRpYWxzJTIwJTdDJTIwRGlwJTIwYW5kJTIwU2F1Y2VzJTJGMTg5NTQlMjIlMkMlMjJjYXJvdXNlbE5hbWUlMjIlM0ElMjIlMjIlMkMlMjJjb2xsZWN0aW9uSWQlMjIlM0ElMjIxODk1NCUyMiUyQyUyMmluZGV4Q2xpY2tlZCUyMiUzQTEwJTdE,https://images.mango-prod.siammakro.cloud/product-images/7275673321667-8cb25115-2948-469a-b30d-943b48027ae3.jpeg?imageMogr2/thumbnail/300x300,"ซื้อ 1,200฿ ได้รับ 20 พอยท์",เอโร่ น้ําสลัดเทาซั่นไอแลนด์ 1 กก.,฿,111.,00,฿ 115.00,-3%,
https://www.makro.pro/th/p/jwcn0fg-6974476091587?info=JTdCJTIycGFnZVNsdWclMjIlM0ElMjJOb29kbGUlMjBFc3NlbnRpYWxzJTIwJTdDJTIwRGlwJTIwYW5kJTIwU2F1Y2VzJTJGMTg5NTQlMjIlMkMlMjJjYXJvdXNlbE5hbWUlMjIlM0ElMjIlMjIlMkMlMjJjb2xsZWN0aW9uSWQlMjIlM0ElMjIxODk1NCUyMiUyQyUyMmluZGV4Q2xpY2tlZCUyMiUzQTExJTdE,https://images.mango-prod.siammakro.cloud/product-images/6974476091587-45f708d0-ef72-41dc-8a91-1f8538fffa0b.jpeg?imageMogr2/thumbnail/300x300,"ซื้อ 1,200฿ ได้รับ 20 พอยท์",เอโร่ สลัดครีม 1 กก.,฿,72.,00,฿ 75.00,-4%,
https://www.makro.pro/th/p/p1ch3as-6973995745475?info=JTdCJTIycGFnZVNsdWclMjIlM0ElMjJOb29kbGUlMjBFc3NlbnRpYWxzJTIwJTdDJTIwRGlwJTIwYW5kJTIwU2F1Y2VzJTJGMTg5NTQlMjIlMkMlMjJjYXJvdXNlbE5hbWUlMjIlM0ElMjIlMjIlMkMlMjJjb2xsZWN0aW9uSWQlMjIlM0ElMjIxODk1NCUyMiUyQyUyMmluZGV4Q2xpY2tlZCUyMiUzQTEyJTdE,https://images.mango-prod.siammakro.cloud/SOURCE/24693ed1faba479aadba4914e014ea8e,"ซื้อ 1,200฿ ได้รับ 20 พอยท์",วิกกี้ ซอสหมักหมูนุ่ม 800 ก.,"฿

69.

00",฿,00,,,
https://www.makro.pro/th/p/_kx-om-7275723653315?info=JTdCJTIycGFnZVNsdWclMjIlM0ElMjJOb29kbGUlMjBFc3NlbnRpYWxzJTIwJTdDJTIwRGlwJTIwYW5kJTIwU2F1Y2VzJTJGMTg5NTQlMjIlMkMlMjJjYXJvdXNlbE5hbWUlMjIlM0ElMjIlMjIlMkMlMjJjb2xsZWN0aW9uSWQlMjIlM0ElMjIxODk1NCUyMiUyQyUyMmluZGV4Q2xpY2tlZCUyMiUzQTEzJTdE,https://images.mango-prod.siammakro.cloud/SOURCE/ccfd80aa8e654f1b84bec88867d07b2f,,แม่บุญล้ํา น้ําปลาร้าปรุงรส 2 ล.,"฿

129.

00",฿,00,,,
https://www.makro.pro/th/p/n0xsUQO-903162944591285?info=JTdCJTIycGFnZVNsdWclMjIlM0ElMjJOb29kbGUlMjBFc3NlbnRpYWxzJTIwJTdDJTIwRGlwJTIwYW5kJTIwU2F1Y2VzJTJGMTg5NTQlMjIlMkMlMjJjYXJvdXNlbE5hbWUlMjIlM0ElMjIlMjIlMkMlMjJjb2xsZWN0aW9uSWQlMjIlM0ElMjIxODk1NCUyMiUyQyUyMmluZGV4Q2xpY2tlZCUyMiUzQTE0JTdE,https://images.mango-prod.siammakro.cloud/SOURCE/263507b0384043789f9c4ae8468a2ae6,,แม่บุญล้ํา น้ําปลาร้าปรุงรส 400 มล. x 24,"฿

618.

00",฿,00,,,
https://www.makro.pro/th/p/kv57ss6-6974725292227?info=JTdCJTIycGFnZVNsdWclMjIlM0ElMjJOb29kbGUlMjBFc3NlbnRpYWxzJTIwJTdDJTIwRGlwJTIwYW5kJTIwU2F1Y2VzJTJGMTg5NTQlMjIlMkMlMjJjYXJvdXNlbE5hbWUlMjIlM0ElMjIlMjIlMkMlMjJjb2xsZWN0aW9uSWQlMjIlM0ElMjIxODk1NCUyMiUyQyUyMmluZGV4Q2xpY2tlZCUyMiUzQTE1JTdE,https://images.mango-prod.siammakro.cloud/SOURCE/325de4e3c770490a82c21f7e88ef6b6f,"ซื้อ 1,200฿ ได้รับ 20 พอยท์",เอโร่ มายองเนส กลิ่นชีส 950 ก.,฿,111.,00,฿ 115.00,-3%,
https://www.makro.pro/th/p/-uxf6ze-7275673583811?info=JTdCJTIycGFnZVNsdWclMjIlM0ElMjJOb29kbGUlMjBFc3NlbnRpYWxzJTIwJTdDJTIwRGlwJTIwYW5kJTIwU2F1Y2VzJTJGMTg5NTQlMjIlMkMlMjJjYXJvdXNlbE5hbWUlMjIlM0ElMjIlMjIlMkMlMjJjb2xsZWN0aW9uSWQlMjIlM0ElMjIxODk1NCUyMiUyQyUyMmluZGV4Q2xpY2tlZCUyMiUzQTE2JTdE,https://images.mango-prod.siammakro.cloud/SOURCE/e206e67060a14192aacd5cacb4e4bb1b,"ซื้อ 1,200฿ ได้รับ 20 พอยท์",เอโร่ น้ําสลัดซีซ่า 500 ก.,฿,68.,00,฿ 70.00,-2%,
https://www.makro.pro/th/p/fpjbbr4-7275723620547?info=JTdCJTIycGFnZVNsdWclMjIlM0ElMjJOb29kbGUlMjBFc3NlbnRpYWxzJTIwJTdDJTIwRGlwJTIwYW5kJTIwU2F1Y2VzJTJGMTg5NTQlMjIlMkMlMjJjYXJvdXNlbE5hbWUlMjIlM0ElMjIlMjIlMkMlMjJjb2xsZWN0aW9uSWQlMjIlM0ElMjIxODk1NCUyMiUyQyUyMmluZGV4Q2xpY2tlZCUyMiUzQTE3JTdE,https://images.mango-prod.siammakro.cloud/SOURCE/ffe11fa1edce475181b5157e3c1e210f,,ตํามั่ว น้ําปลาร้าปรุงรส สูตรต้นตํารับ 4 ล.,"฿

175.

00",฿,00,,,
https://www.makro.pro/th/p/jia7bg1-7275673452739?info=JTdCJTIycGFnZVNsdWclMjIlM0ElMjJOb29kbGUlMjBFc3NlbnRpYWxzJTIwJTdDJTIwRGlwJTIwYW5kJTIwU2F1Y2VzJTJGMTg5NTQlMjIlMkMlMjJjYXJvdXNlbE5hbWUlMjIlM0ElMjIlMjIlMkMlMjJjb2xsZWN0aW9uSWQlMjIlM0ElMjIxODk1NCUyMiUyQyUyMmluZGV4Q2xpY2tlZCUyMiUzQTE4JTdE,https://images.mango-prod.siammakro.cloud/SOURCE/e27af4e705b841c18da3b923297d76cb,"ซื้อ 1,200฿ ได้รับ 20 พอยท์",เอโร่ น้ําสลัดงาผสมซีอิ๊วญี่ปุ่น 500 ก.,฿,53.,00,฿ 55.00,-3%,
https://www.makro.pro/th/p/WpLHnt1-265172243513815?info=JTdCJTIycGFnZVNsdWclMjIlM0ElMjJOb29kbGUlMjBFc3NlbnRpYWxzJTIwJTdDJTIwRGlwJTIwYW5kJTIwU2F1Y2VzJTJGMTg5NTQlMjIlMkMlMjJjYXJvdXNlbE5hbWUlMjIlM0ElMjIlMjIlMkMlMjJjb2xsZWN0aW9uSWQlMjIlM0ElMjIxODk1NCUyMiUyQyUyMmluZGV4Q2xpY2tlZCUyMiUzQTE5JTdE,https://images.mango-prod.siammakro.cloud/product-images/265172243513815-9a5a97f9-d6cc-4743-b0e7-eff69ed58e3b.jpeg?imageMogr2/thumbnail/300x300,,แม่เหรียญ น้ําปลาร้าปรุงรส 380 มล. x 24,฿,516.,00,฿ 530.00,-2%,
https://www.makro.pro/th/p/nb52mex-6974561288387?info=JTdCJTIycGFnZVNsdWclMjIlM0ElMjJOb29kbGUlMjBFc3NlbnRpYWxzJTIwJTdDJTIwRGlwJTIwYW5kJTIwU2F1Y2VzJTJGMTg5NTQlMjIlMkMlMjJjYXJvdXNlbE5hbWUlMjIlM0ElMjIlMjIlMkMlMjJjb2xsZWN0aW9uSWQlMjIlM0ElMjIxODk1NCUyMiUyQyUyMmluZGV4Q2xpY2tlZCUyMiUzQTIwJTdE,https://images.mango-prod.siammakro.cloud/product-images/6974561288387-4166f56d-3fdf-4317-9f64-a9518b9631fb.jpeg?imageMogr2/thumbnail/300x300,,ตํามั่ว น้ําปลาร้าปรุงรส 500 มล.,฿,28.,00,฿ 33.00,-15%,
https://www.makro.pro/th/p/i1d6iuo-7275673878723?info=JTdCJTIycGFnZVNsdWclMjIlM0ElMjJOb29kbGUlMjBFc3NlbnRpYWxzJTIwJTdDJTIwRGlwJTIwYW5kJTIwU2F1Y2VzJTJGMTg5NTQlMjIlMkMlMjJjYXJvdXNlbE5hbWUlMjIlM0ElMjIlMjIlMkMlMjJjb2xsZWN0aW9uSWQlMjIlM0ElMjIxODk1NCUyMiUyQyUyMmluZGV4Q2xpY2tlZCUyMiUzQTIxJTdE,https://images.mango-prod.siammakro.cloud/SOURCE/78d99f2177c64b6f8f3c145c51540369,"ซื้อ 1,200฿ ได้รับ 20 พอยท์",กรีนฟู้ดส์ มายองเนส 500 ก.,"฿

59.

00",฿,00,,,
https://www.makro.pro/th/p/8snutcz-7275723555011?info=JTdCJTIycGFnZVNsdWclMjIlM0ElMjJOb29kbGUlMjBFc3NlbnRpYWxzJTIwJTdDJTIwRGlwJTIwYW5kJTIwU2F1Y2VzJTJGMTg5NTQlMjIlMkMlMjJjYXJvdXNlbE5hbWUlMjIlM0ElMjIlMjIlMkMlMjJjb2xsZWN0aW9uSWQlMjIlM0ElMjIxODk1NCUyMiUyQyUyMmluZGV4Q2xpY2tlZCUyMiUzQTIyJTdE,https://images.mango-prod.siammakro.cloud/SOURCE/0b1c11febd2f4df8921aeb0fb988299d,,ภาทอง น้ําปลาร้าต้มสุก 4 ล.,"฿

125.

00",฿,00,,,
https://www.makro.pro/th/p/62p-t3p-6974541856963?info=JTdCJTIycGFnZVNsdWclMjIlM0ElMjJOb29kbGUlMjBFc3NlbnRpYWxzJTIwJTdDJTIwRGlwJTIwYW5kJTIwU2F1Y2VzJTJGMTg5NTQlMjIlMkMlMjJjYXJvdXNlbE5hbWUlMjIlM0ElMjIlMjIlMkMlMjJjb2xsZWN0aW9uSWQlMjIlM0ElMjIxODk1NCUyMiUyQyUyMmluZGV4Q2xpY2tlZCUyMiUzQTIzJTdE,https://images.mango-prod.siammakro.cloud/product-images/6974541856963-ffad6078-3dcb-4ce4-bbbe-84afe63398b7.jpeg?imageMogr2/thumbnail/300x300,,ภาทอง น้ําปลาร้าต้มสุก 750 มล.,"฿

30.

00",฿,00,,,
https://www.makro.pro/th/p/nx2n0pg-7115309121731?info=JTdCJTIycGFnZVNsdWclMjIlM0ElMjJOb29kbGUlMjBFc3NlbnRpYWxzJTIwJTdDJTIwRGlwJTIwYW5kJTIwU2F1Y2VzJTJGMTg5NTQlMjIlMkMlMjJjYXJvdXNlbE5hbWUlMjIlM0ElMjIlMjIlMkMlMjJjb2xsZWN0aW9uSWQlMjIlM0ElMjIxODk1NCUyMiUyQyUyMmluZGV4Q2xpY2tlZCUyMiUzQTI0JTdE,https://images.mango-prod.siammakro.cloud/SOURCE/bd6569caeb63450882eceaf62139ce02,"ซื้อ 1,200฿ ได้รับ 20 พอยท์",เคเคเค ซอสบาร์บีคิว 1.2 กก.,"฿

155.

00",฿,00,,,
https://www.makro.pro/th/p/FQUA-2z-259002057125931?info=JTdCJTIycGFnZVNsdWclMjIlM0ElMjJOb29kbGUlMjBFc3NlbnRpYWxzJTIwJTdDJTIwRGlwJTIwYW5kJTIwU2F1Y2VzJTJGMTg5NTQlMjIlMkMlMjJjYXJvdXNlbE5hbWUlMjIlM0ElMjIlMjIlMkMlMjJjb2xsZWN0aW9uSWQlMjIlM0ElMjIxODk1NCUyMiUyQyUyMmluZGV4Q2xpY2tlZCUyMiUzQTI1JTdE,https://images.mango-prod.siammakro.cloud/SOURCE/32385ab7917c4970b91347960544c248,,ตํามั่ว น้ําปลาร้าปรุงรส 500 มล. x 6,฿,162.,00,฿ 192.00,-15%,
https://www.makro.pro/th/p/ybkrnd-7275723391171?info=JTdCJTIycGFnZVNsdWclMjIlM0ElMjJOb29kbGUlMjBFc3NlbnRpYWxzJTIwJTdDJTIwRGlwJTIwYW5kJTIwU2F1Y2VzJTJGMTg5NTQlMjIlMkMlMjJjYXJvdXNlbE5hbWUlMjIlM0ElMjIlMjIlMkMlMjJjb2xsZWN0aW9uSWQlMjIlM0ElMjIxODk1NCUyMiUyQyUyMmluZGV4Q2xpY2tlZCUyMiUzQTI2JTdE,https://images.mango-prod.siammakro.cloud/SOURCE/95fed7f68f594b9fa2343d8f558cf997,,เอ็มยูเอ็ม น้ําปลาร้าปรุงรส 350 มล.,"฿

35.

00",฿,00,,,
https://www.makro.pro/th/p/j1_fug3-7275662180547?info=JTdCJTIycGFnZVNsdWclMjIlM0ElMjJOb29kbGUlMjBFc3NlbnRpYWxzJTIwJTdDJTIwRGlwJTIwYW5kJTIwU2F1Y2VzJTJGMTg5NTQlMjIlMkMlMjJjYXJvdXNlbE5hbWUlMjIlM0ElMjIlMjIlMkMlMjJjb2xsZWN0aW9uSWQlMjIlM0ElMjIxODk1NCUyMiUyQyUyMmluZGV4Q2xpY2tlZCUyMiUzQTI3JTdE,https://images.mango-prod.siammakro.cloud/product-images/7275662180547-bca003b6-faf7-4fec-9e60-3679d3cd4570.jpeg?imageMogr2/thumbnail/300x300,"ซื้อ 1,200฿ ได้รับ 20 พอยท์",เอโร่ น้ําจิ้มข้าวมันไก่ 500 ก.,"฿

79.

00",฿,00,,,
https://www.makro.pro/th/p/sumzkjn-7497602597059?info=JTdCJTIycGFnZVNsdWclMjIlM0ElMjJOb29kbGUlMjBFc3NlbnRpYWxzJTIwJTdDJTIwRGlwJTIwYW5kJTIwU2F1Y2VzJTJGMTg5NTQlMjIlMkMlMjJjYXJvdXNlbE5hbWUlMjIlM0ElMjIlMjIlMkMlMjJjb2xsZWN0aW9uSWQlMjIlM0ElMjIxODk1NCUyMiUyQyUyMmluZGV4Q2xpY2tlZCUyMiUzQTI4JTdE,https://images.mango-prod.siammakro.cloud/SOURCE/a2089d565f6f447d81841d47bd3dec6b,"ซื้อ 1,200฿ ได้รับ 20 พอยท์",ประภาศรี น้ําจิ้มซีฟู้ด 500 กรัม,"฿

65.

00",฿,00,,,
https://www.makro.pro/th/p/lse-kmp-7164713664707?info=JTdCJTIycGFnZVNsdWclMjIlM0ElMjJOb29kbGUlMjBFc3NlbnRpYWxzJTIwJTdDJTIwRGlwJTIwYW5kJTIwU2F1Y2VzJTJGMTg5NTQlMjIlMkMlMjJjYXJvdXNlbE5hbWUlMjIlM0ElMjIlMjIlMkMlMjJjb2xsZWN0aW9uSWQlMjIlM0ElMjIxODk1NCUyMiUyQyUyMmluZGV4Q2xpY2tlZCUyMiUzQTI5JTdE,https://images.mango-prod.siammakro.cloud/SOURCE/147f8e20ff7e4a1da6f92c907005c35e,"ซื้อ 1,200฿ ได้รับ 20 พอยท์",เพียวฟู้ดส์ น้ําสลัดโบราณ 450 ก.,"฿

79.

00",฿,00,,,
https://www.makro.pro/th/p/n1KjvD5x-369489129978811?info=JTdCJTIycGFnZVNsdWclMjIlM0ElMjJOb29kbGUlMjBFc3NlbnRpYWxzJTIwJTdDJTIwRGlwJTIwYW5kJTIwU2F1Y2VzJTJGMTg5NTQlMjIlMkMlMjJjYXJvdXNlbE5hbWUlMjIlM0ElMjIlMjIlMkMlMjJjb2xsZWN0aW9uSWQlMjIlM0ElMjIxODk1NCUyMiUyQyUyMmluZGV4Q2xpY2tlZCUyMiUzQTMwJTdE,https://images.mango-prod.siammakro.cloud/product-images/369489129978811-809e1a2e-9332-4dda-a1e9-ff7e4d504c47.jpeg?imageMogr2/thumbnail/300x300,"ซื้อ 1,200฿ ได้รับ 20 พอยท์",ซีพี น้ําจิ้มซีฟู้ดส์ สูตรน้ํามะนาว 160 ก. x 3,"฿

109.

00",฿,00,,,
https://www.makro.pro/th/p/dc2wx6s-7275673911491?info=JTdCJTIycGFnZVNsdWclMjIlM0ElMjJOb29kbGUlMjBFc3NlbnRpYWxzJTIwJTdDJTIwRGlwJTIwYW5kJTIwU2F1Y2VzJTJGMTg5NTQlMjIlMkMlMjJjYXJvdXNlbE5hbWUlMjIlM0ElMjIlMjIlMkMlMjJjb2xsZWN0aW9uSWQlMjIlM0ElMjIxODk1NCUyMiUyQyUyMmluZGV4Q2xpY2tlZCUyMiUzQTMxJTdE,https://images.mango-prod.siammakro.cloud/SOURCE/e97ae42e9bb84762adccc34f0dc9d5a8,"ซื้อ 1,200฿ ได้รับ 20 พอยท์",กรีนฟู้ดส์ แซนวิชสเปรด 500 ก.,"฿

59.

00",฿,00,,,
https://www.makro.pro/th/p/z5vynue-7275673354435?info=JTdCJTIycGFnZVNsdWclMjIlM0ElMjJOb29kbGUlMjBFc3NlbnRpYWxzJTIwJTdDJTIwRGlwJTIwYW5kJTIwU2F1Y2VzJTJGMTg5NTQlMjIlMkMlMjJjYXJvdXNlbE5hbWUlMjIlM0ElMjIlMjIlMkMlMjJjb2xsZWN0aW9uSWQlMjIlM0ElMjIxODk1NCUyMiUyQyUyMmluZGV4Q2xpY2tlZCUyMiUzQTMyJTdE,https://images.mango-prod.siammakro.cloud/product-images/7275673354435-f6a78c0e-9029-4a45-ae4d-04332217e50c.jpeg?imageMogr2/thumbnail/300x300,"ซื้อ 1,200฿ ได้รับ 20 พอยท์",เอโร่ น้ําสลัดงาคั่วญี่ปุ่น 500 ก. x 12,"฿

710.

00",฿,00,,,
https://www.makro.pro/th/p/9H2Q4pkp-325330485451825?info=JTdCJTIycGFnZVNsdWclMjIlM0ElMjJOb29kbGUlMjBFc3NlbnRpYWxzJTIwJTdDJTIwRGlwJTIwYW5kJTIwU2F1Y2VzJTJGMTg5NTQlMjIlMkMlMjJjYXJvdXNlbE5hbWUlMjIlM0ElMjIlMjIlMkMlMjJjb2xsZWN0aW9uSWQlMjIlM0ElMjIxODk1NCUyMiUyQyUyMmluZGV4Q2xpY2tlZCUyMiUzQTMzJTdE,https://images.mango-prod.siammakro.cloud/product-images/325330485451825-5fb41f0f-3954-41c3-b9f0-71099c8302ce.jpeg?imageMogr2/thumbnail/300x300,"ซื้อ 1,200฿ ได้รับ 20 พอยท์",ซีพี น้ําจิ้มซีฟู้ดพริกเขียว 160 x 3,"฿

125.

00",฿,00,,,
https://www.makro.pro/th/p/BgFJR7r-77320026742636?info=JTdCJTIycGFnZVNsdWclMjIlM0ElMjJOb29kbGUlMjBFc3NlbnRpYWxzJTIwJTdDJTIwRGlwJTIwYW5kJTIwU2F1Y2VzJTJGMTg5NTQlMjIlMkMlMjJjYXJvdXNlbE5hbWUlMjIlM0ElMjIlMjIlMkMlMjJjb2xsZWN0aW9uSWQlMjIlM0ElMjIxODk1NCUyMiUyQyUyMmluZGV4Q2xpY2tlZCUyMiUzQTM0JTdE,https://images.mango-prod.siammakro.cloud/SOURCE/1cea1a85c77b4139b23bb20ce26677cf,,แม่บุญล้ํา น้ําปลาร้าปรุงรส 2 ล. x 6,"฿

750.

00",฿,00,,,
https://www.makro.pro/th/p/m0cwb6n-537211535215710?info=JTdCJTIycGFnZVNsdWclMjIlM0ElMjJOb29kbGUlMjBFc3NlbnRpYWxzJTIwJTdDJTIwRGlwJTIwYW5kJTIwU2F1Y2VzJTJGMTg5NTQlMjIlMkMlMjJjYXJvdXNlbE5hbWUlMjIlM0ElMjIlMjIlMkMlMjJjb2xsZWN0aW9uSWQlMjIlM0ElMjIxODk1NCUyMiUyQyUyMmluZGV4Q2xpY2tlZCUyMiUzQTM1JTdE,https://images.mango-prod.siammakro.cloud/SOURCE/5cbfd71a301c432abbfeb45d6a497826,,ตํามั่ว น้ําปลาร้าปรุงรส 4 ล. x 4,"฿

684.

00",฿,00,,,
https://www.makro.pro/th/p/xv_ggfv-7275662409923?info=JTdCJTIycGFnZVNsdWclMjIlM0ElMjJOb29kbGUlMjBFc3NlbnRpYWxzJTIwJTdDJTIwRGlwJTIwYW5kJTIwU2F1Y2VzJTJGMTg5NTQlMjIlMkMlMjJjYXJvdXNlbE5hbWUlMjIlM0ElMjIlMjIlMkMlMjJjb2xsZWN0aW9uSWQlMjIlM0ElMjIxODk1NCUyMiUyQyUyMmluZGV4Q2xpY2tlZCUyMiUzQTM2JTdE,https://images.mango-prod.siammakro.cloud/SOURCE/2ec642addb0348509ef953e40cbb29ec,"ซื้อ 1,200฿ ได้รับ 20 พอยท์",ประภาศรี น้ําจิ้มสุกี้ 500 ก.,"฿

65.

00",฿,00,,,
https://www.makro.pro/th/p/sj3uyag-7497376891075?info=JTdCJTIycGFnZVNsdWclMjIlM0ElMjJOb29kbGUlMjBFc3NlbnRpYWxzJTIwJTdDJTIwRGlwJTIwYW5kJTIwU2F1Y2VzJTJGMTg5NTQlMjIlMkMlMjJjYXJvdXNlbE5hbWUlMjIlM0ElMjIlMjIlMkMlMjJjb2xsZWN0aW9uSWQlMjIlM0ElMjIxODk1NCUyMiUyQyUyMmluZGV4Q2xpY2tlZCUyMiUzQTM3JTdE,https://images.mango-prod.siammakro.cloud/product-images/7497376891075-3ce3ff46-523e-43b8-ad7c-65f1a8cdd6c4.jpeg?imageMogr2/thumbnail/300x300,"ซื้อ 1,200฿ ได้รับ 20 พอยท์",เอแอนด์เค น้ําจิ้มหมูกะทะ 800 กรัม,"฿

79.

00",฿,00,,,
https://www.makro.pro/th/p/yLjN2HE-772406742804189?info=JTdCJTIycGFnZVNsdWclMjIlM0ElMjJOb29kbGUlMjBFc3NlbnRpYWxzJTIwJTdDJTIwRGlwJTIwYW5kJTIwU2F1Y2VzJTJGMTg5NTQlMjIlMkMlMjJjYXJvdXNlbE5hbWUlMjIlM0ElMjIlMjIlMkMlMjJjb2xsZWN0aW9uSWQlMjIlM0ElMjIxODk1NCUyMiUyQyUyMmluZGV4Q2xpY2tlZCUyMiUzQTM4JTdE,https://images.mango-prod.siammakro.cloud/product-images/772406742804189-63e25e09-ddf6-4b83-a4ef-ba0a89fd5022.jpeg?imageMogr2/thumbnail/300x300,"ซื้อ 1,200฿ ได้รับ 20 พอยท์",ซีพี น้ําจิ้มซีฟู้ดส์ 160 ก.,"฿

39.

00",฿,00,,,
https://www.makro.pro/th/p/jix0ZYIy-235241482911484?info=JTdCJTIycGFnZVNsdWclMjIlM0ElMjJOb29kbGUlMjBFc3NlbnRpYWxzJTIwJTdDJTIwRGlwJTIwYW5kJTIwU2F1Y2VzJTJGMTg5NTQlMjIlMkMlMjJjYXJvdXNlbE5hbWUlMjIlM0ElMjIlMjIlMkMlMjJjb2xsZWN0aW9uSWQlMjIlM0ElMjIxODk1NCUyMiUyQyUyMmluZGV4Q2xpY2tlZCUyMiUzQTM5JTdE,https://images.mango-prod.siammakro.cloud/product-images/235241482911484-a49e0b8e-71eb-40ca-a300-8400e635d297.jpeg?imageMogr2/thumbnail/300x300,"ซื้อ 1,200฿ ได้รับ 20 พอยท์",ซีพี น้ําจิ้มแจ่ว 160 ก. x 2,"฿

74.

00",฿,00,,,
https://www.makro.pro/th/p/Vo0GANd-644470781271425?info=JTdCJTIycGFnZVNsdWclMjIlM0ElMjJOb29kbGUlMjBFc3NlbnRpYWxzJTIwJTdDJTIwRGlwJTIwYW5kJTIwU2F1Y2VzJTJGMTg5NTQlMjIlMkMlMjJjYXJvdXNlbE5hbWUlMjIlM0ElMjIlMjIlMkMlMjJjb2xsZWN0aW9uSWQlMjIlM0ElMjIxODk1NCUyMiUyQyUyMmluZGV4Q2xpY2tlZCUyMiUzQTQwJTdE,https://images.mango-prod.siammakro.cloud/SOURCE/89595971f9134e85b9932df040837627,,ภาทอง น้ําปลาร้าต้มสุก 4 ล. x 4,"฿

496.

00",฿,00,,,
https://www.makro.pro/th/p/27xApIm-374223404947628?info=JTdCJTIycGFnZVNsdWclMjIlM0ElMjJOb29kbGUlMjBFc3NlbnRpYWxzJTIwJTdDJTIwRGlwJTIwYW5kJTIwU2F1Y2VzJTJGMTg5NTQlMjIlMkMlMjJjYXJvdXNlbE5hbWUlMjIlM0ElMjIlMjIlMkMlMjJjb2xsZWN0aW9uSWQlMjIlM0ElMjIxODk1NCUyMiUyQyUyMmluZGV4Q2xpY2tlZCUyMiUzQTQxJTdE,https://images.mango-prod.siammakro.cloud/product-images/374223404947628-4a749660-5ef7-4644-97dd-454454c1a20a.jpeg?imageMogr2/thumbnail/300x300,"ซื้อ 1,200฿ ได้รับ 20 พอยท์",ซอสหมัก 800 G ขวด X12,"฿

414.

00",฿,00,,,
https://www.makro.pro/th/p/6iii1g1-7497509208259?info=JTdCJTIycGFnZVNsdWclMjIlM0ElMjJOb29kbGUlMjBFc3NlbnRpYWxzJTIwJTdDJTIwRGlwJTIwYW5kJTIwU2F1Y2VzJTJGMTg5NTQlMjIlMkMlMjJjYXJvdXNlbE5hbWUlMjIlM0ElMjIlMjIlMkMlMjJjb2xsZWN0aW9uSWQlMjIlM0ElMjIxODk1NCUyMiUyQyUyMmluZGV4Q2xpY2tlZCUyMiUzQTQyJTdE,https://images.mango-prod.siammakro.cloud/product-images/7497509208259-cc58fd34-4797-4c1d-b50e-7926191a0e98.jpeg?imageMogr2/thumbnail/300x300,"ซื้อ 1,200฿ ได้รับ 20 พอยท์",เคแอนด์เอ็น น้ําจิ้มซีฟู้ดส์ 350 กรัม,"฿

59.

00",฿,00,,,
https://www.makro.pro/th/p/SvJClTF-40281574103285?info=JTdCJTIycGFnZVNsdWclMjIlM0ElMjJOb29kbGUlMjBFc3NlbnRpYWxzJTIwJTdDJTIwRGlwJTIwYW5kJTIwU2F1Y2VzJTJGMTg5NTQlMjIlMkMlMjJjYXJvdXNlbE5hbWUlMjIlM0ElMjIlMjIlMkMlMjJjb2xsZWN0aW9uSWQlMjIlM0ElMjIxODk1NCUyMiUyQyUyMmluZGV4Q2xpY2tlZCUyMiUzQTQzJTdE,https://images.mango-prod.siammakro.cloud/SOURCE/78a90d139a7642f3bbd1053809080e52,,ตํามั่ว น้ําปลาร้าปรุงรส 500 มล. x 24,฿,654.,00,฿ 744.00,-12%,
https://www.makro.pro/th/p/BWJqr99-659662608765139?info=JTdCJTIycGFnZVNsdWclMjIlM0ElMjJOb29kbGUlMjBFc3NlbnRpYWxzJTIwJTdDJTIwRGlwJTIwYW5kJTIwU2F1Y2VzJTJGMTg5NTQlMjIlMkMlMjJjYXJvdXNlbE5hbWUlMjIlM0ElMjIlMjIlMkMlMjJjb2xsZWN0aW9uSWQlMjIlM0ElMjIxODk1NCUyMiUyQyUyMmluZGV4Q2xpY2tlZCUyMiUzQTQ0JTdE,https://images.mango-prod.siammakro.cloud/SOURCE/74d511ba1ca744d991eda0f53aca6b40,,เอ็มยูเอ็ม น้ําปลาร้าปรุงรส 350 มล. x 12,"฿

390.

00",฿,00,,,
https://www.makro.pro/th/p/jz7ljvf-7275673256131?info=JTdCJTIycGFnZVNsdWclMjIlM0ElMjJOb29kbGUlMjBFc3NlbnRpYWxzJTIwJTdDJTIwRGlwJTIwYW5kJTIwU2F1Y2VzJTJGMTg5NTQlMjIlMkMlMjJjYXJvdXNlbE5hbWUlMjIlM0ElMjIlMjIlMkMlMjJjb2xsZWN0aW9uSWQlMjIlM0ElMjIxODk1NCUyMiUyQyUyMmluZGV4Q2xpY2tlZCUyMiUzQTQ1JTdE,https://images.mango-prod.siammakro.cloud/product-images/7275673256131-d59466ce-1163-474f-9048-2975a2f1f88d.jpeg?imageMogr2/thumbnail/300x300,"ซื้อ 1,200฿ ได้รับ 20 พอยท์",เอโร่ น้ําสลัดเทาซั่นไอแลนด์ 1 กก. x 12,"฿

1,176.

00",฿,00,,,
https://www.makro.pro/th/p/9qg5C3F-264820890451398?info=JTdCJTIycGFnZVNsdWclMjIlM0ElMjJOb29kbGUlMjBFc3NlbnRpYWxzJTIwJTdDJTIwRGlwJTIwYW5kJTIwU2F1Y2VzJTJGMTg5NTQlMjIlMkMlMjJjYXJvdXNlbE5hbWUlMjIlM0ElMjIlMjIlMkMlMjJjb2xsZWN0aW9uSWQlMjIlM0ElMjIxODk1NCUyMiUyQyUyMmluZGV4Q2xpY2tlZCUyMiUzQTQ2JTdE,https://images.mango-prod.siammakro.cloud/product-images/264820890451398-00ef1c80-c0af-4cf6-b798-28573e51d490.jpeg?imageMogr2/thumbnail/300x300,"ซื้อ 1,200฿ ได้รับ 20 พอยท์",เอโร่ น้ําสลัดซีซ่า 500 กรัม x 12 แพ็ค,"฿

768.

00",฿,00,,,
https://www.makro.pro/th/p/1XXrXWh-631475037072895?info=JTdCJTIycGFnZVNsdWclMjIlM0ElMjJOb29kbGUlMjBFc3NlbnRpYWxzJTIwJTdDJTIwRGlwJTIwYW5kJTIwU2F1Y2VzJTJGMTg5NTQlMjIlMkMlMjJjYXJvdXNlbE5hbWUlMjIlM0ElMjIlMjIlMkMlMjJjb2xsZWN0aW9uSWQlMjIlM0ElMjIxODk1NCUyMiUyQyUyMmluZGV4Q2xpY2tlZCUyMiUzQTQ3JTdE,https://images.mango-prod.siammakro.cloud/SOURCE/0f5edf1fe9d642ab95135684145d7d73,"ซื้อ 1,200฿ ได้รับ 20 พอยท์",เอโร่ น้ําสลัดงาซีอิ๊วญี่ปุ่น 500 กรัม x 12 แพ็ค,"฿

610.

00",฿,00,,,
https://www.makro.pro/th/p/pIrcDqG-757891270772361?info=JTdCJTIycGFnZVNsdWclMjIlM0ElMjJOb29kbGUlMjBFc3NlbnRpYWxzJTIwJTdDJTIwRGlwJTIwYW5kJTIwU2F1Y2VzJTJGMTg5NTQlMjIlMkMlMjJjYXJvdXNlbE5hbWUlMjIlM0ElMjIlMjIlMkMlMjJjb2xsZWN0aW9uSWQlMjIlM0ElMjIxODk1NCUyMiUyQyUyMmluZGV4Q2xpY2tlZCUyMiUzQTQ4JTdE,https://images.mango-prod.siammakro.cloud/SOURCE/df06685a621e4c24b70bca883067acd4,,ภาทอง น้ําปลาร้าต้มสุก 750 มล. x 12,"฿

348.

00",฿,00,,,
https://www.makro.pro/th/p/v-v7z0E-232293420004281?info=JTdCJTIycGFnZVNsdWclMjIlM0ElMjJOb29kbGUlMjBFc3NlbnRpYWxzJTIwJTdDJTIwRGlwJTIwYW5kJTIwU2F1Y2VzJTJGMTg5NTQlMjIlMkMlMjJjYXJvdXNlbE5hbWUlMjIlM0ElMjIlMjIlMkMlMjJjb2xsZWN0aW9uSWQlMjIlM0ElMjIxODk1NCUyMiUyQyUyMmluZGV4Q2xpY2tlZCUyMiUzQTQ5JTdE,https://images.mango-prod.siammakro.cloud/product-images/232293420004281-6c4cfe4d-56bd-4b15-ba1c-8e536ad6b81f.jpeg?imageMogr2/thumbnail/300x300,"ซื้อ 1,200฿ ได้รับ 20 พอยท์",ซีพี น้ําจิ้มซีฟู้ดส์ 160 ก. x 12,"฿

360.

00",฿,00,,,
https://www.makro.pro/th/p/jp6lel4-7497609412803?info=JTdCJTIycGFnZVNsdWclMjIlM0ElMjJOb29kbGUlMjBFc3NlbnRpYWxzJTIwJTdDJTIwRGlwJTIwYW5kJTIwU2F1Y2VzJTJGMTg5NTQlMjIlMkMlMjJjYXJvdXNlbE5hbWUlMjIlM0ElMjIlMjIlMkMlMjJjb2xsZWN0aW9uSWQlMjIlM0ElMjIxODk1NCUyMiUyQyUyMmluZGV4Q2xpY2tlZCUyMiUzQTUwJTdE,https://images.mango-prod.siammakro.cloud/SOURCE/9c311877541a419a81168dfe7a3bb1d0,"ซื้อ 1,200฿ ได้รับ 20 พอยท์",เคแอนด์เอ็น น้ําจิ้มเนื้อย่างเกาหลี-หมูกระทะ 600 กรัม,"฿

79.

00",฿,00,,,
https://www.makro.pro/th/p/ojer5g8-6974560567491?info=JTdCJTIycGFnZVNsdWclMjIlM0ElMjJOb29kbGUlMjBFc3NlbnRpYWxzJTIwJTdDJTIwRGlwJTIwYW5kJTIwU2F1Y2VzJTJGMTg5NTQlMjIlMkMlMjJjYXJvdXNlbE5hbWUlMjIlM0ElMjIlMjIlMkMlMjJjb2xsZWN0aW9uSWQlMjIlM0ElMjIxODk1NCUyMiUyQyUyMmluZGV4Q2xpY2tlZCUyMiUzQTUxJTdE,https://images.mango-prod.siammakro.cloud/SOURCE/471ed3d30705438389c424b95a279d19,,ภาทอง น้ําปลาร้าต้มสุก 500 มล.,"฿

25.00",฿,,,,สินค้าหมด
https://www.makro.pro/th/p/hdkCqqh-307178699134896?info=JTdCJTIycGFnZVNsdWclMjIlM0ElMjJOb29kbGUlMjBFc3NlbnRpYWxzJTIwJTdDJTIwRGlwJTIwYW5kJTIwU2F1Y2VzJTJGMTg5NTQlMjIlMkMlMjJjYXJvdXNlbE5hbWUlMjIlM0ElMjIlMjIlMkMlMjJjb2xsZWN0aW9uSWQlMjIlM0ElMjIxODk1NCUyMiUyQyUyMmluZGV4Q2xpY2tlZCUyMiUzQTUyJTdE,https://images.mango-prod.siammakro.cloud/SOURCE/96ebeb154b514018b25619da3dee0320,,แม่เหรียญ น้ําปลาร้าPM 380 มล.,"฿

29.00",฿,,,,สินค้าหมด
https://www.makro.pro/th/p/cnmxszv-7275723686083?info=JTdCJTIycGFnZVNsdWclMjIlM0ElMjJOb29kbGUlMjBFc3NlbnRpYWxzJTIwJTdDJTIwRGlwJTIwYW5kJTIwU2F1Y2VzJTJGMTg5NTQlMjIlMkMlMjJjYXJvdXNlbE5hbWUlMjIlM0ElMjIlMjIlMkMlMjJjb2xsZWN0aW9uSWQlMjIlM0ElMjIxODk1NCUyMiUyQyUyMmluZGV4Q2xpY2tlZCUyMiUzQTUzJTdE,https://images.mango-prod.siammakro.cloud/SOURCE/265bea8a06ce4fcbb7bcfc3e7ff4af95,,ภาทอง น้ําปลาร้าปรุงรส 500 ก.,"฿

29.00",฿,,,,สินค้าหมด
https://www.makro.pro/th/p/_WE5Rov-645443151456210?info=JTdCJTIycGFnZVNsdWclMjIlM0ElMjJOb29kbGUlMjBFc3NlbnRpYWxzJTIwJTdDJTIwRGlwJTIwYW5kJTIwU2F1Y2VzJTJGMTg5NTQlMjIlMkMlMjJjYXJvdXNlbE5hbWUlMjIlM0ElMjIlMjIlMkMlMjJjb2xsZWN0aW9uSWQlMjIlM0ElMjIxODk1NCUyMiUyQyUyMmluZGV4Q2xpY2tlZCUyMiUzQTU0JTdE,https://images.mango-prod.siammakro.cloud/SOURCE/e288f82e87894f3dbbd30a754c1baa07,,ภาทองน้ําปลาร้าต้มสุก 500 มล. x 6,"฿

144.00",฿,,,,สินค้าหมด
https://www.makro.pro/th/p/rcHlQ2K-379424910718301?info=JTdCJTIycGFnZVNsdWclMjIlM0ElMjJOb29kbGUlMjBFc3NlbnRpYWxzJTIwJTdDJTIwRGlwJTIwYW5kJTIwU2F1Y2VzJTJGMTg5NTQlMjIlMkMlMjJjYXJvdXNlbE5hbWUlMjIlM0ElMjIlMjIlMkMlMjJjb2xsZWN0aW9uSWQlMjIlM0ElMjIxODk1NCUyMiUyQyUyMmluZGV4Q2xpY2tlZCUyMiUzQTU1JTdE,https://images.mango-prod.siammakro.cloud/SOURCE/55c508914c2c42c38237d23f8a99a77f,,แม่เหรียญ น้ําปลาร้า 380 มล. x 6,"฿

174.00",฿,,,,สินค้าหมด
https://www.makro.pro/th/p/XzL-alk-242158472657181?info=JTdCJTIycGFnZVNsdWclMjIlM0ElMjJOb29kbGUlMjBFc3NlbnRpYWxzJTIwJTdDJTIwRGlwJTIwYW5kJTIwU2F1Y2VzJTJGMTg5NTQlMjIlMkMlMjJjYXJvdXNlbE5hbWUlMjIlM0ElMjIlMjIlMkMlMjJjb2xsZWN0aW9uSWQlMjIlM0ElMjIxODk1NCUyMiUyQyUyMmluZGV4Q2xpY2tlZCUyMiUzQTU2JTdE,https://images.mango-prod.siammakro.cloud/SOURCE/534e94a6a077488094997709e96489b2,,ภาทอง น้ําปลาร้าปรุงรส 500 มล. x 6,"฿

168.00",฿,,,,สินค้าหมด
https://www.makro.pro/th/p/4OxW_YKA-431059468569447?info=JTdCJTIycGFnZVNsdWclMjIlM0ElMjJOb29kbGUlMjBFc3NlbnRpYWxzJTIwJTdDJTIwRGlwJTIwYW5kJTIwU2F1Y2VzJTJGMTg5NTQlMjIlMkMlMjJjYXJvdXNlbE5hbWUlMjIlM0ElMjIlMjIlMkMlMjJjb2xsZWN0aW9uSWQlMjIlM0ElMjIxODk1NCUyMiUyQyUyMmluZGV4Q2xpY2tlZCUyMiUzQTU3JTdE,https://images.mango-prod.siammakro.cloud/product-images/431059468569447-81917c4a-edb5-4ca2-849f-73f193342da3.jpeg?imageMogr2/thumbnail/300x300,"ซื้อ 1,200฿ ได้รับ 20 พอยท์",ซีพี น้ําจิ้มซีฟู้ดส์สูตรมะนาว 845 ก.,"฿

159.00",฿,,,,สินค้าหมด
https://www.makro.pro/th/p/x94fcaq-7275662311619?info=JTdCJTIycGFnZVNsdWclMjIlM0ElMjJOb29kbGUlMjBFc3NlbnRpYWxzJTIwJTdDJTIwRGlwJTIwYW5kJTIwU2F1Y2VzJTJGMTg5NTQlMjIlMkMlMjJjYXJvdXNlbE5hbWUlMjIlM0ElMjIlMjIlMkMlMjJjb2xsZWN0aW9uSWQlMjIlM0ElMjIxODk1NCUyMiUyQyUyMmluZGV4Q2xpY2tlZCUyMiUzQTU4JTdE,https://images.mango-prod.siammakro.cloud/SOURCE/58269b253e1047e6b590f8ce7a303e10,"ซื้อ 1,200฿ ได้รับ 20 พอยท์",เค แอนด์ เอ็น น้ําจิ้มสุกี้สูตรเต้าหู้ยี้ 600 ก.,"฿

79.00",฿,,,,สินค้าหมด
https://www.makro.pro/th/p/EpNur5C-347898508668487?info=JTdCJTIycGFnZVNsdWclMjIlM0ElMjJOb29kbGUlMjBFc3NlbnRpYWxzJTIwJTdDJTIwRGlwJTIwYW5kJTIwU2F1Y2VzJTJGMTg5NTQlMjIlMkMlMjJjYXJvdXNlbE5hbWUlMjIlM0ElMjIlMjIlMkMlMjJjb2xsZWN0aW9uSWQlMjIlM0ElMjIxODk1NCUyMiUyQyUyMmluZGV4Q2xpY2tlZCUyMiUzQTU5JTdE,https://images.mango-prod.siammakro.cloud/SOURCE/73702fe3e74e4c23a7da95b4af1e00e2,,ภาทอง น้ําปลาร้าปรุงรส 500 มล. x 24,"฿

648.00",฿,,,,สินค้าหมด
https://www.makro.pro/th/p/2-atqtZ-803105287119303?info=JTdCJTIycGFnZVNsdWclMjIlM0ElMjJOb29kbGUlMjBFc3NlbnRpYWxzJTIwJTdDJTIwRGlwJTIwYW5kJTIwU2F1Y2VzJTJGMTg5NTQlMjIlMkMlMjJjYXJvdXNlbE5hbWUlMjIlM0ElMjIlMjIlMkMlMjJjb2xsZWN0aW9uSWQlMjIlM0ElMjIxODk1NCUyMiUyQyUyMmluZGV4Q2xpY2tlZCUyMiUzQTYwJTdE,https://images.mango-prod.siammakro.cloud/product-images/803105287119303-92a8d765-6306-4252-8ba0-94fb799ff123.jpeg?imageMogr2/thumbnail/300x300,,แม่เหรียญ น้ําปลาร้า 1 ลัง (380 มล. x 24),"฿

696.00",฿,,,,สินค้าหมด
https://www.makro.pro/th/p/7QZ4wy3-965784624862229?info=JTdCJTIycGFnZVNsdWclMjIlM0ElMjJOb29kbGUlMjBFc3NlbnRpYWxzJTIwJTdDJTIwRGlwJTIwYW5kJTIwU2F1Y2VzJTJGMTg5NTQlMjIlMkMlMjJjYXJvdXNlbE5hbWUlMjIlM0ElMjIlMjIlMkMlMjJjb2xsZWN0aW9uSWQlMjIlM0ElMjIxODk1NCUyMiUyQyUyMmluZGV4Q2xpY2tlZCUyMiUzQTYxJTdE,https://images.mango-prod.siammakro.cloud/SOURCE/c7c794cb8a5b415f9814d7f5d13d9270,,ภาทอง น้ําปลาร้าต้มสุก 500 มล. x 24,"฿

552.00",฿,,,,สินค้าหมด
