MuiBox-root href,MuiBox-root src,MuiBox-root,css-1n8x1y2,MuiTypography-root (2),MuiTypography-root (3),MuiTypography-root (4),MuiTypography-root (5),MuiTypography-root (6),MuiTypography-root (7),MuiBox-root (2),MuiTypography-root (8)
https://www.makro.pro/th/p/lju7pp8-7606383542467?info=JTdCJTIycGFnZVNsdWclMjIlM0ElMjJGcmVzaCUyME92ZXJsb2FkJTIwJTdDJTIwRnJlc2glMjBGcnVpdHMlMjAlMjYlMjBWZWdldGFibGVzJTJGMTkwNDglMjIlMkMlMjJjYXJvdXNlbE5hbWUlMjIlM0ElMjIlMjIlMkMlMjJjb2xsZWN0aW9uSWQlMjIlM0ElMjIxOTA0OCUyMiU3RA,https://images.mango-prod.siammakro.cloud/product-images/7606383542467-e91c2264-6e5d-410e-bb5f-264f5227a275.jpeg?imageMogr2/thumbnail/300x300,"ซื้อ 1,200฿ ได้รับ 20 พอยท์",แครอทนอก จีน/เวียดนาม 1 กก.,"฿

23.

00

/kg",฿,00,/kg,,,,
https://www.makro.pro/th/p/hs615k3-6976617349315?info=JTdCJTIycGFnZVNsdWclMjIlM0ElMjJGcmVzaCUyME92ZXJsb2FkJTIwJTdDJTIwRnJlc2glMjBGcnVpdHMlMjAlMjYlMjBWZWdldGFibGVzJTJGMTkwNDglMjIlMkMlMjJjYXJvdXNlbE5hbWUlMjIlM0ElMjIlMjIlMkMlMjJjb2xsZWN0aW9uSWQlMjIlM0ElMjIxOTA0OCUyMiUyQyUyMmluZGV4Q2xpY2tlZCUyMiUzQTElN0Q,https://images.mango-prod.siammakro.cloud/product-images/6976617349315-3678ea24-a4d9-48fe-8606-c575afa4dbfa.jpeg?imageMogr2/thumbnail/300x300,"ซื้อ 1,200฿ ได้รับ 20 พอยท์",เอโร่ เห็ดเข็มทอง 1 กก.,฿,46.,00,,2+ units,-6%,,
https://www.makro.pro/th/p/vfcrelq-7606382461123?info=JTdCJTIycGFnZVNsdWclMjIlM0ElMjJGcmVzaCUyME92ZXJsb2FkJTIwJTdDJTIwRnJlc2glMjBGcnVpdHMlMjAlMjYlMjBWZWdldGFibGVzJTJGMTkwNDglMjIlMkMlMjJjYXJvdXNlbE5hbWUlMjIlM0ElMjIlMjIlMkMlMjJjb2xsZWN0aW9uSWQlMjIlM0ElMjIxOTA0OCUyMiUyQyUyMmluZGV4Q2xpY2tlZCUyMiUzQTIlN0Q,https://images.mango-prod.siammakro.cloud/SOURCE/ad87007aafbd4f3c9bb8d3e0fa4cc513,"ซื้อ 1,200฿ ได้รับ 20 พอยท์",เห็ดนางรมหลวง ขนาด L 1 กก.,฿,55.,00,,/kg,-6%,,
https://www.makro.pro/th/p/p8faooq-7078706086083?info=JTdCJTIycGFnZVNsdWclMjIlM0ElMjJGcmVzaCUyME92ZXJsb2FkJTIwJTdDJTIwRnJlc2glMjBGcnVpdHMlMjAlMjYlMjBWZWdldGFibGVzJTJGMTkwNDglMjIlMkMlMjJjYXJvdXNlbE5hbWUlMjIlM0ElMjIlMjIlMkMlMjJjb2xsZWN0aW9uSWQlMjIlM0ElMjIxOTA0OCUyMiUyQyUyMmluZGV4Q2xpY2tlZCUyMiUzQTMlN0Q,https://images.mango-prod.siammakro.cloud/SOURCE/9e829ad0ebd34474a96a6baeca5a58c7,"ซื้อ 1,200฿ ได้รับ 20 พอยท์",เห็ดหลินขาว 150 ก.,฿,12.,00,,3+ units,-29%,,
https://www.makro.pro/th/p/v3bxqn_-7606381772995?info=JTdCJTIycGFnZVNsdWclMjIlM0ElMjJGcmVzaCUyME92ZXJsb2FkJTIwJTdDJTIwRnJlc2glMjBGcnVpdHMlMjAlMjYlMjBWZWdldGFibGVzJTJGMTkwNDglMjIlMkMlMjJjYXJvdXNlbE5hbWUlMjIlM0ElMjIlMjIlMkMlMjJjb2xsZWN0aW9uSWQlMjIlM0ElMjIxOTA0OCUyMiUyQyUyMmluZGV4Q2xpY2tlZCUyMiUzQTQlN0Q,https://images.mango-prod.siammakro.cloud/product-images/7606381772995-928396a4-ff31-47b6-b465-62ff0e0bdbd3.jpeg?imageMogr2/thumbnail/300x300,"ซื้อ 1,200฿ ได้รับ 20 พอยท์",ส้มนาเวล/วาเลนเซียจีน 1 กก.,"฿

53.

00

/kg",฿,00,/kg,,,,
https://www.makro.pro/th/p/koz5fnb-7606385246403?info=JTdCJTIycGFnZVNsdWclMjIlM0ElMjJGcmVzaCUyME92ZXJsb2FkJTIwJTdDJTIwRnJlc2glMjBGcnVpdHMlMjAlMjYlMjBWZWdldGFibGVzJTJGMTkwNDglMjIlMkMlMjJjYXJvdXNlbE5hbWUlMjIlM0ElMjIlMjIlMkMlMjJjb2xsZWN0aW9uSWQlMjIlM0ElMjIxOTA0OCUyMiUyQyUyMmluZGV4Q2xpY2tlZCUyMiUzQTUlN0Q,https://images.mango-prod.siammakro.cloud/SOURCE/3caf08ba5c624367ac9c3f0a47f24396,"ซื้อ 1,200฿ ได้รับ 20 พอยท์",บล็อคโคลี่นอก 1 กก.,฿,39.,00,,/kg,-20%,,
https://www.makro.pro/th/p/2wxanrf-6976617906371?info=JTdCJTIycGFnZVNsdWclMjIlM0ElMjJGcmVzaCUyME92ZXJsb2FkJTIwJTdDJTIwRnJlc2glMjBGcnVpdHMlMjAlMjYlMjBWZWdldGFibGVzJTJGMTkwNDglMjIlMkMlMjJjYXJvdXNlbE5hbWUlMjIlM0ElMjIlMjIlMkMlMjJjb2xsZWN0aW9uSWQlMjIlM0ElMjIxOTA0OCUyMiUyQyUyMmluZGV4Q2xpY2tlZCUyMiUzQTYlN0Q,https://images.mango-prod.siammakro.cloud/product-images/6976617906371-b41799f4-1239-45ec-a0bc-f57f9e533121.jpeg?imageMogr2/thumbnail/300x300,"ซื้อ 1,200฿ ได้รับ 20 พอยท์",แตงร้าน 500 ก.,฿,11.,00,,2+ units,-26%,,
https://www.makro.pro/th/p/7mbo4ir-7275685347523?info=JTdCJTIycGFnZVNsdWclMjIlM0ElMjJGcmVzaCUyME92ZXJsb2FkJTIwJTdDJTIwRnJlc2glMjBGcnVpdHMlMjAlMjYlMjBWZWdldGFibGVzJTJGMTkwNDglMjIlMkMlMjJjYXJvdXNlbE5hbWUlMjIlM0ElMjIlMjIlMkMlMjJjb2xsZWN0aW9uSWQlMjIlM0ElMjIxOTA0OCUyMiUyQyUyMmluZGV4Q2xpY2tlZCUyMiUzQTclN0Q,https://images.mango-prod.siammakro.cloud/SOURCE/418b6d4dd5644ce98d14f21d31e42295,"ซื้อ 1,200฿ ได้รับ 20 พอยท์",สหฟาร์มเห็ด เห็ดเข็มทอง 200 ก.,฿,12.,00,,2+ units,-14%,,
https://www.makro.pro/th/p/yfsatQK-188963332000408?info=JTdCJTIycGFnZVNsdWclMjIlM0ElMjJGcmVzaCUyME92ZXJsb2FkJTIwJTdDJTIwRnJlc2glMjBGcnVpdHMlMjAlMjYlMjBWZWdldGFibGVzJTJGMTkwNDglMjIlMkMlMjJjYXJvdXNlbE5hbWUlMjIlM0ElMjIlMjIlMkMlMjJjb2xsZWN0aW9uSWQlMjIlM0ElMjIxOTA0OCUyMiUyQyUyMmluZGV4Q2xpY2tlZCUyMiUzQTglN0Q,https://images.mango-prod.siammakro.cloud/product-images/188963332000408-a505a628-31ac-4489-ab68-230d841de53c.jpeg?imageMogr2/thumbnail/300x300,"ซื้อ 1,200฿ ได้รับ 20 พอยท์",ฝรั่งกิมจู 1 กก.,฿,65.,00,,/kg,-5%,,
https://www.makro.pro/th/p/VoSTUz2-843146351499281?info=JTdCJTIycGFnZVNsdWclMjIlM0ElMjJGcmVzaCUyME92ZXJsb2FkJTIwJTdDJTIwRnJlc2glMjBGcnVpdHMlMjAlMjYlMjBWZWdldGFibGVzJTJGMTkwNDglMjIlMkMlMjJjYXJvdXNlbE5hbWUlMjIlM0ElMjIlMjIlMkMlMjJjb2xsZWN0aW9uSWQlMjIlM0ElMjIxOTA0OCUyMiUyQyUyMmluZGV4Q2xpY2tlZCUyMiUzQTklN0Q,https://images.mango-prod.siammakro.cloud/SOURCE/bbeb57a6cf254465b0c78ff6847327d0,"ซื้อ 1,200฿ ได้รับ 20 พอยท์",มะนาวเหลือง 4 ลูก,"฿

60.

00",฿,00,,,,,
https://www.makro.pro/th/p/uidlmq_-6976617611459?info=JTdCJTIycGFnZVNsdWclMjIlM0ElMjJGcmVzaCUyME92ZXJsb2FkJTIwJTdDJTIwRnJlc2glMjBGcnVpdHMlMjAlMjYlMjBWZWdldGFibGVzJTJGMTkwNDglMjIlMkMlMjJjYXJvdXNlbE5hbWUlMjIlM0ElMjIlMjIlMkMlMjJjb2xsZWN0aW9uSWQlMjIlM0ElMjIxOTA0OCUyMiUyQyUyMmluZGV4Q2xpY2tlZCUyMiUzQTEwJTdE,https://images.mango-prod.siammakro.cloud/product-images/6976617611459-a3469303-2a6a-49a9-b636-7cc455c9c4ed.jpeg?imageMogr2/thumbnail/300x300,"ซื้อ 1,200฿ ได้รับ 20 พอยท์",แตงกวา 500 ก.,฿,15.,00,,2+ units,-21%,,
https://www.makro.pro/th/p/9m6mgri-7606383902915?info=JTdCJTIycGFnZVNsdWclMjIlM0ElMjJGcmVzaCUyME92ZXJsb2FkJTIwJTdDJTIwRnJlc2glMjBGcnVpdHMlMjAlMjYlMjBWZWdldGFibGVzJTJGMTkwNDglMjIlMkMlMjJjYXJvdXNlbE5hbWUlMjIlM0ElMjIlMjIlMkMlMjJjb2xsZWN0aW9uSWQlMjIlM0ElMjIxOTA0OCUyMiUyQyUyMmluZGV4Q2xpY2tlZCUyMiUzQTExJTdE,https://images.mango-prod.siammakro.cloud/SOURCE/db7fbc97c1824b798855babacd8b7c97,"ซื้อ 1,200฿ ได้รับ 20 พอยท์",แก้วมังกรเวียดนาม (เบอร์ 16-18) 1 กก.,฿,67.,00,,/kg,-2%,,
https://www.makro.pro/th/p/0izifX2-136707028380712?info=JTdCJTIycGFnZVNsdWclMjIlM0ElMjJGcmVzaCUyME92ZXJsb2FkJTIwJTdDJTIwRnJlc2glMjBGcnVpdHMlMjAlMjYlMjBWZWdldGFibGVzJTJGMTkwNDglMjIlMkMlMjJjYXJvdXNlbE5hbWUlMjIlM0ElMjIlMjIlMkMlMjJjb2xsZWN0aW9uSWQlMjIlM0ElMjIxOTA0OCUyMiUyQyUyMmluZGV4Q2xpY2tlZCUyMiUzQTEyJTdE,https://images.mango-prod.siammakro.cloud/product-images/136707028380712-9e76ff3a-f8f2-4eba-bc4b-0dce6083442a.jpeg?imageMogr2/thumbnail/300x300,"ซื้อ 1,200฿ ได้รับ 20 พอยท์",ผักสลัดแก้วนําเข้า กก.ละ,"฿

59.

00

/kg",฿,00,/kg,,,,
https://www.makro.pro/th/p/sha86hi-7275698356419?info=JTdCJTIycGFnZVNsdWclMjIlM0ElMjJGcmVzaCUyME92ZXJsb2FkJTIwJTdDJTIwRnJlc2glMjBGcnVpdHMlMjAlMjYlMjBWZWdldGFibGVzJTJGMTkwNDglMjIlMkMlMjJjYXJvdXNlbE5hbWUlMjIlM0ElMjIlMjIlMkMlMjJjb2xsZWN0aW9uSWQlMjIlM0ElMjIxOTA0OCUyMiUyQyUyMmluZGV4Q2xpY2tlZCUyMiUzQTEzJTdE,https://images.mango-prod.siammakro.cloud/SOURCE/f66af3c518c149da8370b88eb4b54e18,"ซื้อ 1,200฿ ได้รับ 20 พอยท์",มะนาวแป้น 10 ลูก,"฿

35.00",฿,,,,,สินค้าหมด,
https://www.makro.pro/th/p/oemwzr6-6976620036291?info=JTdCJTIycGFnZVNsdWclMjIlM0ElMjJGcmVzaCUyME92ZXJsb2FkJTIwJTdDJTIwRnJlc2glMjBGcnVpdHMlMjAlMjYlMjBWZWdldGFibGVzJTJGMTkwNDglMjIlMkMlMjJjYXJvdXNlbE5hbWUlMjIlM0ElMjIlMjIlMkMlMjJjb2xsZWN0aW9uSWQlMjIlM0ElMjIxOTA0OCUyMiUyQyUyMmluZGV4Q2xpY2tlZCUyMiUzQTE0JTdE,https://images.mango-prod.siammakro.cloud/SOURCE/ca933f5d7d3f49afb6f0c5f7933c627f,"ซื้อ 1,200฿ ได้รับ 20 พอยท์",เห็ดหอมสด เบอร์ใหญ่ 300 ก.,฿,64.,00,,3+ units,-7%,,
https://www.makro.pro/th/p/87G3kgC-87579404378407?info=JTdCJTIycGFnZVNsdWclMjIlM0ElMjJGcmVzaCUyME92ZXJsb2FkJTIwJTdDJTIwRnJlc2glMjBGcnVpdHMlMjAlMjYlMjBWZWdldGFibGVzJTJGMTkwNDglMjIlMkMlMjJjYXJvdXNlbE5hbWUlMjIlM0ElMjIlMjIlMkMlMjJjb2xsZWN0aW9uSWQlMjIlM0ElMjIxOTA0OCUyMiUyQyUyMmluZGV4Q2xpY2tlZCUyMiUzQTE1JTdE,https://images.mango-prod.siammakro.cloud/product-images/87579404378407-b51d0039-d0e3-42a9-8b98-df0b6c5cff70.jpeg?imageMogr2/thumbnail/300x300,"ซื้อ 1,200฿ ได้รับ 20 พอยท์",เอโร่ มะเขือเทศราชินี 500 ก.,฿,35.,00,,฿ 45.00,-22%,,
https://www.makro.pro/th/p/_frqh_e-7606385311939?info=JTdCJTIycGFnZVNsdWclMjIlM0ElMjJGcmVzaCUyME92ZXJsb2FkJTIwJTdDJTIwRnJlc2glMjBGcnVpdHMlMjAlMjYlMjBWZWdldGFibGVzJTJGMTkwNDglMjIlMkMlMjJjYXJvdXNlbE5hbWUlMjIlM0ElMjIlMjIlMkMlMjJjb2xsZWN0aW9uSWQlMjIlM0ElMjIxOTA0OCUyMiUyQyUyMmluZGV4Q2xpY2tlZCUyMiUzQTE2JTdE,https://images.mango-prod.siammakro.cloud/product-images/7606385311939-3e244d0a-ca4f-4dc1-bf0b-0eb6bfd5598c.jpeg?imageMogr2/thumbnail/300x300,"ซื้อ 1,200฿ ได้รับ 20 พอยท์",ส้มนาเวล/วาเลนเซียจีน ยกลัง 14 กก.,"฿

49.

00

/kg",฿,00,/kg,,,,
https://www.makro.pro/th/p/genggew-7275696226499?info=JTdCJTIycGFnZVNsdWclMjIlM0ElMjJGcmVzaCUyME92ZXJsb2FkJTIwJTdDJTIwRnJlc2glMjBGcnVpdHMlMjAlMjYlMjBWZWdldGFibGVzJTJGMTkwNDglMjIlMkMlMjJjYXJvdXNlbE5hbWUlMjIlM0ElMjIlMjIlMkMlMjJjb2xsZWN0aW9uSWQlMjIlM0ElMjIxOTA0OCUyMiUyQyUyMmluZGV4Q2xpY2tlZCUyMiUzQTE3JTdE,https://images.mango-prod.siammakro.cloud/product-images/7275696226499-362748cb-148e-42ac-98ad-8bbcc729509c.jpeg?imageMogr2/thumbnail/300x300,"ซื้อ 1,200฿ ได้รับ 20 พอยท์",เอโร่ มะเขือเทศท้อ 1 กก.,฿,26.,00,,฿ 29.00,-10%,,
https://www.makro.pro/th/p/xca7-ql-7416139808963?info=JTdCJTIycGFnZVNsdWclMjIlM0ElMjJGcmVzaCUyME92ZXJsb2FkJTIwJTdDJTIwRnJlc2glMjBGcnVpdHMlMjAlMjYlMjBWZWdldGFibGVzJTJGMTkwNDglMjIlMkMlMjJjYXJvdXNlbE5hbWUlMjIlM0ElMjIlMjIlMkMlMjJjb2xsZWN0aW9uSWQlMjIlM0ElMjIxOTA0OCUyMiUyQyUyMmluZGV4Q2xpY2tlZCUyMiUzQTE4JTdE,https://images.mango-prod.siammakro.cloud/product-images/7416139808963-f47fbcc2-57ad-42f8-afcd-a5cdc9586a3d.jpeg?imageMogr2/thumbnail/300x300,"ซื้อ 1,200฿ ได้รับ 20 พอยท์",แอปเปิ้ลฟูจิ เบอร์ 113 แพ็ค 10 ลูก,"฿

99.

00",฿,00,,,,,
https://www.makro.pro/th/p/5ph7lve-7422338662595?info=JTdCJTIycGFnZVNsdWclMjIlM0ElMjJGcmVzaCUyME92ZXJsb2FkJTIwJTdDJTIwRnJlc2glMjBGcnVpdHMlMjAlMjYlMjBWZWdldGFibGVzJTJGMTkwNDglMjIlMkMlMjJjYXJvdXNlbE5hbWUlMjIlM0ElMjIlMjIlMkMlMjJjb2xsZWN0aW9uSWQlMjIlM0ElMjIxOTA0OCUyMiUyQyUyMmluZGV4Q2xpY2tlZCUyMiUzQTE5JTdE,https://images.mango-prod.siammakro.cloud/product-images/7422338662595-5565c492-f0c4-4759-9571-64530111a643.jpeg?imageMogr2/thumbnail/300x300,"ซื้อ 1,200฿ ได้รับ 20 พอยท์",ข้าวโพดอ่อน 500 ก.,฿,30.,00,,฿ 32.00,-6%,,
https://www.makro.pro/th/p/-IMknyW-141252868777614?info=JTdCJTIycGFnZVNsdWclMjIlM0ElMjJGcmVzaCUyME92ZXJsb2FkJTIwJTdDJTIwRnJlc2glMjBGcnVpdHMlMjAlMjYlMjBWZWdldGFibGVzJTJGMTkwNDglMjIlMkMlMjJjYXJvdXNlbE5hbWUlMjIlM0ElMjIlMjIlMkMlMjJjb2xsZWN0aW9uSWQlMjIlM0ElMjIxOTA0OCUyMiUyQyUyMmluZGV4Q2xpY2tlZCUyMiUzQTIwJTdE,https://images.mango-prod.siammakro.cloud/product-images/141252868777614-d6edfb6a-c67f-4a39-b0da-bb172b77ad32.jpeg?imageMogr2/thumbnail/300x300,"ซื้อ 1,200฿ ได้รับ 20 พอยท์",ฟักทอง ลูกใหญ่ ผ่าซีก กก.ละ,"฿

35.

00

/kg",฿,00,/kg,,,,
https://www.makro.pro/th/p/p2n1ehz-7275695702211?info=JTdCJTIycGFnZVNsdWclMjIlM0ElMjJGcmVzaCUyME92ZXJsb2FkJTIwJTdDJTIwRnJlc2glMjBGcnVpdHMlMjAlMjYlMjBWZWdldGFibGVzJTJGMTkwNDglMjIlMkMlMjJjYXJvdXNlbE5hbWUlMjIlM0ElMjIlMjIlMkMlMjJjb2xsZWN0aW9uSWQlMjIlM0ElMjIxOTA0OCUyMiUyQyUyMmluZGV4Q2xpY2tlZCUyMiUzQTIxJTdE,https://images.mango-prod.siammakro.cloud/SOURCE/027c65161a264c36b5b0e2b5ca9ad76d,"ซื้อ 1,200฿ ได้รับ 20 พอยท์",ต้นหอมญี่ปุ่นอินทรีย์ 300 ก.,฿,50.,00,,฿ 55.00,-9%,,
https://www.makro.pro/th/p/thwn7oc-7243311710403?info=JTdCJTIycGFnZVNsdWclMjIlM0ElMjJGcmVzaCUyME92ZXJsb2FkJTIwJTdDJTIwRnJlc2glMjBGcnVpdHMlMjAlMjYlMjBWZWdldGFibGVzJTJGMTkwNDglMjIlMkMlMjJjYXJvdXNlbE5hbWUlMjIlM0ElMjIlMjIlMkMlMjJjb2xsZWN0aW9uSWQlMjIlM0ElMjIxOTA0OCUyMiUyQyUyMmluZGV4Q2xpY2tlZCUyMiUzQTIyJTdE,https://images.mango-prod.siammakro.cloud/SOURCE/5dec29c684944b4d833d37c32e7250eb,"ซื้อ 1,200฿ ได้รับ 20 พอยท์",เห็ดหลินขาว 1 กก.,฿,74.,00,,฿ 79.00,-6%,,
https://www.makro.pro/th/p/yex9u2d-7566444921027?info=JTdCJTIycGFnZVNsdWclMjIlM0ElMjJGcmVzaCUyME92ZXJsb2FkJTIwJTdDJTIwRnJlc2glMjBGcnVpdHMlMjAlMjYlMjBWZWdldGFibGVzJTJGMTkwNDglMjIlMkMlMjJjYXJvdXNlbE5hbWUlMjIlM0ElMjIlMjIlMkMlMjJjb2xsZWN0aW9uSWQlMjIlM0ElMjIxOTA0OCUyMiUyQyUyMmluZGV4Q2xpY2tlZCUyMiUzQTIzJTdE,https://images.mango-prod.siammakro.cloud/product-images/7566444921027-696cbcb9-5d4c-4665-b61c-1e5fa169c574.jpeg?imageMogr2/thumbnail/300x300,"ซื้อ 1,200฿ ได้รับ 20 พอยท์",แครอทนอก จีน ลังละ 10 กก.,"฿

200.

00",฿,00,,,,,
https://www.makro.pro/th/p/zaz1zof-6976618397891?info=JTdCJTIycGFnZVNsdWclMjIlM0ElMjJGcmVzaCUyME92ZXJsb2FkJTIwJTdDJTIwRnJlc2glMjBGcnVpdHMlMjAlMjYlMjBWZWdldGFibGVzJTJGMTkwNDglMjIlMkMlMjJjYXJvdXNlbE5hbWUlMjIlM0ElMjIlMjIlMkMlMjJjb2xsZWN0aW9uSWQlMjIlM0ElMjIxOTA0OCUyMiUyQyUyMmluZGV4Q2xpY2tlZCUyMiUzQTI0JTdE,https://images.mango-prod.siammakro.cloud/product-images/6976618397891-8bf43848-3bcf-4300-965f-110fe4268f5d.jpeg?imageMogr2/thumbnail/300x300,"ซื้อ 1,200฿ ได้รับ 20 พอยท์",เห็ดเข็มทอง 500 ก.,฿,27.,00,,฿ 29.00,-6%,,
https://www.makro.pro/th/p/keebocy-7352901501123?info=JTdCJTIycGFnZVNsdWclMjIlM0ElMjJGcmVzaCUyME92ZXJsb2FkJTIwJTdDJTIwRnJlc2glMjBGcnVpdHMlMjAlMjYlMjBWZWdldGFibGVzJTJGMTkwNDglMjIlMkMlMjJjYXJvdXNlbE5hbWUlMjIlM0ElMjIlMjIlMkMlMjJjb2xsZWN0aW9uSWQlMjIlM0ElMjIxOTA0OCUyMiUyQyUyMmluZGV4Q2xpY2tlZCUyMiUzQTI1JTdE,https://images.mango-prod.siammakro.cloud/SOURCE/16a159fea7c748ceadbf917536a44095,"ซื้อ 1,200฿ ได้รับ 20 พอยท์",ผักกาดขาวปลี 400-600 ก./ชิ้น,฿,23.,00,,฿ 25.00,-8%,,
https://www.makro.pro/th/p/QB8tcfI-116974590276250?info=JTdCJTIycGFnZVNsdWclMjIlM0ElMjJGcmVzaCUyME92ZXJsb2FkJTIwJTdDJTIwRnJlc2glMjBGcnVpdHMlMjAlMjYlMjBWZWdldGFibGVzJTJGMTkwNDglMjIlMkMlMjJjYXJvdXNlbE5hbWUlMjIlM0ElMjIlMjIlMkMlMjJjb2xsZWN0aW9uSWQlMjIlM0ElMjIxOTA0OCUyMiUyQyUyMmluZGV4Q2xpY2tlZCUyMiUzQTI2JTdE,https://images.mango-prod.siammakro.cloud/SOURCE/60e0472f35394fe480598d4dcee0f346,"ซื้อ 1,200฿ ได้รับ 20 พอยท์",สาลี่น้ําผึ้ง 1 กก.,"฿

55.

00

/kg",฿,00,/kg,,,,
https://www.makro.pro/th/p/ijnci_c-7078706282691?info=JTdCJTIycGFnZVNsdWclMjIlM0ElMjJGcmVzaCUyME92ZXJsb2FkJTIwJTdDJTIwRnJlc2glMjBGcnVpdHMlMjAlMjYlMjBWZWdldGFibGVzJTJGMTkwNDglMjIlMkMlMjJjYXJvdXNlbE5hbWUlMjIlM0ElMjIlMjIlMkMlMjJjb2xsZWN0aW9uSWQlMjIlM0ElMjIxOTA0OCUyMiUyQyUyMmluZGV4Q2xpY2tlZCUyMiUzQTI3JTdE,https://images.mango-prod.siammakro.cloud/product-images/7078706282691-85371d96-f7c5-4a98-98e9-83763b438bbb.jpeg?imageMogr2/thumbnail/300x300,"ซื้อ 1,200฿ ได้รับ 20 พอยท์",มะนาวไร้เมล็ดคั้นน้ํา แพ็ค 10 ลูก,"฿

69.00",฿,,,,,สินค้าหมด,
https://www.makro.pro/th/p/jnwbtj_-7275675287747?info=JTdCJTIycGFnZVNsdWclMjIlM0ElMjJGcmVzaCUyME92ZXJsb2FkJTIwJTdDJTIwRnJlc2glMjBGcnVpdHMlMjAlMjYlMjBWZWdldGFibGVzJTJGMTkwNDglMjIlMkMlMjJjYXJvdXNlbE5hbWUlMjIlM0ElMjIlMjIlMkMlMjJjb2xsZWN0aW9uSWQlMjIlM0ElMjIxOTA0OCUyMiUyQyUyMmluZGV4Q2xpY2tlZCUyMiUzQTI4JTdE,https://images.mango-prod.siammakro.cloud/product-images/7275675287747-c75ccbdb-dd77-47d4-9341-b8eda1d0fc08.jpeg?imageMogr2/thumbnail/300x300,"ซื้อ 1,200฿ ได้รับ 20 พอยท์",เห็ดเข็มทอง 200กรัม ยกลัง(1X25),฿,289.,00,,฿ 299.00,-3%,,
https://www.makro.pro/th/p/lqs3m8c-7275697373379?info=JTdCJTIycGFnZVNsdWclMjIlM0ElMjJGcmVzaCUyME92ZXJsb2FkJTIwJTdDJTIwRnJlc2glMjBGcnVpdHMlMjAlMjYlMjBWZWdldGFibGVzJTJGMTkwNDglMjIlMkMlMjJjYXJvdXNlbE5hbWUlMjIlM0ElMjIlMjIlMkMlMjJjb2xsZWN0aW9uSWQlMjIlM0ElMjIxOTA0OCUyMiUyQyUyMmluZGV4Q2xpY2tlZCUyMiUzQTI5JTdE,https://images.mango-prod.siammakro.cloud/SOURCE/f66af3c518c149da8370b88eb4b54e18,"ซื้อ 1,200฿ ได้รับ 20 พอยท์",มะนาวแป้น 50 ลูก,"฿

159.00",฿,,,,,สินค้าหมด,
https://www.makro.pro/th/p/3dbvsrh-7078708707523?info=JTdCJTIycGFnZVNsdWclMjIlM0ElMjJGcmVzaCUyME92ZXJsb2FkJTIwJTdDJTIwRnJlc2glMjBGcnVpdHMlMjAlMjYlMjBWZWdldGFibGVzJTJGMTkwNDglMjIlMkMlMjJjYXJvdXNlbE5hbWUlMjIlM0ElMjIlMjIlMkMlMjJjb2xsZWN0aW9uSWQlMjIlM0ElMjIxOTA0OCUyMiUyQyUyMmluZGV4Q2xpY2tlZCUyMiUzQTMwJTdE,https://images.mango-prod.siammakro.cloud/product-images/7078708707523-65e7893d-6c84-4efb-a18a-04bd46b6764e.jpeg?imageMogr2/thumbnail/300x300,"ซื้อ 1,200฿ ได้รับ 20 พอยท์",ผักกวางตุ้งไต้หวัน 500 ก.,฿,26.,00,,฿ 32.00,-18%,,
https://www.makro.pro/th/p/2podwtp-7416140234947?info=JTdCJTIycGFnZVNsdWclMjIlM0ElMjJGcmVzaCUyME92ZXJsb2FkJTIwJTdDJTIwRnJlc2glMjBGcnVpdHMlMjAlMjYlMjBWZWdldGFibGVzJTJGMTkwNDglMjIlMkMlMjJjYXJvdXNlbE5hbWUlMjIlM0ElMjIlMjIlMkMlMjJjb2xsZWN0aW9uSWQlMjIlM0ElMjIxOTA0OCUyMiUyQyUyMmluZGV4Q2xpY2tlZCUyMiUzQTMxJTdE,https://images.mango-prod.siammakro.cloud/product-images/7416140234947-ef05144d-21b4-4cb3-bd77-92f1662b90c1.jpeg?imageMogr2/thumbnail/300x300,"ซื้อ 1,200฿ ได้รับ 20 พอยท์",กล้วยหอม เกรด A 1 หวี,฿,84.,00,,฿ 89.00,-5%,,
https://www.makro.pro/th/p/nsv3xyp-7115225530563?info=JTdCJTIycGFnZVNsdWclMjIlM0ElMjJGcmVzaCUyME92ZXJsb2FkJTIwJTdDJTIwRnJlc2glMjBGcnVpdHMlMjAlMjYlMjBWZWdldGFibGVzJTJGMTkwNDglMjIlMkMlMjJjYXJvdXNlbE5hbWUlMjIlM0ElMjIlMjIlMkMlMjJjb2xsZWN0aW9uSWQlMjIlM0ElMjIxOTA0OCUyMiUyQyUyMmluZGV4Q2xpY2tlZCUyMiUzQTMyJTdE,https://images.mango-prod.siammakro.cloud/SOURCE/1ffe7d1bf8414569b3ef07f5e1d5b76e,"ซื้อ 1,200฿ ได้รับ 20 พอยท์",มะนาวไร้เมล็ด สําหรับคั้นน้ํา แพ็ค 25 ลูก,"฿

159.

00",฿,00,,,,,
https://www.makro.pro/th/p/pkoj8-c-7275695833283?info=JTdCJTIycGFnZVNsdWclMjIlM0ElMjJGcmVzaCUyME92ZXJsb2FkJTIwJTdDJTIwRnJlc2glMjBGcnVpdHMlMjAlMjYlMjBWZWdldGFibGVzJTJGMTkwNDglMjIlMkMlMjJjYXJvdXNlbE5hbWUlMjIlM0ElMjIlMjIlMkMlMjJjb2xsZWN0aW9uSWQlMjIlM0ElMjIxOTA0OCUyMiUyQyUyMmluZGV4Q2xpY2tlZCUyMiUzQTMzJTdE,https://images.mango-prod.siammakro.cloud/product-images/7275695833283-cf9a06e7-281c-4e94-99b0-747900c39e95.jpeg?imageMogr2/thumbnail/300x300,"ซื้อ 1,200฿ ได้รับ 20 พอยท์",ต้นอ่อนทานตะวัน 500 ก.,฿,56.,00,,฿ 59.00,-5%,,
https://www.makro.pro/th/p/p6eqk2y-7078709592259?info=JTdCJTIycGFnZVNsdWclMjIlM0ElMjJGcmVzaCUyME92ZXJsb2FkJTIwJTdDJTIwRnJlc2glMjBGcnVpdHMlMjAlMjYlMjBWZWdldGFibGVzJTJGMTkwNDglMjIlMkMlMjJjYXJvdXNlbE5hbWUlMjIlM0ElMjIlMjIlMkMlMjJjb2xsZWN0aW9uSWQlMjIlM0ElMjIxOTA0OCUyMiUyQyUyMmluZGV4Q2xpY2tlZCUyMiUzQTM0JTdE,https://images.mango-prod.siammakro.cloud/product-images/7078709592259-f65f44a5-dda8-4804-8abf-41f30b4ad668.jpeg?imageMogr2/thumbnail/300x300,"ซื้อ 1,200฿ ได้รับ 20 พอยท์",ผักบุ้งจีน 500 ก.,"฿

22.

00",฿,00,,,,,
https://www.makro.pro/th/p/R0F0JFQ-979263672938805?info=JTdCJTIycGFnZVNsdWclMjIlM0ElMjJGcmVzaCUyME92ZXJsb2FkJTIwJTdDJTIwRnJlc2glMjBGcnVpdHMlMjAlMjYlMjBWZWdldGFibGVzJTJGMTkwNDglMjIlMkMlMjJjYXJvdXNlbE5hbWUlMjIlM0ElMjIlMjIlMkMlMjJjb2xsZWN0aW9uSWQlMjIlM0ElMjIxOTA0OCUyMiUyQyUyMmluZGV4Q2xpY2tlZCUyMiUzQTM1JTdE,https://images.mango-prod.siammakro.cloud/product-images/979263672938805-7cb9c586-8378-4623-b893-18f5e36d4bdb.jpeg?imageMogr2/thumbnail/300x300,"ซื้อ 1,200฿ ได้รับ 20 พอยท์",สาลี่ทอง 1 กก.,"฿

49.

00

/kg",฿,00,/kg,,,,
https://www.makro.pro/th/p/tklwzhp-7497528017091?info=JTdCJTIycGFnZVNsdWclMjIlM0ElMjJGcmVzaCUyME92ZXJsb2FkJTIwJTdDJTIwRnJlc2glMjBGcnVpdHMlMjAlMjYlMjBWZWdldGFibGVzJTJGMTkwNDglMjIlMkMlMjJjYXJvdXNlbE5hbWUlMjIlM0ElMjIlMjIlMkMlMjJjb2xsZWN0aW9uSWQlMjIlM0ElMjIxOTA0OCUyMiUyQyUyMmluZGV4Q2xpY2tlZCUyMiUzQTM2JTdE,https://images.mango-prod.siammakro.cloud/product-images/7497528017091-e087255d-56fa-478c-9bd9-f472ff22316e.jpeg?imageMogr2/thumbnail/300x300,"ซื้อ 1,200฿ ได้รับ 20 พอยท์",เห็ดแชมปิญองขาว 500 กรัม,฿,98.,00,,฿ 118.00,-16%,,
https://www.makro.pro/th/p/kd_5k5f-7606380331203?info=JTdCJTIycGFnZVNsdWclMjIlM0ElMjJGcmVzaCUyME92ZXJsb2FkJTIwJTdDJTIwRnJlc2glMjBGcnVpdHMlMjAlMjYlMjBWZWdldGFibGVzJTJGMTkwNDglMjIlMkMlMjJjYXJvdXNlbE5hbWUlMjIlM0ElMjIlMjIlMkMlMjJjb2xsZWN0aW9uSWQlMjIlM0ElMjIxOTA0OCUyMiUyQyUyMmluZGV4Q2xpY2tlZCUyMiUzQTM3JTdE,https://images.mango-prod.siammakro.cloud/product-images/7606380331203-189f8533-828c-48c4-9486-8f1b60e601b8.jpeg?imageMogr2/thumbnail/300x300,"ซื้อ 1,200฿ ได้รับ 20 พอยท์",ดอกกะหล่ําขาวจีน 1 กก.,"฿

49.

00

/kg",฿,00,/kg,,,,
https://www.makro.pro/th/p/1mv-veh-7078708019395?info=JTdCJTIycGFnZVNsdWclMjIlM0ElMjJGcmVzaCUyME92ZXJsb2FkJTIwJTdDJTIwRnJlc2glMjBGcnVpdHMlMjAlMjYlMjBWZWdldGFibGVzJTJGMTkwNDglMjIlMkMlMjJjYXJvdXNlbE5hbWUlMjIlM0ElMjIlMjIlMkMlMjJjb2xsZWN0aW9uSWQlMjIlM0ElMjIxOTA0OCUyMiUyQyUyMmluZGV4Q2xpY2tlZCUyMiUzQTM4JTdE,https://images.mango-prod.siammakro.cloud/product-images/7078708019395-16fcfa28-bd85-4bee-8b02-375f5322a593.jpeg?imageMogr2/thumbnail/300x300,"ซื้อ 1,200฿ ได้รับ 20 พอยท์",ผักคะน้า 500 ก.,฿,15.,00,,฿ 19.00,-21%,,
https://www.makro.pro/th/p/iTqj5yp-218299270994442?info=JTdCJTIycGFnZVNsdWclMjIlM0ElMjJGcmVzaCUyME92ZXJsb2FkJTIwJTdDJTIwRnJlc2glMjBGcnVpdHMlMjAlMjYlMjBWZWdldGFibGVzJTJGMTkwNDglMjIlMkMlMjJjYXJvdXNlbE5hbWUlMjIlM0ElMjIlMjIlMkMlMjJjb2xsZWN0aW9uSWQlMjIlM0ElMjIxOTA0OCUyMiUyQyUyMmluZGV4Q2xpY2tlZCUyMiUzQTM5JTdE,https://images.mango-prod.siammakro.cloud/SOURCE/0763b5e6f19242cb993c550b477b5dbe,"ซื้อ 1,200฿ ได้รับ 20 พอยท์",เห็ดเข็มทอง 300 ก.,฿,17.,00,,฿ 19.00,-10%,,
https://www.makro.pro/th/p/FtPNVq7-587110981347771?info=JTdCJTIycGFnZVNsdWclMjIlM0ElMjJGcmVzaCUyME92ZXJsb2FkJTIwJTdDJTIwRnJlc2glMjBGcnVpdHMlMjAlMjYlMjBWZWdldGFibGVzJTJGMTkwNDglMjIlMkMlMjJjYXJvdXNlbE5hbWUlMjIlM0ElMjIlMjIlMkMlMjJjb2xsZWN0aW9uSWQlMjIlM0ElMjIxOTA0OCUyMiUyQyUyMmluZGV4Q2xpY2tlZCUyMiUzQTQwJTdE,https://images.mango-prod.siammakro.cloud/product-images/587110981347771-d152ab88-7498-4545-84a5-f34e083b3afa.jpeg?imageMogr2/thumbnail/300x300,"ซื้อ 1,200฿ ได้รับ 20 พอยท์",กีวี่เขียว เบอร์ 30-36 แพ็ค 5 ลูก,฿,69.,00,,฿ 89.00,-22%,,
https://www.makro.pro/th/p/crut9r6-7078706479299?info=JTdCJTIycGFnZVNsdWclMjIlM0ElMjJGcmVzaCUyME92ZXJsb2FkJTIwJTdDJTIwRnJlc2glMjBGcnVpdHMlMjAlMjYlMjBWZWdldGFibGVzJTJGMTkwNDglMjIlMkMlMjJjYXJvdXNlbE5hbWUlMjIlM0ElMjIlMjIlMkMlMjJjb2xsZWN0aW9uSWQlMjIlM0ElMjIxOTA0OCUyMiUyQyUyMmluZGV4Q2xpY2tlZCUyMiUzQTQxJTdE,https://images.mango-prod.siammakro.cloud/SOURCE/e55f02f272484ecfb8c79a99b030d1f9,"ซื้อ 1,200฿ ได้รับ 20 พอยท์",ผักสลัดรวม 3 อย่าง แพ็ค 500 ก.,฿,63.,00,,฿ 65.00,-3%,,
https://www.makro.pro/th/p/mm1jtrn-7078706249923?info=JTdCJTIycGFnZVNsdWclMjIlM0ElMjJGcmVzaCUyME92ZXJsb2FkJTIwJTdDJTIwRnJlc2glMjBGcnVpdHMlMjAlMjYlMjBWZWdldGFibGVzJTJGMTkwNDglMjIlMkMlMjJjYXJvdXNlbE5hbWUlMjIlM0ElMjIlMjIlMkMlMjJjb2xsZWN0aW9uSWQlMjIlM0ElMjIxOTA0OCUyMiUyQyUyMmluZGV4Q2xpY2tlZCUyMiUzQTQyJTdE,https://images.mango-prod.siammakro.cloud/SOURCE/820b5068ccb44d2c9dca3b8fdf7fae72,"ซื้อ 1,200฿ ได้รับ 20 พอยท์",มะพร้าวอ่อนน้ําหอม 1 ลูก,฿,25.,00,,฿ 29.00,-13%,,
https://www.makro.pro/th/p/phs9qrf-7078708478147?info=JTdCJTIycGFnZVNsdWclMjIlM0ElMjJGcmVzaCUyME92ZXJsb2FkJTIwJTdDJTIwRnJlc2glMjBGcnVpdHMlMjAlMjYlMjBWZWdldGFibGVzJTJGMTkwNDglMjIlMkMlMjJjYXJvdXNlbE5hbWUlMjIlM0ElMjIlMjIlMkMlMjJjb2xsZWN0aW9uSWQlMjIlM0ElMjIxOTA0OCUyMiUyQyUyMmluZGV4Q2xpY2tlZCUyMiUzQTQzJTdE,https://images.mango-prod.siammakro.cloud/product-images/7078708478147-7bf947a6-8470-44a2-ae84-77405ef97420.jpeg?imageMogr2/thumbnail/300x300,"ซื้อ 1,200฿ ได้รับ 20 พอยท์",ผักกาดหอม 300 ก.,฿,22.,00,,฿ 25.00,-12%,,
https://www.makro.pro/th/p/2lxcjc3-6976619872451?info=JTdCJTIycGFnZVNsdWclMjIlM0ElMjJGcmVzaCUyME92ZXJsb2FkJTIwJTdDJTIwRnJlc2glMjBGcnVpdHMlMjAlMjYlMjBWZWdldGFibGVzJTJGMTkwNDglMjIlMkMlMjJjYXJvdXNlbE5hbWUlMjIlM0ElMjIlMjIlMkMlMjJjb2xsZWN0aW9uSWQlMjIlM0ElMjIxOTA0OCUyMiUyQyUyMmluZGV4Q2xpY2tlZCUyMiUzQTQ0JTdE,https://images.mango-prod.siammakro.cloud/SOURCE/996a9e7cef3148299eb0346d5bccecf4,"ซื้อ 1,200฿ ได้รับ 20 พอยท์",สับปะรดปัตตาเวีย 1 ลูก,"฿

42.

00",฿,00,,,,,
https://www.makro.pro/th/p/2p0imxv-7606382723267?info=JTdCJTIycGFnZVNsdWclMjIlM0ElMjJGcmVzaCUyME92ZXJsb2FkJTIwJTdDJTIwRnJlc2glMjBGcnVpdHMlMjAlMjYlMjBWZWdldGFibGVzJTJGMTkwNDglMjIlMkMlMjJjYXJvdXNlbE5hbWUlMjIlM0ElMjIlMjIlMkMlMjJjb2xsZWN0aW9uSWQlMjIlM0ElMjIxOTA0OCUyMiUyQyUyMmluZGV4Q2xpY2tlZCUyMiUzQTQ1JTdE,https://images.mango-prod.siammakro.cloud/SOURCE/ce5b44179b544902b9f3ff8d5f28f834,"ซื้อ 1,200฿ ได้รับ 20 พอยท์",มะละกอดิบ 1 กก.,"฿

45.

00

/kg",฿,00,/kg,,,,
https://www.makro.pro/th/p/duoj1ty-6976617742531?info=JTdCJTIycGFnZVNsdWclMjIlM0ElMjJGcmVzaCUyME92ZXJsb2FkJTIwJTdDJTIwRnJlc2glMjBGcnVpdHMlMjAlMjYlMjBWZWdldGFibGVzJTJGMTkwNDglMjIlMkMlMjJjYXJvdXNlbE5hbWUlMjIlM0ElMjIlMjIlMkMlMjJjb2xsZWN0aW9uSWQlMjIlM0ElMjIxOTA0OCUyMiUyQyUyMmluZGV4Q2xpY2tlZCUyMiUzQTQ2JTdE,https://images.mango-prod.siammakro.cloud/SOURCE/ff34b2a76b8242bd818742f149a820f1,"ซื้อ 1,200฿ ได้รับ 20 พอยท์",เมาเซียง เห็ดหลินดํา 1 กก.,฿,74.,00,,฿ 79.00,-6%,,
https://www.makro.pro/th/p/18qhhtk-7416139186371?info=JTdCJTIycGFnZVNsdWclMjIlM0ElMjJGcmVzaCUyME92ZXJsb2FkJTIwJTdDJTIwRnJlc2glMjBGcnVpdHMlMjAlMjYlMjBWZWdldGFibGVzJTJGMTkwNDglMjIlMkMlMjJjYXJvdXNlbE5hbWUlMjIlM0ElMjIlMjIlMkMlMjJjb2xsZWN0aW9uSWQlMjIlM0ElMjIxOTA0OCUyMiUyQyUyMmluZGV4Q2xpY2tlZCUyMiUzQTQ3JTdE,https://images.mango-prod.siammakro.cloud/product-images/7416139186371-9b90f19c-51bd-403c-ada1-d6776e0e1a23.jpeg?imageMogr2/thumbnail/300x300,"ซื้อ 1,200฿ ได้รับ 20 พอยท์",แอปเปิ้ลฟูจิ เบอร์ 100 แพ็ค 10 ลูก,"฿

99.

00",฿,00,,,,,
https://www.makro.pro/th/p/eskd90-7078709133507?info=JTdCJTIycGFnZVNsdWclMjIlM0ElMjJGcmVzaCUyME92ZXJsb2FkJTIwJTdDJTIwRnJlc2glMjBGcnVpdHMlMjAlMjYlMjBWZWdldGFibGVzJTJGMTkwNDglMjIlMkMlMjJjYXJvdXNlbE5hbWUlMjIlM0ElMjIlMjIlMkMlMjJjb2xsZWN0aW9uSWQlMjIlM0ElMjIxOTA0OCUyMiUyQyUyMmluZGV4Q2xpY2tlZCUyMiUzQTQ4JTdE,https://images.mango-prod.siammakro.cloud/SOURCE/249f3d5502b8400ab878f0edcc72fe44,"ซื้อ 1,200฿ ได้รับ 20 พอยท์",ผักสลัดกรีนคอส ไฮโดรโปนิกส์ แพ็ค 500 ก.,฿,63.,00,,฿ 65.00,-3%,,
https://www.makro.pro/th/p/FWu4uUV-908190628198622?info=JTdCJTIycGFnZVNsdWclMjIlM0ElMjJGcmVzaCUyME92ZXJsb2FkJTIwJTdDJTIwRnJlc2glMjBGcnVpdHMlMjAlMjYlMjBWZWdldGFibGVzJTJGMTkwNDglMjIlMkMlMjJjYXJvdXNlbE5hbWUlMjIlM0ElMjIlMjIlMkMlMjJjb2xsZWN0aW9uSWQlMjIlM0ElMjIxOTA0OCUyMiUyQyUyMmluZGV4Q2xpY2tlZCUyMiUzQTQ5JTdE,https://images.mango-prod.siammakro.cloud/SOURCE/e7fce63fc4254de783b72c6965964d0a,"ซื้อ 1,200฿ ได้รับ 20 พอยท์",มะระจีน 1 กก.,"฿

59.

00

/kg",฿,00,/kg,,,,
https://www.makro.pro/th/p/jxD_Wq3-380754459660313?info=JTdCJTIycGFnZVNsdWclMjIlM0ElMjJGcmVzaCUyME92ZXJsb2FkJTIwJTdDJTIwRnJlc2glMjBGcnVpdHMlMjAlMjYlMjBWZWdldGFibGVzJTJGMTkwNDglMjIlMkMlMjJjYXJvdXNlbE5hbWUlMjIlM0ElMjIlMjIlMkMlMjJjb2xsZWN0aW9uSWQlMjIlM0ElMjIxOTA0OCUyMiUyQyUyMmluZGV4Q2xpY2tlZCUyMiUzQTUwJTdE,https://images.mango-prod.siammakro.cloud/product-images/380754459660313-12224006-3033-4527-a08e-2ccca2c17d48.jpeg?imageMogr2/thumbnail/300x300,"ซื้อ 1,200฿ ได้รับ 20 พอยท์",มะม่วงแก้ว 1 กก.,฿,55.,00,,/kg,-6%,,
https://www.makro.pro/th/p/8XyTXXP-15934541504115?info=JTdCJTIycGFnZVNsdWclMjIlM0ElMjJGcmVzaCUyME92ZXJsb2FkJTIwJTdDJTIwRnJlc2glMjBGcnVpdHMlMjAlMjYlMjBWZWdldGFibGVzJTJGMTkwNDglMjIlMkMlMjJjYXJvdXNlbE5hbWUlMjIlM0ElMjIlMjIlMkMlMjJjb2xsZWN0aW9uSWQlMjIlM0ElMjIxOTA0OCUyMiUyQyUyMmluZGV4Q2xpY2tlZCUyMiUzQTUxJTdE,https://images.mango-prod.siammakro.cloud/SOURCE/8836405b9fa0495cbd67a74e133df250,"ซื้อ 1,200฿ ได้รับ 20 พอยท์",กะหล่ําปลีม่วง 1 กก.,"฿

45.

00

/kg",฿,00,/kg,,,,
https://www.makro.pro/th/p/g7n-5e9-7275695866051?info=JTdCJTIycGFnZVNsdWclMjIlM0ElMjJGcmVzaCUyME92ZXJsb2FkJTIwJTdDJTIwRnJlc2glMjBGcnVpdHMlMjAlMjYlMjBWZWdldGFibGVzJTJGMTkwNDglMjIlMkMlMjJjYXJvdXNlbE5hbWUlMjIlM0ElMjIlMjIlMkMlMjJjb2xsZWN0aW9uSWQlMjIlM0ElMjIxOTA0OCUyMiUyQyUyMmluZGV4Q2xpY2tlZCUyMiUzQTUyJTdE,https://images.mango-prod.siammakro.cloud/product-images/7275695866051-aa21a573-7ed1-47c3-ba2f-582c8e762543.jpeg?imageMogr2/thumbnail/300x300,"ซื้อ 1,200฿ ได้รับ 20 พอยท์",ต้นหอม 300 ก.,฿,25.,00,,฿ 29.00,-13%,,
https://www.makro.pro/th/p/3ojmd_n-7078706577603?info=JTdCJTIycGFnZVNsdWclMjIlM0ElMjJGcmVzaCUyME92ZXJsb2FkJTIwJTdDJTIwRnJlc2glMjBGcnVpdHMlMjAlMjYlMjBWZWdldGFibGVzJTJGMTkwNDglMjIlMkMlMjJjYXJvdXNlbE5hbWUlMjIlM0ElMjIlMjIlMkMlMjJjb2xsZWN0aW9uSWQlMjIlM0ElMjIxOTA0OCUyMiUyQyUyMmluZGV4Q2xpY2tlZCUyMiUzQTUzJTdE,https://images.mango-prod.siammakro.cloud/SOURCE/f388fa5890ed4017bac2712af8f460b1,"ซื้อ 1,200฿ ได้รับ 20 พอยท์",ผักสลัดกรีนโอ๊ค ไฮโดรโปนิกส์ แพ็ค 500 ก.,฿,63.,00,,฿ 65.00,-3%,,
https://www.makro.pro/th/p/m1o5te9-7416039112899?info=JTdCJTIycGFnZVNsdWclMjIlM0ElMjJGcmVzaCUyME92ZXJsb2FkJTIwJTdDJTIwRnJlc2glMjBGcnVpdHMlMjAlMjYlMjBWZWdldGFibGVzJTJGMTkwNDglMjIlMkMlMjJjYXJvdXNlbE5hbWUlMjIlM0ElMjIlMjIlMkMlMjJjb2xsZWN0aW9uSWQlMjIlM0ElMjIxOTA0OCUyMiUyQyUyMmluZGV4Q2xpY2tlZCUyMiUzQTU0JTdE,https://images.mango-prod.siammakro.cloud/SOURCE/9526f5166b7d4866aee653d7b4b140ee,"ซื้อ 1,200฿ ได้รับ 20 พอยท์",ถั่วฝักยาว แพ็ค 500 ก.,฿,26.,00,,฿ 29.00,-10%,,
https://www.makro.pro/th/p/hcetabl-7078707167427?info=JTdCJTIycGFnZVNsdWclMjIlM0ElMjJGcmVzaCUyME92ZXJsb2FkJTIwJTdDJTIwRnJlc2glMjBGcnVpdHMlMjAlMjYlMjBWZWdldGFibGVzJTJGMTkwNDglMjIlMkMlMjJjYXJvdXNlbE5hbWUlMjIlM0ElMjIlMjIlMkMlMjJjb2xsZWN0aW9uSWQlMjIlM0ElMjIxOTA0OCUyMiUyQyUyMmluZGV4Q2xpY2tlZCUyMiUzQTU1JTdE,https://images.mango-prod.siammakro.cloud/SOURCE/7a10bffbd647460295af2469a367aa31,"ซื้อ 1,200฿ ได้รับ 20 พอยท์",ผักสลัดเรดโอ๊ค ไฮโดรโปนิกส์ แพ็ค 500 ก.,฿,63.,00,,฿ 65.00,-3%,,
https://www.makro.pro/th/p/7p8j_8t-7218964431043?info=JTdCJTIycGFnZVNsdWclMjIlM0ElMjJGcmVzaCUyME92ZXJsb2FkJTIwJTdDJTIwRnJlc2glMjBGcnVpdHMlMjAlMjYlMjBWZWdldGFibGVzJTJGMTkwNDglMjIlMkMlMjJjYXJvdXNlbE5hbWUlMjIlM0ElMjIlMjIlMkMlMjJjb2xsZWN0aW9uSWQlMjIlM0ElMjIxOTA0OCUyMiUyQyUyMmluZGV4Q2xpY2tlZCUyMiUzQTU2JTdE,https://images.mango-prod.siammakro.cloud/product-images/7218964431043-40332419-5ac8-47f0-bf69-5f73e49e84c3.jpeg?imageMogr2/thumbnail/300x300,"ซื้อ 1,200฿ ได้รับ 20 พอยท์",เห็ดเข็มทอง 1 ลัง (1 กก. x 10),฿,470.,00,,฿ 490.00,-4%,,
https://www.makro.pro/th/p/n6msqak-7078707953859?info=JTdCJTIycGFnZVNsdWclMjIlM0ElMjJGcmVzaCUyME92ZXJsb2FkJTIwJTdDJTIwRnJlc2glMjBGcnVpdHMlMjAlMjYlMjBWZWdldGFibGVzJTJGMTkwNDglMjIlMkMlMjJjYXJvdXNlbE5hbWUlMjIlM0ElMjIlMjIlMkMlMjJjb2xsZWN0aW9uSWQlMjIlM0ElMjIxOTA0OCUyMiUyQyUyMmluZGV4Q2xpY2tlZCUyMiUzQTU3JTdE,https://images.mango-prod.siammakro.cloud/SOURCE/4413107ae1154b5091278736954fff4f,"ซื้อ 1,200฿ ได้รับ 20 พอยท์",ขึ้นฉ่าย 300 ก.,฿,29.,00,,฿ 33.00,-12%,,
https://www.makro.pro/th/p/9pgh2h3-7606383968451?info=JTdCJTIycGFnZVNsdWclMjIlM0ElMjJGcmVzaCUyME92ZXJsb2FkJTIwJTdDJTIwRnJlc2glMjBGcnVpdHMlMjAlMjYlMjBWZWdldGFibGVzJTJGMTkwNDglMjIlMkMlMjJjYXJvdXNlbE5hbWUlMjIlM0ElMjIlMjIlMkMlMjJjb2xsZWN0aW9uSWQlMjIlM0ElMjIxOTA0OCUyMiUyQyUyMmluZGV4Q2xpY2tlZCUyMiUzQTU4JTdE,https://images.mango-prod.siammakro.cloud/SOURCE/ec4a469a7dd8485281ad5cbf5bd328b4,"ซื้อ 1,200฿ ได้รับ 20 พอยท์",มันฝรั่งไทย 1 กก.,"฿

45.

00

/kg",฿,00,/kg,,,,
https://www.makro.pro/th/p/2nvFI-j-915625040190914?info=JTdCJTIycGFnZVNsdWclMjIlM0ElMjJGcmVzaCUyME92ZXJsb2FkJTIwJTdDJTIwRnJlc2glMjBGcnVpdHMlMjAlMjYlMjBWZWdldGFibGVzJTJGMTkwNDglMjIlMkMlMjJjYXJvdXNlbE5hbWUlMjIlM0ElMjIlMjIlMkMlMjJjb2xsZWN0aW9uSWQlMjIlM0ElMjIxOTA0OCUyMiUyQyUyMmluZGV4Q2xpY2tlZCUyMiUzQTU5JTdE,https://images.mango-prod.siammakro.cloud/product-images/915625040190914-88215d3d-60a9-4bcd-a8c7-2eab01a893d5.jpeg?imageMogr2/thumbnail/300x300,"ซื้อ 1,200฿ ได้รับ 20 พอยท์",ขิงแก่ ใหญ่ 1 กก.,"฿

55.

00

/kg",฿,00,/kg,,,,
https://www.makro.pro/th/p/p8xmk6l-7078708904131?info=JTdCJTIycGFnZVNsdWclMjIlM0ElMjJGcmVzaCUyME92ZXJsb2FkJTIwJTdDJTIwRnJlc2glMjBGcnVpdHMlMjAlMjYlMjBWZWdldGFibGVzJTJGMTkwNDglMjIlMkMlMjJjYXJvdXNlbE5hbWUlMjIlM0ElMjIlMjIlMkMlMjJjb2xsZWN0aW9uSWQlMjIlM0ElMjIxOTA0OCUyMiUyQyUyMmluZGV4Q2xpY2tlZCUyMiUzQTYwJTdE,https://images.mango-prod.siammakro.cloud/SOURCE/03d3ad1d2e474d0784cf86c863f9f87a,"ซื้อ 1,200฿ ได้รับ 20 พอยท์",ผักสลัดฟริลเล่ซ์ ไฮโดรโปนิกส์ แพ็ค 500 ก.,฿,63.,00,,฿ 65.00,-3%,,
https://www.makro.pro/th/p/2ko_4lr-7275680071875?info=JTdCJTIycGFnZVNsdWclMjIlM0ElMjJGcmVzaCUyME92ZXJsb2FkJTIwJTdDJTIwRnJlc2glMjBGcnVpdHMlMjAlMjYlMjBWZWdldGFibGVzJTJGMTkwNDglMjIlMkMlMjJjYXJvdXNlbE5hbWUlMjIlM0ElMjIlMjIlMkMlMjJjb2xsZWN0aW9uSWQlMjIlM0ElMjIxOTA0OCUyMiUyQyUyMmluZGV4Q2xpY2tlZCUyMiUzQTYxJTdE,https://images.mango-prod.siammakro.cloud/SOURCE/1ac8028202a64f1790a2c096ee65c26f,"ซื้อ 1,200฿ ได้รับ 20 พอยท์",เห็ดแชมปิญองน้ําตาลเล็ก 200 ก.,฿,56.,00,,฿ 59.00,-5%,,
https://www.makro.pro/th/p/32ylt0g-7275693015235?info=JTdCJTIycGFnZVNsdWclMjIlM0ElMjJGcmVzaCUyME92ZXJsb2FkJTIwJTdDJTIwRnJlc2glMjBGcnVpdHMlMjAlMjYlMjBWZWdldGFibGVzJTJGMTkwNDglMjIlMkMlMjJjYXJvdXNlbE5hbWUlMjIlM0ElMjIlMjIlMkMlMjJjb2xsZWN0aW9uSWQlMjIlM0ElMjIxOTA0OCUyMiUyQyUyMmluZGV4Q2xpY2tlZCUyMiUzQTYyJTdE,https://images.mango-prod.siammakro.cloud/product-images/7275693015235-b8911082-a2c4-4a60-aca9-2cd856186ad5.jpeg?imageMogr2/thumbnail/300x300,"ซื้อ 1,200฿ ได้รับ 20 พอยท์",บลูเบอร์รี่ 500 ก.,"฿

299.

00",฿,00,,,,,
https://www.makro.pro/th/p/tXSLOb_-35350156655626?info=JTdCJTIycGFnZVNsdWclMjIlM0ElMjJGcmVzaCUyME92ZXJsb2FkJTIwJTdDJTIwRnJlc2glMjBGcnVpdHMlMjAlMjYlMjBWZWdldGFibGVzJTJGMTkwNDglMjIlMkMlMjJjYXJvdXNlbE5hbWUlMjIlM0ElMjIlMjIlMkMlMjJjb2xsZWN0aW9uSWQlMjIlM0ElMjIxOTA0OCUyMiUyQyUyMmluZGV4Q2xpY2tlZCUyMiUzQTYzJTdE,https://images.mango-prod.siammakro.cloud/product-images/35350156655626-a1d0cd0e-be79-4c66-b5d6-73b3ce8dea7b.jpeg?imageMogr2/thumbnail/300x300,"ซื้อ 1,200฿ ได้รับ 20 พอยท์",แก้วมังกรเวียดนาม (เบอร์ 16-18) 5 กก.,"฿

65.

00

/kg",฿,00,/kg,,,,
https://www.makro.pro/th/p/-SwnkRO-318781385252322?info=JTdCJTIycGFnZVNsdWclMjIlM0ElMjJGcmVzaCUyME92ZXJsb2FkJTIwJTdDJTIwRnJlc2glMjBGcnVpdHMlMjAlMjYlMjBWZWdldGFibGVzJTJGMTkwNDglMjIlMkMlMjJjYXJvdXNlbE5hbWUlMjIlM0ElMjIlMjIlMkMlMjJjb2xsZWN0aW9uSWQlMjIlM0ElMjIxOTA0OCUyMiUyQyUyMmluZGV4Q2xpY2tlZCUyMiUzQTY0JTdE,https://images.mango-prod.siammakro.cloud/SOURCE/131e80c4e81e4fe49374c49fe7dbfd2c,"ซื้อ 1,200฿ ได้รับ 20 พอยท์",พริกยักษ์สามสี 1 แพ็ค,฿,69.,00,,฿ 72.00,-4%,,
https://www.makro.pro/th/p/1l2QizL-947157295070186?info=JTdCJTIycGFnZVNsdWclMjIlM0ElMjJGcmVzaCUyME92ZXJsb2FkJTIwJTdDJTIwRnJlc2glMjBGcnVpdHMlMjAlMjYlMjBWZWdldGFibGVzJTJGMTkwNDglMjIlMkMlMjJjYXJvdXNlbE5hbWUlMjIlM0ElMjIlMjIlMkMlMjJjb2xsZWN0aW9uSWQlMjIlM0ElMjIxOTA0OCUyMiUyQyUyMmluZGV4Q2xpY2tlZCUyMiUzQTY1JTdE,https://images.mango-prod.siammakro.cloud/SOURCE/37574db63689488286ba433ec384dbff,"ซื้อ 1,200฿ ได้รับ 20 พอยท์",องุ่นแดงไร้เมล็ดออสเตรเลีย 1 กก.,"฿

199.

00

/kg",฿,00,/kg,,,,
https://www.makro.pro/th/p/pK2JGrc-52692624838854?info=JTdCJTIycGFnZVNsdWclMjIlM0ElMjJGcmVzaCUyME92ZXJsb2FkJTIwJTdDJTIwRnJlc2glMjBGcnVpdHMlMjAlMjYlMjBWZWdldGFibGVzJTJGMTkwNDglMjIlMkMlMjJjYXJvdXNlbE5hbWUlMjIlM0ElMjIlMjIlMkMlMjJjb2xsZWN0aW9uSWQlMjIlM0ElMjIxOTA0OCUyMiUyQyUyMmluZGV4Q2xpY2tlZCUyMiUzQTY2JTdE,https://images.mango-prod.siammakro.cloud/product-images/52692624838854-35531317-4e01-4022-9682-e6a02d0424d5.jpeg?imageMogr2/thumbnail/300x300,"ซื้อ 1,200฿ ได้รับ 20 พอยท์",เอโร่ มะเขือเทศสีดา 1 กก.,฿,33.,00,,฿ 35.00,-5%,,
https://www.makro.pro/th/p/1CRHrS5-753521501778522?info=JTdCJTIycGFnZVNsdWclMjIlM0ElMjJGcmVzaCUyME92ZXJsb2FkJTIwJTdDJTIwRnJlc2glMjBGcnVpdHMlMjAlMjYlMjBWZWdldGFibGVzJTJGMTkwNDglMjIlMkMlMjJjYXJvdXNlbE5hbWUlMjIlM0ElMjIlMjIlMkMlMjJjb2xsZWN0aW9uSWQlMjIlM0ElMjIxOTA0OCUyMiUyQyUyMmluZGV4Q2xpY2tlZCUyMiUzQTY3JTdE,https://images.mango-prod.siammakro.cloud/product-images/753521501778522-a2e751f8-02c1-4103-8213-42d54eafabd6.jpeg?imageMogr2/thumbnail/300x300,"ซื้อ 1,200฿ ได้รับ 20 พอยท์",บีทรูท 1 กก.,฿,45.,00,,฿ 55.00,-18%,,
https://www.makro.pro/th/p/idjbpp2-7115238408387?info=JTdCJTIycGFnZVNsdWclMjIlM0ElMjJGcmVzaCUyME92ZXJsb2FkJTIwJTdDJTIwRnJlc2glMjBGcnVpdHMlMjAlMjYlMjBWZWdldGFibGVzJTJGMTkwNDglMjIlMkMlMjJjYXJvdXNlbE5hbWUlMjIlM0ElMjIlMjIlMkMlMjJjb2xsZWN0aW9uSWQlMjIlM0ElMjIxOTA0OCUyMiUyQyUyMmluZGV4Q2xpY2tlZCUyMiUzQTY4JTdE,https://images.mango-prod.siammakro.cloud/product-images/7115238408387-31c8973b-1238-4c13-b6e9-5d85132a1cea.jpeg?imageMogr2/thumbnail/300x300,"ซื้อ 1,200฿ ได้รับ 20 พอยท์",โรสแมรี่ 100 ก.,฿,83.,00,,฿ 85.00,-2%,,
https://www.makro.pro/th/p/2slGp1q-724925276478246?info=JTdCJTIycGFnZVNsdWclMjIlM0ElMjJGcmVzaCUyME92ZXJsb2FkJTIwJTdDJTIwRnJlc2glMjBGcnVpdHMlMjAlMjYlMjBWZWdldGFibGVzJTJGMTkwNDglMjIlMkMlMjJjYXJvdXNlbE5hbWUlMjIlM0ElMjIlMjIlMkMlMjJjb2xsZWN0aW9uSWQlMjIlM0ElMjIxOTA0OCUyMiUyQyUyMmluZGV4Q2xpY2tlZCUyMiUzQTY5JTdE,https://images.mango-prod.siammakro.cloud/SOURCE/42423c3158f54e68a183fb1f71b72a5d,"ซื้อ 1,200฿ ได้รับ 20 พอยท์",พาร์สเลย์ 100 ก.,฿,25.,00,,฿ 35.00,-28%,,
https://www.makro.pro/th/p/nWH_uWr-115772665280309?info=JTdCJTIycGFnZVNsdWclMjIlM0ElMjJGcmVzaCUyME92ZXJsb2FkJTIwJTdDJTIwRnJlc2glMjBGcnVpdHMlMjAlMjYlMjBWZWdldGFibGVzJTJGMTkwNDglMjIlMkMlMjJjYXJvdXNlbE5hbWUlMjIlM0ElMjIlMjIlMkMlMjJjb2xsZWN0aW9uSWQlMjIlM0ElMjIxOTA0OCUyMiUyQyUyMmluZGV4Q2xpY2tlZCUyMiUzQTcwJTdE,https://images.mango-prod.siammakro.cloud/SOURCE/42423c3158f54e68a183fb1f71b72a5d,"ซื้อ 1,200฿ ได้รับ 20 พอยท์",พาร์สเลย์ แพ็คละ 50 ก.,฿,16.,00,,฿ 22.00,-27%,,
https://www.makro.pro/th/p/8FInNFm-669737855829170?info=JTdCJTIycGFnZVNsdWclMjIlM0ElMjJGcmVzaCUyME92ZXJsb2FkJTIwJTdDJTIwRnJlc2glMjBGcnVpdHMlMjAlMjYlMjBWZWdldGFibGVzJTJGMTkwNDglMjIlMkMlMjJjYXJvdXNlbE5hbWUlMjIlM0ElMjIlMjIlMkMlMjJjb2xsZWN0aW9uSWQlMjIlM0ElMjIxOTA0OCUyMiUyQyUyMmluZGV4Q2xpY2tlZCUyMiUzQTcxJTdE,https://images.mango-prod.siammakro.cloud/product-images/669737855829170-0e8cb087-a8a6-42b2-aabd-fc8004f14aab.jpeg?imageMogr2/thumbnail/300x300,"ซื้อ 1,200฿ ได้รับ 20 พอยท์",เซอลารี นําเข้า 1 กก.,"฿

69.

00

/kg",฿,00,/kg,,,,
https://www.makro.pro/th/p/nzy2w4p-7566445084867?info=JTdCJTIycGFnZVNsdWclMjIlM0ElMjJGcmVzaCUyME92ZXJsb2FkJTIwJTdDJTIwRnJlc2glMjBGcnVpdHMlMjAlMjYlMjBWZWdldGFibGVzJTJGMTkwNDglMjIlMkMlMjJjYXJvdXNlbE5hbWUlMjIlM0ElMjIlMjIlMkMlMjJjb2xsZWN0aW9uSWQlMjIlM0ElMjIxOTA0OCUyMiUyQyUyMmluZGV4Q2xpY2tlZCUyMiUzQTcyJTdE,https://images.mango-prod.siammakro.cloud/SOURCE/c137ee20fd424eeabf77a163b395ce49,"ซื้อ 1,200฿ ได้รับ 20 พอยท์",มันหวานญี่ปุ่น เบนิฮารุกะ 1 กก.,฿,169.,00,,฿ 179.00,-5%,,
https://www.makro.pro/th/p/g51rvrl-7078706905283?info=JTdCJTIycGFnZVNsdWclMjIlM0ElMjJGcmVzaCUyME92ZXJsb2FkJTIwJTdDJTIwRnJlc2glMjBGcnVpdHMlMjAlMjYlMjBWZWdldGFibGVzJTJGMTkwNDglMjIlMkMlMjJjYXJvdXNlbE5hbWUlMjIlM0ElMjIlMjIlMkMlMjJjb2xsZWN0aW9uSWQlMjIlM0ElMjIxOTA0OCUyMiUyQyUyMmluZGV4Q2xpY2tlZCUyMiUzQTczJTdE,https://images.mango-prod.siammakro.cloud/SOURCE/50f7257a0dc54187856e39717c8c3df9,"ซื้อ 1,200฿ ได้รับ 20 พอยท์",เห็ดหิมะขาว 150 ก.,฿,12.,00,,฿ 17.00,-29%,,
https://www.makro.pro/th/p/9vct6ge-7606382756035?info=JTdCJTIycGFnZVNsdWclMjIlM0ElMjJGcmVzaCUyME92ZXJsb2FkJTIwJTdDJTIwRnJlc2glMjBGcnVpdHMlMjAlMjYlMjBWZWdldGFibGVzJTJGMTkwNDglMjIlMkMlMjJjYXJvdXNlbE5hbWUlMjIlM0ElMjIlMjIlMkMlMjJjb2xsZWN0aW9uSWQlMjIlM0ElMjIxOTA0OCUyMiUyQyUyMmluZGV4Q2xpY2tlZCUyMiUzQTc0JTdE,https://images.mango-prod.siammakro.cloud/product-images/7606382756035-d27d8459-2148-4260-9445-a037ac96132a.jpeg?imageMogr2/thumbnail/300x300,"ซื้อ 1,200฿ ได้รับ 20 พอยท์",ผักกวางตุ้ง ถุงใหญ่ 3 กก.,"฿

25.

00

/kg",฿,00,/kg,,,,
https://www.makro.pro/th/p/zcddle-7078705889475?info=JTdCJTIycGFnZVNsdWclMjIlM0ElMjJGcmVzaCUyME92ZXJsb2FkJTIwJTdDJTIwRnJlc2glMjBGcnVpdHMlMjAlMjYlMjBWZWdldGFibGVzJTJGMTkwNDglMjIlMkMlMjJjYXJvdXNlbE5hbWUlMjIlM0ElMjIlMjIlMkMlMjJjb2xsZWN0aW9uSWQlMjIlM0ElMjIxOTA0OCUyMiUyQyUyMmluZGV4Q2xpY2tlZCUyMiUzQTc1JTdE,https://images.mango-prod.siammakro.cloud/SOURCE/8531f32e5532489fbd0901752f7fe6df,"ซื้อ 1,200฿ ได้รับ 20 พอยท์",ผักชี 300 ก.,฿,29.,00,,฿ 33.00,-12%,,
https://www.makro.pro/th/p/pgrzt-c-7422332305603?info=JTdCJTIycGFnZVNsdWclMjIlM0ElMjJGcmVzaCUyME92ZXJsb2FkJTIwJTdDJTIwRnJlc2glMjBGcnVpdHMlMjAlMjYlMjBWZWdldGFibGVzJTJGMTkwNDglMjIlMkMlMjJjYXJvdXNlbE5hbWUlMjIlM0ElMjIlMjIlMkMlMjJjb2xsZWN0aW9uSWQlMjIlM0ElMjIxOTA0OCUyMiUyQyUyMmluZGV4Q2xpY2tlZCUyMiUzQTc2JTdE,https://images.mango-prod.siammakro.cloud/product-images/7422332305603-e7012e47-c32e-46b7-ac9b-5990c8700e69.jpeg?imageMogr2/thumbnail/300x300,"ซื้อ 1,200฿ ได้รับ 20 พอยท์",ข้าวโพดอ่อนปอกเปลือก 500 ก.,฿,33.,00,,฿ 35.00,-5%,,
https://www.makro.pro/th/p/BA-nQUo-294992901242250?info=JTdCJTIycGFnZVNsdWclMjIlM0ElMjJGcmVzaCUyME92ZXJsb2FkJTIwJTdDJTIwRnJlc2glMjBGcnVpdHMlMjAlMjYlMjBWZWdldGFibGVzJTJGMTkwNDglMjIlMkMlMjJjYXJvdXNlbE5hbWUlMjIlM0ElMjIlMjIlMkMlMjJjb2xsZWN0aW9uSWQlMjIlM0ElMjIxOTA0OCUyMiUyQyUyMmluZGV4Q2xpY2tlZCUyMiUzQTc3JTdE,https://images.mango-prod.siammakro.cloud/product-images/294992901242250-184d18f2-d10d-4be9-8f82-4b4d0e609c5e.jpeg?imageMogr2/thumbnail/300x300,"ซื้อ 1,200฿ ได้รับ 20 พอยท์",เอโร่ ผักบุ้งจีน ถุงใหญ่ 3 กก.,"฿

27.

00

/kg",฿,00,/kg,,,,
https://www.makro.pro/th/p/sIkj6PN-565198027687102?info=JTdCJTIycGFnZVNsdWclMjIlM0ElMjJGcmVzaCUyME92ZXJsb2FkJTIwJTdDJTIwRnJlc2glMjBGcnVpdHMlMjAlMjYlMjBWZWdldGFibGVzJTJGMTkwNDglMjIlMkMlMjJjYXJvdXNlbE5hbWUlMjIlM0ElMjIlMjIlMkMlMjJjb2xsZWN0aW9uSWQlMjIlM0ElMjIxOTA0OCUyMiUyQyUyMmluZGV4Q2xpY2tlZCUyMiUzQTc4JTdE,https://images.mango-prod.siammakro.cloud/product-images/565198027687102-c099ae67-b5a8-4a6f-b567-ad2aa3e6a570.jpeg?imageMogr2/thumbnail/300x300,"ซื้อ 1,200฿ ได้รับ 20 พอยท์",เอโร่ ดอกไม้รวม (ทานได้) 25 ก.,฿,77.,00,,฿ 79.00,-2%,,
https://www.makro.pro/th/p/pt2qbww-7325019963587?info=JTdCJTIycGFnZVNsdWclMjIlM0ElMjJGcmVzaCUyME92ZXJsb2FkJTIwJTdDJTIwRnJlc2glMjBGcnVpdHMlMjAlMjYlMjBWZWdldGFibGVzJTJGMTkwNDglMjIlMkMlMjJjYXJvdXNlbE5hbWUlMjIlM0ElMjIlMjIlMkMlMjJjb2xsZWN0aW9uSWQlMjIlM0ElMjIxOTA0OCUyMiUyQyUyMmluZGV4Q2xpY2tlZCUyMiUzQTc5JTdE,https://images.mango-prod.siammakro.cloud/product-images/7325019963587-00be4bf0-648d-4f33-abb4-819bc18be04c.jpeg?imageMogr2/thumbnail/300x300,"ซื้อ 1,200฿ ได้รับ 20 พอยท์",มะพร้าวเผา 1 ลูก,฿,27.,00,,฿ 29.00,-6%,,
https://www.makro.pro/th/p/yffwn86-7275660476611?info=JTdCJTIycGFnZVNsdWclMjIlM0ElMjJGcmVzaCUyME92ZXJsb2FkJTIwJTdDJTIwRnJlc2glMjBGcnVpdHMlMjAlMjYlMjBWZWdldGFibGVzJTJGMTkwNDglMjIlMkMlMjJjYXJvdXNlbE5hbWUlMjIlM0ElMjIlMjIlMkMlMjJjb2xsZWN0aW9uSWQlMjIlM0ElMjIxOTA0OCUyMiUyQyUyMmluZGV4Q2xpY2tlZCUyMiUzQTgwJTdE,https://images.mango-prod.siammakro.cloud/SOURCE/661508f6b61a443f971f7976c6c7a630,"ซื้อ 1,200฿ ได้รับ 20 พอยท์",กวางตุ้งฮ่องเต้ อินทรีย์ แพ็ค 300 ก.,฿,37.,00,,฿ 39.00,-5%,,
https://www.makro.pro/th/p/lgasylg-7325003153603?info=JTdCJTIycGFnZVNsdWclMjIlM0ElMjJGcmVzaCUyME92ZXJsb2FkJTIwJTdDJTIwRnJlc2glMjBGcnVpdHMlMjAlMjYlMjBWZWdldGFibGVzJTJGMTkwNDglMjIlMkMlMjJjYXJvdXNlbE5hbWUlMjIlM0ElMjIlMjIlMkMlMjJjb2xsZWN0aW9uSWQlMjIlM0ElMjIxOTA0OCUyMiUyQyUyMmluZGV4Q2xpY2tlZCUyMiUzQTgxJTdE,https://images.mango-prod.siammakro.cloud/SOURCE/d175ecedbd71400ab907dba0e6c7d0d3,"ซื้อ 1,200฿ ได้รับ 20 พอยท์",มะพร้าวอ่อนน้ําหอม 8 ลูก,"฿

200.

00",฿,00,,,,,
https://www.makro.pro/th/p/hdxuqkc-7325022224579?info=JTdCJTIycGFnZVNsdWclMjIlM0ElMjJGcmVzaCUyME92ZXJsb2FkJTIwJTdDJTIwRnJlc2glMjBGcnVpdHMlMjAlMjYlMjBWZWdldGFibGVzJTJGMTkwNDglMjIlMkMlMjJjYXJvdXNlbE5hbWUlMjIlM0ElMjIlMjIlMkMlMjJjb2xsZWN0aW9uSWQlMjIlM0ElMjIxOTA0OCUyMiUyQyUyMmluZGV4Q2xpY2tlZCUyMiUzQTgyJTdE,https://images.mango-prod.siammakro.cloud/product-images/7325022224579-638722da-01f4-485d-b9f2-ca985e0783a2.jpeg?imageMogr2/thumbnail/300x300,"ซื้อ 1,200฿ ได้รับ 20 พอยท์",ใบโอบะ 50 ชิ้น,฿,66.,00,,฿ 69.00,-4%,,
https://www.makro.pro/th/p/3exibr0-7416141775043?info=JTdCJTIycGFnZVNsdWclMjIlM0ElMjJGcmVzaCUyME92ZXJsb2FkJTIwJTdDJTIwRnJlc2glMjBGcnVpdHMlMjAlMjYlMjBWZWdldGFibGVzJTJGMTkwNDglMjIlMkMlMjJjYXJvdXNlbE5hbWUlMjIlM0ElMjIlMjIlMkMlMjJjb2xsZWN0aW9uSWQlMjIlM0ElMjIxOTA0OCUyMiUyQyUyMmluZGV4Q2xpY2tlZCUyMiUzQTgzJTdE,https://images.mango-prod.siammakro.cloud/product-images/7416141775043-a7b67e79-30ff-44fb-9283-494aa31bc06d.jpeg?imageMogr2/thumbnail/300x300,"ซื้อ 1,200฿ ได้รับ 20 พอยท์",เห็ดหลินขาว ยกลัง (1 กก. X 8),"฿

600.

00",฿,00,,,,,
https://www.makro.pro/th/p/YPIPL1M-231586826512649?info=JTdCJTIycGFnZVNsdWclMjIlM0ElMjJGcmVzaCUyME92ZXJsb2FkJTIwJTdDJTIwRnJlc2glMjBGcnVpdHMlMjAlMjYlMjBWZWdldGFibGVzJTJGMTkwNDglMjIlMkMlMjJjYXJvdXNlbE5hbWUlMjIlM0ElMjIlMjIlMkMlMjJjb2xsZWN0aW9uSWQlMjIlM0ElMjIxOTA0OCUyMiUyQyUyMmluZGV4Q2xpY2tlZCUyMiUzQTg0JTdE,https://images.mango-prod.siammakro.cloud/SOURCE/b18551d5a1b247a891af866b9d202c6f,"ซื้อ 1,200฿ ได้รับ 20 พอยท์",โครงการหลวง กะหล่ําปลี,"฿

45.

00

/kg",฿,00,/kg,,,,
https://www.makro.pro/th/p/z-v-cyp-7115249287363?info=JTdCJTIycGFnZVNsdWclMjIlM0ElMjJGcmVzaCUyME92ZXJsb2FkJTIwJTdDJTIwRnJlc2glMjBGcnVpdHMlMjAlMjYlMjBWZWdldGFibGVzJTJGMTkwNDglMjIlMkMlMjJjYXJvdXNlbE5hbWUlMjIlM0ElMjIlMjIlMkMlMjJjb2xsZWN0aW9uSWQlMjIlM0ElMjIxOTA0OCUyMiUyQyUyMmluZGV4Q2xpY2tlZCUyMiUzQTg1JTdE,https://images.mango-prod.siammakro.cloud/SOURCE/412e976db1254f12af3819c499210b4c,"ซื้อ 1,200฿ ได้รับ 20 พอยท์",อโวคาโดไทย แพ็ค 1 กก.,฿,75.,00,,฿ 79.00,-5%,,
https://www.makro.pro/th/p/02o5llm-7325030908099?info=JTdCJTIycGFnZVNsdWclMjIlM0ElMjJGcmVzaCUyME92ZXJsb2FkJTIwJTdDJTIwRnJlc2glMjBGcnVpdHMlMjAlMjYlMjBWZWdldGFibGVzJTJGMTkwNDglMjIlMkMlMjJjYXJvdXNlbE5hbWUlMjIlM0ElMjIlMjIlMkMlMjJjb2xsZWN0aW9uSWQlMjIlM0ElMjIxOTA0OCUyMiUyQyUyMmluZGV4Q2xpY2tlZCUyMiUzQTg2JTdE,https://images.mango-prod.siammakro.cloud/SOURCE/98b302cfdb8f4c59830ba1b3fefd8d82,"ซื้อ 1,200฿ ได้รับ 20 พอยท์",ผักเหลียง 200 ก.,"฿

69.

00",฿,00,,,,,
https://www.makro.pro/th/p/b-9s8gs-7422338040003?info=JTdCJTIycGFnZVNsdWclMjIlM0ElMjJGcmVzaCUyME92ZXJsb2FkJTIwJTdDJTIwRnJlc2glMjBGcnVpdHMlMjAlMjYlMjBWZWdldGFibGVzJTJGMTkwNDglMjIlMkMlMjJjYXJvdXNlbE5hbWUlMjIlM0ElMjIlMjIlMkMlMjJjb2xsZWN0aW9uSWQlMjIlM0ElMjIxOTA0OCUyMiUyQyUyMmluZGV4Q2xpY2tlZCUyMiUzQTg3JTdE,https://images.mango-prod.siammakro.cloud/SOURCE/8f445a9a3ffb4653a4aff771ce069a0d,"ซื้อ 1,200฿ ได้รับ 20 พอยท์",หน่อไม้ฝรั่งเขียว 300 ก.,"฿

59.

00",฿,00,,,,,
https://www.makro.pro/th/p/j3Mg2Bi-749720935344636?info=JTdCJTIycGFnZVNsdWclMjIlM0ElMjJGcmVzaCUyME92ZXJsb2FkJTIwJTdDJTIwRnJlc2glMjBGcnVpdHMlMjAlMjYlMjBWZWdldGFibGVzJTJGMTkwNDglMjIlMkMlMjJjYXJvdXNlbE5hbWUlMjIlM0ElMjIlMjIlMkMlMjJjb2xsZWN0aW9uSWQlMjIlM0ElMjIxOTA0OCUyMiUyQyUyMmluZGV4Q2xpY2tlZCUyMiUzQTg4JTdE,https://images.mango-prod.siammakro.cloud/SOURCE/bff9f3fe499a45bcb98c78e000439acf,"ซื้อ 1,200฿ ได้รับ 20 พอยท์",ผักกาดหอมจีน 1 กก.,฿,69.,00,,฿ 79.00,-12%,,
https://www.makro.pro/th/p/3diAzS0-47465605242809?info=JTdCJTIycGFnZVNsdWclMjIlM0ElMjJGcmVzaCUyME92ZXJsb2FkJTIwJTdDJTIwRnJlc2glMjBGcnVpdHMlMjAlMjYlMjBWZWdldGFibGVzJTJGMTkwNDglMjIlMkMlMjJjYXJvdXNlbE5hbWUlMjIlM0ElMjIlMjIlMkMlMjJjb2xsZWN0aW9uSWQlMjIlM0ElMjIxOTA0OCUyMiUyQyUyMmluZGV4Q2xpY2tlZCUyMiUzQTg5JTdE,https://images.mango-prod.siammakro.cloud/SOURCE/350d772472f8473dbee3f2bf909bad2c,"ซื้อ 1,200฿ ได้รับ 20 พอยท์",แห้วสดปอกเปลือก 1 กก.,"฿

118.

00

/kg",฿,00,/kg,,,,
https://www.makro.pro/th/p/1-w6XSB-527924892900034?info=JTdCJTIycGFnZVNsdWclMjIlM0ElMjJGcmVzaCUyME92ZXJsb2FkJTIwJTdDJTIwRnJlc2glMjBGcnVpdHMlMjAlMjYlMjBWZWdldGFibGVzJTJGMTkwNDglMjIlMkMlMjJjYXJvdXNlbE5hbWUlMjIlM0ElMjIlMjIlMkMlMjJjb2xsZWN0aW9uSWQlMjIlM0ElMjIxOTA0OCUyMiUyQyUyMmluZGV4Q2xpY2tlZCUyMiUzQTkwJTdE,https://images.mango-prod.siammakro.cloud/product-images/527924892900034-b599aba1-0d41-41cc-a463-86865638dc20.jpeg?imageMogr2/thumbnail/300x300,"ซื้อ 1,200฿ ได้รับ 20 พอยท์",ชุดดอกไม้แฟนตาซีทานได้ 50 ก.,฿,147.,00,,฿ 149.00,-1%,,
https://www.makro.pro/th/p/ai4MS2sB-278890180015171?info=JTdCJTIycGFnZVNsdWclMjIlM0ElMjJGcmVzaCUyME92ZXJsb2FkJTIwJTdDJTIwRnJlc2glMjBGcnVpdHMlMjAlMjYlMjBWZWdldGFibGVzJTJGMTkwNDglMjIlMkMlMjJjYXJvdXNlbE5hbWUlMjIlM0ElMjIlMjIlMkMlMjJjb2xsZWN0aW9uSWQlMjIlM0ElMjIxOTA0OCUyMiUyQyUyMmluZGV4Q2xpY2tlZCUyMiUzQTkxJTdE,https://images.mango-prod.siammakro.cloud/product-images/278890180015171-36596503-afd5-4760-b50a-8c3dbdf812d3.jpeg?imageMogr2/thumbnail/300x300,ซื้อ 2 จ่าย 1,ส้มว่อกานลูกเล็ก 1.5 กก.,"฿

149.

00",฿,00,,,,,
https://www.makro.pro/th/p/fxeo9sd-571820276809422?info=JTdCJTIycGFnZVNsdWclMjIlM0ElMjJGcmVzaCUyME92ZXJsb2FkJTIwJTdDJTIwRnJlc2glMjBGcnVpdHMlMjAlMjYlMjBWZWdldGFibGVzJTJGMTkwNDglMjIlMkMlMjJjYXJvdXNlbE5hbWUlMjIlM0ElMjIlMjIlMkMlMjJjb2xsZWN0aW9uSWQlMjIlM0ElMjIxOTA0OCUyMiUyQyUyMmluZGV4Q2xpY2tlZCUyMiUzQTkyJTdE,https://images.mango-prod.siammakro.cloud/SOURCE/8b46dfd8448d4fd7881d42d1f393b3c9,"ซื้อ 1,200฿ ได้รับ 20 พอยท์",มะม่วงเขียวเสวย 1 กก.,฿,89.,00,,/kg,-6%,,
https://www.makro.pro/th/p/l0de7v3-7275693572291?info=JTdCJTIycGFnZVNsdWclMjIlM0ElMjJGcmVzaCUyME92ZXJsb2FkJTIwJTdDJTIwRnJlc2glMjBGcnVpdHMlMjAlMjYlMjBWZWdldGFibGVzJTJGMTkwNDglMjIlMkMlMjJjYXJvdXNlbE5hbWUlMjIlM0ElMjIlMjIlMkMlMjJjb2xsZWN0aW9uSWQlMjIlM0ElMjIxOTA0OCUyMiUyQyUyMmluZGV4Q2xpY2tlZCUyMiUzQTkzJTdE,https://images.mango-prod.siammakro.cloud/product-images/7275693572291-b771b1fc-c58b-4ee8-bb8c-cec03ead8deb.jpeg?imageMogr2/thumbnail/300x300,"ซื้อ 1,200฿ ได้รับ 20 พอยท์",กล้วยน้ําว้า 1 หวี,฿,59.,00,,฿ 65.00,-9%,,
https://www.makro.pro/th/p/138Rj9X-512727323580125?info=JTdCJTIycGFnZVNsdWclMjIlM0ElMjJGcmVzaCUyME92ZXJsb2FkJTIwJTdDJTIwRnJlc2glMjBGcnVpdHMlMjAlMjYlMjBWZWdldGFibGVzJTJGMTkwNDglMjIlMkMlMjJjYXJvdXNlbE5hbWUlMjIlM0ElMjIlMjIlMkMlMjJjb2xsZWN0aW9uSWQlMjIlM0ElMjIxOTA0OCUyMiUyQyUyMmluZGV4Q2xpY2tlZCUyMiUzQTk0JTdE,https://images.mango-prod.siammakro.cloud/SOURCE/409288079ee14b7982ad38d9a7a831b4,"ซื้อ 1,200฿ ได้รับ 20 พอยท์",เคล อินทรีย์ แพ็คละ 150 ก.,฿,37.,00,,฿ 39.00,-5%,,
https://www.makro.pro/th/p/pydxvmc-7352886952131?info=JTdCJTIycGFnZVNsdWclMjIlM0ElMjJGcmVzaCUyME92ZXJsb2FkJTIwJTdDJTIwRnJlc2glMjBGcnVpdHMlMjAlMjYlMjBWZWdldGFibGVzJTJGMTkwNDglMjIlMkMlMjJjYXJvdXNlbE5hbWUlMjIlM0ElMjIlMjIlMkMlMjJjb2xsZWN0aW9uSWQlMjIlM0ElMjIxOTA0OCUyMiUyQyUyMmluZGV4Q2xpY2tlZCUyMiUzQTk1JTdE,https://images.mango-prod.siammakro.cloud/product-images/7352886952131-119232a3-b727-4989-b7d8-5700388d468d.jpeg?imageMogr2/thumbnail/300x300,"ซื้อ 1,200฿ ได้รับ 20 พอยท์",ผักสลัดกรีนโอ๊คอินทรีย์ 300 ก.,฿,67.,00,,฿ 69.00,-2%,,
https://www.makro.pro/th/p/8numuzd-7275675320515?info=JTdCJTIycGFnZVNsdWclMjIlM0ElMjJGcmVzaCUyME92ZXJsb2FkJTIwJTdDJTIwRnJlc2glMjBGcnVpdHMlMjAlMjYlMjBWZWdldGFibGVzJTJGMTkwNDglMjIlMkMlMjJjYXJvdXNlbE5hbWUlMjIlM0ElMjIlMjIlMkMlMjJjb2xsZWN0aW9uSWQlMjIlM0ElMjIxOTA0OCUyMiUyQyUyMmluZGV4Q2xpY2tlZCUyMiUzQTk2JTdE,https://images.mango-prod.siammakro.cloud/product-images/7275675320515-096e092d-9752-45b5-94b8-27474ff7d957.jpeg?imageMogr2/thumbnail/300x300,"ซื้อ 1,200฿ ได้รับ 20 พอยท์",เห็ดเข็มทอง ยกลัง 500 ก. x 20,฿,480.,00,,฿ 500.00,-4%,,
https://www.makro.pro/th/p/e9f9h52-7275680170179?info=JTdCJTIycGFnZVNsdWclMjIlM0ElMjJGcmVzaCUyME92ZXJsb2FkJTIwJTdDJTIwRnJlc2glMjBGcnVpdHMlMjAlMjYlMjBWZWdldGFibGVzJTJGMTkwNDglMjIlMkMlMjJjYXJvdXNlbE5hbWUlMjIlM0ElMjIlMjIlMkMlMjJjb2xsZWN0aW9uSWQlMjIlM0ElMjIxOTA0OCUyMiUyQyUyMmluZGV4Q2xpY2tlZCUyMiUzQTk3JTdE,https://images.mango-prod.siammakro.cloud/product-images/7275680170179-0e4759d2-1686-4b62-8074-75ea11b22bfe.jpeg?imageMogr2/thumbnail/300x300,"ซื้อ 1,200฿ ได้รับ 20 พอยท์",เห็ดหลินขาว ยกลัง (150 ก. x 40),"฿

500.

00",฿,00,,,,,
https://www.makro.pro/th/p/5ib_qkv-7497500360899?info=JTdCJTIycGFnZVNsdWclMjIlM0ElMjJGcmVzaCUyME92ZXJsb2FkJTIwJTdDJTIwRnJlc2glMjBGcnVpdHMlMjAlMjYlMjBWZWdldGFibGVzJTJGMTkwNDglMjIlMkMlMjJjYXJvdXNlbE5hbWUlMjIlM0ElMjIlMjIlMkMlMjJjb2xsZWN0aW9uSWQlMjIlM0ElMjIxOTA0OCUyMiUyQyUyMmluZGV4Q2xpY2tlZCUyMiUzQTk4JTdE,https://images.mango-prod.siammakro.cloud/SOURCE/13e39bae919441258a62bd8423a2decc,"ซื้อ 1,200฿ ได้รับ 20 พอยท์",ราสพ์เบอร์รี่ 125 ก.,"฿

179.

00",฿,00,,,,,
https://www.makro.pro/th/p/hyusndq-7078708347075?info=JTdCJTIycGFnZVNsdWclMjIlM0ElMjJGcmVzaCUyME92ZXJsb2FkJTIwJTdDJTIwRnJlc2glMjBGcnVpdHMlMjAlMjYlMjBWZWdldGFibGVzJTJGMTkwNDglMjIlMkMlMjJjYXJvdXNlbE5hbWUlMjIlM0ElMjIlMjIlMkMlMjJjb2xsZWN0aW9uSWQlMjIlM0ElMjIxOTA0OCUyMiUyQyUyMmluZGV4Q2xpY2tlZCUyMiUzQTk5JTdE,https://images.mango-prod.siammakro.cloud/SOURCE/66b83c9cdb5045059bd850dd0b0d164a,"ซื้อ 1,200฿ ได้รับ 20 พอยท์",สะตอใต้แกะ 200 ก.,฿,184.,00,,฿ 189.00,-2%,,
https://www.makro.pro/th/p/on7awJq-158705154083666?info=JTdCJTIycGFnZVNsdWclMjIlM0ElMjJGcmVzaCUyME92ZXJsb2FkJTIwJTdDJTIwRnJlc2glMjBGcnVpdHMlMjAlMjYlMjBWZWdldGFibGVzJTJGMTkwNDglMjIlMkMlMjJjYXJvdXNlbE5hbWUlMjIlM0ElMjIlMjIlMkMlMjJjb2xsZWN0aW9uSWQlMjIlM0ElMjIxOTA0OCUyMiUyQyUyMmluZGV4Q2xpY2tlZCUyMiUzQTEwMCU3RA,https://images.mango-prod.siammakro.cloud/product-images/158705154083666-cf947015-9e22-4dde-8209-d797fdf6d1bf.jpeg?imageMogr2/thumbnail/300x300,,มะนาวเหลือง แพ็ค 4 ลูก ยกลัง (22 แพ็ค),"฿

1,254.

00",฿,00,,,,,
https://www.makro.pro/th/p/99AjAF1-72804717766441?info=JTdCJTIycGFnZVNsdWclMjIlM0ElMjJGcmVzaCUyME92ZXJsb2FkJTIwJTdDJTIwRnJlc2glMjBGcnVpdHMlMjAlMjYlMjBWZWdldGFibGVzJTJGMTkwNDglMjIlMkMlMjJjYXJvdXNlbE5hbWUlMjIlM0ElMjIlMjIlMkMlMjJjb2xsZWN0aW9uSWQlMjIlM0ElMjIxOTA0OCUyMiUyQyUyMmluZGV4Q2xpY2tlZCUyMiUzQTEwMSU3RA,https://images.mango-prod.siammakro.cloud/SOURCE/f44679971b804bccbc2d5c63d1aab685,"ซื้อ 1,200฿ ได้รับ 20 พอยท์",แตงฮามิกัว 1.5 กก./ลูก,฿,69.,00,,/kg,-12%,,
https://www.makro.pro/th/p/UmlFsNv-530857139598920?info=JTdCJTIycGFnZVNsdWclMjIlM0ElMjJGcmVzaCUyME92ZXJsb2FkJTIwJTdDJTIwRnJlc2glMjBGcnVpdHMlMjAlMjYlMjBWZWdldGFibGVzJTJGMTkwNDglMjIlMkMlMjJjYXJvdXNlbE5hbWUlMjIlM0ElMjIlMjIlMkMlMjJjb2xsZWN0aW9uSWQlMjIlM0ElMjIxOTA0OCUyMiUyQyUyMmluZGV4Q2xpY2tlZCUyMiUzQTEwMiU3RA,https://images.mango-prod.siammakro.cloud/product-images/530857139598920-313b88cb-454d-40da-9067-41a2c14f0933.jpeg?imageMogr2/thumbnail/300x300,"ซื้อ 1,200฿ ได้รับ 20 พอยท์",แอปเปิ้ลเอนวี่ เบอร์ 113 แพ็ค 6 ลูก,"฿

149.

00",฿,00,,,,,
https://www.makro.pro/th/p/I40qARG-455031690199936?info=JTdCJTIycGFnZVNsdWclMjIlM0ElMjJGcmVzaCUyME92ZXJsb2FkJTIwJTdDJTIwRnJlc2glMjBGcnVpdHMlMjAlMjYlMjBWZWdldGFibGVzJTJGMTkwNDglMjIlMkMlMjJjYXJvdXNlbE5hbWUlMjIlM0ElMjIlMjIlMkMlMjJjb2xsZWN0aW9uSWQlMjIlM0ElMjIxOTA0OCUyMiUyQyUyMmluZGV4Q2xpY2tlZCUyMiUzQTEwMyU3RA,https://images.mango-prod.siammakro.cloud/product-images/455031690199936-7885cfd4-de92-4d84-8aef-9b5aff295e70.jpeg?imageMogr2/thumbnail/300x300,"ซื้อ 1,200฿ ได้รับ 20 พอยท์",มะเขือเทศบิจิน 200 ก.,฿,73.,00,,฿ 75.00,-2%,,
https://www.makro.pro/th/p/y7n_ixH-356093261521317?info=JTdCJTIycGFnZVNsdWclMjIlM0ElMjJGcmVzaCUyME92ZXJsb2FkJTIwJTdDJTIwRnJlc2glMjBGcnVpdHMlMjAlMjYlMjBWZWdldGFibGVzJTJGMTkwNDglMjIlMkMlMjJjYXJvdXNlbE5hbWUlMjIlM0ElMjIlMjIlMkMlMjJjb2xsZWN0aW9uSWQlMjIlM0ElMjIxOTA0OCUyMiUyQyUyMmluZGV4Q2xpY2tlZCUyMiUzQTEwNCU3RA,https://images.mango-prod.siammakro.cloud/SOURCE/296a5cd0e88c49e2a84f9e1a3781eba3,"ซื้อ 1,200฿ ได้รับ 20 พอยท์",ฝรั่งแป้นสีทอง 1 กก.,"฿

75.

00

/kg",฿,00,/kg,,,,
https://www.makro.pro/th/p/ftlPD41-770760157681165?info=JTdCJTIycGFnZVNsdWclMjIlM0ElMjJGcmVzaCUyME92ZXJsb2FkJTIwJTdDJTIwRnJlc2glMjBGcnVpdHMlMjAlMjYlMjBWZWdldGFibGVzJTJGMTkwNDglMjIlMkMlMjJjYXJvdXNlbE5hbWUlMjIlM0ElMjIlMjIlMkMlMjJjb2xsZWN0aW9uSWQlMjIlM0ElMjIxOTA0OCUyMiUyQyUyMmluZGV4Q2xpY2tlZCUyMiUzQTEwNSU3RA,https://images.mango-prod.siammakro.cloud/SOURCE/055e3ac127df468382d524293de151e8,"ซื้อ 1,200฿ ได้รับ 20 พอยท์",องุ่นแดงไร้เมล็ดออสเตรเลีย ยกลัง 9 กก.,"฿

169.

00

/kg",฿,00,/kg,,,,
https://www.makro.pro/th/p/xrjqjrb-7352896782531?info=JTdCJTIycGFnZVNsdWclMjIlM0ElMjJGcmVzaCUyME92ZXJsb2FkJTIwJTdDJTIwRnJlc2glMjBGcnVpdHMlMjAlMjYlMjBWZWdldGFibGVzJTJGMTkwNDglMjIlMkMlMjJjYXJvdXNlbE5hbWUlMjIlM0ElMjIlMjIlMkMlMjJjb2xsZWN0aW9uSWQlMjIlM0ElMjIxOTA0OCUyMiUyQyUyMmluZGV4Q2xpY2tlZCUyMiUzQTEwNiU3RA,https://images.mango-prod.siammakro.cloud/SOURCE/9c577849edad448885fdd58fb901c6de,"ซื้อ 1,200฿ ได้รับ 20 พอยท์",แอปเปิ้ลฟูจิ เบอร์ 100 ยกลัง,"฿

849.

00",฿,00,,,,,
https://www.makro.pro/th/p/4yzrhwl-7352896585923?info=JTdCJTIycGFnZVNsdWclMjIlM0ElMjJGcmVzaCUyME92ZXJsb2FkJTIwJTdDJTIwRnJlc2glMjBGcnVpdHMlMjAlMjYlMjBWZWdldGFibGVzJTJGMTkwNDglMjIlMkMlMjJjYXJvdXNlbE5hbWUlMjIlM0ElMjIlMjIlMkMlMjJjb2xsZWN0aW9uSWQlMjIlM0ElMjIxOTA0OCUyMiUyQyUyMmluZGV4Q2xpY2tlZCUyMiUzQTEwNyU3RA,https://images.mango-prod.siammakro.cloud/product-images/7352896585923-fb4bbf63-2f9e-4a47-8f31-209d4524351e.jpeg?imageMogr2/thumbnail/300x300,"ซื้อ 1,200฿ ได้รับ 20 พอยท์",แอปเปิ้ลฟูจิ เบอร์ 113 ยกลัง,"฿

849.

00",฿,00,,,,,
https://www.makro.pro/th/p/ber5snf-7416140005571?info=JTdCJTIycGFnZVNsdWclMjIlM0ElMjJGcmVzaCUyME92ZXJsb2FkJTIwJTdDJTIwRnJlc2glMjBGcnVpdHMlMjAlMjYlMjBWZWdldGFibGVzJTJGMTkwNDglMjIlMkMlMjJjYXJvdXNlbE5hbWUlMjIlM0ElMjIlMjIlMkMlMjJjb2xsZWN0aW9uSWQlMjIlM0ElMjIxOTA0OCUyMiUyQyUyMmluZGV4Q2xpY2tlZCUyMiUzQTEwOCU3RA,https://images.mango-prod.siammakro.cloud/product-images/7416140005571-b077e625-9d97-4f32-bd2f-f8de5ade5120.jpeg?imageMogr2/thumbnail/300x300,"ซื้อ 1,200฿ ได้รับ 20 พอยท์",กล้วยหอม เกรด A 7 หวี,"฿

553.

00",฿,00,,,,,
https://www.makro.pro/th/p/evv84-v-7606385803459?info=JTdCJTIycGFnZVNsdWclMjIlM0ElMjJGcmVzaCUyME92ZXJsb2FkJTIwJTdDJTIwRnJlc2glMjBGcnVpdHMlMjAlMjYlMjBWZWdldGFibGVzJTJGMTkwNDglMjIlMkMlMjJjYXJvdXNlbE5hbWUlMjIlM0ElMjIlMjIlMkMlMjJjb2xsZWN0aW9uSWQlMjIlM0ElMjIxOTA0OCUyMiUyQyUyMmluZGV4Q2xpY2tlZCUyMiUzQTEwOSU3RA,https://images.mango-prod.siammakro.cloud/SOURCE/15337de0e2934ca1b157cc176871db2e,"ซื้อ 1,200฿ ได้รับ 20 พอยท์",มันฝรั่งนอก ยกลัง 10 กก.,"฿

32.00
/kg",฿,,/kg,,,สินค้าหมด,
https://www.makro.pro/th/p/wckzl0q-7606384623811?info=JTdCJTIycGFnZVNsdWclMjIlM0ElMjJGcmVzaCUyME92ZXJsb2FkJTIwJTdDJTIwRnJlc2glMjBGcnVpdHMlMjAlMjYlMjBWZWdldGFibGVzJTJGMTkwNDglMjIlMkMlMjJjYXJvdXNlbE5hbWUlMjIlM0ElMjIlMjIlMkMlMjJjb2xsZWN0aW9uSWQlMjIlM0ElMjIxOTA0OCUyMiUyQyUyMmluZGV4Q2xpY2tlZCUyMiUzQTExMCU3RA,https://images.mango-prod.siammakro.cloud/SOURCE/ec4a469a7dd8485281ad5cbf5bd328b4,"ซื้อ 1,200฿ ได้รับ 20 พอยท์",มันฝรั่งนอก 1 กก.,"฿

35.00
/kg",฿,,/kg,,,สินค้าหมด,
https://www.makro.pro/th/p/zrzjnjj-7275693539523?info=JTdCJTIycGFnZVNsdWclMjIlM0ElMjJGcmVzaCUyME92ZXJsb2FkJTIwJTdDJTIwRnJlc2glMjBGcnVpdHMlMjAlMjYlMjBWZWdldGFibGVzJTJGMTkwNDglMjIlMkMlMjJjYXJvdXNlbE5hbWUlMjIlM0ElMjIlMjIlMkMlMjJjb2xsZWN0aW9uSWQlMjIlM0ElMjIxOTA0OCUyMiUyQyUyMmluZGV4Q2xpY2tlZCUyMiUzQTExMSU3RA,https://images.mango-prod.siammakro.cloud/product-images/7275693539523-cde33a62-4f81-4fa7-ba41-98de73eb219a.jpeg?imageMogr2/thumbnail/300x300,"ซื้อ 1,200฿ ได้รับ 20 พอยท์",สตรอเบอร์รี่ เกาหลี 250 ก.,฿,149.,00,,฿ 169.00,2+ units,สินค้าหมด,
https://www.makro.pro/th/p/laubhmt-7606381314243?info=JTdCJTIycGFnZVNsdWclMjIlM0ElMjJGcmVzaCUyME92ZXJsb2FkJTIwJTdDJTIwRnJlc2glMjBGcnVpdHMlMjAlMjYlMjBWZWdldGFibGVzJTJGMTkwNDglMjIlMkMlMjJjYXJvdXNlbE5hbWUlMjIlM0ElMjIlMjIlMkMlMjJjb2xsZWN0aW9uSWQlMjIlM0ElMjIxOTA0OCUyMiUyQyUyMmluZGV4Q2xpY2tlZCUyMiUzQTExMiU3RA,https://images.mango-prod.siammakro.cloud/product-images/7606381314243-7c307e10-d539-4755-bef3-33933592bb37.jpeg?imageMogr2/thumbnail/300x300,"ซื้อ 1,200฿ ได้รับ 20 พอยท์",ส้มสายพันธุ์ไต้หวัน 1 กก.,฿,55.,00,,฿ 65.00,3+ kg,สินค้าหมด,-15%
https://www.makro.pro/th/p/vxwgosw-7606384984259?info=JTdCJTIycGFnZVNsdWclMjIlM0ElMjJGcmVzaCUyME92ZXJsb2FkJTIwJTdDJTIwRnJlc2glMjBGcnVpdHMlMjAlMjYlMjBWZWdldGFibGVzJTJGMTkwNDglMjIlMkMlMjJjYXJvdXNlbE5hbWUlMjIlM0ElMjIlMjIlMkMlMjJjb2xsZWN0aW9uSWQlMjIlM0ElMjIxOTA0OCUyMiUyQyUyMmluZGV4Q2xpY2tlZCUyMiUzQTExMyU3RA,https://images.mango-prod.siammakro.cloud/SOURCE/c0196bf719a84fd688107fc43d4939bc,"ซื้อ 1,200฿ ได้รับ 20 พอยท์",พริกยักษ์แดง 1 กก.,"฿

145.00
/kg",฿,,/kg,,,สินค้าหมด,
https://www.makro.pro/th/p/o7wplzi-7275693801667?info=JTdCJTIycGFnZVNsdWclMjIlM0ElMjJGcmVzaCUyME92ZXJsb2FkJTIwJTdDJTIwRnJlc2glMjBGcnVpdHMlMjAlMjYlMjBWZWdldGFibGVzJTJGMTkwNDglMjIlMkMlMjJjYXJvdXNlbE5hbWUlMjIlM0ElMjIlMjIlMkMlMjJjb2xsZWN0aW9uSWQlMjIlM0ElMjIxOTA0OCUyMiUyQyUyMmluZGV4Q2xpY2tlZCUyMiUzQTExNCU3RA,https://images.mango-prod.siammakro.cloud/SOURCE/475d4dbf5f774df7acb481ee966d2c3a,"ซื้อ 1,200฿ ได้รับ 20 พอยท์",สับปะรดตราดสีทอง 1 ลูก,"฿

49.00",฿,,,,,สินค้าหมด,
https://www.makro.pro/th/p/v0dGoSp-612675238466402?info=JTdCJTIycGFnZVNsdWclMjIlM0ElMjJGcmVzaCUyME92ZXJsb2FkJTIwJTdDJTIwRnJlc2glMjBGcnVpdHMlMjAlMjYlMjBWZWdldGFibGVzJTJGMTkwNDglMjIlMkMlMjJjYXJvdXNlbE5hbWUlMjIlM0ElMjIlMjIlMkMlMjJjb2xsZWN0aW9uSWQlMjIlM0ElMjIxOTA0OCUyMiUyQyUyMmluZGV4Q2xpY2tlZCUyMiUzQTExNSU3RA,https://images.mango-prod.siammakro.cloud/SOURCE/54638dde583c4f4eac2cfa7e71478fbd,"ซื้อ 1,200฿ ได้รับ 20 พอยท์",มะม่วงแก้วสุก 1 กก.,฿,85.,00,,฿ 89.00,3+ kg,สินค้าหมด,-4%
https://www.makro.pro/th/p/abedpwf-7078707003587?info=JTdCJTIycGFnZVNsdWclMjIlM0ElMjJGcmVzaCUyME92ZXJsb2FkJTIwJTdDJTIwRnJlc2glMjBGcnVpdHMlMjAlMjYlMjBWZWdldGFibGVzJTJGMTkwNDglMjIlMkMlMjJjYXJvdXNlbE5hbWUlMjIlM0ElMjIlMjIlMkMlMjJjb2xsZWN0aW9uSWQlMjIlM0ElMjIxOTA0OCUyMiUyQyUyMmluZGV4Q2xpY2tlZCUyMiUzQTExNiU3RA,https://images.mango-prod.siammakro.cloud/SOURCE/593d25766016455e85a2edc19fe28783,"ซื้อ 1,200฿ ได้รับ 20 พอยท์",กล้วยหอม แพ็ค 4 ลูก,"฿

29.00",฿,,,,,สินค้าหมด,
https://www.makro.pro/th/p/e29ymcy-7606379577539?info=JTdCJTIycGFnZVNsdWclMjIlM0ElMjJGcmVzaCUyME92ZXJsb2FkJTIwJTdDJTIwRnJlc2glMjBGcnVpdHMlMjAlMjYlMjBWZWdldGFibGVzJTJGMTkwNDglMjIlMkMlMjJjYXJvdXNlbE5hbWUlMjIlM0ElMjIlMjIlMkMlMjJjb2xsZWN0aW9uSWQlMjIlM0ElMjIxOTA0OCUyMiUyQyUyMmluZGV4Q2xpY2tlZCUyMiUzQTExNyU3RA,https://images.mango-prod.siammakro.cloud/product-images/7606379577539-fceaaf32-b2c2-44ee-bda0-33c77ed21726.jpeg?imageMogr2/thumbnail/300x300,"ซื้อ 1,200฿ ได้รับ 20 พอยท์",เผือก 1 กก.,฿,59.,00,,฿ 69.00,2+ kg,สินค้าหมด,-14%
https://www.makro.pro/th/p/pngjh1k-7606383214787?info=JTdCJTIycGFnZVNsdWclMjIlM0ElMjJGcmVzaCUyME92ZXJsb2FkJTIwJTdDJTIwRnJlc2glMjBGcnVpdHMlMjAlMjYlMjBWZWdldGFibGVzJTJGMTkwNDglMjIlMkMlMjJjYXJvdXNlbE5hbWUlMjIlM0ElMjIlMjIlMkMlMjJjb2xsZWN0aW9uSWQlMjIlM0ElMjIxOTA0OCUyMiUyQyUyMmluZGV4Q2xpY2tlZCUyMiUzQTExOCU3RA,https://images.mango-prod.siammakro.cloud/product-images/7606383214787-6881edb6-2477-4d98-8504-124412ac05fd.jpeg?imageMogr2/thumbnail/300x300,"ซื้อ 1,200฿ ได้รับ 20 พอยท์",ส้มสายพันธุ์ไต้หวัน ยกลัง 9 กก.,"฿

55.00
/kg",฿,,/kg,,,สินค้าหมด,
https://www.makro.pro/th/p/M3eAMtt-869437699306774?info=JTdCJTIycGFnZVNsdWclMjIlM0ElMjJGcmVzaCUyME92ZXJsb2FkJTIwJTdDJTIwRnJlc2glMjBGcnVpdHMlMjAlMjYlMjBWZWdldGFibGVzJTJGMTkwNDglMjIlMkMlMjJjYXJvdXNlbE5hbWUlMjIlM0ElMjIlMjIlMkMlMjJjb2xsZWN0aW9uSWQlMjIlM0ElMjIxOTA0OCUyMiUyQyUyMmluZGV4Q2xpY2tlZCUyMiUzQTExOSU3RA,https://images.mango-prod.siammakro.cloud/product-images/869437699306774-018222cb-8a52-4046-80d4-1f881d216b8c.jpeg?imageMogr2/thumbnail/300x300,"ซื้อ 1,200฿ ได้รับ 20 พอยท์",แอปเปิ้ลเขียว ไซส์ M แพ็ค 10 ลูก,"฿

139.00",฿,,,,,สินค้าหมด,
https://www.makro.pro/th/p/oAPMZqj-196355768543208?info=JTdCJTIycGFnZVNsdWclMjIlM0ElMjJGcmVzaCUyME92ZXJsb2FkJTIwJTdDJTIwRnJlc2glMjBGcnVpdHMlMjAlMjYlMjBWZWdldGFibGVzJTJGMTkwNDglMjIlMkMlMjJjYXJvdXNlbE5hbWUlMjIlM0ElMjIlMjIlMkMlMjJjb2xsZWN0aW9uSWQlMjIlM0ElMjIxOTA0OCUyMiUyQyUyMmluZGV4Q2xpY2tlZCUyMiUzQTEyMCU3RA,https://images.mango-prod.siammakro.cloud/product-images/196355768543208-b7bb1422-2a97-4856-ab9a-2907f2df0c8b.jpeg?imageMogr2/thumbnail/300x300,"ซื้อ 1,200฿ ได้รับ 20 พอยท์",เอโร่ มะเขือเทศกินสด กก.ละ,"฿

999.00
/kg",฿,,/kg,,,สินค้าหมด,
https://www.makro.pro/th/p/uiTgWF6-701211820791699?info=JTdCJTIycGFnZVNsdWclMjIlM0ElMjJGcmVzaCUyME92ZXJsb2FkJTIwJTdDJTIwRnJlc2glMjBGcnVpdHMlMjAlMjYlMjBWZWdldGFibGVzJTJGMTkwNDglMjIlMkMlMjJjYXJvdXNlbE5hbWUlMjIlM0ElMjIlMjIlMkMlMjJjb2xsZWN0aW9uSWQlMjIlM0ElMjIxOTA0OCUyMiUyQyUyMmluZGV4Q2xpY2tlZCUyMiUzQTEyMSU3RA,https://images.mango-prod.siammakro.cloud/SOURCE/4cf9ca9590e94aaf838d34fa50228af6,"ซื้อ 1,200฿ ได้รับ 20 พอยท์",ผักสลัดคอส 1 กก.,฿,75.,00,,฿ 85.00,3+ units,สินค้าหมด,-11%
https://www.makro.pro/th/p/lZ4sBkG-404427573132064?info=JTdCJTIycGFnZVNsdWclMjIlM0ElMjJGcmVzaCUyME92ZXJsb2FkJTIwJTdDJTIwRnJlc2glMjBGcnVpdHMlMjAlMjYlMjBWZWdldGFibGVzJTJGMTkwNDglMjIlMkMlMjJjYXJvdXNlbE5hbWUlMjIlM0ElMjIlMjIlMkMlMjJjb2xsZWN0aW9uSWQlMjIlM0ElMjIxOTA0OCUyMiUyQyUyMmluZGV4Q2xpY2tlZCUyMiUzQTEyMiU3RA,https://images.mango-prod.siammakro.cloud/product-images/404427573132064-c012365c-967b-46cd-8682-0bfad3bfd8c6.jpeg?imageMogr2/thumbnail/300x300,"ซื้อ 1,200฿ ได้รับ 20 พอยท์",แก้วมังกร 1 กก.,"฿

79.00
/kg",฿,,/kg,,,สินค้าหมด,
https://www.makro.pro/th/p/YBwJGct-695477028212256?info=JTdCJTIycGFnZVNsdWclMjIlM0ElMjJGcmVzaCUyME92ZXJsb2FkJTIwJTdDJTIwRnJlc2glMjBGcnVpdHMlMjAlMjYlMjBWZWdldGFibGVzJTJGMTkwNDglMjIlMkMlMjJjYXJvdXNlbE5hbWUlMjIlM0ElMjIlMjIlMkMlMjJjb2xsZWN0aW9uSWQlMjIlM0ElMjIxOTA0OCUyMiUyQyUyMmluZGV4Q2xpY2tlZCUyMiUzQTEyMyU3RA,https://images.mango-prod.siammakro.cloud/product-images/695477028212256-306112d1-dd23-4cf5-8b99-5e2463629f90.jpeg?imageMogr2/thumbnail/300x300,"ซื้อ 1,200฿ ได้รับ 20 พอยท์",แอปเปิ้ลเขียว เบอร์ 125 แพ็ค 10 ลูก,"฿

139.00",฿,,,,,สินค้าหมด,
https://www.makro.pro/th/p/bgq3wml-7497516974275?info=JTdCJTIycGFnZVNsdWclMjIlM0ElMjJGcmVzaCUyME92ZXJsb2FkJTIwJTdDJTIwRnJlc2glMjBGcnVpdHMlMjAlMjYlMjBWZWdldGFibGVzJTJGMTkwNDglMjIlMkMlMjJjYXJvdXNlbE5hbWUlMjIlM0ElMjIlMjIlMkMlMjJjb2xsZWN0aW9uSWQlMjIlM0ElMjIxOTA0OCUyMiUyQyUyMmluZGV4Q2xpY2tlZCUyMiUzQTEyNCU3RA,https://images.mango-prod.siammakro.cloud/SOURCE/bb191af6e8ff421e89edf9b6b7da99e6,"ซื้อ 1,200฿ ได้รับ 20 พอยท์",เสาวรส ทานสด 1 แพ็ค,"฿

79.00",฿,,,,,สินค้าหมด,
https://www.makro.pro/th/p/AbL79Zz-671879302273935?info=JTdCJTIycGFnZVNsdWclMjIlM0ElMjJGcmVzaCUyME92ZXJsb2FkJTIwJTdDJTIwRnJlc2glMjBGcnVpdHMlMjAlMjYlMjBWZWdldGFibGVzJTJGMTkwNDglMjIlMkMlMjJjYXJvdXNlbE5hbWUlMjIlM0ElMjIlMjIlMkMlMjJjb2xsZWN0aW9uSWQlMjIlM0ElMjIxOTA0OCUyMiUyQyUyMmluZGV4Q2xpY2tlZCUyMiUzQTEyNSU3RA,https://images.mango-prod.siammakro.cloud/SOURCE/8aa9810e2f914183901cd6cea481f668,"ซื้อ 1,200฿ ได้รับ 20 พอยท์",โครงการหลวง ฟักทองญี่ปุ่น 1 กก.,"฿

49.00
/kg",฿,,/kg,,,สินค้าหมด,
https://www.makro.pro/th/p/oilknst-7543242326211?info=JTdCJTIycGFnZVNsdWclMjIlM0ElMjJGcmVzaCUyME92ZXJsb2FkJTIwJTdDJTIwRnJlc2glMjBGcnVpdHMlMjAlMjYlMjBWZWdldGFibGVzJTJGMTkwNDglMjIlMkMlMjJjYXJvdXNlbE5hbWUlMjIlM0ElMjIlMjIlMkMlMjJjb2xsZWN0aW9uSWQlMjIlM0ElMjIxOTA0OCUyMiUyQyUyMmluZGV4Q2xpY2tlZCUyMiUzQTEyNiU3RA,https://images.mango-prod.siammakro.cloud/product-images/7543242326211-0bf6d32c-2a6e-4d43-8a47-6f6dd3b839f7.jpeg?imageMogr2/thumbnail/300x300,"ซื้อ 1,200฿ ได้รับ 20 พอยท์",มะเขือเทศราชินี 250 ก.,"฿

39.00",฿,,,,,สินค้าหมด,
https://www.makro.pro/th/p/yyUnQiT-586357888701287?info=JTdCJTIycGFnZVNsdWclMjIlM0ElMjJGcmVzaCUyME92ZXJsb2FkJTIwJTdDJTIwRnJlc2glMjBGcnVpdHMlMjAlMjYlMjBWZWdldGFibGVzJTJGMTkwNDglMjIlMkMlMjJjYXJvdXNlbE5hbWUlMjIlM0ElMjIlMjIlMkMlMjJjb2xsZWN0aW9uSWQlMjIlM0ElMjIxOTA0OCUyMiUyQyUyMmluZGV4Q2xpY2tlZCUyMiUzQTEyNyU3RA,https://images.mango-prod.siammakro.cloud/SOURCE/05f6802a355f49bb806dab84be3dd6e4,"ซื้อ 1,200฿ ได้รับ 20 พอยท์",ส้มเขียวหวาน เบอร์ 0 1 กก.,฿,65.,00,,฿ 69.00,3+ kg,สินค้าหมด,-5%
https://www.makro.pro/th/p/yqgnjgr-7497378824387?info=JTdCJTIycGFnZVNsdWclMjIlM0ElMjJGcmVzaCUyME92ZXJsb2FkJTIwJTdDJTIwRnJlc2glMjBGcnVpdHMlMjAlMjYlMjBWZWdldGFibGVzJTJGMTkwNDglMjIlMkMlMjJjYXJvdXNlbE5hbWUlMjIlM0ElMjIlMjIlMkMlMjJjb2xsZWN0aW9uSWQlMjIlM0ElMjIxOTA0OCUyMiUyQyUyMmluZGV4Q2xpY2tlZCUyMiUzQTEyOCU3RA,https://images.mango-prod.siammakro.cloud/product-images/7497378824387-9b89cfa0-d2d2-42f7-a493-2cfd1513c1c8.jpeg?imageMogr2/thumbnail/300x300,"ซื้อ 1,200฿ ได้รับ 20 พอยท์",สับปะรด หอมสุวรรณ 1 ลูก,฿,53.,00,,฿ 55.00,2 - 4 units,สินค้าหมด,-3%
https://www.makro.pro/th/p/qj3vTvF-846753682388554?info=JTdCJTIycGFnZVNsdWclMjIlM0ElMjJGcmVzaCUyME92ZXJsb2FkJTIwJTdDJTIwRnJlc2glMjBGcnVpdHMlMjAlMjYlMjBWZWdldGFibGVzJTJGMTkwNDglMjIlMkMlMjJjYXJvdXNlbE5hbWUlMjIlM0ElMjIlMjIlMkMlMjJjb2xsZWN0aW9uSWQlMjIlM0ElMjIxOTA0OCUyMiUyQyUyMmluZGV4Q2xpY2tlZCUyMiUzQTEyOSU3RA,https://images.mango-prod.siammakro.cloud/product-images/846753682388554-f275c011-76a7-4525-a925-b96040045dce.jpeg?imageMogr2/thumbnail/300x300,"ซื้อ 1,200฿ ได้รับ 20 พอยท์",แอปเปิ้ลแดง เบอร์ 113 แพ็ค 8 ลูก,"฿

139.00",฿,,,,,สินค้าหมด,
https://www.makro.pro/th/p/8evs-ch-7497425092803?info=JTdCJTIycGFnZVNsdWclMjIlM0ElMjJGcmVzaCUyME92ZXJsb2FkJTIwJTdDJTIwRnJlc2glMjBGcnVpdHMlMjAlMjYlMjBWZWdldGFibGVzJTJGMTkwNDglMjIlMkMlMjJjYXJvdXNlbE5hbWUlMjIlM0ElMjIlMjIlMkMlMjJjb2xsZWN0aW9uSWQlMjIlM0ElMjIxOTA0OCUyMiUyQyUyMmluZGV4Q2xpY2tlZCUyMiUzQTEzMCU3RA,https://images.mango-prod.siammakro.cloud/SOURCE/943eaa6e962a49758662749e665579d2,"ซื้อ 1,200฿ ได้รับ 20 พอยท์",สับปะรดบ้านคา,"฿

39.00",฿,,,,,สินค้าหมด,
https://www.makro.pro/th/p/HhkYscq-808021301560388?info=JTdCJTIycGFnZVNsdWclMjIlM0ElMjJGcmVzaCUyME92ZXJsb2FkJTIwJTdDJTIwRnJlc2glMjBGcnVpdHMlMjAlMjYlMjBWZWdldGFibGVzJTJGMTkwNDglMjIlMkMlMjJjYXJvdXNlbE5hbWUlMjIlM0ElMjIlMjIlMkMlMjJjb2xsZWN0aW9uSWQlMjIlM0ElMjIxOTA0OCUyMiUyQyUyMmluZGV4Q2xpY2tlZCUyMiUzQTEzMSU3RA,https://images.mango-prod.siammakro.cloud/SOURCE/8dc90e0ab803426cbc5ab87bb7f9be29,"ซื้อ 1,200฿ ได้รับ 20 พอยท์",แอปเปิ้ลกาล่า เบอร์ 125 แพ็ค 10 ลูก,"฿

125.00",฿,,,,,สินค้าหมด,
https://www.makro.pro/th/p/A_p5b4U-936043122015830?info=JTdCJTIycGFnZVNsdWclMjIlM0ElMjJGcmVzaCUyME92ZXJsb2FkJTIwJTdDJTIwRnJlc2glMjBGcnVpdHMlMjAlMjYlMjBWZWdldGFibGVzJTJGMTkwNDglMjIlMkMlMjJjYXJvdXNlbE5hbWUlMjIlM0ElMjIlMjIlMkMlMjJjb2xsZWN0aW9uSWQlMjIlM0ElMjIxOTA0OCUyMiUyQyUyMmluZGV4Q2xpY2tlZCUyMiUzQTEzMiU3RA,https://images.mango-prod.siammakro.cloud/SOURCE/0438390d0e1d4db2aeb9dcff9ddc4c79,"ซื้อ 1,200฿ ได้รับ 20 พอยท์",โครงการหลวง เสาวรส 1 แพ็ค,"฿

99.00",฿,,,,,สินค้าหมด,
https://www.makro.pro/th/p/0fGCC6X-714037468186535?info=JTdCJTIycGFnZVNsdWclMjIlM0ElMjJGcmVzaCUyME92ZXJsb2FkJTIwJTdDJTIwRnJlc2glMjBGcnVpdHMlMjAlMjYlMjBWZWdldGFibGVzJTJGMTkwNDglMjIlMkMlMjJjYXJvdXNlbE5hbWUlMjIlM0ElMjIlMjIlMkMlMjJjb2xsZWN0aW9uSWQlMjIlM0ElMjIxOTA0OCUyMiUyQyUyMmluZGV4Q2xpY2tlZCUyMiUzQTEzMyU3RA,https://images.mango-prod.siammakro.cloud/product-images/714037468186535-277acfe2-697d-4b61-b160-febb0b2df5c5.jpeg?imageMogr2/thumbnail/300x300,,สตรอเบอร์รี่ แพ็คละ 454 ก.,"฿

299.00",฿,,,,,สินค้าหมด,
https://www.makro.pro/th/p/beb0asn-7275694948547?info=JTdCJTIycGFnZVNsdWclMjIlM0ElMjJGcmVzaCUyME92ZXJsb2FkJTIwJTdDJTIwRnJlc2glMjBGcnVpdHMlMjAlMjYlMjBWZWdldGFibGVzJTJGMTkwNDglMjIlMkMlMjJjYXJvdXNlbE5hbWUlMjIlM0ElMjIlMjIlMkMlMjJjb2xsZWN0aW9uSWQlMjIlM0ElMjIxOTA0OCUyMiUyQyUyMmluZGV4Q2xpY2tlZCUyMiUzQTEzNCU3RA,https://images.mango-prod.siammakro.cloud/product-images/7275694948547-dac0336c-3464-4ec1-a665-0af84b1c72f0.jpeg?imageMogr2/thumbnail/300x300,,แอปเปิ้ลเขียว เบอร์ 100 แพ็ค 10 ลูก,"฿

139.00",฿,,,,,สินค้าหมด,
https://www.makro.pro/th/p/18_ftvk-7275693048003?info=JTdCJTIycGFnZVNsdWclMjIlM0ElMjJGcmVzaCUyME92ZXJsb2FkJTIwJTdDJTIwRnJlc2glMjBGcnVpdHMlMjAlMjYlMjBWZWdldGFibGVzJTJGMTkwNDglMjIlMkMlMjJjYXJvdXNlbE5hbWUlMjIlM0ElMjIlMjIlMkMlMjJjb2xsZWN0aW9uSWQlMjIlM0ElMjIxOTA0OCUyMiUyQyUyMmluZGV4Q2xpY2tlZCUyMiUzQTEzNSU3RA,https://images.mango-prod.siammakro.cloud/product-images/7275693048003-f405661a-ea29-4d1a-8d84-646206237ff9.jpeg?imageMogr2/thumbnail/300x300,"ซื้อ 1,200฿ ได้รับ 20 พอยท์",สับปะรดปัตตาเวีย 8 ลูก,"฿

185.00",฿,,,,,สินค้าหมด,
https://www.makro.pro/th/p/Bjpg538-695128757449316?info=JTdCJTIycGFnZVNsdWclMjIlM0ElMjJGcmVzaCUyME92ZXJsb2FkJTIwJTdDJTIwRnJlc2glMjBGcnVpdHMlMjAlMjYlMjBWZWdldGFibGVzJTJGMTkwNDglMjIlMkMlMjJjYXJvdXNlbE5hbWUlMjIlM0ElMjIlMjIlMkMlMjJjb2xsZWN0aW9uSWQlMjIlM0ElMjIxOTA0OCUyMiUyQyUyMmluZGV4Q2xpY2tlZCUyMiUzQTEzNiU3RA,https://images.mango-prod.siammakro.cloud/SOURCE/22f5a1b9bb4f47a9925a1e855b0d45bb,"ซื้อ 1,200฿ ได้รับ 20 พอยท์",สละ พันธุ์สุมาลี 1 กก.,"฿

99.00
/kg",฿,,/kg,,,สินค้าหมด,
https://www.makro.pro/th/p/ToFsCIO-563531882551602?info=JTdCJTIycGFnZVNsdWclMjIlM0ElMjJGcmVzaCUyME92ZXJsb2FkJTIwJTdDJTIwRnJlc2glMjBGcnVpdHMlMjAlMjYlMjBWZWdldGFibGVzJTJGMTkwNDglMjIlMkMlMjJjYXJvdXNlbE5hbWUlMjIlM0ElMjIlMjIlMkMlMjJjb2xsZWN0aW9uSWQlMjIlM0ElMjIxOTA0OCUyMiUyQyUyMmluZGV4Q2xpY2tlZCUyMiUzQTEzNyU3RA,https://images.mango-prod.siammakro.cloud/SOURCE/26153ab45664487d8bf1507cee9df61e,"ซื้อ 1,200฿ ได้รับ 20 พอยท์",มะม่วงเขียวสามรส 1 กก.,฿,85.,00,,฿ 89.00,3+ kg,สินค้าหมด,-4%
https://www.makro.pro/th/p/FBndUUI-419696984610823?info=JTdCJTIycGFnZVNsdWclMjIlM0ElMjJGcmVzaCUyME92ZXJsb2FkJTIwJTdDJTIwRnJlc2glMjBGcnVpdHMlMjAlMjYlMjBWZWdldGFibGVzJTJGMTkwNDglMjIlMkMlMjJjYXJvdXNlbE5hbWUlMjIlM0ElMjIlMjIlMkMlMjJjb2xsZWN0aW9uSWQlMjIlM0ElMjIxOTA0OCUyMiUyQyUyMmluZGV4Q2xpY2tlZCUyMiUzQTEzOCU3RA,https://images.mango-prod.siammakro.cloud/SOURCE/107bd7850b794406b06f90f655e091fc,"ซื้อ 1,200฿ ได้รับ 20 พอยท์",องุ่นดําไร้เมล็ด 1 กก.,"฿

199.00
/kg",฿,,/kg,,,สินค้าหมด,
https://www.makro.pro/th/p/1974zwy-7497456353475?info=JTdCJTIycGFnZVNsdWclMjIlM0ElMjJGcmVzaCUyME92ZXJsb2FkJTIwJTdDJTIwRnJlc2glMjBGcnVpdHMlMjAlMjYlMjBWZWdldGFibGVzJTJGMTkwNDglMjIlMkMlMjJjYXJvdXNlbE5hbWUlMjIlM0ElMjIlMjIlMkMlMjJjb2xsZWN0aW9uSWQlMjIlM0ElMjIxOTA0OCUyMiUyQyUyMmluZGV4Q2xpY2tlZCUyMiUzQTEzOSU3RA,https://images.mango-prod.siammakro.cloud/product-images/7497456353475-74b80859-61e7-4f7a-850b-ceac70c74763.jpeg?imageMogr2/thumbnail/300x300,"ซื้อ 1,200฿ ได้รับ 20 พอยท์",ส้มเขียวหวานคั้นน้ํา ถุง 5 กก.,"฿

189.00",฿,,,,,สินค้าหมด,
https://www.makro.pro/th/p/5QgfXp6I-162407106764787?info=JTdCJTIycGFnZVNsdWclMjIlM0ElMjJGcmVzaCUyME92ZXJsb2FkJTIwJTdDJTIwRnJlc2glMjBGcnVpdHMlMjAlMjYlMjBWZWdldGFibGVzJTJGMTkwNDglMjIlMkMlMjJjYXJvdXNlbE5hbWUlMjIlM0ElMjIlMjIlMkMlMjJjb2xsZWN0aW9uSWQlMjIlM0ElMjIxOTA0OCUyMiUyQyUyMmluZGV4Q2xpY2tlZCUyMiUzQTE0MCU3RA,https://images.mango-prod.siammakro.cloud/product-images/162407106764787-bf39378c-0efa-435d-95e5-766309fd9146.jpeg?imageMogr2/thumbnail/300x300,"ซื้อ 1,200฿ ได้รับ 20 พอยท์",มังคุด แพ็ค 1 กก.,฿,119.,00,,฿ 129.00,2+ units,สินค้าหมด,-7%
https://www.makro.pro/th/p/ngdzgqi-7499681169603?info=JTdCJTIycGFnZVNsdWclMjIlM0ElMjJGcmVzaCUyME92ZXJsb2FkJTIwJTdDJTIwRnJlc2glMjBGcnVpdHMlMjAlMjYlMjBWZWdldGFibGVzJTJGMTkwNDglMjIlMkMlMjJjYXJvdXNlbE5hbWUlMjIlM0ElMjIlMjIlMkMlMjJjb2xsZWN0aW9uSWQlMjIlM0ElMjIxOTA0OCUyMiUyQyUyMmluZGV4Q2xpY2tlZCUyMiUzQTE0MSU3RA,https://images.mango-prod.siammakro.cloud/SOURCE/94418bbce6ac44dc86ea2c8ef212c441,"ซื้อ 1,200฿ ได้รับ 20 พอยท์",ส้มสายน้ําผึ้งคั้นน้ํา,"฿

199.00",฿,,,,,สินค้าหมด,
https://www.makro.pro/th/p/tbKEQb4-223665076012908?info=JTdCJTIycGFnZVNsdWclMjIlM0ElMjJGcmVzaCUyME92ZXJsb2FkJTIwJTdDJTIwRnJlc2glMjBGcnVpdHMlMjAlMjYlMjBWZWdldGFibGVzJTJGMTkwNDglMjIlMkMlMjJjYXJvdXNlbE5hbWUlMjIlM0ElMjIlMjIlMkMlMjJjb2xsZWN0aW9uSWQlMjIlM0ElMjIxOTA0OCUyMiUyQyUyMmluZGV4Q2xpY2tlZCUyMiUzQTE0MiU3RA,https://images.mango-prod.siammakro.cloud/SOURCE/fbbaf30831604ca28f020611d9b90129,,บูลเบอร์รี่ ยกลัง 125 ก. x 12,"฿

960.00",฿,,,,,สินค้าหมด,
https://www.makro.pro/th/p/c9xTb5T-657939613674446?info=JTdCJTIycGFnZVNsdWclMjIlM0ElMjJGcmVzaCUyME92ZXJsb2FkJTIwJTdDJTIwRnJlc2glMjBGcnVpdHMlMjAlMjYlMjBWZWdldGFibGVzJTJGMTkwNDglMjIlMkMlMjJjYXJvdXNlbE5hbWUlMjIlM0ElMjIlMjIlMkMlMjJjb2xsZWN0aW9uSWQlMjIlM0ElMjIxOTA0OCUyMiUyQyUyMmluZGV4Q2xpY2tlZCUyMiUzQTE0MyU3RA,https://images.mango-prod.siammakro.cloud/SOURCE/812d56710e8e4c5399ab5fac85f511ec,"ซื้อ 1,200฿ ได้รับ 20 พอยท์",แอปเปิ้ลแดง เบอร์ 100 ยกลัง,"฿

1,449.00",฿,,,,,สินค้าหมด,
