MuiBox-root href,MuiBox-root src,css-1n8x1y2,MuiTypography-root (2),MuiTypography-root (3),MuiTypography-root (4),MuiTypography-root (5),MuiTypography-root (6),MuiBox-root (2)
https://www.makro.pro/th/p/4pcKmJb-392418301317848?info=JTdCJTIycGFnZVNsdWclMjIlM0ElMjJCZWVmJTIwJTNBJTIwSW1wb3J0ZWQlMjBQcm9kdWN0cyUyRjE4MjgzJTIyJTJDJTIyY2Fyb3VzZWxOYW1lJTIyJTNBJTIyJTIyJTJDJTIyY29sbGVjdGlvbklkJTIyJTNBJTIyMTgyODMlMjIlN0Q,https://images.mango-prod.siammakro.cloud/product-images/392418301317848-a714647d-9900-4680-a246-a848896b3a00.jpeg?imageMogr2/thumbnail/300x300,เนื้อพิคานย่าวัวออสเตรเลีย ตัดสเต็ก กก.ละ,"฿

620.

00

/kg",฿,00,/kg,,
https://www.makro.pro/th/p/4ZiAFCU-48284410834201?info=JTdCJTIycGFnZVNsdWclMjIlM0ElMjJCZWVmJTIwJTNBJTIwSW1wb3J0ZWQlMjBQcm9kdWN0cyUyRjE4MjgzJTIyJTJDJTIyY2Fyb3VzZWxOYW1lJTIyJTNBJTIyJTIyJTJDJTIyY29sbGVjdGlvbklkJTIyJTNBJTIyMTgyODMlMjIlMkMlMjJpbmRleENsaWNrZWQlMjIlM0ExJTdE,https://images.mango-prod.siammakro.cloud/SOURCE/31a7dcd581b94a73bbeb35ad42951ab7,สันนอกวัว ออสเตรเลีย 1-2.5 กก.,"฿

500.

00

/kg",฿,00,/kg,,
https://www.makro.pro/th/p/a1qknLY-93958328705788?info=JTdCJTIycGFnZVNsdWclMjIlM0ElMjJCZWVmJTIwJTNBJTIwSW1wb3J0ZWQlMjBQcm9kdWN0cyUyRjE4MjgzJTIyJTJDJTIyY2Fyb3VzZWxOYW1lJTIyJTNBJTIyJTIyJTJDJTIyY29sbGVjdGlvbklkJTIyJTNBJTIyMTgyODMlMjIlMkMlMjJpbmRleENsaWNrZWQlMjIlM0EyJTdE,https://images.mango-prod.siammakro.cloud/product-images/93958328705788-e0947a29-e020-4271-9c20-651eca789078.jpeg?imageMogr2/thumbnail/300x300,เนื้อพิคานย่าวัวออสเตรเลีย กก.ละ,"฿

590.

00

/kg",฿,00,/kg,,
https://www.makro.pro/th/p/8az1lfh-7542466379971?info=JTdCJTIycGFnZVNsdWclMjIlM0ElMjJCZWVmJTIwJTNBJTIwSW1wb3J0ZWQlMjBQcm9kdWN0cyUyRjE4MjgzJTIyJTJDJTIyY2Fyb3VzZWxOYW1lJTIyJTNBJTIyJTIyJTJDJTIyY29sbGVjdGlvbklkJTIyJTNBJTIyMTgyODMlMjIlMkMlMjJpbmRleENsaWNrZWQlMjIlM0EzJTdE,https://images.mango-prod.siammakro.cloud/product-images/7542466379971-a8623474-52a2-449d-84c8-e3d10a9ec842.jpeg?imageMogr2/thumbnail/300x300,เอโร่ โกลด์ โหนกวัวออสเตรเลียสไลซ์แช่แข็ง 500 ก.,฿,229.,00,,-20%,
https://www.makro.pro/th/p/bdzcref-7196424863939?info=JTdCJTIycGFnZVNsdWclMjIlM0ElMjJCZWVmJTIwJTNBJTIwSW1wb3J0ZWQlMjBQcm9kdWN0cyUyRjE4MjgzJTIyJTJDJTIyY2Fyb3VzZWxOYW1lJTIyJTNBJTIyJTIyJTJDJTIyY29sbGVjdGlvbklkJTIyJTNBJTIyMTgyODMlMjIlMkMlMjJpbmRleENsaWNrZWQlMjIlM0E0JTdE,https://images.mango-prod.siammakro.cloud/product-images/7196424863939-c4b0b2df-5636-4f7e-8fc8-62c1d36548b2.jpeg?imageMogr2/thumbnail/300x300,เอโร่ โกลด์ ใบพายวัวออสเตรเลียสไลซ์แช่แข็ง 500 ก.,"฿

219.

00",฿,00,,,
https://www.makro.pro/th/p/AFMx8qO-345781224872627?info=JTdCJTIycGFnZVNsdWclMjIlM0ElMjJCZWVmJTIwJTNBJTIwSW1wb3J0ZWQlMjBQcm9kdWN0cyUyRjE4MjgzJTIyJTJDJTIyY2Fyb3VzZWxOYW1lJTIyJTNBJTIyJTIyJTJDJTIyY29sbGVjdGlvbklkJTIyJTNBJTIyMTgyODMlMjIlMkMlMjJpbmRleENsaWNrZWQlMjIlM0E1JTdE,https://images.mango-prod.siammakro.cloud/SOURCE/b5a46db7388e4aeaa8835fae30c1632a,FZ AU KC เสือร้องไห้NE GF กก.ละ,"฿

265.

00

/kg",฿,00,/kg,,
https://www.makro.pro/th/p/kDUOr7Z-213054407076829?info=JTdCJTIycGFnZVNsdWclMjIlM0ElMjJCZWVmJTIwJTNBJTIwSW1wb3J0ZWQlMjBQcm9kdWN0cyUyRjE4MjgzJTIyJTJDJTIyY2Fyb3VzZWxOYW1lJTIyJTNBJTIyJTIyJTJDJTIyY29sbGVjdGlvbklkJTIyJTNBJTIyMTgyODMlMjIlMkMlMjJpbmRleENsaWNrZWQlMjIlM0E2JTdE,https://images.mango-prod.siammakro.cloud/SOURCE/5e1fdb660aee4ac99b92d50b8fb539b9,เสือร้องไห้วัวออสเตรเลีย ตัดชิ้น กก.ละ,"฿

400.

00

/kg",฿,00,/kg,,
https://www.makro.pro/th/p/sbvt72r-7416039276739?info=JTdCJTIycGFnZVNsdWclMjIlM0ElMjJCZWVmJTIwJTNBJTIwSW1wb3J0ZWQlMjBQcm9kdWN0cyUyRjE4MjgzJTIyJTJDJTIyY2Fyb3VzZWxOYW1lJTIyJTNBJTIyJTIyJTJDJTIyY29sbGVjdGlvbklkJTIyJTNBJTIyMTgyODMlMjIlMkMlMjJpbmRleENsaWNrZWQlMjIlM0E3JTdE,https://images.mango-prod.siammakro.cloud/product-images/7416039276739-c78465b4-d558-4441-93e9-04a57c44dc2d.jpeg?imageMogr2/thumbnail/300x300,เนื้อวัวออสเตรเลียบดแช่แข็ง CL90 1 กก.,"฿

450.

00",฿,00,,,
https://www.makro.pro/th/p/njcvgtp-7196424929475?info=JTdCJTIycGFnZVNsdWclMjIlM0ElMjJCZWVmJTIwJTNBJTIwSW1wb3J0ZWQlMjBQcm9kdWN0cyUyRjE4MjgzJTIyJTJDJTIyY2Fyb3VzZWxOYW1lJTIyJTNBJTIyJTIyJTJDJTIyY29sbGVjdGlvbklkJTIyJTNBJTIyMTgyODMlMjIlMkMlMjJpbmRleENsaWNrZWQlMjIlM0E4JTdE,https://images.mango-prod.siammakro.cloud/product-images/7196424929475-c4485c1b-20f3-4961-90fe-d69cdd002334.jpeg?imageMogr2/thumbnail/300x300,เอโร่ โกลด์ พื้นท้องวัวออสเตรเลียสไลซ์แช่แข็ง 500 ก.,฿,229.,00,,-20%,
https://www.makro.pro/th/p/B4Z5QF6-67387875734686?info=JTdCJTIycGFnZVNsdWclMjIlM0ElMjJCZWVmJTIwJTNBJTIwSW1wb3J0ZWQlMjBQcm9kdWN0cyUyRjE4MjgzJTIyJTJDJTIyY2Fyb3VzZWxOYW1lJTIyJTNBJTIyJTIyJTJDJTIyY29sbGVjdGlvbklkJTIyJTNBJTIyMTgyODMlMjIlMkMlMjJpbmRleENsaWNrZWQlMjIlM0E5JTdE,https://images.mango-prod.siammakro.cloud/SOURCE/31a7dcd581b94a73bbeb35ad42951ab7,สันนอกวัวออสเตรเลีย ตัดชิ้น กก.ละ,"฿

530.

00

/kg",฿,00,/kg,,
https://www.makro.pro/th/p/6LGZgDd-360587382476414?info=JTdCJTIycGFnZVNsdWclMjIlM0ElMjJCZWVmJTIwJTNBJTIwSW1wb3J0ZWQlMjBQcm9kdWN0cyUyRjE4MjgzJTIyJTJDJTIyY2Fyb3VzZWxOYW1lJTIyJTNBJTIyJTIyJTJDJTIyY29sbGVjdGlvbklkJTIyJTNBJTIyMTgyODMlMjIlMkMlMjJpbmRleENsaWNrZWQlMjIlM0ExMCU3RA,https://images.mango-prod.siammakro.cloud/SOURCE/86d8eb2efe2f4ed6b4df52201dcbb131,สันนอกวัวออสเตรเลีย ขุน 100 วัน กก.ละ,"฿

750.

00

/kg",฿,00,/kg,,
https://www.makro.pro/th/p/4HOEgZA-432990005054929?info=JTdCJTIycGFnZVNsdWclMjIlM0ElMjJCZWVmJTIwJTNBJTIwSW1wb3J0ZWQlMjBQcm9kdWN0cyUyRjE4MjgzJTIyJTJDJTIyY2Fyb3VzZWxOYW1lJTIyJTNBJTIyJTIyJTJDJTIyY29sbGVjdGlvbklkJTIyJTNBJTIyMTgyODMlMjIlMkMlMjJpbmRleENsaWNrZWQlMjIlM0ExMSU3RA,https://images.mango-prod.siammakro.cloud/SOURCE/4c89da5f5c854a829defb7d6e1dd31bf,เนื้อน่องวัวออสเตรเลีย กก.ละ,"฿

310.

00

/kg",฿,00,/kg,,
https://www.makro.pro/th/p/attSv_v-424186988287028?info=JTdCJTIycGFnZVNsdWclMjIlM0ElMjJCZWVmJTIwJTNBJTIwSW1wb3J0ZWQlMjBQcm9kdWN0cyUyRjE4MjgzJTIyJTJDJTIyY2Fyb3VzZWxOYW1lJTIyJTNBJTIyJTIyJTJDJTIyY29sbGVjdGlvbklkJTIyJTNBJTIyMTgyODMlMjIlMkMlMjJpbmRleENsaWNrZWQlMjIlM0ExMiU3RA,https://images.mango-prod.siammakro.cloud/SOURCE/3898903979194b9396b3212356997b02,ฮาร์วี่ บีฟ สันคอวัวออสเตรเลีย ขุน 100 วัน 1 ชิ้น (3.5 - 4.5 กก./ชิ้น),"฿

499.

00

/kg",฿,00,/kg,,
https://www.makro.pro/th/p/adjaick-7497388884163?info=JTdCJTIycGFnZVNsdWclMjIlM0ElMjJCZWVmJTIwJTNBJTIwSW1wb3J0ZWQlMjBQcm9kdWN0cyUyRjE4MjgzJTIyJTJDJTIyY2Fyb3VzZWxOYW1lJTIyJTNBJTIyJTIyJTJDJTIyY29sbGVjdGlvbklkJTIyJTNBJTIyMTgyODMlMjIlMkMlMjJpbmRleENsaWNrZWQlMjIlM0ExMyU3RA,https://images.mango-prod.siammakro.cloud/product-images/7497388884163-140e7671-0fb7-4778-9c5c-1ca2bd39cd4e.jpeg?imageMogr2/thumbnail/300x300,เอโร่ โกลด์ พื้นท้องวัวอเมริกาสไลซ์แช่แข็ง 200 ก.,"฿

129.

00",฿,00,,,
https://www.makro.pro/th/p/1xfUNr0-200228601736548?info=JTdCJTIycGFnZVNsdWclMjIlM0ElMjJCZWVmJTIwJTNBJTIwSW1wb3J0ZWQlMjBQcm9kdWN0cyUyRjE4MjgzJTIyJTJDJTIyY2Fyb3VzZWxOYW1lJTIyJTNBJTIyJTIyJTJDJTIyY29sbGVjdGlvbklkJTIyJTNBJTIyMTgyODMlMjIlMkMlMjJpbmRleENsaWNrZWQlMjIlM0ExNCU3RA,https://images.mango-prod.siammakro.cloud/product-images/200228601736548-eb12d5fd-1265-4ca4-89f1-f7689236705f.jpeg?imageMogr2/thumbnail/300x300,เกรทเอ็มเพอร์เร่อร์ฟู้ดส์ เนื้อวัวบดแช่แข็ง 1 ลัง (1 กก. x 10),"฿

1,830.

00",฿,00,,,
https://www.makro.pro/th/p/bjjySMg-961470468374680?info=JTdCJTIycGFnZVNsdWclMjIlM0ElMjJCZWVmJTIwJTNBJTIwSW1wb3J0ZWQlMjBQcm9kdWN0cyUyRjE4MjgzJTIyJTJDJTIyY2Fyb3VzZWxOYW1lJTIyJTNBJTIyJTIyJTJDJTIyY29sbGVjdGlvbklkJTIyJTNBJTIyMTgyODMlMjIlMkMlMjJpbmRleENsaWNrZWQlMjIlM0ExNSU3RA,https://images.mango-prod.siammakro.cloud/SOURCE/26eb3ca1fa64461280e883191ed481d5,ฮาร์วี่ บีฟ ใบพายวัว ออสเตรเลีย 1 กก.,"฿

395.

00

/kg",฿,00,/kg,,
https://www.makro.pro/th/p/Jqcm5-O-229741736844198?info=JTdCJTIycGFnZVNsdWclMjIlM0ElMjJCZWVmJTIwJTNBJTIwSW1wb3J0ZWQlMjBQcm9kdWN0cyUyRjE4MjgzJTIyJTJDJTIyY2Fyb3VzZWxOYW1lJTIyJTNBJTIyJTIyJTJDJTIyY29sbGVjdGlvbklkJTIyJTNBJTIyMTgyODMlMjIlMkMlMjJpbmRleENsaWNrZWQlMjIlM0ExNiU3RA,https://images.mango-prod.siammakro.cloud/SOURCE/573c43f4ecd643258a3987972a919f2c,สะโพกล่างวัวออสเตรเลีย ประมาณ 5 กก.,"฿

355.

00

/kg",฿,00,/kg,,
https://www.makro.pro/th/p/s5rjcVN-353584825705119?info=JTdCJTIycGFnZVNsdWclMjIlM0ElMjJCZWVmJTIwJTNBJTIwSW1wb3J0ZWQlMjBQcm9kdWN0cyUyRjE4MjgzJTIyJTJDJTIyY2Fyb3VzZWxOYW1lJTIyJTNBJTIyJTIyJTJDJTIyY29sbGVjdGlvbklkJTIyJTNBJTIyMTgyODMlMjIlMkMlMjJpbmRleENsaWNrZWQlMjIlM0ExNyU3RA,https://images.mango-prod.siammakro.cloud/SOURCE/db3cf5efbca040daabc4ab647f6bd0ac,สันแหลมวัวออสเตรเลีย ขุน 100 วัน กก.ละ,"฿

1,080.

00

/kg",฿,00,/kg,,
https://www.makro.pro/th/p/bz1k1j-7497547514051?info=JTdCJTIycGFnZVNsdWclMjIlM0ElMjJCZWVmJTIwJTNBJTIwSW1wb3J0ZWQlMjBQcm9kdWN0cyUyRjE4MjgzJTIyJTJDJTIyY2Fyb3VzZWxOYW1lJTIyJTNBJTIyJTIyJTJDJTIyY29sbGVjdGlvbklkJTIyJTNBJTIyMTgyODMlMjIlMkMlMjJpbmRleENsaWNrZWQlMjIlM0ExOCU3RA,https://images.mango-prod.siammakro.cloud/SOURCE/35a3c03391554a6d85122a6b53a92d7e,มีนาฟู้ดส์ เนื้อวัวบดแช่แข็ง 1 กก.,"฿

174.

00",฿,00,,,
https://www.makro.pro/th/p/RrxRf2u-405262993452251?info=JTdCJTIycGFnZVNsdWclMjIlM0ElMjJCZWVmJTIwJTNBJTIwSW1wb3J0ZWQlMjBQcm9kdWN0cyUyRjE4MjgzJTIyJTJDJTIyY2Fyb3VzZWxOYW1lJTIyJTNBJTIyJTIyJTJDJTIyY29sbGVjdGlvbklkJTIyJTNBJTIyMTgyODMlMjIlMkMlMjJpbmRleENsaWNrZWQlMjIlM0ExOSU3RA,https://images.mango-prod.siammakro.cloud/SOURCE/ebcdbd96faf5487ba8e06c7b1760e092,เสือร้องไห้วัวออสเตรเลีย ประมาณ 4 กก.,"฿

370.

00

/kg",฿,00,/kg,,
https://www.makro.pro/th/p/dQjYtps-686502426349411?info=JTdCJTIycGFnZVNsdWclMjIlM0ElMjJCZWVmJTIwJTNBJTIwSW1wb3J0ZWQlMjBQcm9kdWN0cyUyRjE4MjgzJTIyJTJDJTIyY2Fyb3VzZWxOYW1lJTIyJTNBJTIyJTIyJTJDJTIyY29sbGVjdGlvbklkJTIyJTNBJTIyMTgyODMlMjIlMkMlMjJpbmRleENsaWNrZWQlMjIlM0EyMCU3RA,https://images.mango-prod.siammakro.cloud/SOURCE/0deb8234bc3440c7a9d3d3b753fb71d8,ลูกมะพร้าววัวออสเตรเลีย 4.5-5 กก.,"฿

349.

00

/kg",฿,00,/kg,,
https://www.makro.pro/th/p/PAl58Fi-567459586859658?info=JTdCJTIycGFnZVNsdWclMjIlM0ElMjJCZWVmJTIwJTNBJTIwSW1wb3J0ZWQlMjBQcm9kdWN0cyUyRjE4MjgzJTIyJTJDJTIyY2Fyb3VzZWxOYW1lJTIyJTNBJTIyJTIyJTJDJTIyY29sbGVjdGlvbklkJTIyJTNBJTIyMTgyODMlMjIlMkMlMjJpbmRleENsaWNrZWQlMjIlM0EyMSU3RA,https://images.mango-prod.siammakro.cloud/SOURCE/1a585c7255c4448f831111aa5c06c98a,ฮาร์วี่ บีฟ ใบพายวัว (ขุน 100 วัน) 2-2.5 กก.,"฿

610.

00

/kg",฿,00,/kg,,
https://www.makro.pro/th/p/n-2kkpW-671913062750262?info=JTdCJTIycGFnZVNsdWclMjIlM0ElMjJCZWVmJTIwJTNBJTIwSW1wb3J0ZWQlMjBQcm9kdWN0cyUyRjE4MjgzJTIyJTJDJTIyY2Fyb3VzZWxOYW1lJTIyJTNBJTIyJTIyJTJDJTIyY29sbGVjdGlvbklkJTIyJTNBJTIyMTgyODMlMjIlMkMlMjJpbmRleENsaWNrZWQlMjIlM0EyMiU3RA,https://images.mango-prod.siammakro.cloud/SOURCE/bf2fc3be860844798d487142cf625bb1,เนื้อพื้นท้องวัวออสเตรเลีย ตัดชิ้น กก.ละ,"฿

329.

00

/kg",฿,00,/kg,,
https://www.makro.pro/th/p/7gJ0Gs3-357456837131006?info=JTdCJTIycGFnZVNsdWclMjIlM0ElMjJCZWVmJTIwJTNBJTIwSW1wb3J0ZWQlMjBQcm9kdWN0cyUyRjE4MjgzJTIyJTJDJTIyY2Fyb3VzZWxOYW1lJTIyJTNBJTIyJTIyJTJDJTIyY29sbGVjdGlvbklkJTIyJTNBJTIyMTgyODMlMjIlMkMlMjJpbmRleENsaWNrZWQlMjIlM0EyMyU3RA,https://images.mango-prod.siammakro.cloud/SOURCE/2202cd6a26bb422d93f3325d566a8892,เสือร้องไห้ออสเตรเลียแช่แข็ง(พื้นท้อง) 1 กก.,"฿

225.00
/kg",฿,,/kg,,สินค้าหมด
https://www.makro.pro/th/p/1_O8Eyu-299931781083946?info=JTdCJTIycGFnZVNsdWclMjIlM0ElMjJCZWVmJTIwJTNBJTIwSW1wb3J0ZWQlMjBQcm9kdWN0cyUyRjE4MjgzJTIyJTJDJTIyY2Fyb3VzZWxOYW1lJTIyJTNBJTIyJTIyJTJDJTIyY29sbGVjdGlvbklkJTIyJTNBJTIyMTgyODMlMjIlMkMlMjJpbmRleENsaWNrZWQlMjIlM0EyNCU3RA,https://images.mango-prod.siammakro.cloud/SOURCE/a0667e7a725e4422a01e943c065520d1,สันคอวัวออสเตรเลีย ประมาณ 4 กก.,"฿

380.

00

/kg",฿,00,/kg,,
https://www.makro.pro/th/p/xqm04ko-7606384427203?info=JTdCJTIycGFnZVNsdWclMjIlM0ElMjJCZWVmJTIwJTNBJTIwSW1wb3J0ZWQlMjBQcm9kdWN0cyUyRjE4MjgzJTIyJTJDJTIyY2Fyb3VzZWxOYW1lJTIyJTNBJTIyJTIyJTJDJTIyY29sbGVjdGlvbklkJTIyJTNBJTIyMTgyODMlMjIlMkMlMjJpbmRleENsaWNrZWQlMjIlM0EyNSU3RA,https://images.mango-prod.siammakro.cloud/SOURCE/5c34c9be25d44c828e65717fd4f5a777,ฮาร์วี่ บีฟ สันแหลมวัว ออสเตรเลีย 1.4-2.5 กก.,"฿

589.

00

/kg",฿,00,/kg,,
https://www.makro.pro/th/p/_9kstPK-835838636248595?info=JTdCJTIycGFnZVNsdWclMjIlM0ElMjJCZWVmJTIwJTNBJTIwSW1wb3J0ZWQlMjBQcm9kdWN0cyUyRjE4MjgzJTIyJTJDJTIyY2Fyb3VzZWxOYW1lJTIyJTNBJTIyJTIyJTJDJTIyY29sbGVjdGlvbklkJTIyJTNBJTIyMTgyODMlMjIlMkMlMjJpbmRleENsaWNrZWQlMjIlM0EyNiU3RA,https://images.mango-prod.siammakro.cloud/SOURCE/a093c8417d8645c4989ebe8b4b9522b2,สะโพกบนวัวออสเตรเลีย กก.ละ,"฿

365.00
/kg",฿,,/kg,,สินค้าหมด
https://www.makro.pro/th/p/2-6JrC1-748962616749478?info=JTdCJTIycGFnZVNsdWclMjIlM0ElMjJCZWVmJTIwJTNBJTIwSW1wb3J0ZWQlMjBQcm9kdWN0cyUyRjE4MjgzJTIyJTJDJTIyY2Fyb3VzZWxOYW1lJTIyJTNBJTIyJTIyJTJDJTIyY29sbGVjdGlvbklkJTIyJTNBJTIyMTgyODMlMjIlMkMlMjJpbmRleENsaWNrZWQlMjIlM0EyNyU3RA,https://images.mango-prod.siammakro.cloud/SOURCE/7ec256aebc7746fc8acf9fa394ebbe6a,สันในวัว ออสเตรเลีย (1.4-2.5 กก./ชิ้น),"฿

1,020.

00

/kg",฿,00,/kg,,
https://www.makro.pro/th/p/n8-iplc-7542469525699?info=JTdCJTIycGFnZVNsdWclMjIlM0ElMjJCZWVmJTIwJTNBJTIwSW1wb3J0ZWQlMjBQcm9kdWN0cyUyRjE4MjgzJTIyJTJDJTIyY2Fyb3VzZWxOYW1lJTIyJTNBJTIyJTIyJTJDJTIyY29sbGVjdGlvbklkJTIyJTNBJTIyMTgyODMlMjIlMkMlMjJpbmRleENsaWNrZWQlMjIlM0EyOCU3RA,https://images.mango-prod.siammakro.cloud/SOURCE/28caab9cba2141db92ea89a0fcaff325,เกรทเอ็มเพอร์เร่อร์ฟู้ดส์ เนื้อวัวบดแช่แข็ง 1 กก.,฿,179.,00,,-3%,
https://www.makro.pro/th/p/poBLjwQ-540711847544406?info=JTdCJTIycGFnZVNsdWclMjIlM0ElMjJCZWVmJTIwJTNBJTIwSW1wb3J0ZWQlMjBQcm9kdWN0cyUyRjE4MjgzJTIyJTJDJTIyY2Fyb3VzZWxOYW1lJTIyJTNBJTIyJTIyJTJDJTIyY29sbGVjdGlvbklkJTIyJTNBJTIyMTgyODMlMjIlMkMlMjJpbmRleENsaWNrZWQlMjIlM0EyOSU3RA,https://images.mango-prod.siammakro.cloud/SOURCE/8853971b92d74a12bc36a5c971a7ae02,เนื้อพื้นท้องวัวออสเตรเลีย กก.ละ,฿,279.,00,,-6%,
https://www.makro.pro/th/p/3-Tsr6S-305494362907307?info=JTdCJTIycGFnZVNsdWclMjIlM0ElMjJCZWVmJTIwJTNBJTIwSW1wb3J0ZWQlMjBQcm9kdWN0cyUyRjE4MjgzJTIyJTJDJTIyY2Fyb3VzZWxOYW1lJTIyJTNBJTIyJTIyJTJDJTIyY29sbGVjdGlvbklkJTIyJTNBJTIyMTgyODMlMjIlMkMlMjJpbmRleENsaWNrZWQlMjIlM0EzMCU3RA,https://images.mango-prod.siammakro.cloud/SOURCE/41ef3b46205a4d41a8218804b1475d9d,สะโพกบนวัวออสเตรเลียบด กก.ละ,"฿

395.00
/kg",฿,,/kg,,สินค้าหมด
https://www.makro.pro/th/p/Fk4eZsQ-955548065711086?info=JTdCJTIycGFnZVNsdWclMjIlM0ElMjJCZWVmJTIwJTNBJTIwSW1wb3J0ZWQlMjBQcm9kdWN0cyUyRjE4MjgzJTIyJTJDJTIyY2Fyb3VzZWxOYW1lJTIyJTNBJTIyJTIyJTJDJTIyY29sbGVjdGlvbklkJTIyJTNBJTIyMTgyODMlMjIlMkMlMjJpbmRleENsaWNrZWQlMjIlM0EzMSU3RA,https://images.mango-prod.siammakro.cloud/SOURCE/5506fb53bc4343bbb3102a8595030a74,สันสะโพกวัวออสเตรเลีย กก.ละ,"฿

390.

00

/kg",฿,00,/kg,,
https://www.makro.pro/th/p/Sx6wuOk-463064425705068?info=JTdCJTIycGFnZVNsdWclMjIlM0ElMjJCZWVmJTIwJTNBJTIwSW1wb3J0ZWQlMjBQcm9kdWN0cyUyRjE4MjgzJTIyJTJDJTIyY2Fyb3VzZWxOYW1lJTIyJTNBJTIyJTIyJTJDJTIyY29sbGVjdGlvbklkJTIyJTNBJTIyMTgyODMlMjIlMkMlMjJpbmRleENsaWNrZWQlMjIlM0EzMiU3RA,https://images.mango-prod.siammakro.cloud/SOURCE/8b33aadd7d764f9b97fe32f7ca81eeec,สันคอวัวออสเตรเลียตัดชิ้น กก.ละ,"฿

410.

00

/kg",฿,00,/kg,,
https://www.makro.pro/th/p/rFqol5N-505889527330625?info=JTdCJTIycGFnZVNsdWclMjIlM0ElMjJCZWVmJTIwJTNBJTIwSW1wb3J0ZWQlMjBQcm9kdWN0cyUyRjE4MjgzJTIyJTJDJTIyY2Fyb3VzZWxOYW1lJTIyJTNBJTIyJTIyJTJDJTIyY29sbGVjdGlvbklkJTIyJTNBJTIyMTgyODMlMjIlMkMlMjJpbmRleENsaWNrZWQlMjIlM0EzMyU3RA,https://images.mango-prod.siammakro.cloud/SOURCE/225da303c118436da0c6b9285d59fbd0,เอโร่ โกลด์ ไส้เบอร์เกอร์เนื้อวากิว 120 ก. x 2,"฿

130.

00",฿,00,,,
https://www.makro.pro/th/p/0vwwbVB-980302693022918?info=JTdCJTIycGFnZVNsdWclMjIlM0ElMjJCZWVmJTIwJTNBJTIwSW1wb3J0ZWQlMjBQcm9kdWN0cyUyRjE4MjgzJTIyJTJDJTIyY2Fyb3VzZWxOYW1lJTIyJTNBJTIyJTIyJTJDJTIyY29sbGVjdGlvbklkJTIyJTNBJTIyMTgyODMlMjIlMkMlMjJpbmRleENsaWNrZWQlMjIlM0EzNCU3RA,https://images.mango-prod.siammakro.cloud/SOURCE/9a570ef879fd47388fe790adbfa3be34,สันแหลมวัวออสเตรเลียตัดชิ้น กก.ละ,"฿

650.

00

/kg",฿,00,/kg,,
https://www.makro.pro/th/p/zFi25KL-298963671426120?info=JTdCJTIycGFnZVNsdWclMjIlM0ElMjJCZWVmJTIwJTNBJTIwSW1wb3J0ZWQlMjBQcm9kdWN0cyUyRjE4MjgzJTIyJTJDJTIyY2Fyb3VzZWxOYW1lJTIyJTNBJTIyJTIyJTJDJTIyY29sbGVjdGlvbklkJTIyJTNBJTIyMTgyODMlMjIlMkMlMjJpbmRleENsaWNrZWQlMjIlM0EzNSU3RA,https://images.mango-prod.siammakro.cloud/SOURCE/a9af32113fd74b41b8f53f796907536d,ลูกมะพร้าววัวออสเตรเลียตัดชิ้น กก.ละ,"฿

415.

00

/kg",฿,00,/kg,,
https://www.makro.pro/th/p/fjqZTSC-636125758280500?info=JTdCJTIycGFnZVNsdWclMjIlM0ElMjJCZWVmJTIwJTNBJTIwSW1wb3J0ZWQlMjBQcm9kdWN0cyUyRjE4MjgzJTIyJTJDJTIyY2Fyb3VzZWxOYW1lJTIyJTNBJTIyJTIyJTJDJTIyY29sbGVjdGlvbklkJTIyJTNBJTIyMTgyODMlMjIlMkMlMjJpbmRleENsaWNrZWQlMjIlM0EzNiU3RA,https://images.mango-prod.siammakro.cloud/SOURCE/1dd43e5ff28c4b7bb7fd8d1d6540f1c0,เอโร่ โกลด์ ไส้เบอร์เกอร์เนื้อวัว 120 ก. x 2,"฿

120.

00",฿,00,,,
https://www.makro.pro/th/p/NboBmje-827550241702908?info=JTdCJTIycGFnZVNsdWclMjIlM0ElMjJCZWVmJTIwJTNBJTIwSW1wb3J0ZWQlMjBQcm9kdWN0cyUyRjE4MjgzJTIyJTJDJTIyY2Fyb3VzZWxOYW1lJTIyJTNBJTIyJTIyJTJDJTIyY29sbGVjdGlvbklkJTIyJTNBJTIyMTgyODMlMjIlMkMlMjJpbmRleENsaWNrZWQlMjIlM0EzNyU3RA,https://images.mango-prod.siammakro.cloud/SOURCE/52d23817a0c648999eac34a37f8a1783,สะโพกบนวัวออสเตรเลียแช่แข็ง 1 กก.,"฿

329.

00

/kg",฿,00,/kg,,
https://www.makro.pro/th/p/xMJzNmn-2882290576977?info=JTdCJTIycGFnZVNsdWclMjIlM0ElMjJCZWVmJTIwJTNBJTIwSW1wb3J0ZWQlMjBQcm9kdWN0cyUyRjE4MjgzJTIyJTJDJTIyY2Fyb3VzZWxOYW1lJTIyJTNBJTIyJTIyJTJDJTIyY29sbGVjdGlvbklkJTIyJTNBJTIyMTgyODMlMjIlMkMlMjJpbmRleENsaWNrZWQlMjIlM0EzOCU3RA,https://images.mango-prod.siammakro.cloud/SOURCE/9996ec92834949bfa56223abcc6ad093,ฮาร์วี่ บีฟ เนื้อสะโพกบนโคขุน ออสเตรเลีย (100 วัน) 1 กก.,"฿

399.

00

/kg",฿,00,/kg,,
https://www.makro.pro/th/p/kdz3PDF-481835953711298?info=JTdCJTIycGFnZVNsdWclMjIlM0ElMjJCZWVmJTIwJTNBJTIwSW1wb3J0ZWQlMjBQcm9kdWN0cyUyRjE4MjgzJTIyJTJDJTIyY2Fyb3VzZWxOYW1lJTIyJTNBJTIyJTIyJTJDJTIyY29sbGVjdGlvbklkJTIyJTNBJTIyMTgyODMlMjIlMkMlMjJpbmRleENsaWNrZWQlMjIlM0EzOSU3RA,https://images.mango-prod.siammakro.cloud/SOURCE/28446b2c97ed4da1b7aaafe50b7a9161,เนื้อสะโพกบนวัวออสเตรเลีย ตัดชิ้น กก.ละ,"฿

395.00
/kg",฿,,/kg,,สินค้าหมด
https://www.makro.pro/th/p/fR-6Te--721502402155634?info=JTdCJTIycGFnZVNsdWclMjIlM0ElMjJCZWVmJTIwJTNBJTIwSW1wb3J0ZWQlMjBQcm9kdWN0cyUyRjE4MjgzJTIyJTJDJTIyY2Fyb3VzZWxOYW1lJTIyJTNBJTIyJTIyJTJDJTIyY29sbGVjdGlvbklkJTIyJTNBJTIyMTgyODMlMjIlMkMlMjJpbmRleENsaWNrZWQlMjIlM0E0MCU3RA,https://images.mango-prod.siammakro.cloud/SOURCE/7f799b2cf01644078c3e60202705df40,ลูกมะพร้าววัวออสเตรเลียบด กก.ละ,"฿

415.

00

/kg",฿,00,/kg,,
https://www.makro.pro/th/p/6cTb4ue-720686455188528?info=JTdCJTIycGFnZVNsdWclMjIlM0ElMjJCZWVmJTIwJTNBJTIwSW1wb3J0ZWQlMjBQcm9kdWN0cyUyRjE4MjgzJTIyJTJDJTIyY2Fyb3VzZWxOYW1lJTIyJTNBJTIyJTIyJTJDJTIyY29sbGVjdGlvbklkJTIyJTNBJTIyMTgyODMlMjIlMkMlMjJpbmRleENsaWNrZWQlMjIlM0E0MSU3RA,https://images.mango-prod.siammakro.cloud/SOURCE/89b0d6f53fc74bd3ac61f82f60a3307b,ฮาร์วี่ บีฟ เนื้อวัวลูกมะพร้าว ขุน 100 วัน 1 ชิ้น (4.5 - 6.5 กก./ชิ้น),"฿

430.

00

/kg",฿,00,/kg,,
https://www.makro.pro/th/p/Lkvtqgu-885808806403181?info=JTdCJTIycGFnZVNsdWclMjIlM0ElMjJCZWVmJTIwJTNBJTIwSW1wb3J0ZWQlMjBQcm9kdWN0cyUyRjE4MjgzJTIyJTJDJTIyY2Fyb3VzZWxOYW1lJTIyJTNBJTIyJTIyJTJDJTIyY29sbGVjdGlvbklkJTIyJTNBJTIyMTgyODMlMjIlMkMlMjJpbmRleENsaWNrZWQlMjIlM0E0MiU3RA,https://images.mango-prod.siammakro.cloud/SOURCE/be633396f7274e7f9c98e9fb47e4498b,สะโพกล่างวัวออสเตรเลียตัดชิ้น กก.ละ,"฿

385.

00

/kg",฿,00,/kg,,
https://www.makro.pro/th/p/yH4GAO0-202207893372560?info=JTdCJTIycGFnZVNsdWclMjIlM0ElMjJCZWVmJTIwJTNBJTIwSW1wb3J0ZWQlMjBQcm9kdWN0cyUyRjE4MjgzJTIyJTJDJTIyY2Fyb3VzZWxOYW1lJTIyJTNBJTIyJTIyJTJDJTIyY29sbGVjdGlvbklkJTIyJTNBJTIyMTgyODMlMjIlMkMlMjJpbmRleENsaWNrZWQlMjIlM0E0MyU3RA,https://images.mango-prod.siammakro.cloud/SOURCE/7ec256aebc7746fc8acf9fa394ebbe6a,สันในวัวออสเตรเลีย ตัดชิ้น กก.ละ,"฿

1,050.

00

/kg",฿,00,/kg,,
https://www.makro.pro/th/p/l4dfsxd-7542463332547?info=JTdCJTIycGFnZVNsdWclMjIlM0ElMjJCZWVmJTIwJTNBJTIwSW1wb3J0ZWQlMjBQcm9kdWN0cyUyRjE4MjgzJTIyJTJDJTIyY2Fyb3VzZWxOYW1lJTIyJTNBJTIyJTIyJTJDJTIyY29sbGVjdGlvbklkJTIyJTNBJTIyMTgyODMlMjIlMkMlMjJpbmRleENsaWNrZWQlMjIlM0E0NCU3RA,https://images.mango-prod.siammakro.cloud/SOURCE/b309c718afec4622ac9a131366cb6b35,เสือร้องไห้ออสเตรเลียติดกระดูกแช่แข็ง 1 กก.,"฿

95.

00",฿,00,,,
https://www.makro.pro/th/p/e_mofvk-760756935330829?info=JTdCJTIycGFnZVNsdWclMjIlM0ElMjJCZWVmJTIwJTNBJTIwSW1wb3J0ZWQlMjBQcm9kdWN0cyUyRjE4MjgzJTIyJTJDJTIyY2Fyb3VzZWxOYW1lJTIyJTNBJTIyJTIyJTJDJTIyY29sbGVjdGlvbklkJTIyJTNBJTIyMTgyODMlMjIlMkMlMjJpbmRleENsaWNrZWQlMjIlM0E0NSU3RA,https://images.mango-prod.siammakro.cloud/SOURCE/db79eecf5c0b447ca8cd40796faeb620,เนื้อพื้นท้องวัวออสเตรเลียบด กก.ละ,"฿

329.

00

/kg",฿,00,/kg,,
https://www.makro.pro/th/p/zmZbr4l-940690683685068?info=JTdCJTIycGFnZVNsdWclMjIlM0ElMjJCZWVmJTIwJTNBJTIwSW1wb3J0ZWQlMjBQcm9kdWN0cyUyRjE4MjgzJTIyJTJDJTIyY2Fyb3VzZWxOYW1lJTIyJTNBJTIyJTIyJTJDJTIyY29sbGVjdGlvbklkJTIyJTNBJTIyMTgyODMlMjIlMkMlMjJpbmRleENsaWNrZWQlMjIlM0E0NiU3RA,https://images.mango-prod.siammakro.cloud/SOURCE/4ae5ae82e115463c888bf211a421f61c,สันสะโพกวัวออสเตรเลีย ตัดชิ้น กก.ละ,"฿

430.

00

/kg",฿,00,/kg,,
https://www.makro.pro/th/p/0b_H3c2-371265030005580?info=JTdCJTIycGFnZVNsdWclMjIlM0ElMjJCZWVmJTIwJTNBJTIwSW1wb3J0ZWQlMjBQcm9kdWN0cyUyRjE4MjgzJTIyJTJDJTIyY2Fyb3VzZWxOYW1lJTIyJTNBJTIyJTIyJTJDJTIyY29sbGVjdGlvbklkJTIyJTNBJTIyMTgyODMlMjIlMkMlMjJpbmRleENsaWNrZWQlMjIlM0E0NyU3RA,https://images.mango-prod.siammakro.cloud/SOURCE/db3cf5efbca040daabc4ab647f6bd0ac,สันแหลมวัวออสเตรเลีย ขุน 100 วัน ตัดชิ้น,"฿

1,110.

00

/kg",฿,00,/kg,,
https://www.makro.pro/th/p/0opwbws-7497614196931?info=JTdCJTIycGFnZVNsdWclMjIlM0ElMjJCZWVmJTIwJTNBJTIwSW1wb3J0ZWQlMjBQcm9kdWN0cyUyRjE4MjgzJTIyJTJDJTIyY2Fyb3VzZWxOYW1lJTIyJTNBJTIyJTIyJTJDJTIyY29sbGVjdGlvbklkJTIyJTNBJTIyMTgyODMlMjIlMkMlMjJpbmRleENsaWNrZWQlMjIlM0E0OCU3RA,https://images.mango-prod.siammakro.cloud/product-images/7497614196931-aea331ce-7cb2-4ec5-a457-75f432fafc49.jpeg?imageMogr2/thumbnail/300x300,เอโร่ โกลด์ สันคอวัวอเมริกาสไลซ์แช่แข็ง 200 ก.,"฿

210.

00",฿,00,,,
https://www.makro.pro/th/p/28wmhbi-7497598402755?info=JTdCJTIycGFnZVNsdWclMjIlM0ElMjJCZWVmJTIwJTNBJTIwSW1wb3J0ZWQlMjBQcm9kdWN0cyUyRjE4MjgzJTIyJTJDJTIyY2Fyb3VzZWxOYW1lJTIyJTNBJTIyJTIyJTJDJTIyY29sbGVjdGlvbklkJTIyJTNBJTIyMTgyODMlMjIlMkMlMjJpbmRleENsaWNrZWQlMjIlM0E0OSU3RA,https://images.mango-prod.siammakro.cloud/product-images/7497598402755-4e81f2a1-8005-4c35-9e9a-7a5939c0b9c3.jpeg?imageMogr2/thumbnail/300x300,เอโร่ โกลด์ สันนอกวัววากิวญี่ปุ่นตัดสเต๊ก A3 แช่แข็ง 200 ก.,"฿

590.

00",฿,00,,,
https://www.makro.pro/th/p/FiX3geW-545500982348394?info=JTdCJTIycGFnZVNsdWclMjIlM0ElMjJCZWVmJTIwJTNBJTIwSW1wb3J0ZWQlMjBQcm9kdWN0cyUyRjE4MjgzJTIyJTJDJTIyY2Fyb3VzZWxOYW1lJTIyJTNBJTIyJTIyJTJDJTIyY29sbGVjdGlvbklkJTIyJTNBJTIyMTgyODMlMjIlMkMlMjJpbmRleENsaWNrZWQlMjIlM0E1MCU3RA,https://images.mango-prod.siammakro.cloud/SOURCE/cefd6b8fa4c34859a958c286ef89903c,เนื้อน่องวัวออสเตรเลียบด กก.ละ,"฿

340.

00

/kg",฿,00,/kg,,
https://www.makro.pro/th/p/GCapUU3-744717802331549?info=JTdCJTIycGFnZVNsdWclMjIlM0ElMjJCZWVmJTIwJTNBJTIwSW1wb3J0ZWQlMjBQcm9kdWN0cyUyRjE4MjgzJTIyJTJDJTIyY2Fyb3VzZWxOYW1lJTIyJTNBJTIyJTIyJTJDJTIyY29sbGVjdGlvbklkJTIyJTNBJTIyMTgyODMlMjIlMkMlMjJpbmRleENsaWNrZWQlMjIlM0E1MSU3RA,https://images.mango-prod.siammakro.cloud/SOURCE/6bcdabb81b80452b9c31abb3bc227a9c,ใบพายวัวออสเตรเลีย ตัดชิ้น กก.ละ,"฿

429.

00

/kg",฿,00,/kg,,
https://www.makro.pro/th/p/fxrbpji-7497596928195?info=JTdCJTIycGFnZVNsdWclMjIlM0ElMjJCZWVmJTIwJTNBJTIwSW1wb3J0ZWQlMjBQcm9kdWN0cyUyRjE4MjgzJTIyJTJDJTIyY2Fyb3VzZWxOYW1lJTIyJTNBJTIyJTIyJTJDJTIyY29sbGVjdGlvbklkJTIyJTNBJTIyMTgyODMlMjIlMkMlMjJpbmRleENsaWNrZWQlMjIlM0E1MiU3RA,https://images.mango-prod.siammakro.cloud/product-images/7497596928195-fbf716cb-1650-4d6e-ba31-7c2f84e50d3a.jpeg?imageMogr2/thumbnail/300x300,เอโร่ โกลด์ สันแหลมวัวอเมริกาสเต๊กแช่แข็ง 200 ก.,"฿

479.

00",฿,00,,,
https://www.makro.pro/th/p/L1xSX_P-897842604825352?info=JTdCJTIycGFnZVNsdWclMjIlM0ElMjJCZWVmJTIwJTNBJTIwSW1wb3J0ZWQlMjBQcm9kdWN0cyUyRjE4MjgzJTIyJTJDJTIyY2Fyb3VzZWxOYW1lJTIyJTNBJTIyJTIyJTJDJTIyY29sbGVjdGlvbklkJTIyJTNBJTIyMTgyODMlMjIlMkMlMjJpbmRleENsaWNrZWQlMjIlM0E1MyU3RA,https://images.mango-prod.siammakro.cloud/SOURCE/0605c4d89fc24fb29582709ee9e84aa2,เนื้อน่องวัวออสเตรเลีย ตัดชิ้น กก.ละ,"฿

340.

00

/kg",฿,00,/kg,,
https://www.makro.pro/th/p/s1aqkms-7499776557251?info=JTdCJTIycGFnZVNsdWclMjIlM0ElMjJCZWVmJTIwJTNBJTIwSW1wb3J0ZWQlMjBQcm9kdWN0cyUyRjE4MjgzJTIyJTJDJTIyY2Fyb3VzZWxOYW1lJTIyJTNBJTIyJTIyJTJDJTIyY29sbGVjdGlvbklkJTIyJTNBJTIyMTgyODMlMjIlMkMlMjJpbmRleENsaWNrZWQlMjIlM0E1NCU3RA,https://images.mango-prod.siammakro.cloud/product-images/7499776557251-24489c90-b255-49be-96b8-1079850519d0.jpeg?imageMogr2/thumbnail/300x300,เอโร่ โกลด์ สันนอกวัวคาโกชิม่าวากิวตัดสเต๊ก A5 แช่แข็ง 200 ก.,"฿

870.

00",฿,00,,,
https://www.makro.pro/th/p/vxpptuv-7497589424323?info=JTdCJTIycGFnZVNsdWclMjIlM0ElMjJCZWVmJTIwJTNBJTIwSW1wb3J0ZWQlMjBQcm9kdWN0cyUyRjE4MjgzJTIyJTJDJTIyY2Fyb3VzZWxOYW1lJTIyJTNBJTIyJTIyJTJDJTIyY29sbGVjdGlvbklkJTIyJTNBJTIyMTgyODMlMjIlMkMlMjJpbmRleENsaWNrZWQlMjIlM0E1NSU3RA,https://images.mango-prod.siammakro.cloud/product-images/7497589424323-ad6e126a-6810-4a66-ae3d-571c5b9fbb64.jpeg?imageMogr2/thumbnail/300x300,เอโร่ โกลด์ สันแหลมวัวคาโกชิม่าวากิวตัดสเต๊ก A5 แช่แข็ง 200 ก.,"฿

850.

00",฿,00,,,
https://www.makro.pro/th/p/r5ZRGxB-147266845119977?info=JTdCJTIycGFnZVNsdWclMjIlM0ElMjJCZWVmJTIwJTNBJTIwSW1wb3J0ZWQlMjBQcm9kdWN0cyUyRjE4MjgzJTIyJTJDJTIyY2Fyb3VzZWxOYW1lJTIyJTNBJTIyJTIyJTJDJTIyY29sbGVjdGlvbklkJTIyJTNBJTIyMTgyODMlMjIlMkMlMjJpbmRleENsaWNrZWQlMjIlM0E1NiU3RA,https://images.mango-prod.siammakro.cloud/SOURCE/62d202478e00427a8fd077b09b9d5486,ใบพายวัวออสเตรเลียบด กก.ละ,"฿

429.

00

/kg",฿,00,/kg,,
https://www.makro.pro/th/p/4OxEEkn-184183463384165?info=JTdCJTIycGFnZVNsdWclMjIlM0ElMjJCZWVmJTIwJTNBJTIwSW1wb3J0ZWQlMjBQcm9kdWN0cyUyRjE4MjgzJTIyJTJDJTIyY2Fyb3VzZWxOYW1lJTIyJTNBJTIyJTIyJTJDJTIyY29sbGVjdGlvbklkJTIyJTNBJTIyMTgyODMlMjIlMkMlMjJpbmRleENsaWNrZWQlMjIlM0E1NyU3RA,https://images.mango-prod.siammakro.cloud/product-images/184183463384165-fbbb2f21-1ebf-4611-890b-df8bab434f11.jpeg?imageMogr2/thumbnail/300x300,พิคานย่าวัวออสเตรเลีย MB2+ (1.3 - 2.8 กก.),"฿

710.00
/kg",฿,,/kg,,สินค้าหมด
https://www.makro.pro/th/p/WUbjUZq-997521033893943?info=JTdCJTIycGFnZVNsdWclMjIlM0ElMjJCZWVmJTIwJTNBJTIwSW1wb3J0ZWQlMjBQcm9kdWN0cyUyRjE4MjgzJTIyJTJDJTIyY2Fyb3VzZWxOYW1lJTIyJTNBJTIyJTIyJTJDJTIyY29sbGVjdGlvbklkJTIyJTNBJTIyMTgyODMlMjIlMkMlMjJpbmRleENsaWNrZWQlMjIlM0E1OCU3RA,https://images.mango-prod.siammakro.cloud/SOURCE/16d7c84f0fa64301a782505711d20f3e,เนื้อพิคานย่าวัวออสเตรเลียแช่แข็ง 1 กก.,"฿

430.00
/kg",฿,,/kg,,สินค้าหมด
https://www.makro.pro/th/p/jep-6pv-7275701698755?info=JTdCJTIycGFnZVNsdWclMjIlM0ElMjJCZWVmJTIwJTNBJTIwSW1wb3J0ZWQlMjBQcm9kdWN0cyUyRjE4MjgzJTIyJTJDJTIyY2Fyb3VzZWxOYW1lJTIyJTNBJTIyJTIyJTJDJTIyY29sbGVjdGlvbklkJTIyJTNBJTIyMTgyODMlMjIlMkMlMjJpbmRleENsaWNrZWQlMjIlM0E1OSU3RA,https://images.mango-prod.siammakro.cloud/SOURCE/6591e65dba1d48ad9b915510f3d78e14,สันคอวัวออสเตรเลียแช่แข็ง 1 ชิ้น ( 8 กก. ),"฿

350.00
/kg",฿,,/kg,,สินค้าหมด
https://www.makro.pro/th/p/5d138AE-456987717355145?info=JTdCJTIycGFnZVNsdWclMjIlM0ElMjJCZWVmJTIwJTNBJTIwSW1wb3J0ZWQlMjBQcm9kdWN0cyUyRjE4MjgzJTIyJTJDJTIyY2Fyb3VzZWxOYW1lJTIyJTNBJTIyJTIyJTJDJTIyY29sbGVjdGlvbklkJTIyJTNBJTIyMTgyODMlMjIlMkMlMjJpbmRleENsaWNrZWQlMjIlM0E2MCU3RA,https://images.mango-prod.siammakro.cloud/SOURCE/94e7844b07674e04b5884d5f49bba4b6,สันคอวัวแองกัสออสเตรเลีย กก.ละ,"฿

550.00
/kg",฿,,/kg,,สินค้าหมด
https://www.makro.pro/th/p/oWuHZZw-456626798072837?info=JTdCJTIycGFnZVNsdWclMjIlM0ElMjJCZWVmJTIwJTNBJTIwSW1wb3J0ZWQlMjBQcm9kdWN0cyUyRjE4MjgzJTIyJTJDJTIyY2Fyb3VzZWxOYW1lJTIyJTNBJTIyJTIyJTJDJTIyY29sbGVjdGlvbklkJTIyJTNBJTIyMTgyODMlMjIlMkMlMjJpbmRleENsaWNrZWQlMjIlM0E2MSU3RA,https://images.mango-prod.siammakro.cloud/SOURCE/3ab23cb7b60641b3aa392f54ce456987,ไขมันวัวนําเข้าแช่แข็ง 1 ลัง (ประมาณ 20 กก.),"฿

90.00
/kg",฿,,/kg,,สินค้าหมด
https://www.makro.pro/th/p/FRJDvhn-878020539530374?info=JTdCJTIycGFnZVNsdWclMjIlM0ElMjJCZWVmJTIwJTNBJTIwSW1wb3J0ZWQlMjBQcm9kdWN0cyUyRjE4MjgzJTIyJTJDJTIyY2Fyb3VzZWxOYW1lJTIyJTNBJTIyJTIyJTJDJTIyY29sbGVjdGlvbklkJTIyJTNBJTIyMTgyODMlMjIlMkMlMjJpbmRleENsaWNrZWQlMjIlM0E2MiU3RA,https://images.mango-prod.siammakro.cloud/SOURCE/4ee5e18efa054a27a74b25d799ebe7d0,เนื้อพิคานย่าออสเตรเลีย ขุน 100 วัน กก.ละ,"฿

690.00
/kg",฿,,/kg,,สินค้าหมด
https://www.makro.pro/th/p/paS6F2U-768292403667341?info=JTdCJTIycGFnZVNsdWclMjIlM0ElMjJCZWVmJTIwJTNBJTIwSW1wb3J0ZWQlMjBQcm9kdWN0cyUyRjE4MjgzJTIyJTJDJTIyY2Fyb3VzZWxOYW1lJTIyJTNBJTIyJTIyJTJDJTIyY29sbGVjdGlvbklkJTIyJTNBJTIyMTgyODMlMjIlMkMlMjJpbmRleENsaWNrZWQlMjIlM0E2MyU3RA,https://images.mango-prod.siammakro.cloud/SOURCE/219e6068b2a942039ffc97f04a56ac9b,ใบพายวัวออสเตรเลียแช่แข็ง 1 กก.,"฿

355.00
/kg",฿,,/kg,,สินค้าหมด
https://www.makro.pro/th/p/xtKridZ-485435125141287?info=JTdCJTIycGFnZVNsdWclMjIlM0ElMjJCZWVmJTIwJTNBJTIwSW1wb3J0ZWQlMjBQcm9kdWN0cyUyRjE4MjgzJTIyJTJDJTIyY2Fyb3VzZWxOYW1lJTIyJTNBJTIyJTIyJTJDJTIyY29sbGVjdGlvbklkJTIyJTNBJTIyMTgyODMlMjIlMkMlMjJpbmRleENsaWNrZWQlMjIlM0E2NCU3RA,https://images.mango-prod.siammakro.cloud/SOURCE/711e817e37db4053ad9b83d624d66686,เสือร้องไห้วัวออสเตรเลียแช่แข็ง 1 กก.,"฿

269.00
/kg",฿,,/kg,,สินค้าหมด
https://www.makro.pro/th/p/ggjajxa-7167160615107?info=JTdCJTIycGFnZVNsdWclMjIlM0ElMjJCZWVmJTIwJTNBJTIwSW1wb3J0ZWQlMjBQcm9kdWN0cyUyRjE4MjgzJTIyJTJDJTIyY2Fyb3VzZWxOYW1lJTIyJTNBJTIyJTIyJTJDJTIyY29sbGVjdGlvbklkJTIyJTNBJTIyMTgyODMlMjIlMkMlMjJpbmRleENsaWNrZWQlMjIlM0E2NSU3RA,https://images.mango-prod.siammakro.cloud/product-images/7167160615107-16d253f4-c09c-40c6-b5e6-951bcadd0f2e.jpeg?imageMogr2/thumbnail/300x300,เนื้อวัวออสเตรเลียแองกัสบดแช่แข็ง 85CL 500 ก.,"฿

235.00",฿,,,,สินค้าหมด
https://www.makro.pro/th/p/GQKlsWa-417471913404845?info=JTdCJTIycGFnZVNsdWclMjIlM0ElMjJCZWVmJTIwJTNBJTIwSW1wb3J0ZWQlMjBQcm9kdWN0cyUyRjE4MjgzJTIyJTJDJTIyY2Fyb3VzZWxOYW1lJTIyJTNBJTIyJTIyJTJDJTIyY29sbGVjdGlvbklkJTIyJTNBJTIyMTgyODMlMjIlMkMlMjJpbmRleENsaWNrZWQlMjIlM0E2NiU3RA,https://images.mango-prod.siammakro.cloud/SOURCE/4c6e115f43a445aa88dd05ee782d6bb2,เนื้อพิคานย่าวัวแองกัสออสเตรเลีย กก.ละ,"฿

740.00
/kg",฿,,/kg,,สินค้าหมด
https://www.makro.pro/th/p/wvuwtkq-7196421193923?info=JTdCJTIycGFnZVNsdWclMjIlM0ElMjJCZWVmJTIwJTNBJTIwSW1wb3J0ZWQlMjBQcm9kdWN0cyUyRjE4MjgzJTIyJTJDJTIyY2Fyb3VzZWxOYW1lJTIyJTNBJTIyJTIyJTJDJTIyY29sbGVjdGlvbklkJTIyJTNBJTIyMTgyODMlMjIlMkMlMjJpbmRleENsaWNrZWQlMjIlM0E2NyU3RA,https://images.mango-prod.siammakro.cloud/product-images/7196421193923-67b7973d-d465-4671-a76a-3094358428c1.jpeg?imageMogr2/thumbnail/300x300,เอโร่ โกลด์ สันคอวัวออสเตรเลียสไลซ์แช่แข็ง 500 ก.,฿,235.,00,,฿ 289.00,สินค้าหมด
https://www.makro.pro/th/p/PGX4O9u-275160526314853?info=JTdCJTIycGFnZVNsdWclMjIlM0ElMjJCZWVmJTIwJTNBJTIwSW1wb3J0ZWQlMjBQcm9kdWN0cyUyRjE4MjgzJTIyJTJDJTIyY2Fyb3VzZWxOYW1lJTIyJTNBJTIyJTIyJTJDJTIyY29sbGVjdGlvbklkJTIyJTNBJTIyMTgyODMlMjIlMkMlMjJpbmRleENsaWNrZWQlMjIlM0E2OCU3RA,https://images.mango-prod.siammakro.cloud/SOURCE/1de8bb8da63d4ebc8aecebd5c5098664,ใบพายวัวแองกัสออสเตรเลีย 1 กก.,"฿

620.00
/kg",฿,,/kg,,สินค้าหมด
https://www.makro.pro/th/p/Sx5iCPc-150912861182454?info=JTdCJTIycGFnZVNsdWclMjIlM0ElMjJCZWVmJTIwJTNBJTIwSW1wb3J0ZWQlMjBQcm9kdWN0cyUyRjE4MjgzJTIyJTJDJTIyY2Fyb3VzZWxOYW1lJTIyJTNBJTIyJTIyJTJDJTIyY29sbGVjdGlvbklkJTIyJTNBJTIyMTgyODMlMjIlMkMlMjJpbmRleENsaWNrZWQlMjIlM0E2OSU3RA,https://images.mango-prod.siammakro.cloud/SOURCE/6c4637f6b8554fe7ad5b9bae6ee2508e,สันนอกวัวแองกัสออสเตรเลีย กก.ละ,"฿

880.00
/kg",฿,,/kg,,สินค้าหมด
https://www.makro.pro/th/p/-ksBmTF-780441984283667?info=JTdCJTIycGFnZVNsdWclMjIlM0ElMjJCZWVmJTIwJTNBJTIwSW1wb3J0ZWQlMjBQcm9kdWN0cyUyRjE4MjgzJTIyJTJDJTIyY2Fyb3VzZWxOYW1lJTIyJTNBJTIyJTIyJTJDJTIyY29sbGVjdGlvbklkJTIyJTNBJTIyMTgyODMlMjIlMkMlMjJpbmRleENsaWNrZWQlMjIlM0E3MCU3RA,https://images.mango-prod.siammakro.cloud/SOURCE/099fd406c62e4948939b4f6314274d0b,สันแหลมวัวแองกัสออสเตรเลีย กก.ละ,"฿

1,200.00
/kg",฿,,/kg,,สินค้าหมด
https://www.makro.pro/th/p/3s2mcRZ-704388791909411?info=JTdCJTIycGFnZVNsdWclMjIlM0ElMjJCZWVmJTIwJTNBJTIwSW1wb3J0ZWQlMjBQcm9kdWN0cyUyRjE4MjgzJTIyJTJDJTIyY2Fyb3VzZWxOYW1lJTIyJTNBJTIyJTIyJTJDJTIyY29sbGVjdGlvbklkJTIyJTNBJTIyMTgyODMlMjIlMkMlMjJpbmRleENsaWNrZWQlMjIlM0E3MSU3RA,https://images.mango-prod.siammakro.cloud/SOURCE/88991bdd9d264850a47b263a03bcbae2,ฮาร์วี่ บีฟ เสือร้องไห้ ออสเตรเลีย (ขุน 100 วัน) 1 ชิ้น (4.5-6.5 กก./ชิ้น),"฿

450.00
/kg",฿,,/kg,,สินค้าหมด
https://www.makro.pro/th/p/QMAAJ8k-752567279184595?info=JTdCJTIycGFnZVNsdWclMjIlM0ElMjJCZWVmJTIwJTNBJTIwSW1wb3J0ZWQlMjBQcm9kdWN0cyUyRjE4MjgzJTIyJTJDJTIyY2Fyb3VzZWxOYW1lJTIyJTNBJTIyJTIyJTJDJTIyY29sbGVjdGlvbklkJTIyJTNBJTIyMTgyODMlMjIlMkMlMjJpbmRleENsaWNrZWQlMjIlM0E3MiU3RA,https://images.mango-prod.siammakro.cloud/SOURCE/4b294313dd214428be1e4e21a168e78e,สันในวัวออสเตรเลียแช่แข็ง 1.4-1.8 กก.,"฿

689.00
/kg",฿,,/kg,,สินค้าหมด
https://www.makro.pro/th/p/2ncsw7F-109214505160586?info=JTdCJTIycGFnZVNsdWclMjIlM0ElMjJCZWVmJTIwJTNBJTIwSW1wb3J0ZWQlMjBQcm9kdWN0cyUyRjE4MjgzJTIyJTJDJTIyY2Fyb3VzZWxOYW1lJTIyJTNBJTIyJTIyJTJDJTIyY29sbGVjdGlvbklkJTIyJTNBJTIyMTgyODMlMjIlMkMlMjJpbmRleENsaWNrZWQlMjIlM0E3MyU3RA,https://images.mango-prod.siammakro.cloud/SOURCE/e021d2930b52472db59d658adf246d5a,สันในวัวออสเตรเลีย ขุน 100 วัน กก.ละ,"฿

1,350.00
/kg",฿,,/kg,,สินค้าหมด
https://www.makro.pro/th/p/7A78xV7-610197598947868?info=JTdCJTIycGFnZVNsdWclMjIlM0ElMjJCZWVmJTIwJTNBJTIwSW1wb3J0ZWQlMjBQcm9kdWN0cyUyRjE4MjgzJTIyJTJDJTIyY2Fyb3VzZWxOYW1lJTIyJTNBJTIyJTIyJTJDJTIyY29sbGVjdGlvbklkJTIyJTNBJTIyMTgyODMlMjIlMkMlMjJpbmRleENsaWNrZWQlMjIlM0E3NCU3RA,https://images.mango-prod.siammakro.cloud/SOURCE/801d2386d8884e47811f8275ead14792,พื้นท้องวัวแองกัสออสเตรเลีย กก.ละ,"฿

410.00
/kg",฿,,/kg,,สินค้าหมด
https://www.makro.pro/th/p/yVeuW86-200468998497080?info=JTdCJTIycGFnZVNsdWclMjIlM0ElMjJCZWVmJTIwJTNBJTIwSW1wb3J0ZWQlMjBQcm9kdWN0cyUyRjE4MjgzJTIyJTJDJTIyY2Fyb3VzZWxOYW1lJTIyJTNBJTIyJTIyJTJDJTIyY29sbGVjdGlvbklkJTIyJTNBJTIyMTgyODMlMjIlMkMlMjJpbmRleENsaWNrZWQlMjIlM0E3NSU3RA,https://images.mango-prod.siammakro.cloud/SOURCE/00738c36faff421aa7d8a47bbb3aceec,เสือร้องไห้วัวแองกัสออสเตรเลีย กก.ละ,"฿

450.00
/kg",฿,,/kg,,สินค้าหมด
https://www.makro.pro/th/p/oFuJ_eK-558666367540216?info=JTdCJTIycGFnZVNsdWclMjIlM0ElMjJCZWVmJTIwJTNBJTIwSW1wb3J0ZWQlMjBQcm9kdWN0cyUyRjE4MjgzJTIyJTJDJTIyY2Fyb3VzZWxOYW1lJTIyJTNBJTIyJTIyJTJDJTIyY29sbGVjdGlvbklkJTIyJTNBJTIyMTgyODMlMjIlMkMlMjJpbmRleENsaWNrZWQlMjIlM0E3NiU3RA,https://images.mango-prod.siammakro.cloud/SOURCE/3038de2e023540a092f7d9ab7b184394,ลูกมะพร้าววัวออสเตรเลียแช่แข็ง 1 กก.,"฿

280.00
/kg",฿,,/kg,,สินค้าหมด
https://www.makro.pro/th/p/1MKo-j--207192935726063?info=JTdCJTIycGFnZVNsdWclMjIlM0ElMjJCZWVmJTIwJTNBJTIwSW1wb3J0ZWQlMjBQcm9kdWN0cyUyRjE4MjgzJTIyJTJDJTIyY2Fyb3VzZWxOYW1lJTIyJTNBJTIyJTIyJTJDJTIyY29sbGVjdGlvbklkJTIyJTNBJTIyMTgyODMlMjIlMkMlMjJpbmRleENsaWNrZWQlMjIlM0E3NyU3RA,https://images.mango-prod.siammakro.cloud/SOURCE/f639dd8ff038459ebb15ee8969ab7627,ลูกมะพร้าววัวแองกัสออสเตรเลีย กก.ละ,"฿

460.00
/kg",฿,,/kg,,สินค้าหมด
https://www.makro.pro/th/p/st3MZzg-873922199413982?info=JTdCJTIycGFnZVNsdWclMjIlM0ElMjJCZWVmJTIwJTNBJTIwSW1wb3J0ZWQlMjBQcm9kdWN0cyUyRjE4MjgzJTIyJTJDJTIyY2Fyb3VzZWxOYW1lJTIyJTNBJTIyJTIyJTJDJTIyY29sbGVjdGlvbklkJTIyJTNBJTIyMTgyODMlMjIlMkMlMjJpbmRleENsaWNrZWQlMjIlM0E3OCU3RA,https://images.mango-prod.siammakro.cloud/SOURCE/b7e235da56684f209964a3c6f6c7a7b0,เนื้อพิคานย่าออสเตรเลีย ขุน100 วัน ตัดชิ้น,"฿

720.00
/kg",฿,,/kg,,สินค้าหมด
https://www.makro.pro/th/p/2thclya-7499703091395?info=JTdCJTIycGFnZVNsdWclMjIlM0ElMjJCZWVmJTIwJTNBJTIwSW1wb3J0ZWQlMjBQcm9kdWN0cyUyRjE4MjgzJTIyJTJDJTIyY2Fyb3VzZWxOYW1lJTIyJTNBJTIyJTIyJTJDJTIyY29sbGVjdGlvbklkJTIyJTNBJTIyMTgyODMlMjIlMkMlMjJpbmRleENsaWNrZWQlMjIlM0E3OSU3RA,https://images.mango-prod.siammakro.cloud/product-images/7499703091395-aab72120-8e83-4bdb-b860-b74fb443de8e.jpeg?imageMogr2/thumbnail/300x300,เอโร่ โกลด์ สันนอกวัวอเมริกาสเต๊กแช่แข็ง 200 ก.,"฿

340.00",฿,,,,สินค้าหมด
https://www.makro.pro/th/p/6B405T--159407347655824?info=JTdCJTIycGFnZVNsdWclMjIlM0ElMjJCZWVmJTIwJTNBJTIwSW1wb3J0ZWQlMjBQcm9kdWN0cyUyRjE4MjgzJTIyJTJDJTIyY2Fyb3VzZWxOYW1lJTIyJTNBJTIyJTIyJTJDJTIyY29sbGVjdGlvbklkJTIyJTNBJTIyMTgyODMlMjIlMkMlMjJpbmRleENsaWNrZWQlMjIlM0E4MCU3RA,https://images.mango-prod.siammakro.cloud/SOURCE/cdb822b4d5794e189fd1a21748b2618f,สันในวัวแองกัสออสเตรเลีย (1.5-3.0 กก./ชิ้น),"฿

1,300.00
/kg",฿,,/kg,,สินค้าหมด
https://www.makro.pro/th/p/5A8knOL-685399723172545?info=JTdCJTIycGFnZVNsdWclMjIlM0ElMjJCZWVmJTIwJTNBJTIwSW1wb3J0ZWQlMjBQcm9kdWN0cyUyRjE4MjgzJTIyJTJDJTIyY2Fyb3VzZWxOYW1lJTIyJTNBJTIyJTIyJTJDJTIyY29sbGVjdGlvbklkJTIyJTNBJTIyMTgyODMlMjIlMkMlMjJpbmRleENsaWNrZWQlMjIlM0E4MSU3RA,https://images.mango-prod.siammakro.cloud/SOURCE/099fd406c62e4948939b4f6314274d0b,สันแหลมวัวแองกัสออสเตรเลีย ตัดชิ้น กก.ละ,"฿

1,230.00
/kg",฿,,/kg,,สินค้าหมด
https://www.makro.pro/th/p/V1Q6xGQ-982115696181477?info=JTdCJTIycGFnZVNsdWclMjIlM0ElMjJCZWVmJTIwJTNBJTIwSW1wb3J0ZWQlMjBQcm9kdWN0cyUyRjE4MjgzJTIyJTJDJTIyY2Fyb3VzZWxOYW1lJTIyJTNBJTIyJTIyJTJDJTIyY29sbGVjdGlvbklkJTIyJTNBJTIyMTgyODMlMjIlMkMlMjJpbmRleENsaWNrZWQlMjIlM0E4MiU3RA,https://images.mango-prod.siammakro.cloud/SOURCE/4c6e115f43a445aa88dd05ee782d6bb2,เนื้อพิคานย่าวัวแองกัสออสเตรเลีย ตัดชิ้น กก.ละ,"฿

770.00
/kg",฿,,/kg,,สินค้าหมด
https://www.makro.pro/th/p/pcoaX9--883627768393033?info=JTdCJTIycGFnZVNsdWclMjIlM0ElMjJCZWVmJTIwJTNBJTIwSW1wb3J0ZWQlMjBQcm9kdWN0cyUyRjE4MjgzJTIyJTJDJTIyY2Fyb3VzZWxOYW1lJTIyJTNBJTIyJTIyJTJDJTIyY29sbGVjdGlvbklkJTIyJTNBJTIyMTgyODMlMjIlMkMlMjJpbmRleENsaWNrZWQlMjIlM0E4MyU3RA,https://images.mango-prod.siammakro.cloud/SOURCE/94e7844b07674e04b5884d5f49bba4b6,สันคอวัวแองกัสออสเตรเลีย ตัดชิ้น กก.ละ,"฿

580.00
/kg",฿,,/kg,,สินค้าหมด
https://www.makro.pro/th/p/vAXRf09-151118448454486?info=JTdCJTIycGFnZVNsdWclMjIlM0ElMjJCZWVmJTIwJTNBJTIwSW1wb3J0ZWQlMjBQcm9kdWN0cyUyRjE4MjgzJTIyJTJDJTIyY2Fyb3VzZWxOYW1lJTIyJTNBJTIyJTIyJTJDJTIyY29sbGVjdGlvbklkJTIyJTNBJTIyMTgyODMlMjIlMkMlMjJpbmRleENsaWNrZWQlMjIlM0E4NCU3RA,https://images.mango-prod.siammakro.cloud/SOURCE/6c4637f6b8554fe7ad5b9bae6ee2508e,สันนอกวัวแองกัสออสเตรเลีย ตัดชิ้น กก.ละ,"฿

910.00
/kg",฿,,/kg,,สินค้าหมด
https://www.makro.pro/th/p/R_z4VoZ-457486753021870?info=JTdCJTIycGFnZVNsdWclMjIlM0ElMjJCZWVmJTIwJTNBJTIwSW1wb3J0ZWQlMjBQcm9kdWN0cyUyRjE4MjgzJTIyJTJDJTIyY2Fyb3VzZWxOYW1lJTIyJTNBJTIyJTIyJTJDJTIyY29sbGVjdGlvbklkJTIyJTNBJTIyMTgyODMlMjIlMkMlMjJpbmRleENsaWNrZWQlMjIlM0E4NSU3RA,https://images.mango-prod.siammakro.cloud/SOURCE/34a35f989e8a4761bce0056a8d525711,เสือร้องไห้วัวแองกัสออสเตรเลีย ตัดชิ้น,"฿

480.00
/kg",฿,,/kg,,สินค้าหมด
https://www.makro.pro/th/p/JLQx5cF-158589360326580?info=JTdCJTIycGFnZVNsdWclMjIlM0ElMjJCZWVmJTIwJTNBJTIwSW1wb3J0ZWQlMjBQcm9kdWN0cyUyRjE4MjgzJTIyJTJDJTIyY2Fyb3VzZWxOYW1lJTIyJTNBJTIyJTIyJTJDJTIyY29sbGVjdGlvbklkJTIyJTNBJTIyMTgyODMlMjIlMkMlMjJpbmRleENsaWNrZWQlMjIlM0E4NiU3RA,https://images.mango-prod.siammakro.cloud/SOURCE/dc1c299655c54da78d00304d36fd8bed,ใบพายวัวแองกัสออสเตรเลีย ตัดชิ้น กก.ละ,"฿

650.00
/kg",฿,,/kg,,สินค้าหมด
