MuiBox-root href,MuiBox-root src,css-1n8x1y2,MuiTypography-root (2),MuiTypography-root (3),MuiTypography-root (4),MuiTypography-root (5),MuiTypography-root (6),MuiTypography-root (7),MuiTypography-root (8),MuiBox-root (2)
https://www.makro.pro/th/p/brJTHNO-775090870054429?info=JTdCJTIycGFnZVNsdWclMjIlM0ElMjJGcmVzaCUyME92ZXJsb2FkJTIwJTdDJTIwTWVhdCUyMCUyNiUyMFBvdWx0cnklMjAoRnJvemVuJTIwJTI2JTIwRnJlc2gpJTJGMTkwNDYlMjIlMkMlMjJjYXJvdXNlbE5hbWUlMjIlM0ElMjIlMjIlMkMlMjJjb2xsZWN0aW9uSWQlMjIlM0ElMjIxOTA0NiUyMiU3RA,https://images.mango-prod.siammakro.cloud/product-images/775090870054429-5690dc6f-df9c-445c-99a8-48a2333a1499.jpeg?imageMogr2/thumbnail/300x300,น่องติดสะโพกไก่ 1 กก.,"฿

84.

00

/kg",฿,00,/kg,,,,
https://www.makro.pro/th/p/py0fb4h-7606382067907?info=JTdCJTIycGFnZVNsdWclMjIlM0ElMjJGcmVzaCUyME92ZXJsb2FkJTIwJTdDJTIwTWVhdCUyMCUyNiUyMFBvdWx0cnklMjAoRnJvemVuJTIwJTI2JTIwRnJlc2gpJTJGMTkwNDYlMjIlMkMlMjJjYXJvdXNlbE5hbWUlMjIlM0ElMjIlMjIlMkMlMjJjb2xsZWN0aW9uSWQlMjIlM0ElMjIxOTA0NiUyMiUyQyUyMmluZGV4Q2xpY2tlZCUyMiUzQTElN0Q,https://images.mango-prod.siammakro.cloud/product-images/7606382067907-9e6eedad-bf00-4d35-ab4a-ea5a64f09b19.jpeg?imageMogr2/thumbnail/300x300,อกไก่เนื้อล้วนติดหนัง 1 กก.,"฿

72.

00

/kg",฿,00,/kg,,,,
https://www.makro.pro/th/p/-z-bk8j-7606381215939?info=JTdCJTIycGFnZVNsdWclMjIlM0ElMjJGcmVzaCUyME92ZXJsb2FkJTIwJTdDJTIwTWVhdCUyMCUyNiUyMFBvdWx0cnklMjAoRnJvemVuJTIwJTI2JTIwRnJlc2gpJTJGMTkwNDYlMjIlMkMlMjJjYXJvdXNlbE5hbWUlMjIlM0ElMjIlMjIlMkMlMjJjb2xsZWN0aW9uSWQlMjIlM0ElMjIxOTA0NiUyMiUyQyUyMmluZGV4Q2xpY2tlZCUyMiUzQTIlN0Q,https://images.mango-prod.siammakro.cloud/SOURCE/ac82e33750184b3d98d6e022d2525931,โครงไก่ 1 กก.,"฿

20.

00

/kg",฿,00,/kg,,,,
https://www.makro.pro/th/p/uz13wwc-7606380298435?info=JTdCJTIycGFnZVNsdWclMjIlM0ElMjJGcmVzaCUyME92ZXJsb2FkJTIwJTdDJTIwTWVhdCUyMCUyNiUyMFBvdWx0cnklMjAoRnJvemVuJTIwJTI2JTIwRnJlc2gpJTJGMTkwNDYlMjIlMkMlMjJjYXJvdXNlbE5hbWUlMjIlM0ElMjIlMjIlMkMlMjJjb2xsZWN0aW9uSWQlMjIlM0ElMjIxOTA0NiUyMiUyQyUyMmluZGV4Q2xpY2tlZCUyMiUzQTMlN0Q,https://images.mango-prod.siammakro.cloud/SOURCE/a313ed9263ef483daba031f9c6af9677,สามชั้นหมู กก.ละ,฿,164.,00,,฿ 165.00,,,
https://www.makro.pro/th/p/5sa7ybj-363459927737018?info=JTdCJTIycGFnZVNsdWclMjIlM0ElMjJGcmVzaCUyME92ZXJsb2FkJTIwJTdDJTIwTWVhdCUyMCUyNiUyMFBvdWx0cnklMjAoRnJvemVuJTIwJTI2JTIwRnJlc2gpJTJGMTkwNDYlMjIlMkMlMjJjYXJvdXNlbE5hbWUlMjIlM0ElMjIlMjIlMkMlMjJjb2xsZWN0aW9uSWQlMjIlM0ElMjIxOTA0NiUyMiUyQyUyMmluZGV4Q2xpY2tlZCUyMiUzQTQlN0Q,https://images.mango-prod.siammakro.cloud/SOURCE/8b34b1c4ba894450be3e735188bd698c,สะโพกหมู 1 กก.,฿,99.,00,,฿ 101.00,10+ kg,-1%,
https://www.makro.pro/th/p/zvwi8km-7606381445315?info=JTdCJTIycGFnZVNsdWclMjIlM0ElMjJGcmVzaCUyME92ZXJsb2FkJTIwJTdDJTIwTWVhdCUyMCUyNiUyMFBvdWx0cnklMjAoRnJvemVuJTIwJTI2JTIwRnJlc2gpJTJGMTkwNDYlMjIlMkMlMjJjYXJvdXNlbE5hbWUlMjIlM0ElMjIlMjIlMkMlMjJjb2xsZWN0aW9uSWQlMjIlM0ElMjIxOTA0NiUyMiUyQyUyMmluZGV4Q2xpY2tlZCUyMiUzQTUlN0Q,https://images.mango-prod.siammakro.cloud/SOURCE/e7716c315fd24e7f8423e80a7d19f266,ปีกบนไก่ 1 กก.,"฿

87.

00

/kg",฿,00,/kg,,,,
https://www.makro.pro/th/p/nxix_dp-7606382592195?info=JTdCJTIycGFnZVNsdWclMjIlM0ElMjJGcmVzaCUyME92ZXJsb2FkJTIwJTdDJTIwTWVhdCUyMCUyNiUyMFBvdWx0cnklMjAoRnJvemVuJTIwJTI2JTIwRnJlc2gpJTJGMTkwNDYlMjIlMkMlMjJjYXJvdXNlbE5hbWUlMjIlM0ElMjIlMjIlMkMlMjJjb2xsZWN0aW9uSWQlMjIlM0ElMjIxOTA0NiUyMiUyQyUyMmluZGV4Q2xpY2tlZCUyMiUzQTYlN0Q,https://images.mango-prod.siammakro.cloud/SOURCE/e3f60210ebd64b388a03fb3446281227,เนื้อหมูบด ผสมมัน 10% 1 กก.,฿,107.,00,,฿ 119.00,/kg,-10%,
https://www.makro.pro/th/p/wdzb7f4-7606380724419?info=JTdCJTIycGFnZVNsdWclMjIlM0ElMjJGcmVzaCUyME92ZXJsb2FkJTIwJTdDJTIwTWVhdCUyMCUyNiUyMFBvdWx0cnklMjAoRnJvemVuJTIwJTI2JTIwRnJlc2gpJTJGMTkwNDYlMjIlMkMlMjJjYXJvdXNlbE5hbWUlMjIlM0ElMjIlMjIlMkMlMjJjb2xsZWN0aW9uSWQlMjIlM0ElMjIxOTA0NiUyMiUyQyUyMmluZGV4Q2xpY2tlZCUyMiUzQTclN0Q,https://images.mango-prod.siammakro.cloud/SOURCE/f1e1683e55f94b5d97188c75a4893045,สามชั้นหมูสดสไลซ์ 1 กก.,"฿

179.

00

/kg",฿,00,/kg,,,,
https://www.makro.pro/th/p/4Nv4DeI-129102427473312?info=JTdCJTIycGFnZVNsdWclMjIlM0ElMjJGcmVzaCUyME92ZXJsb2FkJTIwJTdDJTIwTWVhdCUyMCUyNiUyMFBvdWx0cnklMjAoRnJvemVuJTIwJTI2JTIwRnJlc2gpJTJGMTkwNDYlMjIlMkMlMjJjYXJvdXNlbE5hbWUlMjIlM0ElMjIlMjIlMkMlMjJjb2xsZWN0aW9uSWQlMjIlM0ElMjIxOTA0NiUyMiUyQyUyMmluZGV4Q2xpY2tlZCUyMiUzQTglN0Q,https://images.mango-prod.siammakro.cloud/SOURCE/5d378bec49674e3a94c93f887f75eb95,สะโพกหมูบด 1 กก.,"฿

112.

00

/kg",฿,00,/kg,,,,
https://www.makro.pro/th/p/p9rhtlt-7606380986563?info=JTdCJTIycGFnZVNsdWclMjIlM0ElMjJGcmVzaCUyME92ZXJsb2FkJTIwJTdDJTIwTWVhdCUyMCUyNiUyMFBvdWx0cnklMjAoRnJvemVuJTIwJTI2JTIwRnJlc2gpJTJGMTkwNDYlMjIlMkMlMjJjYXJvdXNlbE5hbWUlMjIlM0ElMjIlMjIlMkMlMjJjb2xsZWN0aW9uSWQlMjIlM0ElMjIxOTA0NiUyMiUyQyUyMmluZGV4Q2xpY2tlZCUyMiUzQTklN0Q,https://images.mango-prod.siammakro.cloud/SOURCE/a0105c6292eb423ba883f1d48d29758e,ปีกกลางไก่ 1 กก.,"฿

155.

00

/kg",฿,00,/kg,,,,
https://www.makro.pro/th/p/8e2czhh-7606381641923?info=JTdCJTIycGFnZVNsdWclMjIlM0ElMjJGcmVzaCUyME92ZXJsb2FkJTIwJTdDJTIwTWVhdCUyMCUyNiUyMFBvdWx0cnklMjAoRnJvemVuJTIwJTI2JTIwRnJlc2gpJTJGMTkwNDYlMjIlMkMlMjJjYXJvdXNlbE5hbWUlMjIlM0ElMjIlMjIlMkMlMjJjb2xsZWN0aW9uSWQlMjIlM0ElMjIxOTA0NiUyMiUyQyUyMmluZGV4Q2xpY2tlZCUyMiUzQTEwJTdE,https://images.mango-prod.siammakro.cloud/SOURCE/890d7d2a272143308af5f8285282376c,สะโพกไก่ติดกระดูก 1 กก.,"฿

94.

00

/kg",฿,00,/kg,,,,
https://www.makro.pro/th/p/0gPVDLV-401144382991694?info=JTdCJTIycGFnZVNsdWclMjIlM0ElMjJGcmVzaCUyME92ZXJsb2FkJTIwJTdDJTIwTWVhdCUyMCUyNiUyMFBvdWx0cnklMjAoRnJvemVuJTIwJTI2JTIwRnJlc2gpJTJGMTkwNDYlMjIlMkMlMjJjYXJvdXNlbE5hbWUlMjIlM0ElMjIlMjIlMkMlMjJjb2xsZWN0aW9uSWQlMjIlM0ElMjIxOTA0NiUyMiUyQyUyMmluZGV4Q2xpY2tlZCUyMiUzQTExJTdE,https://images.mango-prod.siammakro.cloud/product-images/401144382991694-1f94a290-2de9-4484-b959-101ed3f555ab.jpeg?imageMogr2/thumbnail/300x300,เศษเนื้อน่องไก่ 1 กก.,"฿

79.

00

/kg",฿,00,/kg,,,,
https://www.makro.pro/th/p/3uc97Gi-291270989495295?info=JTdCJTIycGFnZVNsdWclMjIlM0ElMjJGcmVzaCUyME92ZXJsb2FkJTIwJTdDJTIwTWVhdCUyMCUyNiUyMFBvdWx0cnklMjAoRnJvemVuJTIwJTI2JTIwRnJlc2gpJTJGMTkwNDYlMjIlMkMlMjJjYXJvdXNlbE5hbWUlMjIlM0ElMjIlMjIlMkMlMjJjb2xsZWN0aW9uSWQlMjIlM0ElMjIxOTA0NiUyMiUyQyUyMmluZGV4Q2xpY2tlZCUyMiUzQTEyJTdE,https://images.mango-prod.siammakro.cloud/product-images/291270989495295-6411e46c-4815-4b27-8416-ce1c2328eb3e.jpeg?imageMogr2/thumbnail/300x300,สันนอกหมู 1 กก.,"฿

115.

00

/kg",฿,00,/kg,,,,
https://www.makro.pro/th/p/db02rs-7606383771843?info=JTdCJTIycGFnZVNsdWclMjIlM0ElMjJGcmVzaCUyME92ZXJsb2FkJTIwJTdDJTIwTWVhdCUyMCUyNiUyMFBvdWx0cnklMjAoRnJvemVuJTIwJTI2JTIwRnJlc2gpJTJGMTkwNDYlMjIlMkMlMjJjYXJvdXNlbE5hbWUlMjIlM0ElMjIlMjIlMkMlMjJjb2xsZWN0aW9uSWQlMjIlM0ElMjIxOTA0NiUyMiUyQyUyMmluZGV4Q2xpY2tlZCUyMiUzQTEzJTdE,https://images.mango-prod.siammakro.cloud/product-images/7606383771843-e49e2d59-3a51-481d-8d79-510edd231744.jpeg?imageMogr2/thumbnail/300x300,สะโพกหมูสไลซ์ 1 กก.,"฿

115.

00

/kg",฿,00,/kg,,,,
https://www.makro.pro/th/p/pvelv2-7606385770691?info=JTdCJTIycGFnZVNsdWclMjIlM0ElMjJGcmVzaCUyME92ZXJsb2FkJTIwJTdDJTIwTWVhdCUyMCUyNiUyMFBvdWx0cnklMjAoRnJvemVuJTIwJTI2JTIwRnJlc2gpJTJGMTkwNDYlMjIlMkMlMjJjYXJvdXNlbE5hbWUlMjIlM0ElMjIlMjIlMkMlMjJjb2xsZWN0aW9uSWQlMjIlM0ElMjIxOTA0NiUyMiUyQyUyMmluZGV4Q2xpY2tlZCUyMiUzQTE0JTdE,https://images.mango-prod.siammakro.cloud/SOURCE/efc78bd531094045b8a8170a7b045615,สันคอหมูสดสไลซ์ 1 กก.,"฿

176.

00

/kg",฿,00,/kg,,,,
https://www.makro.pro/th/p/7wgli7z-7606384197827?info=JTdCJTIycGFnZVNsdWclMjIlM0ElMjJGcmVzaCUyME92ZXJsb2FkJTIwJTdDJTIwTWVhdCUyMCUyNiUyMFBvdWx0cnklMjAoRnJvemVuJTIwJTI2JTIwRnJlc2gpJTJGMTkwNDYlMjIlMkMlMjJjYXJvdXNlbE5hbWUlMjIlM0ElMjIlMjIlMkMlMjJjb2xsZWN0aW9uSWQlMjIlM0ElMjIxOTA0NiUyMiUyQyUyMmluZGV4Q2xpY2tlZCUyMiUzQTE1JTdE,https://images.mango-prod.siammakro.cloud/product-images/7606384197827-b1872737-6740-4645-a4c0-2a51b643bce5.jpeg?imageMogr2/thumbnail/300x300,หัวไหล่หมู 1 กก.,฿,95.,00,,฿ 100.00,/kg,-5%,
https://www.makro.pro/th/p/zw_-urm-7606382952643?info=JTdCJTIycGFnZVNsdWclMjIlM0ElMjJGcmVzaCUyME92ZXJsb2FkJTIwJTdDJTIwTWVhdCUyMCUyNiUyMFBvdWx0cnklMjAoRnJvemVuJTIwJTI2JTIwRnJlc2gpJTJGMTkwNDYlMjIlMkMlMjJjYXJvdXNlbE5hbWUlMjIlM0ElMjIlMjIlMkMlMjJjb2xsZWN0aW9uSWQlMjIlM0ElMjIxOTA0NiUyMiUyQyUyMmluZGV4Q2xpY2tlZCUyMiUzQTE2JTdE,https://images.mango-prod.siammakro.cloud/SOURCE/f5a77e28b0854fefbc6e2af2f9ccf519,กระดูกซุปหมู 1 กก.,"฿

59.

00

/kg",฿,00,/kg,,,,
https://www.makro.pro/th/p/jwlwtnj-7606380822723?info=JTdCJTIycGFnZVNsdWclMjIlM0ElMjJGcmVzaCUyME92ZXJsb2FkJTIwJTdDJTIwTWVhdCUyMCUyNiUyMFBvdWx0cnklMjAoRnJvemVuJTIwJTI2JTIwRnJlc2gpJTJGMTkwNDYlMjIlMkMlMjJjYXJvdXNlbE5hbWUlMjIlM0ElMjIlMjIlMkMlMjJjb2xsZWN0aW9uSWQlMjIlM0ElMjIxOTA0NiUyMiUyQyUyMmluZGV4Q2xpY2tlZCUyMiUzQTE3JTdE,https://images.mango-prod.siammakro.cloud/SOURCE/1926300794cc4cdb8f8a2854ab0ddf71,น่องไก่ 1 กก.,"฿

80.

00

/kg",฿,00,/kg,,,,
https://www.makro.pro/th/p/UHwoFT8-596194424047775?info=JTdCJTIycGFnZVNsdWclMjIlM0ElMjJGcmVzaCUyME92ZXJsb2FkJTIwJTdDJTIwTWVhdCUyMCUyNiUyMFBvdWx0cnklMjAoRnJvemVuJTIwJTI2JTIwRnJlc2gpJTJGMTkwNDYlMjIlMkMlMjJjYXJvdXNlbE5hbWUlMjIlM0ElMjIlMjIlMkMlMjJjb2xsZWN0aW9uSWQlMjIlM0ElMjIxOTA0NiUyMiUyQyUyMmluZGV4Q2xpY2tlZCUyMiUzQTE4JTdE,https://images.mango-prod.siammakro.cloud/SOURCE/e3f60210ebd64b388a03fb3446281227,หัวไหล่หมูบด 1 กก.,"฿

108.

00

/kg",฿,00,/kg,,,,
https://www.makro.pro/th/p/56z0iif-7078805897411?info=JTdCJTIycGFnZVNsdWclMjIlM0ElMjJGcmVzaCUyME92ZXJsb2FkJTIwJTdDJTIwTWVhdCUyMCUyNiUyMFBvdWx0cnklMjAoRnJvemVuJTIwJTI2JTIwRnJlc2gpJTJGMTkwNDYlMjIlMkMlMjJjYXJvdXNlbE5hbWUlMjIlM0ElMjIlMjIlMkMlMjJjb2xsZWN0aW9uSWQlMjIlM0ElMjIxOTA0NiUyMiUyQyUyMmluZGV4Q2xpY2tlZCUyMiUzQTE5JTdE,https://images.mango-prod.siammakro.cloud/product-images/7078805897411-4422a7ae-332b-491b-a3a3-df1da939c88f.jpeg?imageMogr2/thumbnail/300x300,ซูเปอร์เชฟ หมูนุ่มปรุงรสน้ํามันงาแช่แข็ง 1 กก.,฿,81.,00,,฿ 85.00,5 - 19 units,-4%,
https://www.makro.pro/th/p/p0rglau-7606381379779?info=JTdCJTIycGFnZVNsdWclMjIlM0ElMjJGcmVzaCUyME92ZXJsb2FkJTIwJTdDJTIwTWVhdCUyMCUyNiUyMFBvdWx0cnklMjAoRnJvemVuJTIwJTI2JTIwRnJlc2gpJTJGMTkwNDYlMjIlMkMlMjJjYXJvdXNlbE5hbWUlMjIlM0ElMjIlMjIlMkMlMjJjb2xsZWN0aW9uSWQlMjIlM0ElMjIxOTA0NiUyMiUyQyUyMmluZGV4Q2xpY2tlZCUyMiUzQTIwJTdE,https://images.mango-prod.siammakro.cloud/product-images/7606381379779-eaaadb6f-99eb-4ecc-ad53-c1b9e4c0a446.jpeg?imageMogr2/thumbnail/300x300,สันในไก่ 1 กก.,"฿

92.

00

/kg",฿,00,/kg,,,,
https://www.makro.pro/th/p/u43gqpp-7606384525507?info=JTdCJTIycGFnZVNsdWclMjIlM0ElMjJGcmVzaCUyME92ZXJsb2FkJTIwJTdDJTIwTWVhdCUyMCUyNiUyMFBvdWx0cnklMjAoRnJvemVuJTIwJTI2JTIwRnJlc2gpJTJGMTkwNDYlMjIlMkMlMjJjYXJvdXNlbE5hbWUlMjIlM0ElMjIlMjIlMkMlMjJjb2xsZWN0aW9uSWQlMjIlM0ElMjIxOTA0NiUyMiUyQyUyMmluZGV4Q2xpY2tlZCUyMiUzQTIxJTdE,https://images.mango-prod.siammakro.cloud/product-images/7606384525507-e73cecb4-d712-434a-9b9d-9699eeb3e30b.jpeg?imageMogr2/thumbnail/300x300,ขาไก่ 1 กก.,"฿

75.

00

/kg",฿,00,/kg,,,,
https://www.makro.pro/th/p/dpu2ige-7606380921027?info=JTdCJTIycGFnZVNsdWclMjIlM0ElMjJGcmVzaCUyME92ZXJsb2FkJTIwJTdDJTIwTWVhdCUyMCUyNiUyMFBvdWx0cnklMjAoRnJvemVuJTIwJTI2JTIwRnJlc2gpJTJGMTkwNDYlMjIlMkMlMjJjYXJvdXNlbE5hbWUlMjIlM0ElMjIlMjIlMkMlMjJjb2xsZWN0aW9uSWQlMjIlM0ElMjIxOTA0NiUyMiUyQyUyMmluZGV4Q2xpY2tlZCUyMiUzQTIyJTdE,https://images.mango-prod.siammakro.cloud/SOURCE/3e69001dbff24690a44d5789ac7be2a9,อกไก่เนื้อล้วนลอกหนัง 1 กก.,฿,94.,00,,฿ 95.00,/kg,-1%,
https://www.makro.pro/th/p/74A3zds-781072882182862?info=JTdCJTIycGFnZVNsdWclMjIlM0ElMjJGcmVzaCUyME92ZXJsb2FkJTIwJTdDJTIwTWVhdCUyMCUyNiUyMFBvdWx0cnklMjAoRnJvemVuJTIwJTI2JTIwRnJlc2gpJTJGMTkwNDYlMjIlMkMlMjJjYXJvdXNlbE5hbWUlMjIlM0ElMjIlMjIlMkMlMjJjb2xsZWN0aW9uSWQlMjIlM0ElMjIxOTA0NiUyMiUyQyUyMmluZGV4Q2xpY2tlZCUyMiUzQTIzJTdE,https://images.mango-prod.siammakro.cloud/product-images/781072882182862-e6ae841a-ba85-430b-8c6e-9b93daf1917d.jpeg?imageMogr2/thumbnail/300x300,ซี่โครงหมูหั่นชิ้น 1 กก.,"฿

153.

00

/kg",฿,00,/kg,,,,
https://www.makro.pro/th/p/91tq6r5-7243310989507?info=JTdCJTIycGFnZVNsdWclMjIlM0ElMjJGcmVzaCUyME92ZXJsb2FkJTIwJTdDJTIwTWVhdCUyMCUyNiUyMFBvdWx0cnklMjAoRnJvemVuJTIwJTI2JTIwRnJlc2gpJTJGMTkwNDYlMjIlMkMlMjJjYXJvdXNlbE5hbWUlMjIlM0ElMjIlMjIlMkMlMjJjb2xsZWN0aW9uSWQlMjIlM0ElMjIxOTA0NiUyMiUyQyUyMmluZGV4Q2xpY2tlZCUyMiUzQTI0JTdE,https://images.mango-prod.siammakro.cloud/product-images/7243310989507-64971396-94e4-4bc2-bf2e-5a8b40fe1b71.jpeg?imageMogr2/thumbnail/300x300,พีเอสฟู้ดส์ หมูบดผสมมัน 20% แช่แข็ง 1 กก.,฿,111.,00,,฿ 115.00,5 - 19 units,-3%,
https://www.makro.pro/th/p/3PQtwcD-558612238796169?info=JTdCJTIycGFnZVNsdWclMjIlM0ElMjJGcmVzaCUyME92ZXJsb2FkJTIwJTdDJTIwTWVhdCUyMCUyNiUyMFBvdWx0cnklMjAoRnJvemVuJTIwJTI2JTIwRnJlc2gpJTJGMTkwNDYlMjIlMkMlMjJjYXJvdXNlbE5hbWUlMjIlM0ElMjIlMjIlMkMlMjJjb2xsZWN0aW9uSWQlMjIlM0ElMjIxOTA0NiUyMiUyQyUyMmluZGV4Q2xpY2tlZCUyMiUzQTI1JTdE,https://images.mango-prod.siammakro.cloud/SOURCE/e30ac826771245c1948d47a90ba94065,ขาหลังหมู (เผา) (1.5-2.2 กก./ชิ้น) 1 ชิ้น,"฿

74.

00

/kg",฿,00,/kg,,,,
https://www.makro.pro/th/p/0qzy-jy-7606384689347?info=JTdCJTIycGFnZVNsdWclMjIlM0ElMjJGcmVzaCUyME92ZXJsb2FkJTIwJTdDJTIwTWVhdCUyMCUyNiUyMFBvdWx0cnklMjAoRnJvemVuJTIwJTI2JTIwRnJlc2gpJTJGMTkwNDYlMjIlMkMlMjJjYXJvdXNlbE5hbWUlMjIlM0ElMjIlMjIlMkMlMjJjb2xsZWN0aW9uSWQlMjIlM0ElMjIxOTA0NiUyMiUyQyUyMmluZGV4Q2xpY2tlZCUyMiUzQTI2JTdE,https://images.mango-prod.siammakro.cloud/product-images/7606384689347-b2854141-1077-424a-b0e7-4b73cdcaf086.jpeg?imageMogr2/thumbnail/300x300,สันคอหมูบั้ง 1 กก.,"฿

166.

00

/kg",฿,00,/kg,,,,
https://www.makro.pro/th/p/kY7hfar-101326222378025?info=JTdCJTIycGFnZVNsdWclMjIlM0ElMjJGcmVzaCUyME92ZXJsb2FkJTIwJTdDJTIwTWVhdCUyMCUyNiUyMFBvdWx0cnklMjAoRnJvemVuJTIwJTI2JTIwRnJlc2gpJTJGMTkwNDYlMjIlMkMlMjJjYXJvdXNlbE5hbWUlMjIlM0ElMjIlMjIlMkMlMjJjb2xsZWN0aW9uSWQlMjIlM0ElMjIxOTA0NiUyMiUyQyUyMmluZGV4Q2xpY2tlZCUyMiUzQTI3JTdE,https://images.mango-prod.siammakro.cloud/SOURCE/7b5ec36824a346a2853c927746344437,สะโพกหมูหั่นแกงหรือสไลซ์ 1 กก.,"฿

115.

00

/kg",฿,00,/kg,,,,
https://www.makro.pro/th/p/7rx-bex-7606381904067?info=JTdCJTIycGFnZVNsdWclMjIlM0ElMjJGcmVzaCUyME92ZXJsb2FkJTIwJTdDJTIwTWVhdCUyMCUyNiUyMFBvdWx0cnklMjAoRnJvemVuJTIwJTI2JTIwRnJlc2gpJTJGMTkwNDYlMjIlMkMlMjJjYXJvdXNlbE5hbWUlMjIlM0ElMjIlMjIlMkMlMjJjb2xsZWN0aW9uSWQlMjIlM0ElMjIxOTA0NiUyMiUyQyUyMmluZGV4Q2xpY2tlZCUyMiUzQTI4JTdE,https://images.mango-prod.siammakro.cloud/product-images/7606381904067-81fea4bf-4f3b-420c-adc1-bf82121a943c.jpeg?imageMogr2/thumbnail/300x300,ตับหมู 1 กก.,"฿

105.

00

/kg",฿,00,/kg,,,,
https://www.makro.pro/th/p/rbve8ni-7606380953795?info=JTdCJTIycGFnZVNsdWclMjIlM0ElMjJGcmVzaCUyME92ZXJsb2FkJTIwJTdDJTIwTWVhdCUyMCUyNiUyMFBvdWx0cnklMjAoRnJvemVuJTIwJTI2JTIwRnJlc2gpJTJGMTkwNDYlMjIlMkMlMjJjYXJvdXNlbE5hbWUlMjIlM0ElMjIlMjIlMkMlMjJjb2xsZWN0aW9uSWQlMjIlM0ElMjIxOTA0NiUyMiUyQyUyMmluZGV4Q2xpY2tlZCUyMiUzQTI5JTdE,https://images.mango-prod.siammakro.cloud/product-images/7606380953795-21cc0d02-6213-40bf-8533-beee6464f747.jpeg?imageMogr2/thumbnail/300x300,ปีกเต็มไก่ 1 กก.,"฿

94.

00

/kg",฿,00,/kg,,,,
https://www.makro.pro/th/p/oxwxlr-6974642258115?info=JTdCJTIycGFnZVNsdWclMjIlM0ElMjJGcmVzaCUyME92ZXJsb2FkJTIwJTdDJTIwTWVhdCUyMCUyNiUyMFBvdWx0cnklMjAoRnJvemVuJTIwJTI2JTIwRnJlc2gpJTJGMTkwNDYlMjIlMkMlMjJjYXJvdXNlbE5hbWUlMjIlM0ElMjIlMjIlMkMlMjJjb2xsZWN0aW9uSWQlMjIlM0ElMjIxOTA0NiUyMiUyQyUyMmluZGV4Q2xpY2tlZCUyMiUzQTMwJTdE,https://images.mango-prod.siammakro.cloud/product-images/6974642258115-5bfa10a7-7eaf-477e-9ce8-6079ab0c0bbc.jpeg?imageMogr2/thumbnail/300x300,เอโร่ เนื้อหมูกระทะแช่แข็ง 1 กก.,฿,115.,00,,฿ 155.00,5 - 19 units,-25%,
https://www.makro.pro/th/p/ahve7z5-7514059374787?info=JTdCJTIycGFnZVNsdWclMjIlM0ElMjJGcmVzaCUyME92ZXJsb2FkJTIwJTdDJTIwTWVhdCUyMCUyNiUyMFBvdWx0cnklMjAoRnJvemVuJTIwJTI2JTIwRnJlc2gpJTJGMTkwNDYlMjIlMkMlMjJjYXJvdXNlbE5hbWUlMjIlM0ElMjIlMjIlMkMlMjJjb2xsZWN0aW9uSWQlMjIlM0ElMjIxOTA0NiUyMiUyQyUyMmluZGV4Q2xpY2tlZCUyMiUzQTMxJTdE,https://images.mango-prod.siammakro.cloud/SOURCE/ea4e25e49ea74893abb21d7127efe267,ตับหมูแช่แข็ง 1.5 กก./ชิ้น,฿,63.,00,,฿ 67.00,/kg,-5%,
https://www.makro.pro/th/p/r1pyxr1-6974643568835?info=JTdCJTIycGFnZVNsdWclMjIlM0ElMjJGcmVzaCUyME92ZXJsb2FkJTIwJTdDJTIwTWVhdCUyMCUyNiUyMFBvdWx0cnklMjAoRnJvemVuJTIwJTI2JTIwRnJlc2gpJTJGMTkwNDYlMjIlMkMlMjJjYXJvdXNlbE5hbWUlMjIlM0ElMjIlMjIlMkMlMjJjb2xsZWN0aW9uSWQlMjIlM0ElMjIxOTA0NiUyMiUyQyUyMmluZGV4Q2xpY2tlZCUyMiUzQTMyJTdE,https://images.mango-prod.siammakro.cloud/product-images/6974643568835-f8196076-5c30-4bf7-9dc5-74adf710afc2.jpeg?imageMogr2/thumbnail/300x300,เอโร่ อกเป็ดเนื้อล้วนแช่แข็ง 1 กก.,"฿

231.

00",฿,00,,,,,
https://www.makro.pro/th/p/moeobxc-7275677417667?info=JTdCJTIycGFnZVNsdWclMjIlM0ElMjJGcmVzaCUyME92ZXJsb2FkJTIwJTdDJTIwTWVhdCUyMCUyNiUyMFBvdWx0cnklMjAoRnJvemVuJTIwJTI2JTIwRnJlc2gpJTJGMTkwNDYlMjIlMkMlMjJjYXJvdXNlbE5hbWUlMjIlM0ElMjIlMjIlMkMlMjJjb2xsZWN0aW9uSWQlMjIlM0ElMjIxOTA0NiUyMiUyQyUyMmluZGV4Q2xpY2tlZCUyMiUzQTMzJTdE,https://images.mango-prod.siammakro.cloud/SOURCE/52c87fb4620744a2b911dab239b59e1d,เลือดไก่ 500 ก.,"฿

12.

00",฿,00,,,,,
https://www.makro.pro/th/p/p_7nxv_-6974599954627?info=JTdCJTIycGFnZVNsdWclMjIlM0ElMjJGcmVzaCUyME92ZXJsb2FkJTIwJTdDJTIwTWVhdCUyMCUyNiUyMFBvdWx0cnklMjAoRnJvemVuJTIwJTI2JTIwRnJlc2gpJTJGMTkwNDYlMjIlMkMlMjJjYXJvdXNlbE5hbWUlMjIlM0ElMjIlMjIlMkMlMjJjb2xsZWN0aW9uSWQlMjIlM0ElMjIxOTA0NiUyMiUyQyUyMmluZGV4Q2xpY2tlZCUyMiUzQTM0JTdE,https://images.mango-prod.siammakro.cloud/product-images/6974599954627-7735c782-ec4b-4ae5-9ed2-62169240fb52.jpeg?imageMogr2/thumbnail/300x300,เซพแพ็ค หมูเด้งแช่แข็ง 1 กก.,฿,87.,00,,฿ 89.00,5+ units,-2%,
https://www.makro.pro/th/p/74-n7rz-7243311415491?info=JTdCJTIycGFnZVNsdWclMjIlM0ElMjJGcmVzaCUyME92ZXJsb2FkJTIwJTdDJTIwTWVhdCUyMCUyNiUyMFBvdWx0cnklMjAoRnJvemVuJTIwJTI2JTIwRnJlc2gpJTJGMTkwNDYlMjIlMkMlMjJjYXJvdXNlbE5hbWUlMjIlM0ElMjIlMjIlMkMlMjJjb2xsZWN0aW9uSWQlMjIlM0ElMjIxOTA0NiUyMiUyQyUyMmluZGV4Q2xpY2tlZCUyMiUzQTM1JTdE,https://images.mango-prod.siammakro.cloud/product-images/7243311415491-7138d207-04b3-4c80-9f21-99ecdb8fca99.jpeg?imageMogr2/thumbnail/300x300,เอโร่ หมูบดผสมมัน 20% แช่แข็ง 1 กก.,฿,105.,00,,฿ 109.00,5 - 19 units,-3%,
https://www.makro.pro/th/p/davgu3o-7606385737923?info=JTdCJTIycGFnZVNsdWclMjIlM0ElMjJGcmVzaCUyME92ZXJsb2FkJTIwJTdDJTIwTWVhdCUyMCUyNiUyMFBvdWx0cnklMjAoRnJvemVuJTIwJTI2JTIwRnJlc2gpJTJGMTkwNDYlMjIlMkMlMjJjYXJvdXNlbE5hbWUlMjIlM0ElMjIlMjIlMkMlMjJjb2xsZWN0aW9uSWQlMjIlM0ElMjIxOTA0NiUyMiUyQyUyMmluZGV4Q2xpY2tlZCUyMiUzQTM2JTdE,https://images.mango-prod.siammakro.cloud/product-images/7606385737923-eb72880b-e848-4e02-a749-c2ce4bba2dd0.jpeg?imageMogr2/thumbnail/300x300,เอโร่ เป็ดแช่แข็งล้วงเครื่องใน ไซส์ L 2.7-2.9 กก./ชิ้น,"฿

94.

00

/kg",฿,00,/kg,,,,
https://www.makro.pro/th/p/2sx5acb-7606384230595?info=JTdCJTIycGFnZVNsdWclMjIlM0ElMjJGcmVzaCUyME92ZXJsb2FkJTIwJTdDJTIwTWVhdCUyMCUyNiUyMFBvdWx0cnklMjAoRnJvemVuJTIwJTI2JTIwRnJlc2gpJTJGMTkwNDYlMjIlMkMlMjJjYXJvdXNlbE5hbWUlMjIlM0ElMjIlMjIlMkMlMjJjb2xsZWN0aW9uSWQlMjIlM0ElMjIxOTA0NiUyMiUyQyUyMmluZGV4Q2xpY2tlZCUyMiUzQTM3JTdE,https://images.mango-prod.siammakro.cloud/product-images/7606384230595-904a3eae-a3fd-4315-8ae5-e7e6cb7cda54.jpeg?imageMogr2/thumbnail/300x300,สามชั้นหมูตัดเส้น 1 กก.,"฿

169.

00

/kg",฿,00,/kg,,,,
https://www.makro.pro/th/p/QnHrA7c-992556178020392?info=JTdCJTIycGFnZVNsdWclMjIlM0ElMjJGcmVzaCUyME92ZXJsb2FkJTIwJTdDJTIwTWVhdCUyMCUyNiUyMFBvdWx0cnklMjAoRnJvemVuJTIwJTI2JTIwRnJlc2gpJTJGMTkwNDYlMjIlMkMlMjJjYXJvdXNlbE5hbWUlMjIlM0ElMjIlMjIlMkMlMjJjb2xsZWN0aW9uSWQlMjIlM0ElMjIxOTA0NiUyMiUyQyUyMmluZGV4Q2xpY2tlZCUyMiUzQTM4JTdE,https://images.mango-prod.siammakro.cloud/product-images/992556178020392-c4fec844-e533-4889-a166-05820fe21137.jpeg?imageMogr2/thumbnail/300x300,หมูบดผสมมัน 30% 1 กก.,"฿

102.

00

/kg",฿,00,/kg,,,,
https://www.makro.pro/th/p/uaznnbh-7196419522755?info=JTdCJTIycGFnZVNsdWclMjIlM0ElMjJGcmVzaCUyME92ZXJsb2FkJTIwJTdDJTIwTWVhdCUyMCUyNiUyMFBvdWx0cnklMjAoRnJvemVuJTIwJTI2JTIwRnJlc2gpJTJGMTkwNDYlMjIlMkMlMjJjYXJvdXNlbE5hbWUlMjIlM0ElMjIlMjIlMkMlMjJjb2xsZWN0aW9uSWQlMjIlM0ElMjIxOTA0NiUyMiUyQyUyMmluZGV4Q2xpY2tlZCUyMiUzQTM5JTdE,https://images.mango-prod.siammakro.cloud/SOURCE/3e14f1ec81b04baaa8e775c14fa216f7,ซีพี สันคอหมูสไลซ์แช่แข็ง 1 กก.,฿,203.,00,,฿ 205.00,5+ units,,
https://www.makro.pro/th/p/ibr0reh-7167170969795?info=JTdCJTIycGFnZVNsdWclMjIlM0ElMjJGcmVzaCUyME92ZXJsb2FkJTIwJTdDJTIwTWVhdCUyMCUyNiUyMFBvdWx0cnklMjAoRnJvemVuJTIwJTI2JTIwRnJlc2gpJTJGMTkwNDYlMjIlMkMlMjJjYXJvdXNlbE5hbWUlMjIlM0ElMjIlMjIlMkMlMjJjb2xsZWN0aW9uSWQlMjIlM0ElMjIxOTA0NiUyMiUyQyUyMmluZGV4Q2xpY2tlZCUyMiUzQTQwJTdE,https://images.mango-prod.siammakro.cloud/product-images/7167170969795-503268fe-b91f-4416-a369-c471d3b5c51c.jpeg?imageMogr2/thumbnail/300x300,เอโร่ สามชั้นหมูกระทะแช่แข็ง 1 กก.,฿,187.,00,,฿ 205.00,5+ units,-8%,
https://www.makro.pro/th/p/qeh_pvk-7606381084867?info=JTdCJTIycGFnZVNsdWclMjIlM0ElMjJGcmVzaCUyME92ZXJsb2FkJTIwJTdDJTIwTWVhdCUyMCUyNiUyMFBvdWx0cnklMjAoRnJvemVuJTIwJTI2JTIwRnJlc2gpJTJGMTkwNDYlMjIlMkMlMjJjYXJvdXNlbE5hbWUlMjIlM0ElMjIlMjIlMkMlMjJjb2xsZWN0aW9uSWQlMjIlM0ElMjIxOTA0NiUyMiUyQyUyMmluZGV4Q2xpY2tlZCUyMiUzQTQxJTdE,https://images.mango-prod.siammakro.cloud/product-images/7606381084867-5f7d9201-79da-4364-ac83-28541bb32ac6.jpeg?imageMogr2/thumbnail/300x300,ปีกปลายไก่ 1 กก.,฿,124.,00,,฿ 125.00,/kg,5+ kg,
https://www.makro.pro/th/p/dycgkq_-7606383935683?info=JTdCJTIycGFnZVNsdWclMjIlM0ElMjJGcmVzaCUyME92ZXJsb2FkJTIwJTdDJTIwTWVhdCUyMCUyNiUyMFBvdWx0cnklMjAoRnJvemVuJTIwJTI2JTIwRnJlc2gpJTJGMTkwNDYlMjIlMkMlMjJjYXJvdXNlbE5hbWUlMjIlM0ElMjIlMjIlMkMlMjJjb2xsZWN0aW9uSWQlMjIlM0ElMjIxOTA0NiUyMiUyQyUyMmluZGV4Q2xpY2tlZCUyMiUzQTQyJTdE,https://images.mango-prod.siammakro.cloud/SOURCE/03731fdc33df46db9188b5324614ce7c,ซี่โครงหมูตัดเส้น 1 กก.,"฿

146.

00

/kg",฿,00,/kg,,,,
https://www.makro.pro/th/p/cr8wg9a-7243310432451?info=JTdCJTIycGFnZVNsdWclMjIlM0ElMjJGcmVzaCUyME92ZXJsb2FkJTIwJTdDJTIwTWVhdCUyMCUyNiUyMFBvdWx0cnklMjAoRnJvemVuJTIwJTI2JTIwRnJlc2gpJTJGMTkwNDYlMjIlMkMlMjJjYXJvdXNlbE5hbWUlMjIlM0ElMjIlMjIlMkMlMjJjb2xsZWN0aW9uSWQlMjIlM0ElMjIxOTA0NiUyMiUyQyUyMmluZGV4Q2xpY2tlZCUyMiUzQTQzJTdE,https://images.mango-prod.siammakro.cloud/product-images/7243310432451-5a2d06e3-755d-4053-9d95-36e8e6dbcfde.jpeg?imageMogr2/thumbnail/300x300,ซีพี หมูบดผสมมัน 20%แช่แข็ง 1 กก.,฿,123.,00,,฿ 125.00,5+ units,-1%,
https://www.makro.pro/th/p/0cvw8uk-7606383640771?info=JTdCJTIycGFnZVNsdWclMjIlM0ElMjJGcmVzaCUyME92ZXJsb2FkJTIwJTdDJTIwTWVhdCUyMCUyNiUyMFBvdWx0cnklMjAoRnJvemVuJTIwJTI2JTIwRnJlc2gpJTJGMTkwNDYlMjIlMkMlMjJjYXJvdXNlbE5hbWUlMjIlM0ElMjIlMjIlMkMlMjJjb2xsZWN0aW9uSWQlMjIlM0ElMjIxOTA0NiUyMiUyQyUyMmluZGV4Q2xpY2tlZCUyMiUzQTQ0JTdE,https://images.mango-prod.siammakro.cloud/product-images/7606383640771-103e760a-a879-43a6-9d92-f1f6be066c77.jpeg?imageMogr2/thumbnail/300x300,ขาหน้าหมูแช่แข็ง 1.8-2 กก./ชิ้น,฿,65.,00,,฿ 69.00,/kg,5 - 19 kg,
https://www.makro.pro/th/p/lRTaOFG-89620139195608?info=JTdCJTIycGFnZVNsdWclMjIlM0ElMjJGcmVzaCUyME92ZXJsb2FkJTIwJTdDJTIwTWVhdCUyMCUyNiUyMFBvdWx0cnklMjAoRnJvemVuJTIwJTI2JTIwRnJlc2gpJTJGMTkwNDYlMjIlMkMlMjJjYXJvdXNlbE5hbWUlMjIlM0ElMjIlMjIlMkMlMjJjb2xsZWN0aW9uSWQlMjIlM0ElMjIxOTA0NiUyMiUyQyUyMmluZGV4Q2xpY2tlZCUyMiUzQTQ1JTdE,https://images.mango-prod.siammakro.cloud/product-images/89620139195608-8f10c4f8-c4a0-4834-a0f5-88386f252dc3.jpeg?imageMogr2/thumbnail/300x300,ขาหมูเลาะกระดูกติดหนัง 0.5-1.5 กก./ชิ้น,"฿

118.

00

/kg",฿,00,/kg,,,,
https://www.makro.pro/th/p/oegajbl-7606379020483?info=JTdCJTIycGFnZVNsdWclMjIlM0ElMjJGcmVzaCUyME92ZXJsb2FkJTIwJTdDJTIwTWVhdCUyMCUyNiUyMFBvdWx0cnklMjAoRnJvemVuJTIwJTI2JTIwRnJlc2gpJTJGMTkwNDYlMjIlMkMlMjJjYXJvdXNlbE5hbWUlMjIlM0ElMjIlMjIlMkMlMjJjb2xsZWN0aW9uSWQlMjIlM0ElMjIxOTA0NiUyMiUyQyUyMmluZGV4Q2xpY2tlZCUyMiUzQTQ2JTdE,https://images.mango-prod.siammakro.cloud/SOURCE/63aee7c6d2544333a581df8b9587d3ce,คอหมูสําหรับย่าง 1 กก.,"฿

252.

00

/kg",฿,00,/kg,,,,
https://www.makro.pro/th/p/2lhxuf7-7606384951491?info=JTdCJTIycGFnZVNsdWclMjIlM0ElMjJGcmVzaCUyME92ZXJsb2FkJTIwJTdDJTIwTWVhdCUyMCUyNiUyMFBvdWx0cnklMjAoRnJvemVuJTIwJTI2JTIwRnJlc2gpJTJGMTkwNDYlMjIlMkMlMjJjYXJvdXNlbE5hbWUlMjIlM0ElMjIlMjIlMkMlMjJjb2xsZWN0aW9uSWQlMjIlM0ElMjIxOTA0NiUyMiUyQyUyMmluZGV4Q2xpY2tlZCUyMiUzQTQ3JTdE,https://images.mango-prod.siammakro.cloud/product-images/7606384951491-16a51fea-0711-41e4-b0bc-74f7b3882ca9.jpeg?imageMogr2/thumbnail/300x300,เอโร่ เป็ดแช่แข็งล้วงเครื่องใน ไซส์ XL 2.9-3.1 กก./ชิ้น,"฿

94.

00

/kg",฿,00,/kg,,,,
https://www.makro.pro/th/p/bwewpgo-7606380757187?info=JTdCJTIycGFnZVNsdWclMjIlM0ElMjJGcmVzaCUyME92ZXJsb2FkJTIwJTdDJTIwTWVhdCUyMCUyNiUyMFBvdWx0cnklMjAoRnJvemVuJTIwJTI2JTIwRnJlc2gpJTJGMTkwNDYlMjIlMkMlMjJjYXJvdXNlbE5hbWUlMjIlM0ElMjIlMjIlMkMlMjJjb2xsZWN0aW9uSWQlMjIlM0ElMjIxOTA0NiUyMiUyQyUyMmluZGV4Q2xpY2tlZCUyMiUzQTQ4JTdE,https://images.mango-prod.siammakro.cloud/product-images/7606380757187-6628d555-ccf6-4d6f-bf8f-7bd098ed5f1f.jpeg?imageMogr2/thumbnail/300x300,เอโร่ เป็ดแช่แข็งล้วงเครื่องใน ไซส์ S 2.3-2.5 กก./ชิ้น,"฿

99.

00

/kg",฿,00,/kg,,,,
https://www.makro.pro/th/p/4uprjen-7606379544771?info=JTdCJTIycGFnZVNsdWclMjIlM0ElMjJGcmVzaCUyME92ZXJsb2FkJTIwJTdDJTIwTWVhdCUyMCUyNiUyMFBvdWx0cnklMjAoRnJvemVuJTIwJTI2JTIwRnJlc2gpJTJGMTkwNDYlMjIlMkMlMjJjYXJvdXNlbE5hbWUlMjIlM0ElMjIlMjIlMkMlMjJjb2xsZWN0aW9uSWQlMjIlM0ElMjIxOTA0NiUyMiUyQyUyMmluZGV4Q2xpY2tlZCUyMiUzQTQ5JTdE,https://images.mango-prod.siammakro.cloud/SOURCE/0cf8a925f1b24e358e277fefd8688c9e,หน้ากากหมูเลาะกระดูกแช่แข็ง กก.ละ (1-1.5 กก./ชิ้น),฿,69.,00,,฿ 73.00,/kg,5 - 19 kg,
https://www.makro.pro/th/p/HKa6eo3-902584757366663?info=JTdCJTIycGFnZVNsdWclMjIlM0ElMjJGcmVzaCUyME92ZXJsb2FkJTIwJTdDJTIwTWVhdCUyMCUyNiUyMFBvdWx0cnklMjAoRnJvemVuJTIwJTI2JTIwRnJlc2gpJTJGMTkwNDYlMjIlMkMlMjJjYXJvdXNlbE5hbWUlMjIlM0ElMjIlMjIlMkMlMjJjb2xsZWN0aW9uSWQlMjIlM0ElMjIxOTA0NiUyMiUyQyUyMmluZGV4Q2xpY2tlZCUyMiUzQTUwJTdE,https://images.mango-prod.siammakro.cloud/product-images/902584757366663-39fc3044-e687-4571-83af-b3a516ceea73.jpeg?imageMogr2/thumbnail/300x300,เนื้ออกไก่สไลด์ 1 กก.,"฿

84.

00

/kg",฿,00,/kg,,,,
https://www.makro.pro/th/p/ixl8wse-7606385541315?info=JTdCJTIycGFnZVNsdWclMjIlM0ElMjJGcmVzaCUyME92ZXJsb2FkJTIwJTdDJTIwTWVhdCUyMCUyNiUyMFBvdWx0cnklMjAoRnJvemVuJTIwJTI2JTIwRnJlc2gpJTJGMTkwNDYlMjIlMkMlMjJjYXJvdXNlbE5hbWUlMjIlM0ElMjIlMjIlMkMlMjJjb2xsZWN0aW9uSWQlMjIlM0ElMjIxOTA0NiUyMiUyQyUyMmluZGV4Q2xpY2tlZCUyMiUzQTUxJTdE,https://images.mango-prod.siammakro.cloud/SOURCE/d10b2a7eedac4327bb5b2fb31edbb1b8,ขาหลังหมูแช่แข็ง (2.5-3 กก./ชิ้น) 1 ชิ้น,฿,75.,00,,฿ 79.00,/kg,5 - 19 kg,
https://www.makro.pro/th/p/ch-vqht-7606380560579?info=JTdCJTIycGFnZVNsdWclMjIlM0ElMjJGcmVzaCUyME92ZXJsb2FkJTIwJTdDJTIwTWVhdCUyMCUyNiUyMFBvdWx0cnklMjAoRnJvemVuJTIwJTI2JTIwRnJlc2gpJTJGMTkwNDYlMjIlMkMlMjJjYXJvdXNlbE5hbWUlMjIlM0ElMjIlMjIlMkMlMjJjb2xsZWN0aW9uSWQlMjIlM0ElMjIxOTA0NiUyMiUyQyUyMmluZGV4Q2xpY2tlZCUyMiUzQTUyJTdE,https://images.mango-prod.siammakro.cloud/product-images/7606380560579-7e461e5c-e291-4627-93f5-7ddf79760e41.jpeg?imageMogr2/thumbnail/300x300,เอโร่ เป็ดแช่แข็งล้วงเครื่องใน ไซส์ M 2.5-2.7 กก./ชิ้น,"฿

99.

00

/kg",฿,00,/kg,,,,
https://www.makro.pro/th/p/2looqzq-7606383345859?info=JTdCJTIycGFnZVNsdWclMjIlM0ElMjJGcmVzaCUyME92ZXJsb2FkJTIwJTdDJTIwTWVhdCUyMCUyNiUyMFBvdWx0cnklMjAoRnJvemVuJTIwJTI2JTIwRnJlc2gpJTJGMTkwNDYlMjIlMkMlMjJjYXJvdXNlbE5hbWUlMjIlM0ElMjIlMjIlMkMlMjJjb2xsZWN0aW9uSWQlMjIlM0ElMjIxOTA0NiUyMiUyQyUyMmluZGV4Q2xpY2tlZCUyMiUzQTUzJTdE,https://images.mango-prod.siammakro.cloud/product-images/7606383345859-3deba7f0-2661-4711-86a3-c0ea872d2e7d.jpeg?imageMogr2/thumbnail/300x300,เอโร่ เป็ดแช่แข็งล้วงเครื่องใน ไซส์ XXL 3.2-3.4 กก./ชิ้น,"฿

99.

00

/kg",฿,00,/kg,,,,
https://www.makro.pro/th/p/-wf0sjd-7606383870147?info=JTdCJTIycGFnZVNsdWclMjIlM0ElMjJGcmVzaCUyME92ZXJsb2FkJTIwJTdDJTIwTWVhdCUyMCUyNiUyMFBvdWx0cnklMjAoRnJvemVuJTIwJTI2JTIwRnJlc2gpJTJGMTkwNDYlMjIlMkMlMjJjYXJvdXNlbE5hbWUlMjIlM0ElMjIlMjIlMkMlMjJjb2xsZWN0aW9uSWQlMjIlM0ElMjIxOTA0NiUyMiUyQyUyMmluZGV4Q2xpY2tlZCUyMiUzQTU0JTdE,https://images.mango-prod.siammakro.cloud/SOURCE/d82120ffdf6c480d853f0022a0aaa6b7,กระดูกอ่อนใบพาย 1 กก.,"฿

175.

00

/kg",฿,00,/kg,,,,
https://www.makro.pro/th/p/mzhl0zs-7606384787651?info=JTdCJTIycGFnZVNsdWclMjIlM0ElMjJGcmVzaCUyME92ZXJsb2FkJTIwJTdDJTIwTWVhdCUyMCUyNiUyMFBvdWx0cnklMjAoRnJvemVuJTIwJTI2JTIwRnJlc2gpJTJGMTkwNDYlMjIlMkMlMjJjYXJvdXNlbE5hbWUlMjIlM0ElMjIlMjIlMkMlMjJjb2xsZWN0aW9uSWQlMjIlM0ElMjIxOTA0NiUyMiUyQyUyMmluZGV4Q2xpY2tlZCUyMiUzQTU1JTdE,https://images.mango-prod.siammakro.cloud/product-images/7606384787651-86c8ddc3-cd74-4495-87af-bccc3eb06215.jpeg?imageMogr2/thumbnail/300x300,ตับไก่ 1 กก.,฿,106.,00,,฿ 107.00,/kg,5+ kg,
https://www.makro.pro/th/p/zharvrq-7606385672387?info=JTdCJTIycGFnZVNsdWclMjIlM0ElMjJGcmVzaCUyME92ZXJsb2FkJTIwJTdDJTIwTWVhdCUyMCUyNiUyMFBvdWx0cnklMjAoRnJvemVuJTIwJTI2JTIwRnJlc2gpJTJGMTkwNDYlMjIlMkMlMjJjYXJvdXNlbE5hbWUlMjIlM0ElMjIlMjIlMkMlMjJjb2xsZWN0aW9uSWQlMjIlM0ElMjIxOTA0NiUyMiUyQyUyMmluZGV4Q2xpY2tlZCUyMiUzQTU2JTdE,https://images.mango-prod.siammakro.cloud/SOURCE/bf4d7341c09e4756ad1dc7d3f73a44ec,สันในหมู 1 กก.,"฿

132.

00

/kg",฿,00,/kg,,,,
https://www.makro.pro/th/p/nKWNqLQ-323927537943204?info=JTdCJTIycGFnZVNsdWclMjIlM0ElMjJGcmVzaCUyME92ZXJsb2FkJTIwJTdDJTIwTWVhdCUyMCUyNiUyMFBvdWx0cnklMjAoRnJvemVuJTIwJTI2JTIwRnJlc2gpJTJGMTkwNDYlMjIlMkMlMjJjYXJvdXNlbE5hbWUlMjIlM0ElMjIlMjIlMkMlMjJjb2xsZWN0aW9uSWQlMjIlM0ElMjIxOTA0NiUyMiUyQyUyMmluZGV4Q2xpY2tlZCUyMiUzQTU3JTdE,https://images.mango-prod.siammakro.cloud/SOURCE/78f4ffcf8f3a4120b0be05e0cb4efca4,กระดูกซุปหมูแช่แข็ง 5.0-6.0 กก./แพ็ค,฿,31.,00,,฿ 35.00,/kg,5 - 19 kg,
https://www.makro.pro/th/p/wlh4tsj-7606382559427?info=JTdCJTIycGFnZVNsdWclMjIlM0ElMjJGcmVzaCUyME92ZXJsb2FkJTIwJTdDJTIwTWVhdCUyMCUyNiUyMFBvdWx0cnklMjAoRnJvemVuJTIwJTI2JTIwRnJlc2gpJTJGMTkwNDYlMjIlMkMlMjJjYXJvdXNlbE5hbWUlMjIlM0ElMjIlMjIlMkMlMjJjb2xsZWN0aW9uSWQlMjIlM0ElMjIxOTA0NiUyMiUyQyUyMmluZGV4Q2xpY2tlZCUyMiUzQTU4JTdE,https://images.mango-prod.siammakro.cloud/SOURCE/9da9312f2e2d43e0b0788389e6d1e1f5,ไส้อ่อนหมู 1 กก.,"฿

188.

00

/kg",฿,00,/kg,,,,
https://www.makro.pro/th/p/zvfjeic-7243311644867?info=JTdCJTIycGFnZVNsdWclMjIlM0ElMjJGcmVzaCUyME92ZXJsb2FkJTIwJTdDJTIwTWVhdCUyMCUyNiUyMFBvdWx0cnklMjAoRnJvemVuJTIwJTI2JTIwRnJlc2gpJTJGMTkwNDYlMjIlMkMlMjJjYXJvdXNlbE5hbWUlMjIlM0ElMjIlMjIlMkMlMjJjb2xsZWN0aW9uSWQlMjIlM0ElMjIxOTA0NiUyMiUyQyUyMmluZGV4Q2xpY2tlZCUyMiUzQTU5JTdE,https://images.mango-prod.siammakro.cloud/SOURCE/d3e15098af514886879dafecaf55c5e4,พีเอสฟู้ดส์ เอ็นข้อไก่แช่แข็ง 1 กก.,฿,228.,00,,฿ 229.00,10+ units,,
https://www.makro.pro/th/p/xijdpvv-7243311677635?info=JTdCJTIycGFnZVNsdWclMjIlM0ElMjJGcmVzaCUyME92ZXJsb2FkJTIwJTdDJTIwTWVhdCUyMCUyNiUyMFBvdWx0cnklMjAoRnJvemVuJTIwJTI2JTIwRnJlc2gpJTJGMTkwNDYlMjIlMkMlMjJjYXJvdXNlbE5hbWUlMjIlM0ElMjIlMjIlMkMlMjJjb2xsZWN0aW9uSWQlMjIlM0ElMjIxOTA0NiUyMiUyQyUyMmluZGV4Q2xpY2tlZCUyMiUzQTYwJTdE,https://images.mango-prod.siammakro.cloud/product-images/7243311677635-44d0a179-7751-47fd-b435-5095ae8a085d.jpeg?imageMogr2/thumbnail/300x300,เอโร่ เนื้อเป็ดบดแช่แข็ง 1 กก.,฿,143.,00,,฿ 144.00,12+ units,,
https://www.makro.pro/th/p/aaze93g-6974746165443?info=JTdCJTIycGFnZVNsdWclMjIlM0ElMjJGcmVzaCUyME92ZXJsb2FkJTIwJTdDJTIwTWVhdCUyMCUyNiUyMFBvdWx0cnklMjAoRnJvemVuJTIwJTI2JTIwRnJlc2gpJTJGMTkwNDYlMjIlMkMlMjJjYXJvdXNlbE5hbWUlMjIlM0ElMjIlMjIlMkMlMjJjb2xsZWN0aW9uSWQlMjIlM0ElMjIxOTA0NiUyMiUyQyUyMmluZGV4Q2xpY2tlZCUyMiUzQTYxJTdE,https://images.mango-prod.siammakro.cloud/product-images/6974746165443-78c4590d-3138-479a-aef9-1a6e9796e384.jpeg?imageMogr2/thumbnail/300x300,หมูเด้งผสมไก่แช่แข็ง 1 กก.,฿,85.,00,,฿ 87.00,5+ units,-2%,
https://www.makro.pro/th/p/SpuNUQ6-279811439380508?info=JTdCJTIycGFnZVNsdWclMjIlM0ElMjJGcmVzaCUyME92ZXJsb2FkJTIwJTdDJTIwTWVhdCUyMCUyNiUyMFBvdWx0cnklMjAoRnJvemVuJTIwJTI2JTIwRnJlc2gpJTJGMTkwNDYlMjIlMkMlMjJjYXJvdXNlbE5hbWUlMjIlM0ElMjIlMjIlMkMlMjJjb2xsZWN0aW9uSWQlMjIlM0ElMjIxOTA0NiUyMiUyQyUyMmluZGV4Q2xpY2tlZCUyMiUzQTYyJTdE,https://images.mango-prod.siammakro.cloud/SOURCE/1ab41e32dcd94ff88f2accd444f438d2,เล็บมือนาง 1 กก.,"฿

115.

00

/kg",฿,00,/kg,,,,
https://www.makro.pro/th/p/wtgreqj-7606382493891?info=JTdCJTIycGFnZVNsdWclMjIlM0ElMjJGcmVzaCUyME92ZXJsb2FkJTIwJTdDJTIwTWVhdCUyMCUyNiUyMFBvdWx0cnklMjAoRnJvemVuJTIwJTI2JTIwRnJlc2gpJTJGMTkwNDYlMjIlMkMlMjJjYXJvdXNlbE5hbWUlMjIlM0ElMjIlMjIlMkMlMjJjb2xsZWN0aW9uSWQlMjIlM0ElMjIxOTA0NiUyMiUyQyUyMmluZGV4Q2xpY2tlZCUyMiUzQTYzJTdE,https://images.mango-prod.siammakro.cloud/SOURCE/9da9312f2e2d43e0b0788389e6d1e1f5,ไส้อ่อนหมูแช่แข็ง 1.8-2 กก./ชิ้น,฿,146.,00,,฿ 148.00,/kg,5+ kg,
https://www.makro.pro/th/p/cim_8tc-7275708350659?info=JTdCJTIycGFnZVNsdWclMjIlM0ElMjJGcmVzaCUyME92ZXJsb2FkJTIwJTdDJTIwTWVhdCUyMCUyNiUyMFBvdWx0cnklMjAoRnJvemVuJTIwJTI2JTIwRnJlc2gpJTJGMTkwNDYlMjIlMkMlMjJjYXJvdXNlbE5hbWUlMjIlM0ElMjIlMjIlMkMlMjJjb2xsZWN0aW9uSWQlMjIlM0ElMjIxOTA0NiUyMiUyQyUyMmluZGV4Q2xpY2tlZCUyMiUzQTY0JTdE,https://images.mango-prod.siammakro.cloud/product-images/7275708350659-543b646d-a3f9-46b5-84af-4e1eac00dada.jpeg?imageMogr2/thumbnail/300x300,พีเอสฟู้ดส์ เนื้อหมูกระทะแช่แข็ง 1 กก. x 10 ยกลัง,฿,"1,130.",00,,"฿ 1,170.00",,-3%,
https://www.makro.pro/th/p/jqe5f1y-6974596415683?info=JTdCJTIycGFnZVNsdWclMjIlM0ElMjJGcmVzaCUyME92ZXJsb2FkJTIwJTdDJTIwTWVhdCUyMCUyNiUyMFBvdWx0cnklMjAoRnJvemVuJTIwJTI2JTIwRnJlc2gpJTJGMTkwNDYlMjIlMkMlMjJjYXJvdXNlbE5hbWUlMjIlM0ElMjIlMjIlMkMlMjJjb2xsZWN0aW9uSWQlMjIlM0ElMjIxOTA0NiUyMiUyQyUyMmluZGV4Q2xpY2tlZCUyMiUzQTY1JTdE,https://images.mango-prod.siammakro.cloud/SOURCE/af80b7ad50d24fd4a4f3c02ded3aa870,ซีพี สามชั้นหมูสไลซ์แช่แข็ง 1 กก.,฿,207.,00,,฿ 209.00,5+ units,,
https://www.makro.pro/th/p/2mr5kkf-7243310825667?info=JTdCJTIycGFnZVNsdWclMjIlM0ElMjJGcmVzaCUyME92ZXJsb2FkJTIwJTdDJTIwTWVhdCUyMCUyNiUyMFBvdWx0cnklMjAoRnJvemVuJTIwJTI2JTIwRnJlc2gpJTJGMTkwNDYlMjIlMkMlMjJjYXJvdXNlbE5hbWUlMjIlM0ElMjIlMjIlMkMlMjJjb2xsZWN0aW9uSWQlMjIlM0ElMjIxOTA0NiUyMiUyQyUyMmluZGV4Q2xpY2tlZCUyMiUzQTY2JTdE,https://images.mango-prod.siammakro.cloud/product-images/7243310825667-24f49f79-4d0c-4df7-827c-37e364213903.jpeg?imageMogr2/thumbnail/300x300,พีเอสฟู้ดส์ สันคอหมูสไลซ์แช่แข็ง 1 กก.,฿,187.,00,,฿ 189.00,5+ units,-1%,
https://www.makro.pro/th/p/lmbl1kl-6974751506627?info=JTdCJTIycGFnZVNsdWclMjIlM0ElMjJGcmVzaCUyME92ZXJsb2FkJTIwJTdDJTIwTWVhdCUyMCUyNiUyMFBvdWx0cnklMjAoRnJvemVuJTIwJTI2JTIwRnJlc2gpJTJGMTkwNDYlMjIlMkMlMjJjYXJvdXNlbE5hbWUlMjIlM0ElMjIlMjIlMkMlMjJjb2xsZWN0aW9uSWQlMjIlM0ElMjIxOTA0NiUyMiUyQyUyMmluZGV4Q2xpY2tlZCUyMiUzQTY3JTdE,https://images.mango-prod.siammakro.cloud/product-images/6974751506627-68a9f15f-cb3b-40b1-b6db-0937cf70361a.jpeg?imageMogr2/thumbnail/300x300,เซพแพ็ค สะโพกหมูหั่นแกงแช่แข็ง 1 กก.,฿,117.,00,,฿ 119.00,5+ units,-1%,
https://www.makro.pro/th/p/Rf8djN1-253451969194297?info=JTdCJTIycGFnZVNsdWclMjIlM0ElMjJGcmVzaCUyME92ZXJsb2FkJTIwJTdDJTIwTWVhdCUyMCUyNiUyMFBvdWx0cnklMjAoRnJvemVuJTIwJTI2JTIwRnJlc2gpJTJGMTkwNDYlMjIlMkMlMjJjYXJvdXNlbE5hbWUlMjIlM0ElMjIlMjIlMkMlMjJjb2xsZWN0aW9uSWQlMjIlM0ElMjIxOTA0NiUyMiUyQyUyMmluZGV4Q2xpY2tlZCUyMiUzQTY4JTdE,https://images.mango-prod.siammakro.cloud/SOURCE/8379cbb8a82447f3bbd21b6a230d30e4,สันคอหมูสเต็กแช่แข็ง กก.ละ 0.1-0.2 กก./ชิ้น,฿,177.,00,,฿ 179.00,/kg,5+ kg,
https://www.makro.pro/th/p/zbasecr-7275690950851?info=JTdCJTIycGFnZVNsdWclMjIlM0ElMjJGcmVzaCUyME92ZXJsb2FkJTIwJTdDJTIwTWVhdCUyMCUyNiUyMFBvdWx0cnklMjAoRnJvemVuJTIwJTI2JTIwRnJlc2gpJTJGMTkwNDYlMjIlMkMlMjJjYXJvdXNlbE5hbWUlMjIlM0ElMjIlMjIlMkMlMjJjb2xsZWN0aW9uSWQlMjIlM0ElMjIxOTA0NiUyMiUyQyUyMmluZGV4Q2xpY2tlZCUyMiUzQTY5JTdE,https://images.mango-prod.siammakro.cloud/product-images/7275690950851-bd3879e5-65e3-4418-bce6-9b8ac541f4d5.jpeg?imageMogr2/thumbnail/300x300,เอโร่ หมูบดผสมมัน 20% แช่แข็ง ยกลัง (1 กก. x 10),"฿

1,050.

00",฿,00,,,,,
https://www.makro.pro/th/p/hbweeyu-6974599495875?info=JTdCJTIycGFnZVNsdWclMjIlM0ElMjJGcmVzaCUyME92ZXJsb2FkJTIwJTdDJTIwTWVhdCUyMCUyNiUyMFBvdWx0cnklMjAoRnJvemVuJTIwJTI2JTIwRnJlc2gpJTJGMTkwNDYlMjIlMkMlMjJjYXJvdXNlbE5hbWUlMjIlM0ElMjIlMjIlMkMlMjJjb2xsZWN0aW9uSWQlMjIlM0ElMjIxOTA0NiUyMiUyQyUyMmluZGV4Q2xpY2tlZCUyMiUzQTcwJTdE,https://images.mango-prod.siammakro.cloud/product-images/6974599495875-0b3eecf7-1099-4261-885c-5e112f3dd937.jpeg?imageMogr2/thumbnail/300x300,เอโร่ อกไก่เนื้อล้วนแช่แข็ง 2 กก.,฿,176.,00,,฿ 177.00,6+ units,,
https://www.makro.pro/th/p/4ZiAFCU-48284410834201?info=JTdCJTIycGFnZVNsdWclMjIlM0ElMjJGcmVzaCUyME92ZXJsb2FkJTIwJTdDJTIwTWVhdCUyMCUyNiUyMFBvdWx0cnklMjAoRnJvemVuJTIwJTI2JTIwRnJlc2gpJTJGMTkwNDYlMjIlMkMlMjJjYXJvdXNlbE5hbWUlMjIlM0ElMjIlMjIlMkMlMjJjb2xsZWN0aW9uSWQlMjIlM0ElMjIxOTA0NiUyMiUyQyUyMmluZGV4Q2xpY2tlZCUyMiUzQTcxJTdE,https://images.mango-prod.siammakro.cloud/SOURCE/31a7dcd581b94a73bbeb35ad42951ab7,สันนอกวัว ออสเตรเลีย 1-2.5 กก.,"฿

500.

00

/kg",฿,00,/kg,,,,
https://www.makro.pro/th/p/a1qknLY-93958328705788?info=JTdCJTIycGFnZVNsdWclMjIlM0ElMjJGcmVzaCUyME92ZXJsb2FkJTIwJTdDJTIwTWVhdCUyMCUyNiUyMFBvdWx0cnklMjAoRnJvemVuJTIwJTI2JTIwRnJlc2gpJTJGMTkwNDYlMjIlMkMlMjJjYXJvdXNlbE5hbWUlMjIlM0ElMjIlMjIlMkMlMjJjb2xsZWN0aW9uSWQlMjIlM0ElMjIxOTA0NiUyMiUyQyUyMmluZGV4Q2xpY2tlZCUyMiUzQTcyJTdE,https://images.mango-prod.siammakro.cloud/product-images/93958328705788-e0947a29-e020-4271-9c20-651eca789078.jpeg?imageMogr2/thumbnail/300x300,เนื้อพิคานย่าวัวออสเตรเลีย กก.ละ,"฿

590.

00

/kg",฿,00,/kg,,,,
https://www.makro.pro/th/p/AFMx8qO-345781224872627?info=JTdCJTIycGFnZVNsdWclMjIlM0ElMjJGcmVzaCUyME92ZXJsb2FkJTIwJTdDJTIwTWVhdCUyMCUyNiUyMFBvdWx0cnklMjAoRnJvemVuJTIwJTI2JTIwRnJlc2gpJTJGMTkwNDYlMjIlMkMlMjJjYXJvdXNlbE5hbWUlMjIlM0ElMjIlMjIlMkMlMjJjb2xsZWN0aW9uSWQlMjIlM0ElMjIxOTA0NiUyMiUyQyUyMmluZGV4Q2xpY2tlZCUyMiUzQTczJTdE,https://images.mango-prod.siammakro.cloud/SOURCE/b5a46db7388e4aeaa8835fae30c1632a,FZ AU KC เสือร้องไห้NE GF กก.ละ,"฿

265.

00

/kg",฿,00,/kg,,,,
https://www.makro.pro/th/p/rctvibb-7606379937987?info=JTdCJTIycGFnZVNsdWclMjIlM0ElMjJGcmVzaCUyME92ZXJsb2FkJTIwJTdDJTIwTWVhdCUyMCUyNiUyMFBvdWx0cnklMjAoRnJvemVuJTIwJTI2JTIwRnJlc2gpJTJGMTkwNDYlMjIlMkMlMjJjYXJvdXNlbE5hbWUlMjIlM0ElMjIlMjIlMkMlMjJjb2xsZWN0aW9uSWQlMjIlM0ElMjIxOTA0NiUyMiUyQyUyMmluZGV4Q2xpY2tlZCUyMiUzQTc0JTdE,https://images.mango-prod.siammakro.cloud/SOURCE/e435d0db4c5b43bab075e362411fb75b,ตับวัวตัดชิ้นแช่แข็ง 1-1.5 กก./ชิ้น,"฿

63.

00

/kg",฿,00,/kg,,,,
https://www.makro.pro/th/p/z3-edbd-7606384361667?info=JTdCJTIycGFnZVNsdWclMjIlM0ElMjJGcmVzaCUyME92ZXJsb2FkJTIwJTdDJTIwTWVhdCUyMCUyNiUyMFBvdWx0cnklMjAoRnJvemVuJTIwJTI2JTIwRnJlc2gpJTJGMTkwNDYlMjIlMkMlMjJjYXJvdXNlbE5hbWUlMjIlM0ElMjIlMjIlMkMlMjJjb2xsZWN0aW9uSWQlMjIlM0ElMjIxOTA0NiUyMiUyQyUyMmluZGV4Q2xpY2tlZCUyMiUzQTc1JTdE,https://images.mango-prod.siammakro.cloud/SOURCE/f379c55b05894bf8a94383505c882f65,สไบนางวัว 1 กก.,"฿

162.

00

/kg",฿,00,/kg,,,,
https://www.makro.pro/th/p/bz1k1j-7497547514051?info=JTdCJTIycGFnZVNsdWclMjIlM0ElMjJGcmVzaCUyME92ZXJsb2FkJTIwJTdDJTIwTWVhdCUyMCUyNiUyMFBvdWx0cnklMjAoRnJvemVuJTIwJTI2JTIwRnJlc2gpJTJGMTkwNDYlMjIlMkMlMjJjYXJvdXNlbE5hbWUlMjIlM0ElMjIlMjIlMkMlMjJjb2xsZWN0aW9uSWQlMjIlM0ElMjIxOTA0NiUyMiUyQyUyMmluZGV4Q2xpY2tlZCUyMiUzQTc2JTdE,https://images.mango-prod.siammakro.cloud/SOURCE/35a3c03391554a6d85122a6b53a92d7e,มีนาฟู้ดส์ เนื้อวัวบดแช่แข็ง 1 กก.,"฿

174.

00",฿,00,,,,,
https://www.makro.pro/th/p/7gJ0Gs3-357456837131006?info=JTdCJTIycGFnZVNsdWclMjIlM0ElMjJGcmVzaCUyME92ZXJsb2FkJTIwJTdDJTIwTWVhdCUyMCUyNiUyMFBvdWx0cnklMjAoRnJvemVuJTIwJTI2JTIwRnJlc2gpJTJGMTkwNDYlMjIlMkMlMjJjYXJvdXNlbE5hbWUlMjIlM0ElMjIlMjIlMkMlMjJjb2xsZWN0aW9uSWQlMjIlM0ElMjIxOTA0NiUyMiUyQyUyMmluZGV4Q2xpY2tlZCUyMiUzQTc3JTdE,https://images.mango-prod.siammakro.cloud/SOURCE/2202cd6a26bb422d93f3325d566a8892,เสือร้องไห้ออสเตรเลียแช่แข็ง(พื้นท้อง) 1 กก.,"฿

225.00
/kg",฿,,/kg,,,,สินค้าหมด
https://www.makro.pro/th/p/e9yfz71-7606385967299?info=JTdCJTIycGFnZVNsdWclMjIlM0ElMjJGcmVzaCUyME92ZXJsb2FkJTIwJTdDJTIwTWVhdCUyMCUyNiUyMFBvdWx0cnklMjAoRnJvemVuJTIwJTI2JTIwRnJlc2gpJTJGMTkwNDYlMjIlMkMlMjJjYXJvdXNlbE5hbWUlMjIlM0ElMjIlMjIlMkMlMjJjb2xsZWN0aW9uSWQlMjIlM0ElMjIxOTA0NiUyMiUyQyUyMmluZGV4Q2xpY2tlZCUyMiUzQTc4JTdE,https://images.mango-prod.siammakro.cloud/SOURCE/416280dd4def4c93b3760aa468bd25e9,ม้ามวัวแช่แข็ง 600-900 ก./ชิ้น,"฿

55.

00

/kg",฿,00,/kg,,,,
https://www.makro.pro/th/p/zQ8p5p3-730713657869943?info=JTdCJTIycGFnZVNsdWclMjIlM0ElMjJGcmVzaCUyME92ZXJsb2FkJTIwJTdDJTIwTWVhdCUyMCUyNiUyMFBvdWx0cnklMjAoRnJvemVuJTIwJTI2JTIwRnJlc2gpJTJGMTkwNDYlMjIlMkMlMjJjYXJvdXNlbE5hbWUlMjIlM0ElMjIlMjIlMkMlMjJjb2xsZWN0aW9uSWQlMjIlM0ElMjIxOTA0NiUyMiUyQyUyMmluZGV4Q2xpY2tlZCUyMiUzQTc5JTdE,https://images.mango-prod.siammakro.cloud/SOURCE/9e06d6a7f1714f9a97da218cb3cfd2f7,สไบนางวัวหั่น กก.ละ,"฿

139.

00

/kg",฿,00,/kg,,,,
https://www.makro.pro/th/p/gssgmkv-6974748360899?info=JTdCJTIycGFnZVNsdWclMjIlM0ElMjJGcmVzaCUyME92ZXJsb2FkJTIwJTdDJTIwTWVhdCUyMCUyNiUyMFBvdWx0cnklMjAoRnJvemVuJTIwJTI2JTIwRnJlc2gpJTJGMTkwNDYlMjIlMkMlMjJjYXJvdXNlbE5hbWUlMjIlM0ElMjIlMjIlMkMlMjJjb2xsZWN0aW9uSWQlMjIlM0ElMjIxOTA0NiUyMiUyQyUyMmluZGV4Q2xpY2tlZCUyMiUzQTgwJTdE,https://images.mango-prod.siammakro.cloud/product-images/6974748360899-1fe3d127-c20f-4c0f-8b32-d3fe4a8a5de2.jpeg?imageMogr2/thumbnail/300x300,เอโร่ เครื่องในเป็ดรวมแช่แข็ง 1 กก.,฿,74.,00,,฿ 76.00,12+ units,-2%,
https://www.makro.pro/th/p/wkj5olp-7167172083907?info=JTdCJTIycGFnZVNsdWclMjIlM0ElMjJGcmVzaCUyME92ZXJsb2FkJTIwJTdDJTIwTWVhdCUyMCUyNiUyMFBvdWx0cnklMjAoRnJvemVuJTIwJTI2JTIwRnJlc2gpJTJGMTkwNDYlMjIlMkMlMjJjYXJvdXNlbE5hbWUlMjIlM0ElMjIlMjIlMkMlMjJjb2xsZWN0aW9uSWQlMjIlM0ElMjIxOTA0NiUyMiUyQyUyMmluZGV4Q2xpY2tlZCUyMiUzQTgxJTdE,https://images.mango-prod.siammakro.cloud/SOURCE/733d0412135044afba73ed3548d183be,ซูเปอร์เชฟ เนื้อไก่บดแช่แข็ง 1 กก.,฿,68.,00,,฿ 69.00,10+ units,-1%,
https://www.makro.pro/th/p/2e4wdpd-7243311612099?info=JTdCJTIycGFnZVNsdWclMjIlM0ElMjJGcmVzaCUyME92ZXJsb2FkJTIwJTdDJTIwTWVhdCUyMCUyNiUyMFBvdWx0cnklMjAoRnJvemVuJTIwJTI2JTIwRnJlc2gpJTJGMTkwNDYlMjIlMkMlMjJjYXJvdXNlbE5hbWUlMjIlM0ElMjIlMjIlMkMlMjJjb2xsZWN0aW9uSWQlMjIlM0ElMjIxOTA0NiUyMiUyQyUyMmluZGV4Q2xpY2tlZCUyMiUzQTgyJTdE,https://images.mango-prod.siammakro.cloud/product-images/7243311612099-9f9bd6b1-e85c-4748-8f66-6fda7a80fa29.jpeg?imageMogr2/thumbnail/300x300,เอโร่ ปากเป็ดแช่แข็ง 1 กก.,฿,298.,00,,฿ 299.00,12+ units,,
https://www.makro.pro/th/p/qgpsule-7606384722115?info=JTdCJTIycGFnZVNsdWclMjIlM0ElMjJGcmVzaCUyME92ZXJsb2FkJTIwJTdDJTIwTWVhdCUyMCUyNiUyMFBvdWx0cnklMjAoRnJvemVuJTIwJTI2JTIwRnJlc2gpJTJGMTkwNDYlMjIlMkMlMjJjYXJvdXNlbE5hbWUlMjIlM0ElMjIlMjIlMkMlMjJjb2xsZWN0aW9uSWQlMjIlM0ElMjIxOTA0NiUyMiUyQyUyMmluZGV4Q2xpY2tlZCUyMiUzQTgzJTdE,https://images.mango-prod.siammakro.cloud/SOURCE/de1671b56ba7422ea7e9502c0c06bcca,ตับวัวแช่แข็ง 1 กก.,฿,58.,00,,฿ 65.00,/kg,-10%,
https://www.makro.pro/th/p/cqvlknj-7204389880003?info=JTdCJTIycGFnZVNsdWclMjIlM0ElMjJGcmVzaCUyME92ZXJsb2FkJTIwJTdDJTIwTWVhdCUyMCUyNiUyMFBvdWx0cnklMjAoRnJvemVuJTIwJTI2JTIwRnJlc2gpJTJGMTkwNDYlMjIlMkMlMjJjYXJvdXNlbE5hbWUlMjIlM0ElMjIlMjIlMkMlMjJjb2xsZWN0aW9uSWQlMjIlM0ElMjIxOTA0NiUyMiUyQyUyMmluZGV4Q2xpY2tlZCUyMiUzQTg0JTdE,https://images.mango-prod.siammakro.cloud/product-images/7204389880003-60e1c6f0-b6fd-47f9-8d8a-edffb5d13a27.jpeg?imageMogr2/thumbnail/300x300,เอโร่ สามชั้นหมูสไลซ์แช่แข็ง 1 กก.,฿,193.,00,,฿ 195.00,5+ units,-1%,
https://www.makro.pro/th/p/648pdex-7115333042371?info=JTdCJTIycGFnZVNsdWclMjIlM0ElMjJGcmVzaCUyME92ZXJsb2FkJTIwJTdDJTIwTWVhdCUyMCUyNiUyMFBvdWx0cnklMjAoRnJvemVuJTIwJTI2JTIwRnJlc2gpJTJGMTkwNDYlMjIlMkMlMjJjYXJvdXNlbE5hbWUlMjIlM0ElMjIlMjIlMkMlMjJjb2xsZWN0aW9uSWQlMjIlM0ElMjIxOTA0NiUyMiUyQyUyMmluZGV4Q2xpY2tlZCUyMiUzQTg1JTdE,https://images.mango-prod.siammakro.cloud/product-images/7115333042371-dfaef325-3c14-43f0-a678-139989a9d61d.jpeg?imageMogr2/thumbnail/300x300,ประกอบ บีฟ เนื้อโคขุนบดเกรดแช่แข็ง 1 กก.,"฿

290.

00",฿,00,,,,,
https://www.makro.pro/th/p/1_O8Eyu-299931781083946?info=JTdCJTIycGFnZVNsdWclMjIlM0ElMjJGcmVzaCUyME92ZXJsb2FkJTIwJTdDJTIwTWVhdCUyMCUyNiUyMFBvdWx0cnklMjAoRnJvemVuJTIwJTI2JTIwRnJlc2gpJTJGMTkwNDYlMjIlMkMlMjJjYXJvdXNlbE5hbWUlMjIlM0ElMjIlMjIlMkMlMjJjb2xsZWN0aW9uSWQlMjIlM0ElMjIxOTA0NiUyMiUyQyUyMmluZGV4Q2xpY2tlZCUyMiUzQTg2JTdE,https://images.mango-prod.siammakro.cloud/SOURCE/a0667e7a725e4422a01e943c065520d1,สันคอวัวออสเตรเลีย ประมาณ 4 กก.,"฿

380.

00

/kg",฿,00,/kg,,,,
https://www.makro.pro/th/p/BRkcBey-911859293732458?info=JTdCJTIycGFnZVNsdWclMjIlM0ElMjJGcmVzaCUyME92ZXJsb2FkJTIwJTdDJTIwTWVhdCUyMCUyNiUyMFBvdWx0cnklMjAoRnJvemVuJTIwJTI2JTIwRnJlc2gpJTJGMTkwNDYlMjIlMkMlMjJjYXJvdXNlbE5hbWUlMjIlM0ElMjIlMjIlMkMlMjJjb2xsZWN0aW9uSWQlMjIlM0ElMjIxOTA0NiUyMiUyQyUyMmluZGV4Q2xpY2tlZCUyMiUzQTg3JTdE,https://images.mango-prod.siammakro.cloud/SOURCE/f78e309b28d44122ae3e4f7a76e04792,ขอบกระด้งวัว กก.ละ,฿,73.,00,,฿ 83.00,/kg,-12%,
https://www.makro.pro/th/p/xqm04ko-7606384427203?info=JTdCJTIycGFnZVNsdWclMjIlM0ElMjJGcmVzaCUyME92ZXJsb2FkJTIwJTdDJTIwTWVhdCUyMCUyNiUyMFBvdWx0cnklMjAoRnJvemVuJTIwJTI2JTIwRnJlc2gpJTJGMTkwNDYlMjIlMkMlMjJjYXJvdXNlbE5hbWUlMjIlM0ElMjIlMjIlMkMlMjJjb2xsZWN0aW9uSWQlMjIlM0ElMjIxOTA0NiUyMiUyQyUyMmluZGV4Q2xpY2tlZCUyMiUzQTg4JTdE,https://images.mango-prod.siammakro.cloud/SOURCE/5c34c9be25d44c828e65717fd4f5a777,ฮาร์วี่ บีฟ สันแหลมวัว ออสเตรเลีย 1.4-2.5 กก.,"฿

589.

00

/kg",฿,00,/kg,,,,
https://www.makro.pro/th/p/toiqebs-7352922407107?info=JTdCJTIycGFnZVNsdWclMjIlM0ElMjJGcmVzaCUyME92ZXJsb2FkJTIwJTdDJTIwTWVhdCUyMCUyNiUyMFBvdWx0cnklMjAoRnJvemVuJTIwJTI2JTIwRnJlc2gpJTJGMTkwNDYlMjIlMkMlMjJjYXJvdXNlbE5hbWUlMjIlM0ElMjIlMjIlMkMlMjJjb2xsZWN0aW9uSWQlMjIlM0ElMjIxOTA0NiUyMiUyQyUyMmluZGV4Q2xpY2tlZCUyMiUzQTg5JTdE,https://images.mango-prod.siammakro.cloud/SOURCE/4a98fd6af10a482e8bfe856190a7ab6b,ประกอบ บีฟ เนื้อโคขุนบดแช่แข็ง 1 กก.,"฿

275.

00",฿,00,,,,,
https://www.makro.pro/th/p/uiz4fsv-7078805635267?info=JTdCJTIycGFnZVNsdWclMjIlM0ElMjJGcmVzaCUyME92ZXJsb2FkJTIwJTdDJTIwTWVhdCUyMCUyNiUyMFBvdWx0cnklMjAoRnJvemVuJTIwJTI2JTIwRnJlc2gpJTJGMTkwNDYlMjIlMkMlMjJjYXJvdXNlbE5hbWUlMjIlM0ElMjIlMjIlMkMlMjJjb2xsZWN0aW9uSWQlMjIlM0ElMjIxOTA0NiUyMiUyQyUyMmluZGV4Q2xpY2tlZCUyMiUzQTkwJTdE,https://images.mango-prod.siammakro.cloud/product-images/7078805635267-b13f110f-bb9b-4d62-b303-899f93a98725.jpeg?imageMogr2/thumbnail/300x300,เอโร่ อกไก่เนื้อล้วนลอกหนังแช่แข็ง 2 กก.,฿,226.,00,,฿ 228.00,6+ units,,
https://www.makro.pro/th/p/mrqobx7-7078807208131?info=JTdCJTIycGFnZVNsdWclMjIlM0ElMjJGcmVzaCUyME92ZXJsb2FkJTIwJTdDJTIwTWVhdCUyMCUyNiUyMFBvdWx0cnklMjAoRnJvemVuJTIwJTI2JTIwRnJlc2gpJTJGMTkwNDYlMjIlMkMlMjJjYXJvdXNlbE5hbWUlMjIlM0ElMjIlMjIlMkMlMjJjb2xsZWN0aW9uSWQlMjIlM0ElMjIxOTA0NiUyMiUyQyUyMmluZGV4Q2xpY2tlZCUyMiUzQTkxJTdE,https://images.mango-prod.siammakro.cloud/product-images/7078807208131-96cd3dab-1721-45bc-a8be-34a2b2fe778a.jpeg?imageMogr2/thumbnail/300x300,เอโร่ เนื้อไก่บดแช่แข็ง 2 กก.,฿,193.,00,,฿ 195.00,6+ units,-1%,
https://www.makro.pro/th/p/oyzixxn-7275706024131?info=JTdCJTIycGFnZVNsdWclMjIlM0ElMjJGcmVzaCUyME92ZXJsb2FkJTIwJTdDJTIwTWVhdCUyMCUyNiUyMFBvdWx0cnklMjAoRnJvemVuJTIwJTI2JTIwRnJlc2gpJTJGMTkwNDYlMjIlMkMlMjJjYXJvdXNlbE5hbWUlMjIlM0ElMjIlMjIlMkMlMjJjb2xsZWN0aW9uSWQlMjIlM0ElMjIxOTA0NiUyMiUyQyUyMmluZGV4Q2xpY2tlZCUyMiUzQTkyJTdE,https://images.mango-prod.siammakro.cloud/product-images/7275706024131-3ea94023-47f1-4568-8af1-9c1a9b6fe916.jpeg?imageMogr2/thumbnail/300x300,หนองสูง บีฟ เนื้อชาโรเล่ส์หมักเสียบไม้แช่แข็ง 500 ก. 15 ไม้,"฿

159.

00",฿,00,,,,,
https://www.makro.pro/th/p/_9kstPK-835838636248595?info=JTdCJTIycGFnZVNsdWclMjIlM0ElMjJGcmVzaCUyME92ZXJsb2FkJTIwJTdDJTIwTWVhdCUyMCUyNiUyMFBvdWx0cnklMjAoRnJvemVuJTIwJTI2JTIwRnJlc2gpJTJGMTkwNDYlMjIlMkMlMjJjYXJvdXNlbE5hbWUlMjIlM0ElMjIlMjIlMkMlMjJjb2xsZWN0aW9uSWQlMjIlM0ElMjIxOTA0NiUyMiUyQyUyMmluZGV4Q2xpY2tlZCUyMiUzQTkzJTdE,https://images.mango-prod.siammakro.cloud/SOURCE/a093c8417d8645c4989ebe8b4b9522b2,สะโพกบนวัวออสเตรเลีย กก.ละ,"฿

365.00
/kg",฿,,/kg,,,,สินค้าหมด
https://www.makro.pro/th/p/X40WJCe-870657646403106?info=JTdCJTIycGFnZVNsdWclMjIlM0ElMjJGcmVzaCUyME92ZXJsb2FkJTIwJTdDJTIwTWVhdCUyMCUyNiUyMFBvdWx0cnklMjAoRnJvemVuJTIwJTI2JTIwRnJlc2gpJTJGMTkwNDYlMjIlMkMlMjJjYXJvdXNlbE5hbWUlMjIlM0ElMjIlMjIlMkMlMjJjb2xsZWN0aW9uSWQlMjIlM0ElMjIxOTA0NiUyMiUyQyUyMmluZGV4Q2xpY2tlZCUyMiUzQTk0JTdE,https://images.mango-prod.siammakro.cloud/SOURCE/fa9b528c55954b7da7b4f5ff7bde3df5,เนื้อแดงวัว กก.ละ,"฿

245.

00

/kg",฿,00,/kg,,,,
https://www.makro.pro/th/p/-zdzdnh-7204391944387?info=JTdCJTIycGFnZVNsdWclMjIlM0ElMjJGcmVzaCUyME92ZXJsb2FkJTIwJTdDJTIwTWVhdCUyMCUyNiUyMFBvdWx0cnklMjAoRnJvemVuJTIwJTI2JTIwRnJlc2gpJTJGMTkwNDYlMjIlMkMlMjJjYXJvdXNlbE5hbWUlMjIlM0ElMjIlMjIlMkMlMjJjb2xsZWN0aW9uSWQlMjIlM0ElMjIxOTA0NiUyMiUyQyUyMmluZGV4Q2xpY2tlZCUyMiUzQTk1JTdE,https://images.mango-prod.siammakro.cloud/product-images/7204391944387-df2972d3-b8fa-4ce0-9155-f3763ecc4df2.jpeg?imageMogr2/thumbnail/300x300,พีเอสฟู้ดส์ สันคอหมูกระทะแช่แข็ง 1 กก.,฿,183.,00,,฿ 185.00,5+ units,-1%,
https://www.makro.pro/th/p/2-6JrC1-748962616749478?info=JTdCJTIycGFnZVNsdWclMjIlM0ElMjJGcmVzaCUyME92ZXJsb2FkJTIwJTdDJTIwTWVhdCUyMCUyNiUyMFBvdWx0cnklMjAoRnJvemVuJTIwJTI2JTIwRnJlc2gpJTJGMTkwNDYlMjIlMkMlMjJjYXJvdXNlbE5hbWUlMjIlM0ElMjIlMjIlMkMlMjJjb2xsZWN0aW9uSWQlMjIlM0ElMjIxOTA0NiUyMiUyQyUyMmluZGV4Q2xpY2tlZCUyMiUzQTk2JTdE,https://images.mango-prod.siammakro.cloud/SOURCE/7ec256aebc7746fc8acf9fa394ebbe6a,สันในวัว ออสเตรเลีย (1.4-2.5 กก./ชิ้น),"฿

1,020.

00

/kg",฿,00,/kg,,,,
https://www.makro.pro/th/p/n8-iplc-7542469525699?info=JTdCJTIycGFnZVNsdWclMjIlM0ElMjJGcmVzaCUyME92ZXJsb2FkJTIwJTdDJTIwTWVhdCUyMCUyNiUyMFBvdWx0cnklMjAoRnJvemVuJTIwJTI2JTIwRnJlc2gpJTJGMTkwNDYlMjIlMkMlMjJjYXJvdXNlbE5hbWUlMjIlM0ElMjIlMjIlMkMlMjJjb2xsZWN0aW9uSWQlMjIlM0ElMjIxOTA0NiUyMiUyQyUyMmluZGV4Q2xpY2tlZCUyMiUzQTk3JTdE,https://images.mango-prod.siammakro.cloud/SOURCE/28caab9cba2141db92ea89a0fcaff325,เกรทเอ็มเพอร์เร่อร์ฟู้ดส์ เนื้อวัวบดแช่แข็ง 1 กก.,฿,179.,00,,฿ 185.00,,-3%,
https://www.makro.pro/th/p/4bo2meq-7606378987715?info=JTdCJTIycGFnZVNsdWclMjIlM0ElMjJGcmVzaCUyME92ZXJsb2FkJTIwJTdDJTIwTWVhdCUyMCUyNiUyMFBvdWx0cnklMjAoRnJvemVuJTIwJTI2JTIwRnJlc2gpJTJGMTkwNDYlMjIlMkMlMjJjYXJvdXNlbE5hbWUlMjIlM0ElMjIlMjIlMkMlMjJjb2xsZWN0aW9uSWQlMjIlM0ElMjIxOTA0NiUyMiUyQyUyMmluZGV4Q2xpY2tlZCUyMiUzQTk4JTdE,https://images.mango-prod.siammakro.cloud/SOURCE/f54ca048148e401a9d995931f850efe6,ปากหนามวัว 1 กก.,"฿

180.

00

/kg",฿,00,/kg,,,,
https://www.makro.pro/th/p/81xiwf4-7115325997251?info=JTdCJTIycGFnZVNsdWclMjIlM0ElMjJGcmVzaCUyME92ZXJsb2FkJTIwJTdDJTIwTWVhdCUyMCUyNiUyMFBvdWx0cnklMjAoRnJvemVuJTIwJTI2JTIwRnJlc2gpJTJGMTkwNDYlMjIlMkMlMjJjYXJvdXNlbE5hbWUlMjIlM0ElMjIlMjIlMkMlMjJjb2xsZWN0aW9uSWQlMjIlM0ElMjIxOTA0NiUyMiUyQyUyMmluZGV4Q2xpY2tlZCUyMiUzQTk5JTdE,https://images.mango-prod.siammakro.cloud/product-images/7115325997251-eba44dd6-4053-4d5e-9992-ef00a31f1444.jpeg?imageMogr2/thumbnail/300x300,เอโร่ สะโพกไก่ติดกระดูกแช่แข็ง 2 กก.,฿,195.,00,,฿ 197.00,6+ units,-1%,
https://www.makro.pro/th/p/yb7a-fk-7416123785411?info=JTdCJTIycGFnZVNsdWclMjIlM0ElMjJGcmVzaCUyME92ZXJsb2FkJTIwJTdDJTIwTWVhdCUyMCUyNiUyMFBvdWx0cnklMjAoRnJvemVuJTIwJTI2JTIwRnJlc2gpJTJGMTkwNDYlMjIlMkMlMjJjYXJvdXNlbE5hbWUlMjIlM0ElMjIlMjIlMkMlMjJjb2xsZWN0aW9uSWQlMjIlM0ElMjIxOTA0NiUyMiUyQyUyMmluZGV4Q2xpY2tlZCUyMiUzQTEwMCU3RA,https://images.mango-prod.siammakro.cloud/product-images/7416123785411-ad0a074c-835c-46fb-b6bd-2e4b6489be2e.jpeg?imageMogr2/thumbnail/300x300,เอโร่ เนื้อหมูกระทะแช่แข็ง 4 มม. 1 ลัง (1 กก. x 10),฿,"1,170.",00,,"฿ 1,530.00",,-23%,
https://www.makro.pro/th/p/bjjySMg-961470468374680?info=JTdCJTIycGFnZVNsdWclMjIlM0ElMjJGcmVzaCUyME92ZXJsb2FkJTIwJTdDJTIwTWVhdCUyMCUyNiUyMFBvdWx0cnklMjAoRnJvemVuJTIwJTI2JTIwRnJlc2gpJTJGMTkwNDYlMjIlMkMlMjJjYXJvdXNlbE5hbWUlMjIlM0ElMjIlMjIlMkMlMjJjb2xsZWN0aW9uSWQlMjIlM0ElMjIxOTA0NiUyMiUyQyUyMmluZGV4Q2xpY2tlZCUyMiUzQTEwMSU3RA,https://images.mango-prod.siammakro.cloud/SOURCE/26eb3ca1fa64461280e883191ed481d5,ฮาร์วี่ บีฟ ใบพายวัว ออสเตรเลีย 1 กก.,"฿

395.

00

/kg",฿,00,/kg,,,,
https://www.makro.pro/th/p/9dmmp0u-7275690590403?info=JTdCJTIycGFnZVNsdWclMjIlM0ElMjJGcmVzaCUyME92ZXJsb2FkJTIwJTdDJTIwTWVhdCUyMCUyNiUyMFBvdWx0cnklMjAoRnJvemVuJTIwJTI2JTIwRnJlc2gpJTJGMTkwNDYlMjIlMkMlMjJjYXJvdXNlbE5hbWUlMjIlM0ElMjIlMjIlMkMlMjJjb2xsZWN0aW9uSWQlMjIlM0ElMjIxOTA0NiUyMiUyQyUyMmluZGV4Q2xpY2tlZCUyMiUzQTEwMiU3RA,https://images.mango-prod.siammakro.cloud/product-images/7275690590403-9020cf7a-a724-4eb4-91f1-ba154dc2d2da.jpeg?imageMogr2/thumbnail/300x300,เซพแพ็ค หมูเด้งแช่แข็ง 1 ลัง (1 กก. x 10),"฿

870.

00",฿,00,,,,,
https://www.makro.pro/th/p/2iqxnvt-7167167168707?info=JTdCJTIycGFnZVNsdWclMjIlM0ElMjJGcmVzaCUyME92ZXJsb2FkJTIwJTdDJTIwTWVhdCUyMCUyNiUyMFBvdWx0cnklMjAoRnJvemVuJTIwJTI2JTIwRnJlc2gpJTJGMTkwNDYlMjIlMkMlMjJjYXJvdXNlbE5hbWUlMjIlM0ElMjIlMjIlMkMlMjJjb2xsZWN0aW9uSWQlMjIlM0ElMjIxOTA0NiUyMiUyQyUyMmluZGV4Q2xpY2tlZCUyMiUzQTEwMyU3RA,https://images.mango-prod.siammakro.cloud/product-images/7167167168707-63adf9df-6819-4799-8f2a-2e7a3ca2a7c7.jpeg?imageMogr2/thumbnail/300x300,ซีพี สเต็กไก่สไปซี่แช่แข็ง 1 กก.,฿,173.,00,,฿ 175.00,10+ units,-1%,
https://www.makro.pro/th/p/5prau7z-7606379479235?info=JTdCJTIycGFnZVNsdWclMjIlM0ElMjJGcmVzaCUyME92ZXJsb2FkJTIwJTdDJTIwTWVhdCUyMCUyNiUyMFBvdWx0cnklMjAoRnJvemVuJTIwJTI2JTIwRnJlc2gpJTJGMTkwNDYlMjIlMkMlMjJjYXJvdXNlbE5hbWUlMjIlM0ElMjIlMjIlMkMlMjJjb2xsZWN0aW9uSWQlMjIlM0ElMjIxOTA0NiUyMiUyQyUyMmluZGV4Q2xpY2tlZCUyMiUzQTEwNCU3RA,https://images.mango-prod.siammakro.cloud/SOURCE/871736d7bc444a48b2a6fe363480b579,หัวไหล่แกะนิวซีแลนด์เลาะกระดูกแช่แข็ง (1-1.2 กก./ชิ้น),"฿

450.

00

/kg",฿,00,/kg,,,,
https://www.makro.pro/th/p/9cchnkt-7167174115523?info=JTdCJTIycGFnZVNsdWclMjIlM0ElMjJGcmVzaCUyME92ZXJsb2FkJTIwJTdDJTIwTWVhdCUyMCUyNiUyMFBvdWx0cnklMjAoRnJvemVuJTIwJTI2JTIwRnJlc2gpJTJGMTkwNDYlMjIlMkMlMjJjYXJvdXNlbE5hbWUlMjIlM0ElMjIlMjIlMkMlMjJjb2xsZWN0aW9uSWQlMjIlM0ElMjIxOTA0NiUyMiUyQyUyMmluZGV4Q2xpY2tlZCUyMiUzQTEwNSU3RA,https://images.mango-prod.siammakro.cloud/product-images/7167174115523-3bcb19b5-0a02-47c5-b4bd-b16ceeb0ad43.jpeg?imageMogr2/thumbnail/300x300,เอโร่ น่องติดสะโพกไก่แช่แข็ง 2 กก.,฿,178.,00,,฿ 180.00,6+ units,-1%,
https://www.makro.pro/th/p/6ruls06-7078807666883?info=JTdCJTIycGFnZVNsdWclMjIlM0ElMjJGcmVzaCUyME92ZXJsb2FkJTIwJTdDJTIwTWVhdCUyMCUyNiUyMFBvdWx0cnklMjAoRnJvemVuJTIwJTI2JTIwRnJlc2gpJTJGMTkwNDYlMjIlMkMlMjJjYXJvdXNlbE5hbWUlMjIlM0ElMjIlMjIlMkMlMjJjb2xsZWN0aW9uSWQlMjIlM0ElMjIxOTA0NiUyMiUyQyUyMmluZGV4Q2xpY2tlZCUyMiUzQTEwNiU3RA,https://images.mango-prod.siammakro.cloud/product-images/7078807666883-c297b356-3ea3-414a-9121-6409bd4a06af.jpeg?imageMogr2/thumbnail/300x300,เอโร่ น่องติดสะโพกไก่เนื้อล้วนแช่แข็ง 2 กก.,฿,255.,00,,฿ 257.00,6+ units,,
https://www.makro.pro/th/p/iunb6a0-7352875417795?info=JTdCJTIycGFnZVNsdWclMjIlM0ElMjJGcmVzaCUyME92ZXJsb2FkJTIwJTdDJTIwTWVhdCUyMCUyNiUyMFBvdWx0cnklMjAoRnJvemVuJTIwJTI2JTIwRnJlc2gpJTJGMTkwNDYlMjIlMkMlMjJjYXJvdXNlbE5hbWUlMjIlM0ElMjIlMjIlMkMlMjJjb2xsZWN0aW9uSWQlMjIlM0ElMjIxOTA0NiUyMiUyQyUyMmluZGV4Q2xpY2tlZCUyMiUzQTEwNyU3RA,https://images.mango-prod.siammakro.cloud/product-images/7352875417795-60758888-235f-46a3-b572-c53fe15f9b34.jpeg?imageMogr2/thumbnail/300x300,เอโร่ เนื้อไก่กระทะแช่แข็ง 2 กก.,฿,167.,00,,฿ 169.00,6+ units,-1%,
https://www.makro.pro/th/p/6q8aqbw-7078806716611?info=JTdCJTIycGFnZVNsdWclMjIlM0ElMjJGcmVzaCUyME92ZXJsb2FkJTIwJTdDJTIwTWVhdCUyMCUyNiUyMFBvdWx0cnklMjAoRnJvemVuJTIwJTI2JTIwRnJlc2gpJTJGMTkwNDYlMjIlMkMlMjJjYXJvdXNlbE5hbWUlMjIlM0ElMjIlMjIlMkMlMjJjb2xsZWN0aW9uSWQlMjIlM0ElMjIxOTA0NiUyMiUyQyUyMmluZGV4Q2xpY2tlZCUyMiUzQTEwOCU3RA,https://images.mango-prod.siammakro.cloud/product-images/7078806716611-079971bf-156f-4f93-933b-3bad00280a97.jpeg?imageMogr2/thumbnail/300x300,เอโร่ เนื้อวัวบดแช่แข็ง 1 กก.,"฿

270.

00",฿,00,,,,,
https://www.makro.pro/th/p/hktrhqv-7115326193859?info=JTdCJTIycGFnZVNsdWclMjIlM0ElMjJGcmVzaCUyME92ZXJsb2FkJTIwJTdDJTIwTWVhdCUyMCUyNiUyMFBvdWx0cnklMjAoRnJvemVuJTIwJTI2JTIwRnJlc2gpJTJGMTkwNDYlMjIlMkMlMjJjYXJvdXNlbE5hbWUlMjIlM0ElMjIlMjIlMkMlMjJjb2xsZWN0aW9uSWQlMjIlM0ElMjIxOTA0NiUyMiUyQyUyMmluZGV4Q2xpY2tlZCUyMiUzQTEwOSU3RA,https://images.mango-prod.siammakro.cloud/product-images/7115326193859-1bf0ef74-34da-47da-b7d5-722e1375ff73.jpeg?imageMogr2/thumbnail/300x300,เอโร่ ปีกกลางไก่ 2 กก.,฿,324.,00,,฿ 333.00,6+ units,-2%,
https://www.makro.pro/th/p/2j_l77u-7204388012227?info=JTdCJTIycGFnZVNsdWclMjIlM0ElMjJGcmVzaCUyME92ZXJsb2FkJTIwJTdDJTIwTWVhdCUyMCUyNiUyMFBvdWx0cnklMjAoRnJvemVuJTIwJTI2JTIwRnJlc2gpJTJGMTkwNDYlMjIlMkMlMjJjYXJvdXNlbE5hbWUlMjIlM0ElMjIlMjIlMkMlMjJjb2xsZWN0aW9uSWQlMjIlM0ElMjIxOTA0NiUyMiUyQyUyMmluZGV4Q2xpY2tlZCUyMiUzQTExMCU3RA,https://images.mango-prod.siammakro.cloud/SOURCE/676339526b02452c8fbfeb69b300367c,ไส้เบอร์เกอร์เนื้อวากิวแช่แข็ง 120 ก. x 2,฿,119.,00,,฿ 130.00,,-8%,
https://www.makro.pro/th/p/4pcKmJb-392418301317848?info=JTdCJTIycGFnZVNsdWclMjIlM0ElMjJGcmVzaCUyME92ZXJsb2FkJTIwJTdDJTIwTWVhdCUyMCUyNiUyMFBvdWx0cnklMjAoRnJvemVuJTIwJTI2JTIwRnJlc2gpJTJGMTkwNDYlMjIlMkMlMjJjYXJvdXNlbE5hbWUlMjIlM0ElMjIlMjIlMkMlMjJjb2xsZWN0aW9uSWQlMjIlM0ElMjIxOTA0NiUyMiUyQyUyMmluZGV4Q2xpY2tlZCUyMiUzQTExMSU3RA,https://images.mango-prod.siammakro.cloud/product-images/392418301317848-a714647d-9900-4680-a246-a848896b3a00.jpeg?imageMogr2/thumbnail/300x300,เนื้อพิคานย่าวัวออสเตรเลีย ตัดสเต็ก กก.ละ,"฿

620.

00

/kg",฿,00,/kg,,,,
https://www.makro.pro/th/p/4TkbARl-986482409911035?info=JTdCJTIycGFnZVNsdWclMjIlM0ElMjJGcmVzaCUyME92ZXJsb2FkJTIwJTdDJTIwTWVhdCUyMCUyNiUyMFBvdWx0cnklMjAoRnJvemVuJTIwJTI2JTIwRnJlc2gpJTJGMTkwNDYlMjIlMkMlMjJjYXJvdXNlbE5hbWUlMjIlM0ElMjIlMjIlMkMlMjJjb2xsZWN0aW9uSWQlMjIlM0ElMjIxOTA0NiUyMiUyQyUyMmluZGV4Q2xpY2tlZCUyMiUzQTExMiU3RA,https://images.mango-prod.siammakro.cloud/product-images/986482409911035-5219971e-bd46-444f-abfc-22bf5134592b.jpeg?imageMogr2/thumbnail/300x300,เครื่องในวัวรวม 1 กก.,"฿

116.

00

/kg",฿,00,/kg,,,,
https://www.makro.pro/th/p/CDLss8f-825626671929119?info=JTdCJTIycGFnZVNsdWclMjIlM0ElMjJGcmVzaCUyME92ZXJsb2FkJTIwJTdDJTIwTWVhdCUyMCUyNiUyMFBvdWx0cnklMjAoRnJvemVuJTIwJTI2JTIwRnJlc2gpJTJGMTkwNDYlMjIlMkMlMjJjYXJvdXNlbE5hbWUlMjIlM0ElMjIlMjIlMkMlMjJjb2xsZWN0aW9uSWQlMjIlM0ElMjIxOTA0NiUyMiUyQyUyMmluZGV4Q2xpY2tlZCUyMiUzQTExMyU3RA,https://images.mango-prod.siammakro.cloud/SOURCE/3fcd4af41f064ea69fc6dc95ac60c082,เศษเนื้อวัวเกรด B แช่แข็ง 1 กก.,"฿

140.

00

/kg",฿,00,/kg,,,,
https://www.makro.pro/th/p/M9M6yaC-588290081761316?info=JTdCJTIycGFnZVNsdWclMjIlM0ElMjJGcmVzaCUyME92ZXJsb2FkJTIwJTdDJTIwTWVhdCUyMCUyNiUyMFBvdWx0cnklMjAoRnJvemVuJTIwJTI2JTIwRnJlc2gpJTJGMTkwNDYlMjIlMkMlMjJjYXJvdXNlbE5hbWUlMjIlM0ElMjIlMjIlMkMlMjJjb2xsZWN0aW9uSWQlMjIlM0ElMjIxOTA0NiUyMiUyQyUyMmluZGV4Q2xpY2tlZCUyMiUzQTExNCU3RA,https://images.mango-prod.siammakro.cloud/product-images/588290081761316-56ddec05-5c7e-4c26-a2ca-1267de756f8e.jpeg?imageMogr2/thumbnail/300x300,พิคานย่าวัวออสเตรเลียแช่แข็ง ขุน 100 วัน (1-1.5 กก./ชิ้น),"฿

570.

00

/kg",฿,00,/kg,,,,
https://www.makro.pro/th/p/B4Z5QF6-67387875734686?info=JTdCJTIycGFnZVNsdWclMjIlM0ElMjJGcmVzaCUyME92ZXJsb2FkJTIwJTdDJTIwTWVhdCUyMCUyNiUyMFBvdWx0cnklMjAoRnJvemVuJTIwJTI2JTIwRnJlc2gpJTJGMTkwNDYlMjIlMkMlMjJjYXJvdXNlbE5hbWUlMjIlM0ElMjIlMjIlMkMlMjJjb2xsZWN0aW9uSWQlMjIlM0ElMjIxOTA0NiUyMiUyQyUyMmluZGV4Q2xpY2tlZCUyMiUzQTExNSU3RA,https://images.mango-prod.siammakro.cloud/SOURCE/31a7dcd581b94a73bbeb35ad42951ab7,สันนอกวัวออสเตรเลีย ตัดชิ้น กก.ละ,"฿

530.

00

/kg",฿,00,/kg,,,,
https://www.makro.pro/th/p/88rgz76-7196425617603?info=JTdCJTIycGFnZVNsdWclMjIlM0ElMjJGcmVzaCUyME92ZXJsb2FkJTIwJTdDJTIwTWVhdCUyMCUyNiUyMFBvdWx0cnklMjAoRnJvemVuJTIwJTI2JTIwRnJlc2gpJTJGMTkwNDYlMjIlMkMlMjJjYXJvdXNlbE5hbWUlMjIlM0ElMjIlMjIlMkMlMjJjb2xsZWN0aW9uSWQlMjIlM0ElMjIxOTA0NiUyMiUyQyUyMmluZGV4Q2xpY2tlZCUyMiUzQTExNiU3RA,https://images.mango-prod.siammakro.cloud/product-images/7196425617603-7cf690fd-1ca4-4070-898a-065bd45264a9.jpeg?imageMogr2/thumbnail/300x300,เอโร่xนิดา สันคอสไลซ์แช่แข็ง 500 ก.,"฿

190.

00",฿,00,,,,,
https://www.makro.pro/th/p/ye8c-sz-6974641635523?info=JTdCJTIycGFnZVNsdWclMjIlM0ElMjJGcmVzaCUyME92ZXJsb2FkJTIwJTdDJTIwTWVhdCUyMCUyNiUyMFBvdWx0cnklMjAoRnJvemVuJTIwJTI2JTIwRnJlc2gpJTJGMTkwNDYlMjIlMkMlMjJjYXJvdXNlbE5hbWUlMjIlM0ElMjIlMjIlMkMlMjJjb2xsZWN0aW9uSWQlMjIlM0ElMjIxOTA0NiUyMiUyQyUyMmluZGV4Q2xpY2tlZCUyMiUzQTExNyU3RA,https://images.mango-prod.siammakro.cloud/product-images/6974641635523-7394a27a-106d-4ad0-b59f-86a289a3de8e.jpeg?imageMogr2/thumbnail/300x300,เอโร่ เนื้อวัวแองกัสบดแช่แข็ง CL90 MS4+ 1 กก.,"฿

285.

00",฿,00,,,,,
https://www.makro.pro/th/p/yl41xog-7275680563395?info=JTdCJTIycGFnZVNsdWclMjIlM0ElMjJGcmVzaCUyME92ZXJsb2FkJTIwJTdDJTIwTWVhdCUyMCUyNiUyMFBvdWx0cnklMjAoRnJvemVuJTIwJTI2JTIwRnJlc2gpJTJGMTkwNDYlMjIlMkMlMjJjYXJvdXNlbE5hbWUlMjIlM0ElMjIlMjIlMkMlMjJjb2xsZWN0aW9uSWQlMjIlM0ElMjIxOTA0NiUyMiUyQyUyMmluZGV4Q2xpY2tlZCUyMiUzQTExOCU3RA,https://images.mango-prod.siammakro.cloud/SOURCE/34eb1df95b2d4c308083e4a24bcea6a7,เอโร่ คอเป็ดแช่แข็ง 2 กก. x 6,"฿

564.

00",฿,00,,,,,
https://www.makro.pro/th/p/mdhca_6-7275680792771?info=JTdCJTIycGFnZVNsdWclMjIlM0ElMjJGcmVzaCUyME92ZXJsb2FkJTIwJTdDJTIwTWVhdCUyMCUyNiUyMFBvdWx0cnklMjAoRnJvemVuJTIwJTI2JTIwRnJlc2gpJTJGMTkwNDYlMjIlMkMlMjJjYXJvdXNlbE5hbWUlMjIlM0ElMjIlMjIlMkMlMjJjb2xsZWN0aW9uSWQlMjIlM0ElMjIxOTA0NiUyMiUyQyUyMmluZGV4Q2xpY2tlZCUyMiUzQTExOSU3RA,https://images.mango-prod.siammakro.cloud/product-images/7275680792771-d8f66754-f0f6-47c5-83dd-8eaeb6f7ee05.jpeg?imageMogr2/thumbnail/300x300,เอโร่ อกไก่เนื้อล้วนติดหนังแช่แข็ง 1 ลัง (2 กก. x 6),"฿

1,062.

00",฿,00,,,,,
https://www.makro.pro/th/p/rv7c5v3-7167168839875?info=JTdCJTIycGFnZVNsdWclMjIlM0ElMjJGcmVzaCUyME92ZXJsb2FkJTIwJTdDJTIwTWVhdCUyMCUyNiUyMFBvdWx0cnklMjAoRnJvemVuJTIwJTI2JTIwRnJlc2gpJTJGMTkwNDYlMjIlMkMlMjJjYXJvdXNlbE5hbWUlMjIlM0ElMjIlMjIlMkMlMjJjb2xsZWN0aW9uSWQlMjIlM0ElMjIxOTA0NiUyMiUyQyUyMmluZGV4Q2xpY2tlZCUyMiUzQTEyMCU3RA,https://images.mango-prod.siammakro.cloud/SOURCE/7468f51e287e45d89fddd39d2cb801fc,โพนยางคํา เนื้อเสียบไม้โพนยางคําแช่แข็ง 400 ก.,"฿

139.

00",฿,00,,,,,
https://www.makro.pro/th/p/v84ab0m-7542469886147?info=JTdCJTIycGFnZVNsdWclMjIlM0ElMjJGcmVzaCUyME92ZXJsb2FkJTIwJTdDJTIwTWVhdCUyMCUyNiUyMFBvdWx0cnklMjAoRnJvemVuJTIwJTI2JTIwRnJlc2gpJTJGMTkwNDYlMjIlMkMlMjJjYXJvdXNlbE5hbWUlMjIlM0ElMjIlMjIlMkMlMjJjb2xsZWN0aW9uSWQlMjIlM0ElMjIxOTA0NiUyMiUyQyUyMmluZGV4Q2xpY2tlZCUyMiUzQTEyMSU3RA,https://images.mango-prod.siammakro.cloud/SOURCE/ade48f0185e24a9eb47f6bb3085ed295,ซูเปอร์เชฟ หมูนุ่มปรุงรสน้ํามันงาแช่แข็ง 1 กก. x 10,"฿

830.

00",฿,00,,,,,
https://www.makro.pro/th/p/3-Tsr6S-305494362907307?info=JTdCJTIycGFnZVNsdWclMjIlM0ElMjJGcmVzaCUyME92ZXJsb2FkJTIwJTdDJTIwTWVhdCUyMCUyNiUyMFBvdWx0cnklMjAoRnJvemVuJTIwJTI2JTIwRnJlc2gpJTJGMTkwNDYlMjIlMkMlMjJjYXJvdXNlbE5hbWUlMjIlM0ElMjIlMjIlMkMlMjJjb2xsZWN0aW9uSWQlMjIlM0ElMjIxOTA0NiUyMiUyQyUyMmluZGV4Q2xpY2tlZCUyMiUzQTEyMiU3RA,https://images.mango-prod.siammakro.cloud/SOURCE/41ef3b46205a4d41a8218804b1475d9d,สะโพกบนวัวออสเตรเลียบด กก.ละ,"฿

395.00
/kg",฿,,/kg,,,,สินค้าหมด
https://www.makro.pro/th/p/szlpweu-7115327111363?info=JTdCJTIycGFnZVNsdWclMjIlM0ElMjJGcmVzaCUyME92ZXJsb2FkJTIwJTdDJTIwTWVhdCUyMCUyNiUyMFBvdWx0cnklMjAoRnJvemVuJTIwJTI2JTIwRnJlc2gpJTJGMTkwNDYlMjIlMkMlMjJjYXJvdXNlbE5hbWUlMjIlM0ElMjIlMjIlMkMlMjJjb2xsZWN0aW9uSWQlMjIlM0ElMjIxOTA0NiUyMiUyQyUyMmluZGV4Q2xpY2tlZCUyMiUzQTEyMyU3RA,https://images.mango-prod.siammakro.cloud/product-images/7115327111363-0a53774d-0ab9-4e7d-a68f-9c1600c11f25.jpeg?imageMogr2/thumbnail/300x300,เอโร่xนิดา เนื้อใบพายวัวโคขุนสไลซ์ แช่แข็ง 500 ก.,"฿

199.

00",฿,00,,,,,
https://www.makro.pro/th/p/2nepmsh-7275681153219?info=JTdCJTIycGFnZVNsdWclMjIlM0ElMjJGcmVzaCUyME92ZXJsb2FkJTIwJTdDJTIwTWVhdCUyMCUyNiUyMFBvdWx0cnklMjAoRnJvemVuJTIwJTI2JTIwRnJlc2gpJTJGMTkwNDYlMjIlMkMlMjJjYXJvdXNlbE5hbWUlMjIlM0ElMjIlMjIlMkMlMjJjb2xsZWN0aW9uSWQlMjIlM0ElMjIxOTA0NiUyMiUyQyUyMmluZGV4Q2xpY2tlZCUyMiUzQTEyNCU3RA,https://images.mango-prod.siammakro.cloud/product-images/7275681153219-51ef0dc6-3f01-4852-98e5-4217d9da7027.jpeg?imageMogr2/thumbnail/300x300,พีเอสฟู้ดส์ เอ็นข้อไก่แช่แข็ง 1 ลัง (1 กก. x 10),"฿

2,290.

00",฿,00,,,,,
https://www.makro.pro/th/p/ckc-m67-7606382198979?info=JTdCJTIycGFnZVNsdWclMjIlM0ElMjJGcmVzaCUyME92ZXJsb2FkJTIwJTdDJTIwTWVhdCUyMCUyNiUyMFBvdWx0cnklMjAoRnJvemVuJTIwJTI2JTIwRnJlc2gpJTJGMTkwNDYlMjIlMkMlMjJjYXJvdXNlbE5hbWUlMjIlM0ElMjIlMjIlMkMlMjJjb2xsZWN0aW9uSWQlMjIlM0ElMjIxOTA0NiUyMiUyQyUyMmluZGV4Q2xpY2tlZCUyMiUzQTEyNSU3RA,https://images.mango-prod.siammakro.cloud/product-images/7606382198979-1dcc62ef-fc2b-4d51-8b95-891e181fcb99.jpeg?imageMogr2/thumbnail/300x300,เอโร่Xนิดา ทีโบนวัวสเต็กแช่แข็ง (1-1.2 กก./ชิ้น),"฿

469.

00

/kg",฿,00,/kg,,,,
https://www.makro.pro/th/p/9ey3w-c-7167171756227?info=JTdCJTIycGFnZVNsdWclMjIlM0ElMjJGcmVzaCUyME92ZXJsb2FkJTIwJTdDJTIwTWVhdCUyMCUyNiUyMFBvdWx0cnklMjAoRnJvemVuJTIwJTI2JTIwRnJlc2gpJTJGMTkwNDYlMjIlMkMlMjJjYXJvdXNlbE5hbWUlMjIlM0ElMjIlMjIlMkMlMjJjb2xsZWN0aW9uSWQlMjIlM0ElMjIxOTA0NiUyMiUyQyUyMmluZGV4Q2xpY2tlZCUyMiUzQTEyNiU3RA,https://images.mango-prod.siammakro.cloud/product-images/7167171756227-400a8612-9faf-4e96-ade9-4c76efeff3dd.jpeg?imageMogr2/thumbnail/300x300,เอโร่xนิดา เนื้อเสือร้องไห้วัวสไลซ์แช่แข็ง 500 ก.,"฿

190.

00",฿,00,,,,,
https://www.makro.pro/th/p/dbtkuo0-7606380626115?info=JTdCJTIycGFnZVNsdWclMjIlM0ElMjJGcmVzaCUyME92ZXJsb2FkJTIwJTdDJTIwTWVhdCUyMCUyNiUyMFBvdWx0cnklMjAoRnJvemVuJTIwJTI2JTIwRnJlc2gpJTJGMTkwNDYlMjIlMkMlMjJjYXJvdXNlbE5hbWUlMjIlM0ElMjIlMjIlMkMlMjJjb2xsZWN0aW9uSWQlMjIlM0ElMjIxOTA0NiUyMiUyQyUyMmluZGV4Q2xpY2tlZCUyMiUzQTEyNyU3RA,https://images.mango-prod.siammakro.cloud/product-images/7606380626115-4b3d15a8-48b4-4cbb-bb04-44cf2af66969.jpeg?imageMogr2/thumbnail/300x300,เอโร่xนิดา สันแหลมวัวสเต็กแช่แข็ง 1 กก. (1-1.2 กก./ชิ้น),"฿

459.

00

/kg",฿,00,/kg,,,,
https://www.makro.pro/th/p/4HOEgZA-432990005054929?info=JTdCJTIycGFnZVNsdWclMjIlM0ElMjJGcmVzaCUyME92ZXJsb2FkJTIwJTdDJTIwTWVhdCUyMCUyNiUyMFBvdWx0cnklMjAoRnJvemVuJTIwJTI2JTIwRnJlc2gpJTJGMTkwNDYlMjIlMkMlMjJjYXJvdXNlbE5hbWUlMjIlM0ElMjIlMjIlMkMlMjJjb2xsZWN0aW9uSWQlMjIlM0ElMjIxOTA0NiUyMiUyQyUyMmluZGV4Q2xpY2tlZCUyMiUzQTEyOCU3RA,https://images.mango-prod.siammakro.cloud/SOURCE/4c89da5f5c854a829defb7d6e1dd31bf,เนื้อน่องวัวออสเตรเลีย กก.ละ,"฿

310.

00

/kg",฿,00,/kg,,,,
https://www.makro.pro/th/p/1TlfUo2-124600581223513?info=JTdCJTIycGFnZVNsdWclMjIlM0ElMjJGcmVzaCUyME92ZXJsb2FkJTIwJTdDJTIwTWVhdCUyMCUyNiUyMFBvdWx0cnklMjAoRnJvemVuJTIwJTI2JTIwRnJlc2gpJTJGMTkwNDYlMjIlMkMlMjJjYXJvdXNlbE5hbWUlMjIlM0ElMjIlMjIlMkMlMjJjb2xsZWN0aW9uSWQlMjIlM0ElMjIxOTA0NiUyMiUyQyUyMmluZGV4Q2xpY2tlZCUyMiUzQTEyOSU3RA,https://images.mango-prod.siammakro.cloud/SOURCE/ae1efcf8f0d24e2ba105d0a2b34905d5,สันนอกวัวฉีดไขมันออสเตรเลียแช่แข็ง 250 ก. x 4,"฿

790.

00",฿,00,,,,,
https://www.makro.pro/th/p/bdzcref-7196424863939?info=JTdCJTIycGFnZVNsdWclMjIlM0ElMjJGcmVzaCUyME92ZXJsb2FkJTIwJTdDJTIwTWVhdCUyMCUyNiUyMFBvdWx0cnklMjAoRnJvemVuJTIwJTI2JTIwRnJlc2gpJTJGMTkwNDYlMjIlMkMlMjJjYXJvdXNlbE5hbWUlMjIlM0ElMjIlMjIlMkMlMjJjb2xsZWN0aW9uSWQlMjIlM0ElMjIxOTA0NiUyMiUyQyUyMmluZGV4Q2xpY2tlZCUyMiUzQTEzMCU3RA,https://images.mango-prod.siammakro.cloud/product-images/7196424863939-c4b0b2df-5636-4f7e-8fc8-62c1d36548b2.jpeg?imageMogr2/thumbnail/300x300,เอโร่ โกลด์ ใบพายวัวออสเตรเลียสไลซ์แช่แข็ง 500 ก.,"฿

219.

00",฿,00,,,,,
https://www.makro.pro/th/p/ox3q6rk-7606381117635?info=JTdCJTIycGFnZVNsdWclMjIlM0ElMjJGcmVzaCUyME92ZXJsb2FkJTIwJTdDJTIwTWVhdCUyMCUyNiUyMFBvdWx0cnklMjAoRnJvemVuJTIwJTI2JTIwRnJlc2gpJTJGMTkwNDYlMjIlMkMlMjJjYXJvdXNlbE5hbWUlMjIlM0ElMjIlMjIlMkMlMjJjb2xsZWN0aW9uSWQlMjIlM0ElMjIxOTA0NiUyMiUyQyUyMmluZGV4Q2xpY2tlZCUyMiUzQTEzMSU3RA,https://images.mango-prod.siammakro.cloud/SOURCE/033257ea3f6e4d64ad489c25d5d795c0,ซี่โครงแกะออสเตรเลียแช่แข็ง 1-1.5 กก./ชิ้น,"฿

720.

00

/kg",฿,00,/kg,,,,
https://www.makro.pro/th/p/fR-6Te--721502402155634?info=JTdCJTIycGFnZVNsdWclMjIlM0ElMjJGcmVzaCUyME92ZXJsb2FkJTIwJTdDJTIwTWVhdCUyMCUyNiUyMFBvdWx0cnklMjAoRnJvemVuJTIwJTI2JTIwRnJlc2gpJTJGMTkwNDYlMjIlMkMlMjJjYXJvdXNlbE5hbWUlMjIlM0ElMjIlMjIlMkMlMjJjb2xsZWN0aW9uSWQlMjIlM0ElMjIxOTA0NiUyMiUyQyUyMmluZGV4Q2xpY2tlZCUyMiUzQTEzMiU3RA,https://images.mango-prod.siammakro.cloud/SOURCE/7f799b2cf01644078c3e60202705df40,ลูกมะพร้าววัวออสเตรเลียบด กก.ละ,"฿

415.

00

/kg",฿,00,/kg,,,,
https://www.makro.pro/th/p/s2_hfjv-7275683250371?info=JTdCJTIycGFnZVNsdWclMjIlM0ElMjJGcmVzaCUyME92ZXJsb2FkJTIwJTdDJTIwTWVhdCUyMCUyNiUyMFBvdWx0cnklMjAoRnJvemVuJTIwJTI2JTIwRnJlc2gpJTJGMTkwNDYlMjIlMkMlMjJjYXJvdXNlbE5hbWUlMjIlM0ElMjIlMjIlMkMlMjJjb2xsZWN0aW9uSWQlMjIlM0ElMjIxOTA0NiUyMiUyQyUyMmluZGV4Q2xpY2tlZCUyMiUzQTEzMyU3RA,https://images.mango-prod.siammakro.cloud/product-images/7275683250371-4d558c96-eec1-498d-960a-5b2e689dc66f.jpeg?imageMogr2/thumbnail/300x300,เอโร่ เนื้อเป็ดบดแช่แข็ง 1 ลัง (1 กก. x 12),"฿

1,728.

00",฿,00,,,,,
https://www.makro.pro/th/p/yH4GAO0-202207893372560?info=JTdCJTIycGFnZVNsdWclMjIlM0ElMjJGcmVzaCUyME92ZXJsb2FkJTIwJTdDJTIwTWVhdCUyMCUyNiUyMFBvdWx0cnklMjAoRnJvemVuJTIwJTI2JTIwRnJlc2gpJTJGMTkwNDYlMjIlMkMlMjJjYXJvdXNlbE5hbWUlMjIlM0ElMjIlMjIlMkMlMjJjb2xsZWN0aW9uSWQlMjIlM0ElMjIxOTA0NiUyMiUyQyUyMmluZGV4Q2xpY2tlZCUyMiUzQTEzNCU3RA,https://images.mango-prod.siammakro.cloud/SOURCE/7ec256aebc7746fc8acf9fa394ebbe6a,สันในวัวออสเตรเลีย ตัดชิ้น กก.ละ,"฿

1,050.

00

/kg",฿,00,/kg,,,,
https://www.makro.pro/th/p/1xfUNr0-200228601736548?info=JTdCJTIycGFnZVNsdWclMjIlM0ElMjJGcmVzaCUyME92ZXJsb2FkJTIwJTdDJTIwTWVhdCUyMCUyNiUyMFBvdWx0cnklMjAoRnJvemVuJTIwJTI2JTIwRnJlc2gpJTJGMTkwNDYlMjIlMkMlMjJjYXJvdXNlbE5hbWUlMjIlM0ElMjIlMjIlMkMlMjJjb2xsZWN0aW9uSWQlMjIlM0ElMjIxOTA0NiUyMiUyQyUyMmluZGV4Q2xpY2tlZCUyMiUzQTEzNSU3RA,https://images.mango-prod.siammakro.cloud/product-images/200228601736548-eb12d5fd-1265-4ca4-89f1-f7689236705f.jpeg?imageMogr2/thumbnail/300x300,เกรทเอ็มเพอร์เร่อร์ฟู้ดส์ เนื้อวัวบดแช่แข็ง 1 ลัง (1 กก. x 10),"฿

1,830.

00",฿,00,,,,,
https://www.makro.pro/th/p/hPLzja3-509816412255100?info=JTdCJTIycGFnZVNsdWclMjIlM0ElMjJGcmVzaCUyME92ZXJsb2FkJTIwJTdDJTIwTWVhdCUyMCUyNiUyMFBvdWx0cnklMjAoRnJvemVuJTIwJTI2JTIwRnJlc2gpJTJGMTkwNDYlMjIlMkMlMjJjYXJvdXNlbE5hbWUlMjIlM0ElMjIlMjIlMkMlMjJjb2xsZWN0aW9uSWQlMjIlM0ElMjIxOTA0NiUyMiUyQyUyMmluZGV4Q2xpY2tlZCUyMiUzQTEzNiU3RA,https://images.mango-prod.siammakro.cloud/product-images/509816412255100-19ee2ee5-e3bd-413b-98a6-bd5f1fbf7847.jpeg?imageMogr2/thumbnail/300x300,เครื่องในไก่ 1 กก.,฿,81.,00,,/kg,฿ 82.00,5+ kg,สินค้าหมด
https://www.makro.pro/th/p/9jspf54-7381211513027?info=JTdCJTIycGFnZVNsdWclMjIlM0ElMjJGcmVzaCUyME92ZXJsb2FkJTIwJTdDJTIwTWVhdCUyMCUyNiUyMFBvdWx0cnklMjAoRnJvemVuJTIwJTI2JTIwRnJlc2gpJTJGMTkwNDYlMjIlMkMlMjJjYXJvdXNlbE5hbWUlMjIlM0ElMjIlMjIlMkMlMjJjb2xsZWN0aW9uSWQlMjIlM0ElMjIxOTA0NiUyMiUyQyUyMmluZGV4Q2xpY2tlZCUyMiUzQTEzNyU3RA,https://images.mango-prod.siammakro.cloud/SOURCE/c1db8f87c7374500bb02cf54f7099dc0,ซีพี อกไก่เนื้อล้วนติดหนังแพ็ค 1 กก.,"฿

72.00",฿,,,,,,สินค้าหมด
https://www.makro.pro/th/p/zabvpqj-7540816052419?info=JTdCJTIycGFnZVNsdWclMjIlM0ElMjJGcmVzaCUyME92ZXJsb2FkJTIwJTdDJTIwTWVhdCUyMCUyNiUyMFBvdWx0cnklMjAoRnJvemVuJTIwJTI2JTIwRnJlc2gpJTJGMTkwNDYlMjIlMkMlMjJjYXJvdXNlbE5hbWUlMjIlM0ElMjIlMjIlMkMlMjJjb2xsZWN0aW9uSWQlMjIlM0ElMjIxOTA0NiUyMiUyQyUyMmluZGV4Q2xpY2tlZCUyMiUzQTEzOCU3RA,https://images.mango-prod.siammakro.cloud/SOURCE/1ddc511df4924770a79a1291950542da,ซีพี ไส้เป็ดแช่แข็ง 1 กก.,฿,231.,00,,,฿ 232.00,10+ units,สินค้าหมด
https://www.makro.pro/th/p/1c_uz38-7381211676867?info=JTdCJTIycGFnZVNsdWclMjIlM0ElMjJGcmVzaCUyME92ZXJsb2FkJTIwJTdDJTIwTWVhdCUyMCUyNiUyMFBvdWx0cnklMjAoRnJvemVuJTIwJTI2JTIwRnJlc2gpJTJGMTkwNDYlMjIlMkMlMjJjYXJvdXNlbE5hbWUlMjIlM0ElMjIlMjIlMkMlMjJjb2xsZWN0aW9uSWQlMjIlM0ElMjIxOTA0NiUyMiUyQyUyMmluZGV4Q2xpY2tlZCUyMiUzQTEzOSU3RA,https://images.mango-prod.siammakro.cloud/SOURCE/875a5587433e44dea9b049c6b6e222ea,ซีพี น่องไก่ติดสะโพก แพ็ค 1 กก.,"฿

83.00",฿,,,,,,สินค้าหมด
https://www.makro.pro/th/p/4budoyu-7492545937603?info=JTdCJTIycGFnZVNsdWclMjIlM0ElMjJGcmVzaCUyME92ZXJsb2FkJTIwJTdDJTIwTWVhdCUyMCUyNiUyMFBvdWx0cnklMjAoRnJvemVuJTIwJTI2JTIwRnJlc2gpJTJGMTkwNDYlMjIlMkMlMjJjYXJvdXNlbE5hbWUlMjIlM0ElMjIlMjIlMkMlMjJjb2xsZWN0aW9uSWQlMjIlM0ElMjIxOTA0NiUyMiUyQyUyMmluZGV4Q2xpY2tlZCUyMiUzQTE0MCU3RA,https://images.mango-prod.siammakro.cloud/SOURCE/e43eff1458b94e77b38ad20266836554,ซีพี เศษเนื้อน่องไก่ 1 กก.,"฿

79.00",฿,,,,,,สินค้าหมด
https://www.makro.pro/th/p/znwrgvu-7351899717827?info=JTdCJTIycGFnZVNsdWclMjIlM0ElMjJGcmVzaCUyME92ZXJsb2FkJTIwJTdDJTIwTWVhdCUyMCUyNiUyMFBvdWx0cnklMjAoRnJvemVuJTIwJTI2JTIwRnJlc2gpJTJGMTkwNDYlMjIlMkMlMjJjYXJvdXNlbE5hbWUlMjIlM0ElMjIlMjIlMkMlMjJjb2xsZWN0aW9uSWQlMjIlM0ElMjIxOTA0NiUyMiUyQyUyMmluZGV4Q2xpY2tlZCUyMiUzQTE0MSU3RA,https://images.mango-prod.siammakro.cloud/SOURCE/deb0e4d19dfd4e6e97a445dc042b5036,ซีพี ปีกบนไก่แช่เย็น 1 กก.,"฿

86.00",฿,,,,,,สินค้าหมด
https://www.makro.pro/th/p/3y5qupk-6974748065987?info=JTdCJTIycGFnZVNsdWclMjIlM0ElMjJGcmVzaCUyME92ZXJsb2FkJTIwJTdDJTIwTWVhdCUyMCUyNiUyMFBvdWx0cnklMjAoRnJvemVuJTIwJTI2JTIwRnJlc2gpJTJGMTkwNDYlMjIlMkMlMjJjYXJvdXNlbE5hbWUlMjIlM0ElMjIlMjIlMkMlMjJjb2xsZWN0aW9uSWQlMjIlM0ElMjIxOTA0NiUyMiUyQyUyMmluZGV4Q2xpY2tlZCUyMiUzQTE0MiU3RA,https://images.mango-prod.siammakro.cloud/product-images/6974748065987-87eddb87-3c3e-4f61-bebb-2fbf2de52f8a.jpeg?imageMogr2/thumbnail/300x300,เอโร่ น่องเป็ดติดสะโพก แช่แข็ง 1 กก.,฿,147.,00,,-1%,฿ 149.00,12+ units,สินค้าหมด
https://www.makro.pro/th/p/9geq2-t-7167171920067?info=JTdCJTIycGFnZVNsdWclMjIlM0ElMjJGcmVzaCUyME92ZXJsb2FkJTIwJTdDJTIwTWVhdCUyMCUyNiUyMFBvdWx0cnklMjAoRnJvemVuJTIwJTI2JTIwRnJlc2gpJTJGMTkwNDYlMjIlMkMlMjJjYXJvdXNlbE5hbWUlMjIlM0ElMjIlMjIlMkMlMjJjb2xsZWN0aW9uSWQlMjIlM0ElMjIxOTA0NiUyMiUyQyUyMmluZGV4Q2xpY2tlZCUyMiUzQTE0MyU3RA,https://images.mango-prod.siammakro.cloud/product-images/7167171920067-4f5f59f2-aa6e-480b-81a6-8c539b47e537.jpeg?imageMogr2/thumbnail/300x300,เอโร่ ซี่โครงหมูหั่นชิ้นแช่แข็ง 1 กก.,฿,137.,00,,-1%,฿ 139.00,5+ units,สินค้าหมด
https://www.makro.pro/th/p/fnc1i4_-7381211578563?info=JTdCJTIycGFnZVNsdWclMjIlM0ElMjJGcmVzaCUyME92ZXJsb2FkJTIwJTdDJTIwTWVhdCUyMCUyNiUyMFBvdWx0cnklMjAoRnJvemVuJTIwJTI2JTIwRnJlc2gpJTJGMTkwNDYlMjIlMkMlMjJjYXJvdXNlbE5hbWUlMjIlM0ElMjIlMjIlMkMlMjJjb2xsZWN0aW9uSWQlMjIlM0ElMjIxOTA0NiUyMiUyQyUyMmluZGV4Q2xpY2tlZCUyMiUzQTE0NCU3RA,https://images.mango-prod.siammakro.cloud/SOURCE/be18abcc1ad34880a769ab12357eae02,CP สันในไก่ แพ็ค 1 กก,"฿

95.00",฿,,,,,,สินค้าหมด
https://www.makro.pro/th/p/pca5t92-6974596088003?info=JTdCJTIycGFnZVNsdWclMjIlM0ElMjJGcmVzaCUyME92ZXJsb2FkJTIwJTdDJTIwTWVhdCUyMCUyNiUyMFBvdWx0cnklMjAoRnJvemVuJTIwJTI2JTIwRnJlc2gpJTJGMTkwNDYlMjIlMkMlMjJjYXJvdXNlbE5hbWUlMjIlM0ElMjIlMjIlMkMlMjJjb2xsZWN0aW9uSWQlMjIlM0ElMjIxOTA0NiUyMiUyQyUyMmluZGV4Q2xpY2tlZCUyMiUzQTE0NSU3RA,https://images.mango-prod.siammakro.cloud/product-images/6974596088003-ac0bffca-18f6-4ba0-9c9c-87d5c11c22f8.jpeg?imageMogr2/thumbnail/300x300,เอโร่ เศษเนื้อเป็ดรวมแช่แข็ง 1 กก.,฿,167.,00,,-5%,฿ 176.00,12+ units,สินค้าหมด
https://www.makro.pro/th/p/t6cbax5-6974752850115?info=JTdCJTIycGFnZVNsdWclMjIlM0ElMjJGcmVzaCUyME92ZXJsb2FkJTIwJTdDJTIwTWVhdCUyMCUyNiUyMFBvdWx0cnklMjAoRnJvemVuJTIwJTI2JTIwRnJlc2gpJTJGMTkwNDYlMjIlMkMlMjJjYXJvdXNlbE5hbWUlMjIlM0ElMjIlMjIlMkMlMjJjb2xsZWN0aW9uSWQlMjIlM0ElMjIxOTA0NiUyMiUyQyUyMmluZGV4Q2xpY2tlZCUyMiUzQTE0NiU3RA,https://images.mango-prod.siammakro.cloud/product-images/6974752850115-2a69e166-2274-40ea-8ea5-e9ad99c4921f.jpeg?imageMogr2/thumbnail/300x300,เอโร่ ไส้เป็ดแช่แข็ง 1 กก.,฿,218.,00,,,฿ 219.00,12+ units,สินค้าหมด
https://www.makro.pro/th/p/imjliek-6974643732675?info=JTdCJTIycGFnZVNsdWclMjIlM0ElMjJGcmVzaCUyME92ZXJsb2FkJTIwJTdDJTIwTWVhdCUyMCUyNiUyMFBvdWx0cnklMjAoRnJvemVuJTIwJTI2JTIwRnJlc2gpJTJGMTkwNDYlMjIlMkMlMjJjYXJvdXNlbE5hbWUlMjIlM0ElMjIlMjIlMkMlMjJjb2xsZWN0aW9uSWQlMjIlM0ElMjIxOTA0NiUyMiUyQyUyMmluZGV4Q2xpY2tlZCUyMiUzQTE0NyU3RA,https://images.mango-prod.siammakro.cloud/product-images/6974643732675-83669af9-0af3-48e3-a737-3c353a5057e0.jpeg?imageMogr2/thumbnail/300x300,เอโร่ เนื้อแท้บุชเชอรี่ เนื้อล้วนบดแช่แข็ง วัวออสเตรเลีย 1 กก.,"฿

369.00",฿,,,,,,สินค้าหมด
https://www.makro.pro/th/p/4OxEEkn-184183463384165?info=JTdCJTIycGFnZVNsdWclMjIlM0ElMjJGcmVzaCUyME92ZXJsb2FkJTIwJTdDJTIwTWVhdCUyMCUyNiUyMFBvdWx0cnklMjAoRnJvemVuJTIwJTI2JTIwRnJlc2gpJTJGMTkwNDYlMjIlMkMlMjJjYXJvdXNlbE5hbWUlMjIlM0ElMjIlMjIlMkMlMjJjb2xsZWN0aW9uSWQlMjIlM0ElMjIxOTA0NiUyMiUyQyUyMmluZGV4Q2xpY2tlZCUyMiUzQTE0OCU3RA,https://images.mango-prod.siammakro.cloud/product-images/184183463384165-fbbb2f21-1ebf-4611-890b-df8bab434f11.jpeg?imageMogr2/thumbnail/300x300,พิคานย่าวัวออสเตรเลีย MB2+ (1.3 - 2.8 กก.),"฿

710.00
/kg",฿,,/kg,,,,สินค้าหมด
