MuiBox-root href,MuiBox-root src,css-1n8x1y2,MuiTypography-root (2),MuiTypography-root (3),MuiTypography-root (5),MuiTypography-root (6),MuiBox-root (2)
https://www.makro.pro/th/p/-xwwhqa-6976619413699?info=JTdCJTIycGFnZVNsdWclMjIlM0ElMjJGcmVzaCUyME92ZXJsb2FkJTIwJTdDJTIwTm9vZGxlcyUyMEVzc2VudGlhbHMlMkYxOTA1NSUyMiUyQyUyMmNhcm91c2VsTmFtZSUyMiUzQSUyMiUyMiUyQyUyMmNvbGxlY3Rpb25JZCUyMiUzQSUyMjE5MDU1JTIyJTdE,https://images.mango-prod.siammakro.cloud/product-images/6976619413699-3af48e2e-86bd-4e56-82af-8cbf5dacd449.jpeg?imageMogr2/thumbnail/300x300,โอฮาโย เต้าหู้คินุ 300 ก.,"฿

40.

00",฿,,,
https://www.makro.pro/th/p/c48whtt-6974688755907?info=JTdCJTIycGFnZVNsdWclMjIlM0ElMjJGcmVzaCUyME92ZXJsb2FkJTIwJTdDJTIwTm9vZGxlcyUyMEVzc2VudGlhbHMlMkYxOTA1NSUyMiUyQyUyMmNhcm91c2VsTmFtZSUyMiUzQSUyMiUyMiUyQyUyMmNvbGxlY3Rpb25JZCUyMiUzQSUyMjE5MDU1JTIyJTJDJTIyaW5kZXhDbGlja2VkJTIyJTNBMSU3RA,https://images.mango-prod.siammakro.cloud/SOURCE/747c813f294245fb90902e4c87cf5177,กิเลนคู่ วุ้นเส้นสด 1 กก.,฿,35.,฿ 38.00,-7%,
https://www.makro.pro/th/p/hj0-sey-6974688657603?info=JTdCJTIycGFnZVNsdWclMjIlM0ElMjJGcmVzaCUyME92ZXJsb2FkJTIwJTdDJTIwTm9vZGxlcyUyMEVzc2VudGlhbHMlMkYxOTA1NSUyMiUyQyUyMmNhcm91c2VsTmFtZSUyMiUzQSUyMiUyMiUyQyUyMmNvbGxlY3Rpb25JZCUyMiUzQSUyMjE5MDU1JTIyJTJDJTIyaW5kZXhDbGlja2VkJTIyJTNBMiU3RA,https://images.mango-prod.siammakro.cloud/SOURCE/4a03647472b143cf9d8250b6d13a305c,มหาชัย เส้นเล็ก 1 กก.,"฿

38.

00",฿,,,
https://www.makro.pro/th/p/1-dhdg5-7204396957891?info=JTdCJTIycGFnZVNsdWclMjIlM0ElMjJGcmVzaCUyME92ZXJsb2FkJTIwJTdDJTIwTm9vZGxlcyUyMEVzc2VudGlhbHMlMkYxOTA1NSUyMiUyQyUyMmNhcm91c2VsTmFtZSUyMiUzQSUyMiUyMiUyQyUyMmNvbGxlY3Rpb25JZCUyMiUzQSUyMjE5MDU1JTIyJTJDJTIyaW5kZXhDbGlja2VkJTIyJTNBMyU3RA,https://images.mango-prod.siammakro.cloud/SOURCE/725370447c734b4e8298f72b38b25139,มหาชัย ลูกชิ้นปลารักบี้ 800 ก.,฿,92.,฿ 109.00,-15%,
https://www.makro.pro/th/p/sxcdgym-6974755373251?info=JTdCJTIycGFnZVNsdWclMjIlM0ElMjJGcmVzaCUyME92ZXJsb2FkJTIwJTdDJTIwTm9vZGxlcyUyMEVzc2VudGlhbHMlMkYxOTA1NSUyMiUyQyUyMmNhcm91c2VsTmFtZSUyMiUzQSUyMiUyMiUyQyUyMmNvbGxlY3Rpb25JZCUyMiUzQSUyMjE5MDU1JTIyJTJDJTIyaW5kZXhDbGlja2VkJTIyJTNBNCU3RA,https://images.mango-prod.siammakro.cloud/product-images/6974755373251-8cc948c7-818f-49bf-8805-8da1f3abf12f.jpeg?imageMogr2/thumbnail/300x300,เอโร่ วุ้นเส้นสด 1 กก.,"฿

34.

00",฿,,,
https://www.makro.pro/th/p/xtectpo-7275728306371?info=JTdCJTIycGFnZVNsdWclMjIlM0ElMjJGcmVzaCUyME92ZXJsb2FkJTIwJTdDJTIwTm9vZGxlcyUyMEVzc2VudGlhbHMlMkYxOTA1NSUyMiUyQyUyMmNhcm91c2VsTmFtZSUyMiUzQSUyMiUyMiUyQyUyMmNvbGxlY3Rpb25JZCUyMiUzQSUyMjE5MDU1JTIyJTJDJTIyaW5kZXhDbGlja2VkJTIyJTNBNSU3RA,https://images.mango-prod.siammakro.cloud/product-images/7275728306371-b2c9f1ed-49c0-498b-9fda-af000ebed335.jpeg?imageMogr2/thumbnail/300x300,ไทเป เส้นบะหมี่เหลือง 500 ก.,"฿

32.

00",฿,,,
https://www.makro.pro/th/p/cw9vkzv-7275736465603?info=JTdCJTIycGFnZVNsdWclMjIlM0ElMjJGcmVzaCUyME92ZXJsb2FkJTIwJTdDJTIwTm9vZGxlcyUyMEVzc2VudGlhbHMlMkYxOTA1NSUyMiUyQyUyMmNhcm91c2VsTmFtZSUyMiUzQSUyMiUyMiUyQyUyMmNvbGxlY3Rpb25JZCUyMiUzQSUyMjE5MDU1JTIyJTJDJTIyaW5kZXhDbGlja2VkJTIyJTNBNiU3RA,https://images.mango-prod.siammakro.cloud/SOURCE/8d0385c4d38b4f2c8055148d987c3928,เส้นไหม บะหมี่ไข่พิเศษ 500 ก.,"฿

47.

00",฿,,,
https://www.makro.pro/th/p/ps-pwn4-6974653661379?info=JTdCJTIycGFnZVNsdWclMjIlM0ElMjJGcmVzaCUyME92ZXJsb2FkJTIwJTdDJTIwTm9vZGxlcyUyMEVzc2VudGlhbHMlMkYxOTA1NSUyMiUyQyUyMmNhcm91c2VsTmFtZSUyMiUzQSUyMiUyMiUyQyUyMmNvbGxlY3Rpb25JZCUyMiUzQSUyMjE5MDU1JTIyJTJDJTIyaW5kZXhDbGlja2VkJTIyJTNBNyU3RA,https://images.mango-prod.siammakro.cloud/product-images/6974653661379-e7f7376f-fffb-49c8-8a89-c3087ddf9c97.jpeg?imageMogr2/thumbnail/300x300,มหาชัย ปลาเส้นทอด 700 ก.,฿,99.,฿ 109.00,-9%,
https://www.makro.pro/th/p/equc57h-7204397908163?info=JTdCJTIycGFnZVNsdWclMjIlM0ElMjJGcmVzaCUyME92ZXJsb2FkJTIwJTdDJTIwTm9vZGxlcyUyMEVzc2VudGlhbHMlMkYxOTA1NSUyMiUyQyUyMmNhcm91c2VsTmFtZSUyMiUzQSUyMiUyMiUyQyUyMmNvbGxlY3Rpb25JZCUyMiUzQSUyMjE5MDU1JTIyJTJDJTIyaW5kZXhDbGlja2VkJTIyJTNBOCU3RA,https://images.mango-prod.siammakro.cloud/SOURCE/82edd3515d0045d5a8b095773e49c3dc,แต้จิ๋ว ปลาเส้นทอด ขนาดเล็ก 400 ก.,฿,82.,฿ 95.00,-13%,
https://www.makro.pro/th/p/bmadhme-6976619643075?info=JTdCJTIycGFnZVNsdWclMjIlM0ElMjJGcmVzaCUyME92ZXJsb2FkJTIwJTdDJTIwTm9vZGxlcyUyMEVzc2VudGlhbHMlMkYxOTA1NSUyMiUyQyUyMmNhcm91c2VsTmFtZSUyMiUzQSUyMiUyMiUyQyUyMmNvbGxlY3Rpb25JZCUyMiUzQSUyMjE5MDU1JTIyJTJDJTIyaW5kZXhDbGlja2VkJTIyJTNBOSU3RA,https://images.mango-prod.siammakro.cloud/product-images/6976619643075-02973a9f-7c71-4efb-aba8-ff962bdfb78c.jpeg?imageMogr2/thumbnail/300x300,ห้าดาว เต้าหู้ไข่ไก่ 120 ก. x 10,"฿

76.

00",฿,,,
https://www.makro.pro/th/p/rhba-ba-6974657003715?info=JTdCJTIycGFnZVNsdWclMjIlM0ElMjJGcmVzaCUyME92ZXJsb2FkJTIwJTdDJTIwTm9vZGxlcyUyMEVzc2VudGlhbHMlMkYxOTA1NSUyMiUyQyUyMmNhcm91c2VsTmFtZSUyMiUzQSUyMiUyMiUyQyUyMmNvbGxlY3Rpb25JZCUyMiUzQSUyMjE5MDU1JTIyJTJDJTIyaW5kZXhDbGlja2VkJTIyJTNBMTAlN0Q,https://images.mango-prod.siammakro.cloud/product-images/6974657003715-7dc1d502-3465-43d1-a8e2-5705decd8393.jpeg?imageMogr2/thumbnail/300x300,มหาไช เส้นใหญ่ 1 กก.,"฿

34.

00",฿,,,
https://www.makro.pro/th/p/bid8ndb-6974757634243?info=JTdCJTIycGFnZVNsdWclMjIlM0ElMjJGcmVzaCUyME92ZXJsb2FkJTIwJTdDJTIwTm9vZGxlcyUyMEVzc2VudGlhbHMlMkYxOTA1NSUyMiUyQyUyMmNhcm91c2VsTmFtZSUyMiUzQSUyMiUyMiUyQyUyMmNvbGxlY3Rpb25JZCUyMiUzQSUyMjE5MDU1JTIyJTJDJTIyaW5kZXhDbGlja2VkJTIyJTNBMTElN0Q,https://images.mango-prod.siammakro.cloud/SOURCE/105063c7d09840d4b7c635c115df0f5d,ห้ามังกร แผ่นเกี๊ยว 500 ก.,฿,43.,฿ 45.00,-4%,
https://www.makro.pro/th/p/duj6cmq-7115327275203?info=JTdCJTIycGFnZVNsdWclMjIlM0ElMjJGcmVzaCUyME92ZXJsb2FkJTIwJTdDJTIwTm9vZGxlcyUyMEVzc2VudGlhbHMlMkYxOTA1NSUyMiUyQyUyMmNhcm91c2VsTmFtZSUyMiUzQSUyMiUyMiUyQyUyMmNvbGxlY3Rpb25JZCUyMiUzQSUyMjE5MDU1JTIyJTJDJTIyaW5kZXhDbGlja2VkJTIyJTNBMTIlN0Q,https://images.mango-prod.siammakro.cloud/SOURCE/1aa8ce4e8b03444aae7554a814c2354e,โอฮาโย เต้าหู้โมเมน 200 ก.,"฿

40.

00",฿,,,
https://www.makro.pro/th/p/ziil5zo-6974762385603?info=JTdCJTIycGFnZVNsdWclMjIlM0ElMjJGcmVzaCUyME92ZXJsb2FkJTIwJTdDJTIwTm9vZGxlcyUyMEVzc2VudGlhbHMlMkYxOTA1NSUyMiUyQyUyMmNhcm91c2VsTmFtZSUyMiUzQSUyMiUyMiUyQyUyMmNvbGxlY3Rpb25JZCUyMiUzQSUyMjE5MDU1JTIyJTJDJTIyaW5kZXhDbGlja2VkJTIyJTNBMTMlN0Q,https://images.mango-prod.siammakro.cloud/SOURCE/2fbe90f1aa2a42d7b838f841efb7df69,มหาชัย เส้นเล็กแบบสั้น 1 กก.,"฿

38.

00",฿,,,
https://www.makro.pro/th/p/h9qfbct-7204434608323?info=JTdCJTIycGFnZVNsdWclMjIlM0ElMjJGcmVzaCUyME92ZXJsb2FkJTIwJTdDJTIwTm9vZGxlcyUyMEVzc2VudGlhbHMlMkYxOTA1NSUyMiUyQyUyMmNhcm91c2VsTmFtZSUyMiUzQSUyMiUyMiUyQyUyMmNvbGxlY3Rpb25JZCUyMiUzQSUyMjE5MDU1JTIyJTJDJTIyaW5kZXhDbGlja2VkJTIyJTNBMTQlN0Q,https://images.mango-prod.siammakro.cloud/SOURCE/306b3c31189f48c48f2b167b37b8065d,โตฟู โออิชิ เต้าหู้นิ่ม สูตรญี่ปุ่น 300 ก.,"฿

25.

00",฿,,,
https://www.makro.pro/th/p/171qxrP-753795134184969?info=JTdCJTIycGFnZVNsdWclMjIlM0ElMjJGcmVzaCUyME92ZXJsb2FkJTIwJTdDJTIwTm9vZGxlcyUyMEVzc2VudGlhbHMlMkYxOTA1NSUyMiUyQyUyMmNhcm91c2VsTmFtZSUyMiUzQSUyMiUyMiUyQyUyMmNvbGxlY3Rpb25JZCUyMiUzQSUyMjE5MDU1JTIyJTJDJTIyaW5kZXhDbGlja2VkJTIyJTNBMTUlN0Q,https://images.mango-prod.siammakro.cloud/SOURCE/ae2bcdb283dc4399b12d54fa54c3ae9f,กิเลนคู่ วุ้นเส้นเกาหลี 500 ก.,฿,28.,฿ 32.00,-12%,
https://www.makro.pro/th/p/mqpe4ow-7275728208067?info=JTdCJTIycGFnZVNsdWclMjIlM0ElMjJGcmVzaCUyME92ZXJsb2FkJTIwJTdDJTIwTm9vZGxlcyUyMEVzc2VudGlhbHMlMkYxOTA1NSUyMiUyQyUyMmNhcm91c2VsTmFtZSUyMiUzQSUyMiUyMiUyQyUyMmNvbGxlY3Rpb25JZCUyMiUzQSUyMjE5MDU1JTIyJTJDJTIyaW5kZXhDbGlja2VkJTIyJTNBMTYlN0Q,https://images.mango-prod.siammakro.cloud/SOURCE/8f9307611a7e4331b0db2980f7931fc4,คาอิโซ เส้นแก้วชนิดเส้นเล็ก (สาหร่าย) 1 กก.,"฿

73.

00",฿,,,
https://www.makro.pro/th/p/ygjrmf_-6974688428227?info=JTdCJTIycGFnZVNsdWclMjIlM0ElMjJGcmVzaCUyME92ZXJsb2FkJTIwJTdDJTIwTm9vZGxlcyUyMEVzc2VudGlhbHMlMkYxOTA1NSUyMiUyQyUyMmNhcm91c2VsTmFtZSUyMiUzQSUyMiUyMiUyQyUyMmNvbGxlY3Rpb25JZCUyMiUzQSUyMjE5MDU1JTIyJTJDJTIyaW5kZXhDbGlja2VkJTIyJTNBMTclN0Q,https://images.mango-prod.siammakro.cloud/SOURCE/715f9e5e9eb2430f9452073dad6e14d4,กิเลนคู่ เส้นหมี่ 450 ก.,"฿

18.

00",฿,,,
https://www.makro.pro/th/p/pw1gs6x-7204434280643?info=JTdCJTIycGFnZVNsdWclMjIlM0ElMjJGcmVzaCUyME92ZXJsb2FkJTIwJTdDJTIwTm9vZGxlcyUyMEVzc2VudGlhbHMlMkYxOTA1NSUyMiUyQyUyMmNhcm91c2VsTmFtZSUyMiUzQSUyMiUyMiUyQyUyMmNvbGxlY3Rpb25JZCUyMiUzQSUyMjE5MDU1JTIyJTJDJTIyaW5kZXhDbGlja2VkJTIyJTNBMTglN0Q,https://images.mango-prod.siammakro.cloud/SOURCE/2b33139637a649c3862369212e8fb75e,โมคิ เต้าหู้ 1.2 กก.,"฿

147.

00",฿,,,
https://www.makro.pro/th/p/somqdal-7352877154499?info=JTdCJTIycGFnZVNsdWclMjIlM0ElMjJGcmVzaCUyME92ZXJsb2FkJTIwJTdDJTIwTm9vZGxlcyUyMEVzc2VudGlhbHMlMkYxOTA1NSUyMiUyQyUyMmNhcm91c2VsTmFtZSUyMiUzQSUyMiUyMiUyQyUyMmNvbGxlY3Rpb25JZCUyMiUzQSUyMjE5MDU1JTIyJTJDJTIyaW5kZXhDbGlja2VkJTIyJTNBMTklN0Q,https://images.mango-prod.siammakro.cloud/SOURCE/3fb72b0a35364bdfbddf26a494f64329,พี.เอฟ.พี ลูกชิ้นปลาสไตล์ภูเก็ต 500 ก.,"฿

110.

00",฿,,,
https://www.makro.pro/th/p/u7opc07-7204375429315?info=JTdCJTIycGFnZVNsdWclMjIlM0ElMjJGcmVzaCUyME92ZXJsb2FkJTIwJTdDJTIwTm9vZGxlcyUyMEVzc2VudGlhbHMlMkYxOTA1NSUyMiUyQyUyMmNhcm91c2VsTmFtZSUyMiUzQSUyMiUyMiUyQyUyMmNvbGxlY3Rpb25JZCUyMiUzQSUyMjE5MDU1JTIyJTJDJTIyaW5kZXhDbGlja2VkJTIyJTNBMjAlN0Q,https://images.mango-prod.siammakro.cloud/SOURCE/9ff4a87b7c8b4a3da002025c0a454295,แต้จิ๋ว ลูกชิ้นปลากลม ใหญ่ 400 ก.,฿,79.,฿ 110.00,-28%,
https://www.makro.pro/th/p/f5uolvb-7352876695747?info=JTdCJTIycGFnZVNsdWclMjIlM0ElMjJGcmVzaCUyME92ZXJsb2FkJTIwJTdDJTIwTm9vZGxlcyUyMEVzc2VudGlhbHMlMkYxOTA1NSUyMiUyQyUyMmNhcm91c2VsTmFtZSUyMiUzQSUyMiUyMiUyQyUyMmNvbGxlY3Rpb25JZCUyMiUzQSUyMjE5MDU1JTIyJTJDJTIyaW5kZXhDbGlja2VkJTIyJTNBMjElN0Q,https://images.mango-prod.siammakro.cloud/SOURCE/a4fb61f54d6c42ba8de4fc2082369a47,พี.เอฟ.พี เต้าหู้ปลารูปปลา 500 ก.,"฿

99.

00",฿,,,
https://www.makro.pro/th/p/g8gxlxy-6974762025155?info=JTdCJTIycGFnZVNsdWclMjIlM0ElMjJGcmVzaCUyME92ZXJsb2FkJTIwJTdDJTIwTm9vZGxlcyUyMEVzc2VudGlhbHMlMkYxOTA1NSUyMiUyQyUyMmNhcm91c2VsTmFtZSUyMiUzQSUyMiUyMiUyQyUyMmNvbGxlY3Rpb25JZCUyMiUzQSUyMjE5MDU1JTIyJTJDJTIyaW5kZXhDbGlja2VkJTIyJTNBMjIlN0Q,https://images.mango-prod.siammakro.cloud/product-images/6974762025155-2b323e9f-68f2-4bd1-aad3-ff39a138ae26.jpeg?imageMogr2/thumbnail/300x300,มหาชัย เส้นผัดไทย 1 กก.,"฿

38.

00",฿,,,
https://www.makro.pro/th/p/glkvitz-6974758322371?info=JTdCJTIycGFnZVNsdWclMjIlM0ElMjJGcmVzaCUyME92ZXJsb2FkJTIwJTdDJTIwTm9vZGxlcyUyMEVzc2VudGlhbHMlMkYxOTA1NSUyMiUyQyUyMmNhcm91c2VsTmFtZSUyMiUzQSUyMiUyMiUyQyUyMmNvbGxlY3Rpb25JZCUyMiUzQSUyMjE5MDU1JTIyJTJDJTIyaW5kZXhDbGlja2VkJTIyJTNBMjMlN0Q,https://images.mango-prod.siammakro.cloud/SOURCE/5e4a9299d2c7466da161208f8bc86350,ไทเปเส้นราเมน (เจ) 400 กรัม,"฿

35.

00",฿,,,
https://www.makro.pro/th/p/q_y8f0r-7275729027267?info=JTdCJTIycGFnZVNsdWclMjIlM0ElMjJGcmVzaCUyME92ZXJsb2FkJTIwJTdDJTIwTm9vZGxlcyUyMEVzc2VudGlhbHMlMkYxOTA1NSUyMiUyQyUyMmNhcm91c2VsTmFtZSUyMiUzQSUyMiUyMiUyQyUyMmNvbGxlY3Rpb25JZCUyMiUzQSUyMjE5MDU1JTIyJTJDJTIyaW5kZXhDbGlja2VkJTIyJTNBMjQlN0Q,https://images.mango-prod.siammakro.cloud/SOURCE/f65dfeea9e6c49e29dddedd8aa6faa30,บะหมี่บางกอก บะหมี่หยก 1 กก.,"฿

73.

00",฿,,,
https://www.makro.pro/th/p/n9lg6kd-7275728699587?info=JTdCJTIycGFnZVNsdWclMjIlM0ElMjJGcmVzaCUyME92ZXJsb2FkJTIwJTdDJTIwTm9vZGxlcyUyMEVzc2VudGlhbHMlMkYxOTA1NSUyMiUyQyUyMmNhcm91c2VsTmFtZSUyMiUzQSUyMiUyMiUyQyUyMmNvbGxlY3Rpb25JZCUyMiUzQSUyMjE5MDU1JTIyJTJDJTIyaW5kZXhDbGlja2VkJTIyJTNBMjUlN0Q,https://images.mango-prod.siammakro.cloud/product-images/7275728699587-2a3300f1-8b90-4285-b66e-a012f7e439af.jpeg?imageMogr2/thumbnail/300x300,ห้ามังกร บะหมี่เหลืองเส้นแบน 500 ก.,฿,43.,฿ 45.00,-4%,
https://www.makro.pro/th/p/g8pjnah-7115328192707?info=JTdCJTIycGFnZVNsdWclMjIlM0ElMjJGcmVzaCUyME92ZXJsb2FkJTIwJTdDJTIwTm9vZGxlcyUyMEVzc2VudGlhbHMlMkYxOTA1NSUyMiUyQyUyMmNhcm91c2VsTmFtZSUyMiUzQSUyMiUyMiUyQyUyMmNvbGxlY3Rpb25JZCUyMiUzQSUyMjE5MDU1JTIyJTJDJTIyaW5kZXhDbGlja2VkJTIyJTNBMjYlN0Q,https://images.mango-prod.siammakro.cloud/SOURCE/2a5a7028ca9e409daea2d3f0b8a1f61e,ตราเกษตร เต้าหู้ถั่วเหลือง 220 ก. x 5,"฿

54.

00",฿,,,
https://www.makro.pro/th/p/ac3_k7c-6974756847811?info=JTdCJTIycGFnZVNsdWclMjIlM0ElMjJGcmVzaCUyME92ZXJsb2FkJTIwJTdDJTIwTm9vZGxlcyUyMEVzc2VudGlhbHMlMkYxOTA1NSUyMiUyQyUyMmNhcm91c2VsTmFtZSUyMiUzQSUyMiUyMiUyQyUyMmNvbGxlY3Rpb25JZCUyMiUzQSUyMjE5MDU1JTIyJTJDJTIyaW5kZXhDbGlja2VkJTIyJTNBMjclN0Q,https://images.mango-prod.siammakro.cloud/product-images/6974756847811-8764f2eb-0c48-4bb1-8c3b-b8f1cd6f2d2e.jpeg?imageMogr2/thumbnail/300x300,เกาลูน วุ้นเส้นสดพร้อมปรุง 1 กก.,"฿

39.

00",฿,,,
https://www.makro.pro/th/p/hf5bjkg-6974719688899?info=JTdCJTIycGFnZVNsdWclMjIlM0ElMjJGcmVzaCUyME92ZXJsb2FkJTIwJTdDJTIwTm9vZGxlcyUyMEVzc2VudGlhbHMlMkYxOTA1NSUyMiUyQyUyMmNhcm91c2VsTmFtZSUyMiUzQSUyMiUyMiUyQyUyMmNvbGxlY3Rpb25JZCUyMiUzQSUyMjE5MDU1JTIyJTJDJTIyaW5kZXhDbGlja2VkJTIyJTNBMjglN0Q,https://images.mango-prod.siammakro.cloud/product-images/6974719688899-ba541276-54f7-4031-8cba-76aceb55bec7.jpeg?imageMogr2/thumbnail/300x300,เอโร่ เส้นแก้ว 1 กก.,"฿

63.

00",฿,,,
https://www.makro.pro/th/p/p49holq-6974759665859?info=JTdCJTIycGFnZVNsdWclMjIlM0ElMjJGcmVzaCUyME92ZXJsb2FkJTIwJTdDJTIwTm9vZGxlcyUyMEVzc2VudGlhbHMlMkYxOTA1NSUyMiUyQyUyMmNhcm91c2VsTmFtZSUyMiUzQSUyMiUyMiUyQyUyMmNvbGxlY3Rpb25JZCUyMiUzQSUyMjE5MDU1JTIyJTJDJTIyaW5kZXhDbGlja2VkJTIyJTNBMjklN0Q,https://images.mango-prod.siammakro.cloud/product-images/6974759665859-1c455b3a-3d8b-4313-b0e7-0159044769c2.jpeg?imageMogr2/thumbnail/300x300,เส้นสด ก๋วยเตี๋ยวเส้นใหญ่ 1 กก.,"฿

36.

00",฿,,,
https://www.makro.pro/th/p/q3ioxge-7078809829571?info=JTdCJTIycGFnZVNsdWclMjIlM0ElMjJGcmVzaCUyME92ZXJsb2FkJTIwJTdDJTIwTm9vZGxlcyUyMEVzc2VudGlhbHMlMkYxOTA1NSUyMiUyQyUyMmNhcm91c2VsTmFtZSUyMiUzQSUyMiUyMiUyQyUyMmNvbGxlY3Rpb25JZCUyMiUzQSUyMjE5MDU1JTIyJTJDJTIyaW5kZXhDbGlja2VkJTIyJTNBMzAlN0Q,https://images.mango-prod.siammakro.cloud/product-images/7078809829571-50664535-273d-4af9-a6f4-54cb830759c7.jpeg?imageMogr2/thumbnail/300x300,ซีพี เต้าหู้ไข่ไก่ 120 ก. x 10,฿,84.,฿ 87.00,-3%,
https://www.makro.pro/th/p/mhhr_sp-7204434837699?info=JTdCJTIycGFnZVNsdWclMjIlM0ElMjJGcmVzaCUyME92ZXJsb2FkJTIwJTdDJTIwTm9vZGxlcyUyMEVzc2VudGlhbHMlMkYxOTA1NSUyMiUyQyUyMmNhcm91c2VsTmFtZSUyMiUzQSUyMiUyMiUyQyUyMmNvbGxlY3Rpb25JZCUyMiUzQSUyMjE5MDU1JTIyJTJDJTIyaW5kZXhDbGlja2VkJTIyJTNBMzElN0Q,https://images.mango-prod.siammakro.cloud/product-images/7204434837699-0627297e-c967-49f2-a0b8-221d191c78f7.jpeg?imageMogr2/thumbnail/300x300,เอโร่ เต้าหู้ไข่ไก่ 120 ก. x 5,฿,32.,฿ 33.00,-3%,
https://www.makro.pro/th/p/1jvr09k-7243310301379?info=JTdCJTIycGFnZVNsdWclMjIlM0ElMjJGcmVzaCUyME92ZXJsb2FkJTIwJTdDJTIwTm9vZGxlcyUyMEVzc2VudGlhbHMlMkYxOTA1NSUyMiUyQyUyMmNhcm91c2VsTmFtZSUyMiUzQSUyMiUyMiUyQyUyMmNvbGxlY3Rpb25JZCUyMiUzQSUyMjE5MDU1JTIyJTJDJTIyaW5kZXhDbGlja2VkJTIyJTNBMzIlN0Q,https://images.mango-prod.siammakro.cloud/SOURCE/30409e9cc6724dadb06046fea53d2ae7,เส้นไหม แผ่นเกี๊ยวซ่า 500 ก.,"฿

73.

00",฿,,,
https://www.makro.pro/th/p/1enquxd-6974763892931?info=JTdCJTIycGFnZVNsdWclMjIlM0ElMjJGcmVzaCUyME92ZXJsb2FkJTIwJTdDJTIwTm9vZGxlcyUyMEVzc2VudGlhbHMlMkYxOTA1NSUyMiUyQyUyMmNhcm91c2VsTmFtZSUyMiUzQSUyMiUyMiUyQyUyMmNvbGxlY3Rpb25JZCUyMiUzQSUyMjE5MDU1JTIyJTJDJTIyaW5kZXhDbGlja2VkJTIyJTNBMzMlN0Q,https://images.mango-prod.siammakro.cloud/product-images/6974763892931-1c2e16b4-a687-427d-bd1e-6ba7ee8081cc.jpeg?imageMogr2/thumbnail/300x300,ไทเป บะหมี่หยก 500 ก.,"฿

30.

00",฿,,,
https://www.makro.pro/th/p/awtyetz-6974653071555?info=JTdCJTIycGFnZVNsdWclMjIlM0ElMjJGcmVzaCUyME92ZXJsb2FkJTIwJTdDJTIwTm9vZGxlcyUyMEVzc2VudGlhbHMlMkYxOTA1NSUyMiUyQyUyMmNhcm91c2VsTmFtZSUyMiUzQSUyMiUyMiUyQyUyMmNvbGxlY3Rpb25JZCUyMiUzQSUyMjE5MDU1JTIyJTJDJTIyaW5kZXhDbGlja2VkJTIyJTNBMzQlN0Q,https://images.mango-prod.siammakro.cloud/SOURCE/29c72acf73924fdebf4606b29fff63ce,เกาลูน วุ้นเส้นสด 100 ก. 10 ห่อ,฿,47.,฿ 49.00,-4%,
https://www.makro.pro/th/p/b4gcd52-7275729092803?info=JTdCJTIycGFnZVNsdWclMjIlM0ElMjJGcmVzaCUyME92ZXJsb2FkJTIwJTdDJTIwTm9vZGxlcyUyMEVzc2VudGlhbHMlMkYxOTA1NSUyMiUyQyUyMmNhcm91c2VsTmFtZSUyMiUzQSUyMiUyMiUyQyUyMmNvbGxlY3Rpb25JZCUyMiUzQSUyMjE5MDU1JTIyJTJDJTIyaW5kZXhDbGlja2VkJTIyJTNBMzUlN0Q,https://images.mango-prod.siammakro.cloud/SOURCE/c8b550c5606b4641b39a9d563a300e17,ห้ามังกร บะหมี่หยก 500 ก.,฿,42.,฿ 44.00,-4%,
https://www.makro.pro/th/p/kaqgep-6974762057923?info=JTdCJTIycGFnZVNsdWclMjIlM0ElMjJGcmVzaCUyME92ZXJsb2FkJTIwJTdDJTIwTm9vZGxlcyUyMEVzc2VudGlhbHMlMkYxOTA1NSUyMiUyQyUyMmNhcm91c2VsTmFtZSUyMiUzQSUyMiUyMiUyQyUyMmNvbGxlY3Rpb25JZCUyMiUzQSUyMjE5MDU1JTIyJTJDJTIyaW5kZXhDbGlja2VkJTIyJTNBMzYlN0Q,https://images.mango-prod.siammakro.cloud/product-images/6974762057923-2a48848c-7eea-41ba-b0ea-79b933fb7183.jpeg?imageMogr2/thumbnail/300x300,ท่าเรือ วุ้นเส้นสด 500 ก.,"฿

21.

00",฿,,,
https://www.makro.pro/th/p/pmywk6m-6974753800387?info=JTdCJTIycGFnZVNsdWclMjIlM0ElMjJGcmVzaCUyME92ZXJsb2FkJTIwJTdDJTIwTm9vZGxlcyUyMEVzc2VudGlhbHMlMkYxOTA1NSUyMiUyQyUyMmNhcm91c2VsTmFtZSUyMiUzQSUyMiUyMiUyQyUyMmNvbGxlY3Rpb25JZCUyMiUzQSUyMjE5MDU1JTIyJTJDJTIyaW5kZXhDbGlja2VkJTIyJTNBMzclN0Q,https://images.mango-prod.siammakro.cloud/product-images/6974753800387-823d00bf-c6e0-4447-8230-06cef636f1d4.jpeg?imageMogr2/thumbnail/300x300,เอโร่ เต้าหู้ปลา 1 กก.,"฿

165.

00",฿,,,
https://www.makro.pro/th/p/hqa2wkc-6974689378499?info=JTdCJTIycGFnZVNsdWclMjIlM0ElMjJGcmVzaCUyME92ZXJsb2FkJTIwJTdDJTIwTm9vZGxlcyUyMEVzc2VudGlhbHMlMkYxOTA1NSUyMiUyQyUyMmNhcm91c2VsTmFtZSUyMiUzQSUyMiUyMiUyQyUyMmNvbGxlY3Rpb25JZCUyMiUzQSUyMjE5MDU1JTIyJTJDJTIyaW5kZXhDbGlja2VkJTIyJTNBMzglN0Q,https://images.mango-prod.siammakro.cloud/product-images/6974689378499-d1fd4736-9211-48de-b146-c5d06aecf2e5.jpeg?imageMogr2/thumbnail/300x300,ไทเป เส้นบะหมี่ยากิโซบะ (เจ) 1 กก.,"฿

52.

00",฿,,,
https://www.makro.pro/th/p/gn35vqv-7164715729091?info=JTdCJTIycGFnZVNsdWclMjIlM0ElMjJGcmVzaCUyME92ZXJsb2FkJTIwJTdDJTIwTm9vZGxlcyUyMEVzc2VudGlhbHMlMkYxOTA1NSUyMiUyQyUyMmNhcm91c2VsTmFtZSUyMiUzQSUyMiUyMiUyQyUyMmNvbGxlY3Rpb25JZCUyMiUzQSUyMjE5MDU1JTIyJTJDJTIyaW5kZXhDbGlja2VkJTIyJTNBMzklN0Q,https://images.mango-prod.siammakro.cloud/SOURCE/2c34104a23e04a4c8805bb762703d5a3,กิเลนคู่ ก๋วยเตี๋ยวเส้นผัดไทย 1 กก.,฿,35.,฿ 37.00,-5%,
https://www.makro.pro/th/p/p0eaqph-7115336384707?info=JTdCJTIycGFnZVNsdWclMjIlM0ElMjJGcmVzaCUyME92ZXJsb2FkJTIwJTdDJTIwTm9vZGxlcyUyMEVzc2VudGlhbHMlMkYxOTA1NSUyMiUyQyUyMmNhcm91c2VsTmFtZSUyMiUzQSUyMiUyMiUyQyUyMmNvbGxlY3Rpb25JZCUyMiUzQSUyMjE5MDU1JTIyJTJDJTIyaW5kZXhDbGlja2VkJTIyJTNBNDAlN0Q,https://images.mango-prod.siammakro.cloud/SOURCE/78a09c902ec64b88bcb0587b58c8987f,เอเอฟเอ็ม เต้าหู้ปลา สูตรเยาวราช 500 ก.,"฿

59.

00",฿,,,
https://www.makro.pro/th/p/l2lkbhg-7115331141827?info=JTdCJTIycGFnZVNsdWclMjIlM0ElMjJGcmVzaCUyME92ZXJsb2FkJTIwJTdDJTIwTm9vZGxlcyUyMEVzc2VudGlhbHMlMkYxOTA1NSUyMiUyQyUyMmNhcm91c2VsTmFtZSUyMiUzQSUyMiUyMiUyQyUyMmNvbGxlY3Rpb25JZCUyMiUzQSUyMjE5MDU1JTIyJTJDJTIyaW5kZXhDbGlja2VkJTIyJTNBNDElN0Q,https://images.mango-prod.siammakro.cloud/product-images/7115331141827-49f639af-1e73-4253-a9ff-b7c0f75e2920.jpeg?imageMogr2/thumbnail/300x300,ตราเกษตร เต้าหู้ไข่ไก่ 105 ก. x 10,฿,92.,฿ 95.00,-3%,
https://www.makro.pro/th/p/qp-mhcr-7204434739395?info=JTdCJTIycGFnZVNsdWclMjIlM0ElMjJGcmVzaCUyME92ZXJsb2FkJTIwJTdDJTIwTm9vZGxlcyUyMEVzc2VudGlhbHMlMkYxOTA1NSUyMiUyQyUyMmNhcm91c2VsTmFtZSUyMiUzQSUyMiUyMiUyQyUyMmNvbGxlY3Rpb25JZCUyMiUzQSUyMjE5MDU1JTIyJTJDJTIyaW5kZXhDbGlja2VkJTIyJTNBNDIlN0Q,https://images.mango-prod.siammakro.cloud/SOURCE/b3e2af58ba274a7f805e11f39cab15ed,คุณเฮง เต้าหู้เหลืองแข็ง 150 ก.,"฿

27.

00",฿,,,
https://www.makro.pro/th/p/ce-kih5-7204435034307?info=JTdCJTIycGFnZVNsdWclMjIlM0ElMjJGcmVzaCUyME92ZXJsb2FkJTIwJTdDJTIwTm9vZGxlcyUyMEVzc2VudGlhbHMlMkYxOTA1NSUyMiUyQyUyMmNhcm91c2VsTmFtZSUyMiUzQSUyMiUyMiUyQyUyMmNvbGxlY3Rpb25JZCUyMiUzQSUyMjE5MDU1JTIyJTJDJTIyaW5kZXhDbGlja2VkJTIyJTNBNDMlN0Q,https://images.mango-prod.siammakro.cloud/SOURCE/cbc72191a0b845a19012fb98199a43c4,คุณเฮง เต้าหู้ขาวแข็ง 150 ก.,"฿

27.

00",฿,,,
https://www.makro.pro/th/p/5gaw8yj-6974758977731?info=JTdCJTIycGFnZVNsdWclMjIlM0ElMjJGcmVzaCUyME92ZXJsb2FkJTIwJTdDJTIwTm9vZGxlcyUyMEVzc2VudGlhbHMlMkYxOTA1NSUyMiUyQyUyMmNhcm91c2VsTmFtZSUyMiUzQSUyMiUyMiUyQyUyMmNvbGxlY3Rpb25JZCUyMiUzQSUyMjE5MDU1JTIyJTJDJTIyaW5kZXhDbGlja2VkJTIyJTNBNDQlN0Q,https://images.mango-prod.siammakro.cloud/SOURCE/2dda26cfed684246b18b393673f4f222,คาอิโซ เส้นแก้ว 1 กก.,"฿

69.

00",฿,,,
https://www.makro.pro/th/p/44ngyfk-6974762221763?info=JTdCJTIycGFnZVNsdWclMjIlM0ElMjJGcmVzaCUyME92ZXJsb2FkJTIwJTdDJTIwTm9vZGxlcyUyMEVzc2VudGlhbHMlMkYxOTA1NSUyMiUyQyUyMmNhcm91c2VsTmFtZSUyMiUzQSUyMiUyMiUyQyUyMmNvbGxlY3Rpb25JZCUyMiUzQSUyMjE5MDU1JTIyJTJDJTIyaW5kZXhDbGlja2VkJTIyJTNBNDUlN0Q,https://images.mango-prod.siammakro.cloud/SOURCE/9b669aaff6db4c0d8c370f77fa138b5c,มหาชัย เส้นก๋วยจั๊บ 1 กก.,"฿

39.

00",฿,,,
https://www.makro.pro/th/p/lcvgou7-7275736400067?info=JTdCJTIycGFnZVNsdWclMjIlM0ElMjJGcmVzaCUyME92ZXJsb2FkJTIwJTdDJTIwTm9vZGxlcyUyMEVzc2VudGlhbHMlMkYxOTA1NSUyMiUyQyUyMmNhcm91c2VsTmFtZSUyMiUzQSUyMiUyMiUyQyUyMmNvbGxlY3Rpb25JZCUyMiUzQSUyMjE5MDU1JTIyJTJDJTIyaW5kZXhDbGlja2VkJTIyJTNBNDYlN0Q,https://images.mango-prod.siammakro.cloud/SOURCE/390e47d14b52413c8ed8457f9f70000d,ห้ามังกร บะหมี่เหลืองเส้นเล็ก 500 ก.,฿,42.,฿ 44.00,-4%,
https://www.makro.pro/th/p/2oze8r7-7275736957123?info=JTdCJTIycGFnZVNsdWclMjIlM0ElMjJGcmVzaCUyME92ZXJsb2FkJTIwJTdDJTIwTm9vZGxlcyUyMEVzc2VudGlhbHMlMkYxOTA1NSUyMiUyQyUyMmNhcm91c2VsTmFtZSUyMiUzQSUyMiUyMiUyQyUyMmNvbGxlY3Rpb25JZCUyMiUzQSUyMjE5MDU1JTIyJTJDJTIyaW5kZXhDbGlja2VkJTIyJTNBNDclN0Q,https://images.mango-prod.siammakro.cloud/product-images/7275736957123-b15f34d4-5cb8-4279-a2c9-c3a2c98a8b9d.jpeg?imageMogr2/thumbnail/300x300,กิเลนคู่ วุ้นเส้นสด 200 ก. X 4,฿,31.,฿ 34.00,-8%,
https://www.makro.pro/th/p/zohsobx-7115303977155?info=JTdCJTIycGFnZVNsdWclMjIlM0ElMjJGcmVzaCUyME92ZXJsb2FkJTIwJTdDJTIwTm9vZGxlcyUyMEVzc2VudGlhbHMlMkYxOTA1NSUyMiUyQyUyMmNhcm91c2VsTmFtZSUyMiUzQSUyMiUyMiUyQyUyMmNvbGxlY3Rpb25JZCUyMiUzQSUyMjE5MDU1JTIyJTJDJTIyaW5kZXhDbGlja2VkJTIyJTNBNDglN0Q,https://images.mango-prod.siammakro.cloud/SOURCE/4f39a8cb87464771b187e11218850a4c,คาอิโซ เส้นแก้วเม็ดบอลสกัดจากสาหร่าย 1 กก.,"฿

77.

00",฿,,,
https://www.makro.pro/th/p/pkpraox-7204375888067?info=JTdCJTIycGFnZVNsdWclMjIlM0ElMjJGcmVzaCUyME92ZXJsb2FkJTIwJTdDJTIwTm9vZGxlcyUyMEVzc2VudGlhbHMlMkYxOTA1NSUyMiUyQyUyMmNhcm91c2VsTmFtZSUyMiUzQSUyMiUyMiUyQyUyMmNvbGxlY3Rpb25JZCUyMiUzQSUyMjE5MDU1JTIyJTJDJTIyaW5kZXhDbGlja2VkJTIyJTNBNDklN0Q,https://images.mango-prod.siammakro.cloud/SOURCE/9bcbe3f336bc4ca989297423f0db9c0f,มหาชัย ลูกชิ้นปลากลม ขนาดใหญ่ 800 ก.,฿,89.,฿ 109.00,-18%,
https://www.makro.pro/th/p/b_zplav-6974689476803?info=JTdCJTIycGFnZVNsdWclMjIlM0ElMjJGcmVzaCUyME92ZXJsb2FkJTIwJTdDJTIwTm9vZGxlcyUyMEVzc2VudGlhbHMlMkYxOTA1NSUyMiUyQyUyMmNhcm91c2VsTmFtZSUyMiUzQSUyMiUyMiUyQyUyMmNvbGxlY3Rpb25JZCUyMiUzQSUyMjE5MDU1JTIyJTJDJTIyaW5kZXhDbGlja2VkJTIyJTNBNTAlN0Q,https://images.mango-prod.siammakro.cloud/product-images/6974689476803-5cb42d71-0f1e-4acd-825a-21ee66b0e921.jpeg?imageMogr2/thumbnail/300x300,มหาชัย เส้นหมี่ 1 กก.,"฿

39.

00",฿,,,
https://www.makro.pro/th/p/iwnd73k-7115311055043?info=JTdCJTIycGFnZVNsdWclMjIlM0ElMjJGcmVzaCUyME92ZXJsb2FkJTIwJTdDJTIwTm9vZGxlcyUyMEVzc2VudGlhbHMlMkYxOTA1NSUyMiUyQyUyMmNhcm91c2VsTmFtZSUyMiUzQSUyMiUyMiUyQyUyMmNvbGxlY3Rpb25JZCUyMiUzQSUyMjE5MDU1JTIyJTJDJTIyaW5kZXhDbGlja2VkJTIyJTNBNTElN0Q,https://images.mango-prod.siammakro.cloud/product-images/7115311055043-18dbe56b-41f0-46c4-bf2e-cadf6d9bdcac.jpeg?imageMogr2/thumbnail/300x300,ชองกา แป้งต๊อกป็อกกิ แท่งใหญ่ 1 กก.,"฿

139.

00",฿,,,
https://www.makro.pro/th/p/76t8fxq-7078810616003?info=JTdCJTIycGFnZVNsdWclMjIlM0ElMjJGcmVzaCUyME92ZXJsb2FkJTIwJTdDJTIwTm9vZGxlcyUyMEVzc2VudGlhbHMlMkYxOTA1NSUyMiUyQyUyMmNhcm91c2VsTmFtZSUyMiUzQSUyMiUyMiUyQyUyMmNvbGxlY3Rpb25JZCUyMiUzQSUyMjE5MDU1JTIyJTJDJTIyaW5kZXhDbGlja2VkJTIyJTNBNTIlN0Q,https://images.mango-prod.siammakro.cloud/SOURCE/7349848a1dde42c4a02f83a5f160cb7d,ชองกา แป้งต๊อกโบกี แท่งเล็ก 1 กก.,"฿

139.

00",฿,,,
https://www.makro.pro/th/p/pcrrqie-7115334877379?info=JTdCJTIycGFnZVNsdWclMjIlM0ElMjJGcmVzaCUyME92ZXJsb2FkJTIwJTdDJTIwTm9vZGxlcyUyMEVzc2VudGlhbHMlMkYxOTA1NSUyMiUyQyUyMmNhcm91c2VsTmFtZSUyMiUzQSUyMiUyMiUyQyUyMmNvbGxlY3Rpb25JZCUyMiUzQSUyMjE5MDU1JTIyJTJDJTIyaW5kZXhDbGlja2VkJTIyJTNBNTMlN0Q,https://images.mango-prod.siammakro.cloud/product-images/7115334877379-8c355013-3e88-47d2-8d03-24d8ba224019.jpeg?imageMogr2/thumbnail/300x300,ซีพี ดีไลท์ เต้าหู้ไข่ไก่ 120 ก. x 5,"฿

44.

00",฿,,,
https://www.makro.pro/th/p/samagia-7275737317571?info=JTdCJTIycGFnZVNsdWclMjIlM0ElMjJGcmVzaCUyME92ZXJsb2FkJTIwJTdDJTIwTm9vZGxlcyUyMEVzc2VudGlhbHMlMkYxOTA1NSUyMiUyQyUyMmNhcm91c2VsTmFtZSUyMiUzQSUyMiUyMiUyQyUyMmNvbGxlY3Rpb25JZCUyMiUzQSUyMjE5MDU1JTIyJTJDJTIyaW5kZXhDbGlja2VkJTIyJTNBNTQlN0Q,https://images.mango-prod.siammakro.cloud/SOURCE/fa1a6f2f38294b38b1049fecf12e6e72,โบราณ แผ่นใบเมี่ยงเวียดนามสี่เหลี่ยม 22 ซม. 300 ก.,"฿

69.

00",฿,,,
https://www.makro.pro/th/p/p7gpbtx-6974689018051?info=JTdCJTIycGFnZVNsdWclMjIlM0ElMjJGcmVzaCUyME92ZXJsb2FkJTIwJTdDJTIwTm9vZGxlcyUyMEVzc2VudGlhbHMlMkYxOTA1NSUyMiUyQyUyMmNhcm91c2VsTmFtZSUyMiUzQSUyMiUyMiUyQyUyMmNvbGxlY3Rpb25JZCUyMiUzQSUyMjE5MDU1JTIyJTJDJTIyaW5kZXhDbGlja2VkJTIyJTNBNTUlN0Q,https://images.mango-prod.siammakro.cloud/product-images/6974689018051-fcf595d5-05eb-4bbf-9d99-5e0b3b88a95d.jpeg?imageMogr2/thumbnail/300x300,มังกรคู่ วุ้นเส้นสด 500 ก.,฿,26.,฿ 29.00,-10%,
https://www.makro.pro/th/p/ylwe_hj-7115330748611?info=JTdCJTIycGFnZVNsdWclMjIlM0ElMjJGcmVzaCUyME92ZXJsb2FkJTIwJTdDJTIwTm9vZGxlcyUyMEVzc2VudGlhbHMlMkYxOTA1NSUyMiUyQyUyMmNhcm91c2VsTmFtZSUyMiUzQSUyMiUyMiUyQyUyMmNvbGxlY3Rpb25JZCUyMiUzQSUyMjE5MDU1JTIyJTJDJTIyaW5kZXhDbGlja2VkJTIyJTNBNTYlN0Q,https://images.mango-prod.siammakro.cloud/SOURCE/4cd57326e7db42b69a3225f027cd2d59,ตราเกษตร เต้าหู้ถั่วเหลือง 220 ก. x 10,"฿

99.

00",฿,,,
https://www.makro.pro/th/p/4byp7rb-7078809665731?info=JTdCJTIycGFnZVNsdWclMjIlM0ElMjJGcmVzaCUyME92ZXJsb2FkJTIwJTdDJTIwTm9vZGxlcyUyMEVzc2VudGlhbHMlMkYxOTA1NSUyMiUyQyUyMmNhcm91c2VsTmFtZSUyMiUzQSUyMiUyMiUyQyUyMmNvbGxlY3Rpb25JZCUyMiUzQSUyMjE5MDU1JTIyJTJDJTIyaW5kZXhDbGlja2VkJTIyJTNBNTclN0Q,https://images.mango-prod.siammakro.cloud/SOURCE/9733c69a0d01462c9e5885dce48de1f3,ตราเกษตร เต้าหู้ไข่ไก่ 105 ก. x 5,"฿

50.

00",฿,,,
https://www.makro.pro/th/p/wqfkdrb-7275735646403?info=JTdCJTIycGFnZVNsdWclMjIlM0ElMjJGcmVzaCUyME92ZXJsb2FkJTIwJTdDJTIwTm9vZGxlcyUyMEVzc2VudGlhbHMlMkYxOTA1NSUyMiUyQyUyMmNhcm91c2VsTmFtZSUyMiUzQSUyMiUyMiUyQyUyMmNvbGxlY3Rpb25JZCUyMiUzQSUyMjE5MDU1JTIyJTJDJTIyaW5kZXhDbGlja2VkJTIyJTNBNTglN0Q,https://images.mango-prod.siammakro.cloud/SOURCE/e1b61ac5bff34b369b3a04ca831de189,เส้นเงิน แผ่นเกี๊ยว 500 ก.,"฿

44.

00",฿,,,
https://www.makro.pro/th/p/ie9vhpv-6974645469379?info=JTdCJTIycGFnZVNsdWclMjIlM0ElMjJGcmVzaCUyME92ZXJsb2FkJTIwJTdDJTIwTm9vZGxlcyUyMEVzc2VudGlhbHMlMkYxOTA1NSUyMiUyQyUyMmNhcm91c2VsTmFtZSUyMiUzQSUyMiUyMiUyQyUyMmNvbGxlY3Rpb25JZCUyMiUzQSUyMjE5MDU1JTIyJTJDJTIyaW5kZXhDbGlja2VkJTIyJTNBNTklN0Q,https://images.mango-prod.siammakro.cloud/product-images/6974645469379-5eb6b279-28aa-4542-a2ee-25dcba64c772.jpeg?imageMogr2/thumbnail/300x300,หมูยิ้ม ลูกชิ้นหมูเสียบไม้พร้อมน้ําจิ้ม 20+2 ไม้,฿,67.,฿ 69.00,-2%,
https://www.makro.pro/th/p/0byoxwk-7275727487171?info=JTdCJTIycGFnZVNsdWclMjIlM0ElMjJGcmVzaCUyME92ZXJsb2FkJTIwJTdDJTIwTm9vZGxlcyUyMEVzc2VudGlhbHMlMkYxOTA1NSUyMiUyQyUyMmNhcm91c2VsTmFtZSUyMiUzQSUyMiUyMiUyQyUyMmNvbGxlY3Rpb25JZCUyMiUzQSUyMjE5MDU1JTIyJTJDJTIyaW5kZXhDbGlja2VkJTIyJTNBNjAlN0Q,https://images.mango-prod.siammakro.cloud/SOURCE/b70836e32b4f4119adc435f64f8d1440,คาอิโซ เส้นแก้วสกัดจากสาหร่าย 300 ก.,"฿

39.

00",฿,,,
https://www.makro.pro/th/p/fez-9vs-7115337105603?info=JTdCJTIycGFnZVNsdWclMjIlM0ElMjJGcmVzaCUyME92ZXJsb2FkJTIwJTdDJTIwTm9vZGxlcyUyMEVzc2VudGlhbHMlMkYxOTA1NSUyMiUyQyUyMmNhcm91c2VsTmFtZSUyMiUzQSUyMiUyMiUyQyUyMmNvbGxlY3Rpb25JZCUyMiUzQSUyMjE5MDU1JTIyJTJDJTIyaW5kZXhDbGlja2VkJTIyJTNBNjElN0Q,https://images.mango-prod.siammakro.cloud/SOURCE/752cb769624c49d4ae52039bc42442a0,หมูแชมป์ ลูกชิ้นหมู 900 ก.,฿,129.,฿ 145.00,-11%,
https://www.makro.pro/th/p/pvousti-7275729420483?info=JTdCJTIycGFnZVNsdWclMjIlM0ElMjJGcmVzaCUyME92ZXJsb2FkJTIwJTdDJTIwTm9vZGxlcyUyMEVzc2VudGlhbHMlMkYxOTA1NSUyMiUyQyUyMmNhcm91c2VsTmFtZSUyMiUzQSUyMiUyMiUyQyUyMmNvbGxlY3Rpb25JZCUyMiUzQSUyMjE5MDU1JTIyJTJDJTIyaW5kZXhDbGlja2VkJTIyJTNBNjIlN0Q,https://images.mango-prod.siammakro.cloud/SOURCE/c478837389ec4a22ae7d4bbfd92a2bde,โมคิ บุกม้วน 2 กก.,"฿

199.

00",฿,,,
https://www.makro.pro/th/p/0ae5n4q-7275727323331?info=JTdCJTIycGFnZVNsdWclMjIlM0ElMjJGcmVzaCUyME92ZXJsb2FkJTIwJTdDJTIwTm9vZGxlcyUyMEVzc2VudGlhbHMlMkYxOTA1NSUyMiUyQyUyMmNhcm91c2VsTmFtZSUyMiUzQSUyMiUyMiUyQyUyMmNvbGxlY3Rpb25JZCUyMiUzQSUyMjE5MDU1JTIyJTJDJTIyaW5kZXhDbGlja2VkJTIyJTNBNjMlN0Q,https://images.mango-prod.siammakro.cloud/SOURCE/5df852d9db434cac944dafc2138624ac,บะหมี่บางกอก แผ่นเกี๊ยวเหลือง 500 ก.,"฿

39.

00",฿,,,
https://www.makro.pro/th/p/bxaoej-6974647206083?info=JTdCJTIycGFnZVNsdWclMjIlM0ElMjJGcmVzaCUyME92ZXJsb2FkJTIwJTdDJTIwTm9vZGxlcyUyMEVzc2VudGlhbHMlMkYxOTA1NSUyMiUyQyUyMmNhcm91c2VsTmFtZSUyMiUzQSUyMiUyMiUyQyUyMmNvbGxlY3Rpb25JZCUyMiUzQSUyMjE5MDU1JTIyJTJDJTIyaW5kZXhDbGlja2VkJTIyJTNBNjQlN0Q,https://images.mango-prod.siammakro.cloud/product-images/6974647206083-43145d4d-af0a-48d2-baa7-dde2b5e4ff19.jpeg?imageMogr2/thumbnail/300x300,เอโร่ ลูกชิ้นปลากลมขนาดใหญ่ 800 ก.,฿,109.,฿ 115.00,-5%,
https://www.makro.pro/th/p/woi-cj5-7275736563907?info=JTdCJTIycGFnZVNsdWclMjIlM0ElMjJGcmVzaCUyME92ZXJsb2FkJTIwJTdDJTIwTm9vZGxlcyUyMEVzc2VudGlhbHMlMkYxOTA1NSUyMiUyQyUyMmNhcm91c2VsTmFtZSUyMiUzQSUyMiUyMiUyQyUyMmNvbGxlY3Rpb25JZCUyMiUzQSUyMjE5MDU1JTIyJTJDJTIyaW5kZXhDbGlja2VkJTIyJTNBNjUlN0Q,https://images.mango-prod.siammakro.cloud/SOURCE/baee4e185e3247e4b5bd5e16cc899e17,กิเลนคู่ เส้นเล็กเหนียวนุ่ม 1 กก.,฿,35.,฿ 37.00,-5%,
https://www.makro.pro/th/p/mso2nmw-7204375331011?info=JTdCJTIycGFnZVNsdWclMjIlM0ElMjJGcmVzaCUyME92ZXJsb2FkJTIwJTdDJTIwTm9vZGxlcyUyMEVzc2VudGlhbHMlMkYxOTA1NSUyMiUyQyUyMmNhcm91c2VsTmFtZSUyMiUzQSUyMiUyMiUyQyUyMmNvbGxlY3Rpb25JZCUyMiUzQSUyMjE5MDU1JTIyJTJDJTIyaW5kZXhDbGlja2VkJTIyJTNBNjYlN0Q,https://images.mango-prod.siammakro.cloud/SOURCE/2e3c1ce08f2f4f2f9263fb55c13d5208,จีเอสบี ลูกชิ้นไก่ 1 กก.,฿,77.,฿ 79.00,-2%,
https://www.makro.pro/th/p/puo_40q-7204434444483?info=JTdCJTIycGFnZVNsdWclMjIlM0ElMjJGcmVzaCUyME92ZXJsb2FkJTIwJTdDJTIwTm9vZGxlcyUyMEVzc2VudGlhbHMlMkYxOTA1NSUyMiUyQyUyMmNhcm91c2VsTmFtZSUyMiUzQSUyMiUyMiUyQyUyMmNvbGxlY3Rpb25JZCUyMiUzQSUyMjE5MDU1JTIyJTJDJTIyaW5kZXhDbGlja2VkJTIyJTNBNjclN0Q,https://images.mango-prod.siammakro.cloud/SOURCE/e98df274aa964971b3b6bb3b17a00475,เจ้ควิก เต้าหู้ขาวแข็ง 180 ก.,"฿

21.

00",฿,,,
https://www.makro.pro/th/p/qqgveph-7275736596675?info=JTdCJTIycGFnZVNsdWclMjIlM0ElMjJGcmVzaCUyME92ZXJsb2FkJTIwJTdDJTIwTm9vZGxlcyUyMEVzc2VudGlhbHMlMkYxOTA1NSUyMiUyQyUyMmNhcm91c2VsTmFtZSUyMiUzQSUyMiUyMiUyQyUyMmNvbGxlY3Rpb25JZCUyMiUzQSUyMjE5MDU1JTIyJTJDJTIyaW5kZXhDbGlja2VkJTIyJTNBNjglN0Q,https://images.mango-prod.siammakro.cloud/product-images/7275736596675-97eccedd-96cd-41aa-ae12-acc89c5bae02.jpeg?imageMogr2/thumbnail/300x300,กิเลนคู่ ก๋วยเตี๋ยวเส้นเล็ก 1 กก.,฿,35.,฿ 37.00,-5%,
https://www.makro.pro/th/p/e1hhncs-7078805274819?info=JTdCJTIycGFnZVNsdWclMjIlM0ElMjJGcmVzaCUyME92ZXJsb2FkJTIwJTdDJTIwTm9vZGxlcyUyMEVzc2VudGlhbHMlMkYxOTA1NSUyMiUyQyUyMmNhcm91c2VsTmFtZSUyMiUzQSUyMiUyMiUyQyUyMmNvbGxlY3Rpb25JZCUyMiUzQSUyMjE5MDU1JTIyJTJDJTIyaW5kZXhDbGlja2VkJTIyJTNBNjklN0Q,https://images.mango-prod.siammakro.cloud/SOURCE/b65c866e661549fd9d785c6dcbe79c8d,โฮเด้ง ลูกชิ้นหมู 1 กก.,"฿

270.

00",฿,,,
https://www.makro.pro/th/p/x-vmaba-7204397318339?info=JTdCJTIycGFnZVNsdWclMjIlM0ElMjJGcmVzaCUyME92ZXJsb2FkJTIwJTdDJTIwTm9vZGxlcyUyMEVzc2VudGlhbHMlMkYxOTA1NSUyMiUyQyUyMmNhcm91c2VsTmFtZSUyMiUzQSUyMiUyMiUyQyUyMmNvbGxlY3Rpb25JZCUyMiUzQSUyMjE5MDU1JTIyJTJDJTIyaW5kZXhDbGlja2VkJTIyJTNBNzAlN0Q,https://images.mango-prod.siammakro.cloud/product-images/7204397318339-951a735c-a484-4f0f-b86a-954f9a1e3865.jpeg?imageMogr2/thumbnail/300x300,เอโร่ ปลาเส้นทอด 1 กก.,฿,119.,฿ 129.00,-7%,
https://www.makro.pro/th/p/2iae8wv-7204434084035?info=JTdCJTIycGFnZVNsdWclMjIlM0ElMjJGcmVzaCUyME92ZXJsb2FkJTIwJTdDJTIwTm9vZGxlcyUyMEVzc2VudGlhbHMlMkYxOTA1NSUyMiUyQyUyMmNhcm91c2VsTmFtZSUyMiUzQSUyMiUyMiUyQyUyMmNvbGxlY3Rpb25JZCUyMiUzQSUyMjE5MDU1JTIyJTJDJTIyaW5kZXhDbGlja2VkJTIyJTNBNzElN0Q,https://images.mango-prod.siammakro.cloud/SOURCE/515a76d441ac43689effc380f8d83d2b,คุณเฮง เต้าหู้ขาวแข็งทอด 200 ก.,"฿

51.

00",฿,,,
https://www.makro.pro/th/p/dwmpvv-7204434706627?info=JTdCJTIycGFnZVNsdWclMjIlM0ElMjJGcmVzaCUyME92ZXJsb2FkJTIwJTdDJTIwTm9vZGxlcyUyMEVzc2VudGlhbHMlMkYxOTA1NSUyMiUyQyUyMmNhcm91c2VsTmFtZSUyMiUzQSUyMiUyMiUyQyUyMmNvbGxlY3Rpb25JZCUyMiUzQSUyMjE5MDU1JTIyJTJDJTIyaW5kZXhDbGlja2VkJTIyJTNBNzIlN0Q,https://images.mango-prod.siammakro.cloud/product-images/7204434706627-3ce02231-7e99-4421-b10a-cdad9a8f2a64.jpeg?imageMogr2/thumbnail/300x300,โมคิ คิวเต้าหู้ 300 ก.,"฿

42.

00",฿,,,
https://www.makro.pro/th/p/znwuea9-7204435067075?info=JTdCJTIycGFnZVNsdWclMjIlM0ElMjJGcmVzaCUyME92ZXJsb2FkJTIwJTdDJTIwTm9vZGxlcyUyMEVzc2VudGlhbHMlMkYxOTA1NSUyMiUyQyUyMmNhcm91c2VsTmFtZSUyMiUzQSUyMiUyMiUyQyUyMmNvbGxlY3Rpb25JZCUyMiUzQSUyMjE5MDU1JTIyJTJDJTIyaW5kZXhDbGlja2VkJTIyJTNBNzMlN0Q,https://images.mango-prod.siammakro.cloud/SOURCE/b963ae90d89f41089d974290f2fb3bd4,เจ้ควิก เต้าหู้เหลืองแข็ง 180 ก.,"฿

21.

00",฿,,,
https://www.makro.pro/th/p/wtvm4bu-6974644945091?info=JTdCJTIycGFnZVNsdWclMjIlM0ElMjJGcmVzaCUyME92ZXJsb2FkJTIwJTdDJTIwTm9vZGxlcyUyMEVzc2VudGlhbHMlMkYxOTA1NSUyMiUyQyUyMmNhcm91c2VsTmFtZSUyMiUzQSUyMiUyMiUyQyUyMmNvbGxlY3Rpb25JZCUyMiUzQSUyMjE5MDU1JTIyJTJDJTIyaW5kZXhDbGlja2VkJTIyJTNBNzQlN0Q,https://images.mango-prod.siammakro.cloud/product-images/6974644945091-21cdbca4-1007-4fac-a34b-50cd5f8a6f8b.jpeg?imageMogr2/thumbnail/300x300,เส้นสด ก๋วยเตี๋ยวเส้นใหญ่ แผ่น 1 กก.,฿,34.,฿ 36.00,-5%,
https://www.makro.pro/th/p/48Mcmzc-271467412465393?info=JTdCJTIycGFnZVNsdWclMjIlM0ElMjJGcmVzaCUyME92ZXJsb2FkJTIwJTdDJTIwTm9vZGxlcyUyMEVzc2VudGlhbHMlMkYxOTA1NSUyMiUyQyUyMmNhcm91c2VsTmFtZSUyMiUzQSUyMiUyMiUyQyUyMmNvbGxlY3Rpb25JZCUyMiUzQSUyMjE5MDU1JTIyJTJDJTIyaW5kZXhDbGlja2VkJTIyJTNBNzUlN0Q,https://images.mango-prod.siammakro.cloud/SOURCE/ea424a72b86545749976ee9027928d33,ลูกชิ้นทิพย์ หมู+ไก่ สุดคุ้ม 1 กก.,"฿

125.

00",฿,,,
https://www.makro.pro/th/p/deep_ri-7204397875395?info=JTdCJTIycGFnZVNsdWclMjIlM0ElMjJGcmVzaCUyME92ZXJsb2FkJTIwJTdDJTIwTm9vZGxlcyUyMEVzc2VudGlhbHMlMkYxOTA1NSUyMiUyQyUyMmNhcm91c2VsTmFtZSUyMiUzQSUyMiUyMiUyQyUyMmNvbGxlY3Rpb25JZCUyMiUzQSUyMjE5MDU1JTIyJTJDJTIyaW5kZXhDbGlja2VkJTIyJTNBNzYlN0Q,https://images.mango-prod.siammakro.cloud/SOURCE/8db285bda1c3491380baf572f2dea397,เอโร่ ลูกชิ้นหมูผสมไก่ 1 กก.,"฿

129.

00",฿,,,
https://www.makro.pro/th/p/8_qb2z0-7115335368899?info=JTdCJTIycGFnZVNsdWclMjIlM0ElMjJGcmVzaCUyME92ZXJsb2FkJTIwJTdDJTIwTm9vZGxlcyUyMEVzc2VudGlhbHMlMkYxOTA1NSUyMiUyQyUyMmNhcm91c2VsTmFtZSUyMiUzQSUyMiUyMiUyQyUyMmNvbGxlY3Rpb25JZCUyMiUzQSUyMjE5MDU1JTIyJTJDJTIyaW5kZXhDbGlja2VkJTIyJTNBNzclN0Q,https://images.mango-prod.siammakro.cloud/product-images/7115335368899-cc2d6170-b8f9-47e1-aba4-605aabf4a543.jpeg?imageMogr2/thumbnail/300x300,เอโร่ ลูกชิ้นปลาผสมเนื้อกุ้งทอด 1 กก.,"฿

129.

00",฿,,,
https://www.makro.pro/th/p/y3hei3z-7416131518659?info=JTdCJTIycGFnZVNsdWclMjIlM0ElMjJGcmVzaCUyME92ZXJsb2FkJTIwJTdDJTIwTm9vZGxlcyUyMEVzc2VudGlhbHMlMkYxOTA1NSUyMiUyQyUyMmNhcm91c2VsTmFtZSUyMiUzQSUyMiUyMiUyQyUyMmNvbGxlY3Rpb25JZCUyMiUzQSUyMjE5MDU1JTIyJTJDJTIyaW5kZXhDbGlja2VkJTIyJTNBNzglN0Q,https://images.mango-prod.siammakro.cloud/SOURCE/9d6f43797a56488e84816314baae3dc6,ลูกชิ้นปลาสอดไส้สลัดกุ้งแช่แข็ง 500 กรัม,฿,109.,฿ 125.00,-12%,
https://www.makro.pro/th/p/hdvc67o-7497569468611?info=JTdCJTIycGFnZVNsdWclMjIlM0ElMjJGcmVzaCUyME92ZXJsb2FkJTIwJTdDJTIwTm9vZGxlcyUyMEVzc2VudGlhbHMlMkYxOTA1NSUyMiUyQyUyMmNhcm91c2VsTmFtZSUyMiUzQSUyMiUyMiUyQyUyMmNvbGxlY3Rpb25JZCUyMiUzQSUyMjE5MDU1JTIyJTJDJTIyaW5kZXhDbGlja2VkJTIyJTNBNzklN0Q,https://images.mango-prod.siammakro.cloud/SOURCE/5f360ef0b13b4be08dd7b02dd07dabc8,เจ้ควิก เต้าหู้เหลืองแข็ง 180 ก.,"฿

21.

00",฿,,,
https://www.makro.pro/th/p/dcuhhlv-7275728994499?info=JTdCJTIycGFnZVNsdWclMjIlM0ElMjJGcmVzaCUyME92ZXJsb2FkJTIwJTdDJTIwTm9vZGxlcyUyMEVzc2VudGlhbHMlMkYxOTA1NSUyMiUyQyUyMmNhcm91c2VsTmFtZSUyMiUzQSUyMiUyMiUyQyUyMmNvbGxlY3Rpb25JZCUyMiUzQSUyMjE5MDU1JTIyJTJDJTIyaW5kZXhDbGlja2VkJTIyJTNBODAlN0Q,https://images.mango-prod.siammakro.cloud/SOURCE/7fc992fac43f4e72a615d20c1517d278,บะหมี่บางกอก บะหมี่เหลือง 1 กก.,"฿

74.

00",฿,,,
https://www.makro.pro/th/p/vmrjatc-7275727749315?info=JTdCJTIycGFnZVNsdWclMjIlM0ElMjJGcmVzaCUyME92ZXJsb2FkJTIwJTdDJTIwTm9vZGxlcyUyMEVzc2VudGlhbHMlMkYxOTA1NSUyMiUyQyUyMmNhcm91c2VsTmFtZSUyMiUzQSUyMiUyMiUyQyUyMmNvbGxlY3Rpb25JZCUyMiUzQSUyMjE5MDU1JTIyJTJDJTIyaW5kZXhDbGlja2VkJTIyJTNBODElN0Q,https://images.mango-prod.siammakro.cloud/SOURCE/5596183db151406fb8ac94043a28e839,เกาลูน วุ้นเส้นเกาหลี 500 ก.,"฿

29.

00",฿,,,
https://www.makro.pro/th/p/47scxu6-7275727454403?info=JTdCJTIycGFnZVNsdWclMjIlM0ElMjJGcmVzaCUyME92ZXJsb2FkJTIwJTdDJTIwTm9vZGxlcyUyMEVzc2VudGlhbHMlMkYxOTA1NSUyMiUyQyUyMmNhcm91c2VsTmFtZSUyMiUzQSUyMiUyMiUyQyUyMmNvbGxlY3Rpb25JZCUyMiUzQSUyMjE5MDU1JTIyJTJDJTIyaW5kZXhDbGlja2VkJTIyJTNBODIlN0Q,https://images.mango-prod.siammakro.cloud/product-images/7275727454403-f9c36ab0-dafe-4def-a80a-199a178b16d1.jpeg?imageMogr2/thumbnail/300x300,กิเลนคู่ เส้นเล็กฝอย 1 กก.,฿,35.,฿ 37.00,-5%,
https://www.makro.pro/th/p/Ykr1dDp-464160921937859?info=JTdCJTIycGFnZVNsdWclMjIlM0ElMjJGcmVzaCUyME92ZXJsb2FkJTIwJTdDJTIwTm9vZGxlcyUyMEVzc2VudGlhbHMlMkYxOTA1NSUyMiUyQyUyMmNhcm91c2VsTmFtZSUyMiUzQSUyMiUyMiUyQyUyMmNvbGxlY3Rpb25JZCUyMiUzQSUyMjE5MDU1JTIyJTJDJTIyaW5kZXhDbGlja2VkJTIyJTNBODMlN0Q,https://images.mango-prod.siammakro.cloud/SOURCE/9bbbc7b1e6db491a88b74471c0879fbf,ลูกชิ้นทิพย์ เอ็นหมู สุดคุ้ม 1 กก.,"฿

125.

00",฿,,,
https://www.makro.pro/th/p/yhe-_dp-6974656250051?info=JTdCJTIycGFnZVNsdWclMjIlM0ElMjJGcmVzaCUyME92ZXJsb2FkJTIwJTdDJTIwTm9vZGxlcyUyMEVzc2VudGlhbHMlMkYxOTA1NSUyMiUyQyUyMmNhcm91c2VsTmFtZSUyMiUzQSUyMiUyMiUyQyUyMmNvbGxlY3Rpb25JZCUyMiUzQSUyMjE5MDU1JTIyJTJDJTIyaW5kZXhDbGlja2VkJTIyJTNBODQlN0Q,https://images.mango-prod.siammakro.cloud/product-images/6974656250051-ac9fe6b8-9d9f-423b-a272-3419cb0fb597.jpeg?imageMogr2/thumbnail/300x300,เอโร่ ลูกชิ้นปลารักบี้ 800 ก.,"฿

115.

00",฿,,,
https://www.makro.pro/th/p/g1ssh6i-7204397940931?info=JTdCJTIycGFnZVNsdWclMjIlM0ElMjJGcmVzaCUyME92ZXJsb2FkJTIwJTdDJTIwTm9vZGxlcyUyMEVzc2VudGlhbHMlMkYxOTA1NSUyMiUyQyUyMmNhcm91c2VsTmFtZSUyMiUzQSUyMiUyMiUyQyUyMmNvbGxlY3Rpb25JZCUyMiUzQSUyMjE5MDU1JTIyJTJDJTIyaW5kZXhDbGlja2VkJTIyJTNBODUlN0Q,https://images.mango-prod.siammakro.cloud/SOURCE/97da558f45e04893968d27b14cd8535b,โกเด้ง ลูกชิ้นเนื้อ 1 กก.,"฿

299.

00",฿,,,
https://www.makro.pro/th/p/qd_jlpl-7275736924355?info=JTdCJTIycGFnZVNsdWclMjIlM0ElMjJGcmVzaCUyME92ZXJsb2FkJTIwJTdDJTIwTm9vZGxlcyUyMEVzc2VudGlhbHMlMkYxOTA1NSUyMiUyQyUyMmNhcm91c2VsTmFtZSUyMiUzQSUyMiUyMiUyQyUyMmNvbGxlY3Rpb25JZCUyMiUzQSUyMjE5MDU1JTIyJTJDJTIyaW5kZXhDbGlja2VkJTIyJTNBODYlN0Q,https://images.mango-prod.siammakro.cloud/SOURCE/daca3640f7e44f209c83746bfbd5317b,โมคิ บุกเส้นกลม 2 กก.,"฿

129.

00",฿,,,
https://www.makro.pro/th/p/6CfQOfVE-412781119080605?info=JTdCJTIycGFnZVNsdWclMjIlM0ElMjJGcmVzaCUyME92ZXJsb2FkJTIwJTdDJTIwTm9vZGxlcyUyMEVzc2VudGlhbHMlMkYxOTA1NSUyMiUyQyUyMmNhcm91c2VsTmFtZSUyMiUzQSUyMiUyMiUyQyUyMmNvbGxlY3Rpb25JZCUyMiUzQSUyMjE5MDU1JTIyJTJDJTIyaW5kZXhDbGlja2VkJTIyJTNBODclN0Q,https://images.mango-prod.siammakro.cloud/product-images/412781119080605-7e3d4fe3-bc4b-4bfd-8857-a514397f8d9f.jpeg?imageMogr2/thumbnail/300x300,เส้นสด ก๋วยเตี๋ยวเส้นใหญ่(เส้นกลาง) 1 กก.,"฿

36.

00",฿,,,
https://www.makro.pro/th/p/n70v3yv-7352877285571?info=JTdCJTIycGFnZVNsdWclMjIlM0ElMjJGcmVzaCUyME92ZXJsb2FkJTIwJTdDJTIwTm9vZGxlcyUyMEVzc2VudGlhbHMlMkYxOTA1NSUyMiUyQyUyMmNhcm91c2VsTmFtZSUyMiUzQSUyMiUyMiUyQyUyMmNvbGxlY3Rpb25JZCUyMiUzQSUyMjE5MDU1JTIyJTJDJTIyaW5kZXhDbGlja2VkJTIyJTNBODglN0Q,https://images.mango-prod.siammakro.cloud/SOURCE/d552abd158a64b0f8d0f0b789ca0394a,พี.เอฟ.พี เต้าหู้ปลาแผ่น 1 กก.,"฿

155.

00",฿,,,
https://www.makro.pro/th/p/fl8-ca4-7352878432451?info=JTdCJTIycGFnZVNsdWclMjIlM0ElMjJGcmVzaCUyME92ZXJsb2FkJTIwJTdDJTIwTm9vZGxlcyUyMEVzc2VudGlhbHMlMkYxOTA1NSUyMiUyQyUyMmNhcm91c2VsTmFtZSUyMiUzQSUyMiUyMiUyQyUyMmNvbGxlY3Rpb25JZCUyMiUzQSUyMjE5MDU1JTIyJTJDJTIyaW5kZXhDbGlja2VkJTIyJTNBODklN0Q,https://images.mango-prod.siammakro.cloud/product-images/7352878432451-b767c9cc-9214-4429-ba74-760db929bde6.jpeg?imageMogr2/thumbnail/300x300,พี.เอฟ.พี ปลาม้วนไส้ไข่เค็ม 500 ก.,"฿

129.

00",฿,,,
https://www.makro.pro/th/p/OHPKM2i-809364111785712?info=JTdCJTIycGFnZVNsdWclMjIlM0ElMjJGcmVzaCUyME92ZXJsb2FkJTIwJTdDJTIwTm9vZGxlcyUyMEVzc2VudGlhbHMlMkYxOTA1NSUyMiUyQyUyMmNhcm91c2VsTmFtZSUyMiUzQSUyMiUyMiUyQyUyMmNvbGxlY3Rpb25JZCUyMiUzQSUyMjE5MDU1JTIyJTJDJTIyaW5kZXhDbGlja2VkJTIyJTNBOTAlN0Q,https://images.mango-prod.siammakro.cloud/SOURCE/384d8c9da80b4046a8c03d1fca56c2d7,เอโร่ ลูกชิ้นปลาบัวลอย 800 ก.,"฿

123.

00",฿,,,
https://www.makro.pro/th/p/w-kmznf-6974757994691?info=JTdCJTIycGFnZVNsdWclMjIlM0ElMjJGcmVzaCUyME92ZXJsb2FkJTIwJTdDJTIwTm9vZGxlcyUyMEVzc2VudGlhbHMlMkYxOTA1NSUyMiUyQyUyMmNhcm91c2VsTmFtZSUyMiUzQSUyMiUyMiUyQyUyMmNvbGxlY3Rpb25JZCUyMiUzQSUyMjE5MDU1JTIyJTJDJTIyaW5kZXhDbGlja2VkJTIyJTNBOTElN0Q,https://images.mango-prod.siammakro.cloud/SOURCE/622326814f934ab2a2ff244b1944cb9d,ทรีเลดี้ แผ่นใบเมี่ยงเวียดนามแบบกลม 340 ก.,"฿

72.

00",฿,,,
https://www.makro.pro/th/p/e55qzzo-7115335893187?info=JTdCJTIycGFnZVNsdWclMjIlM0ElMjJGcmVzaCUyME92ZXJsb2FkJTIwJTdDJTIwTm9vZGxlcyUyMEVzc2VudGlhbHMlMkYxOTA1NSUyMiUyQyUyMmNhcm91c2VsTmFtZSUyMiUzQSUyMiUyMiUyQyUyMmNvbGxlY3Rpb25JZCUyMiUzQSUyMjE5MDU1JTIyJTJDJTIyaW5kZXhDbGlja2VkJTIyJTNBOTIlN0Q,https://images.mango-prod.siammakro.cloud/SOURCE/08388b755bdd4869be0d28313996e6ce,พี.เอฟ.พี เต้าหู้ปลารูปติ่มซํา 1 กก.,"฿

169.

00",฿,,,
https://www.makro.pro/th/p/iovqtbh-7275737448643?info=JTdCJTIycGFnZVNsdWclMjIlM0ElMjJGcmVzaCUyME92ZXJsb2FkJTIwJTdDJTIwTm9vZGxlcyUyMEVzc2VudGlhbHMlMkYxOTA1NSUyMiUyQyUyMmNhcm91c2VsTmFtZSUyMiUzQSUyMiUyMiUyQyUyMmNvbGxlY3Rpb25JZCUyMiUzQSUyMjE5MDU1JTIyJTJDJTIyaW5kZXhDbGlja2VkJTIyJTNBOTMlN0Q,https://images.mango-prod.siammakro.cloud/product-images/7275737448643-05b72c83-557a-44bf-b68b-63fb1cc8fd1a.jpeg?imageMogr2/thumbnail/300x300,ไทเป บะหมี่ไข่ 400 ก.,"฿

27.

00",฿,,,
https://www.makro.pro/th/p/hudbhq0-7497584083139?info=JTdCJTIycGFnZVNsdWclMjIlM0ElMjJGcmVzaCUyME92ZXJsb2FkJTIwJTdDJTIwTm9vZGxlcyUyMEVzc2VudGlhbHMlMkYxOTA1NSUyMiUyQyUyMmNhcm91c2VsTmFtZSUyMiUzQSUyMiUyMiUyQyUyMmNvbGxlY3Rpb25JZCUyMiUzQSUyMjE5MDU1JTIyJTJDJTIyaW5kZXhDbGlja2VkJTIyJTNBOTQlN0Q,https://images.mango-prod.siammakro.cloud/SOURCE/27afd7ac87bf499797c9bf8432be6fb4,เส้นเงิน บะหมี่ไข่สูตรผักโขม 500 กรัม,"฿

44.

00",฿,,,
https://www.makro.pro/th/p/l9_kne6-7204434641091?info=JTdCJTIycGFnZVNsdWclMjIlM0ElMjJGcmVzaCUyME92ZXJsb2FkJTIwJTdDJTIwTm9vZGxlcyUyMEVzc2VudGlhbHMlMkYxOTA1NSUyMiUyQyUyMmNhcm91c2VsTmFtZSUyMiUzQSUyMiUyMiUyQyUyMmNvbGxlY3Rpb25JZCUyMiUzQSUyMjE5MDU1JTIyJTJDJTIyaW5kZXhDbGlja2VkJTIyJTNBOTUlN0Q,https://images.mango-prod.siammakro.cloud/SOURCE/96000784482842af8b0b36d5076e22e3,โมคิ เต้าหู้ผสมเห็ดหอม 300 ก.,"฿

47.

00",฿,,,
https://www.makro.pro/th/p/8awvxuk-7115336220867?info=JTdCJTIycGFnZVNsdWclMjIlM0ElMjJGcmVzaCUyME92ZXJsb2FkJTIwJTdDJTIwTm9vZGxlcyUyMEVzc2VudGlhbHMlMkYxOTA1NSUyMiUyQyUyMmNhcm91c2VsTmFtZSUyMiUzQSUyMiUyMiUyQyUyMmNvbGxlY3Rpb25JZCUyMiUzQSUyMjE5MDU1JTIyJTJDJTIyaW5kZXhDbGlja2VkJTIyJTNBOTYlN0Q,https://images.mango-prod.siammakro.cloud/SOURCE/ab03b49fe82546d19a9edb59cfe48790,ดารายะ ลูกชิ้นปลา ไส้ไข่ปลา 500 ก.,"฿

135.

00",฿,,,
https://www.makro.pro/th/p/7dahMcB-538434975826873?info=JTdCJTIycGFnZVNsdWclMjIlM0ElMjJGcmVzaCUyME92ZXJsb2FkJTIwJTdDJTIwTm9vZGxlcyUyMEVzc2VudGlhbHMlMkYxOTA1NSUyMiUyQyUyMmNhcm91c2VsTmFtZSUyMiUzQSUyMiUyMiUyQyUyMmNvbGxlY3Rpb25JZCUyMiUzQSUyMjE5MDU1JTIyJTJDJTIyaW5kZXhDbGlja2VkJTIyJTNBOTclN0Q,https://images.mango-prod.siammakro.cloud/SOURCE/f8745013f43349c9885dba724bec7094,โมคิ บุกรูปไข่สไลด์ 1000 กรัม,"฿

74.

00",฿,,,
https://www.makro.pro/th/p/qhzyevr-7275736727747?info=JTdCJTIycGFnZVNsdWclMjIlM0ElMjJGcmVzaCUyME92ZXJsb2FkJTIwJTdDJTIwTm9vZGxlcyUyMEVzc2VudGlhbHMlMkYxOTA1NSUyMiUyQyUyMmNhcm91c2VsTmFtZSUyMiUzQSUyMiUyMiUyQyUyMmNvbGxlY3Rpb25JZCUyMiUzQSUyMjE5MDU1JTIyJTJDJTIyaW5kZXhDbGlja2VkJTIyJTNBOTglN0Q,https://images.mango-prod.siammakro.cloud/SOURCE/69f08abfa56144bd9ab620979dc92d6c,โบราณ แผ่นใบเมี่ยงเวียดนาม แบบวงกลม 16 ซม. 300 ก.,"฿

69.

00",฿,,,
https://www.makro.pro/th/p/4bqv1g1-6974682235075?info=JTdCJTIycGFnZVNsdWclMjIlM0ElMjJGcmVzaCUyME92ZXJsb2FkJTIwJTdDJTIwTm9vZGxlcyUyMEVzc2VudGlhbHMlMkYxOTA1NSUyMiUyQyUyMmNhcm91c2VsTmFtZSUyMiUzQSUyMiUyMiUyQyUyMmNvbGxlY3Rpb25JZCUyMiUzQSUyMjE5MDU1JTIyJTJDJTIyaW5kZXhDbGlja2VkJTIyJTNBOTklN0Q,https://images.mango-prod.siammakro.cloud/product-images/6974682235075-1b90689d-a0d3-444c-9bcb-a8940586908f.jpeg?imageMogr2/thumbnail/300x300,เอโร่ ปลาเส้นต้ม 800 ก.,"฿

119.

00",฿,,,
https://www.makro.pro/th/p/9dHCW-TL-691571960193934?info=JTdCJTIycGFnZVNsdWclMjIlM0ElMjJGcmVzaCUyME92ZXJsb2FkJTIwJTdDJTIwTm9vZGxlcyUyMEVzc2VudGlhbHMlMkYxOTA1NSUyMiUyQyUyMmNhcm91c2VsTmFtZSUyMiUzQSUyMiUyMiUyQyUyMmNvbGxlY3Rpb25JZCUyMiUzQSUyMjE5MDU1JTIyJTJDJTIyaW5kZXhDbGlja2VkJTIyJTNBMTAwJTdE,https://images.mango-prod.siammakro.cloud/product-images/691571960193934-dc182e87-bbdf-4130-8929-c0d94c7537c4.jpeg?imageMogr2/thumbnail/300x300,ทวีวงษ์ เปาทูโทนไส้ไข่กุ้ง 500 ก.,฿,123.,฿ 129.00,-4%,
https://www.makro.pro/th/p/7c4bkqp-7196426305731?info=JTdCJTIycGFnZVNsdWclMjIlM0ElMjJGcmVzaCUyME92ZXJsb2FkJTIwJTdDJTIwTm9vZGxlcyUyMEVzc2VudGlhbHMlMkYxOTA1NSUyMiUyQyUyMmNhcm91c2VsTmFtZSUyMiUzQSUyMiUyMiUyQyUyMmNvbGxlY3Rpb25JZCUyMiUzQSUyMjE5MDU1JTIyJTJDJTIyaW5kZXhDbGlja2VkJTIyJTNBMTAxJTdE,https://images.mango-prod.siammakro.cloud/product-images/7196426305731-81277e1b-708e-4e33-bfe7-121cca9a1824.jpeg?imageMogr2/thumbnail/300x300,ซีพี ไข่ขาวพร้อมทาน 100 ก. x 5,฿,58.,฿ 60.00,-3%,
https://www.makro.pro/th/p/sirbir6-7204398104771?info=JTdCJTIycGFnZVNsdWclMjIlM0ElMjJGcmVzaCUyME92ZXJsb2FkJTIwJTdDJTIwTm9vZGxlcyUyMEVzc2VudGlhbHMlMkYxOTA1NSUyMiUyQyUyMmNhcm91c2VsTmFtZSUyMiUzQSUyMiUyMiUyQyUyMmNvbGxlY3Rpb25JZCUyMiUzQSUyMjE5MDU1JTIyJTJDJTIyaW5kZXhDbGlja2VkJTIyJTNBMTAyJTdE,https://images.mango-prod.siammakro.cloud/SOURCE/7a41ec5b7df84481848d7c28fd7fb7d2,โกเด้ง ลูกชิ้นเอ็นเนื้อ 1 กก.,"฿

299.

00",฿,,,
https://www.makro.pro/th/p/73vkhyc-7352879087811?info=JTdCJTIycGFnZVNsdWclMjIlM0ElMjJGcmVzaCUyME92ZXJsb2FkJTIwJTdDJTIwTm9vZGxlcyUyMEVzc2VudGlhbHMlMkYxOTA1NSUyMiUyQyUyMmNhcm91c2VsTmFtZSUyMiUzQSUyMiUyMiUyQyUyMmNvbGxlY3Rpb25JZCUyMiUzQSUyMjE5MDU1JTIyJTJDJTIyaW5kZXhDbGlja2VkJTIyJTNBMTAzJTdE,https://images.mango-prod.siammakro.cloud/SOURCE/7de25f9a4ada4622b727e65cb48de084,ลูกชิ้นปลาสอดไส้ไข่ปลา 500 ก.,฿,109.,฿ 125.00,-12%,
https://www.makro.pro/th/p/6iepjph-7275727814851?info=JTdCJTIycGFnZVNsdWclMjIlM0ElMjJGcmVzaCUyME92ZXJsb2FkJTIwJTdDJTIwTm9vZGxlcyUyMEVzc2VudGlhbHMlMkYxOTA1NSUyMiUyQyUyMmNhcm91c2VsTmFtZSUyMiUzQSUyMiUyMiUyQyUyMmNvbGxlY3Rpb25JZCUyMiUzQSUyMjE5MDU1JTIyJTJDJTIyaW5kZXhDbGlja2VkJTIyJTNBMTA0JTdE,https://images.mango-prod.siammakro.cloud/SOURCE/7acd660d928b45638d5e0aa77f43115e,โมคิ บุกรูปผ้าขี้ริ้ว 1 กก.,"฿

72.

00",฿,,,
https://www.makro.pro/th/p/7EnVTzcd-793325440009672?info=JTdCJTIycGFnZVNsdWclMjIlM0ElMjJGcmVzaCUyME92ZXJsb2FkJTIwJTdDJTIwTm9vZGxlcyUyMEVzc2VudGlhbHMlMkYxOTA1NSUyMiUyQyUyMmNhcm91c2VsTmFtZSUyMiUzQSUyMiUyMiUyQyUyMmNvbGxlY3Rpb25JZCUyMiUzQSUyMjE5MDU1JTIyJTJDJTIyaW5kZXhDbGlja2VkJTIyJTNBMTA1JTdE,https://images.mango-prod.siammakro.cloud/product-images/793325440009672-ff298476-e571-433f-95cb-210bccb3bc35.jpeg?imageMogr2/thumbnail/300x300,มหาชัย ลูกชิ้นปลาบัวลอย สูตรเยาวราช 800 ก.,฿,106.,฿ 109.00,-2%,
https://www.makro.pro/th/p/ydnprin-7204398039235?info=JTdCJTIycGFnZVNsdWclMjIlM0ElMjJGcmVzaCUyME92ZXJsb2FkJTIwJTdDJTIwTm9vZGxlcyUyMEVzc2VudGlhbHMlMkYxOTA1NSUyMiUyQyUyMmNhcm91c2VsTmFtZSUyMiUzQSUyMiUyMiUyQyUyMmNvbGxlY3Rpb25JZCUyMiUzQSUyMjE5MDU1JTIyJTJDJTIyaW5kZXhDbGlja2VkJTIyJTNBMTA2JTdE,https://images.mango-prod.siammakro.cloud/product-images/7204398039235-0d08e0f6-49d8-4dd0-b61e-c94d4ffdf917.jpeg?imageMogr2/thumbnail/300x300,ลูกชิ้นทิพย์ ลูกชิ้นหมู 400 ก.,฿,69.,฿ 79.00,-12%,
https://www.makro.pro/th/p/seee4nj-7204396826819?info=JTdCJTIycGFnZVNsdWclMjIlM0ElMjJGcmVzaCUyME92ZXJsb2FkJTIwJTdDJTIwTm9vZGxlcyUyMEVzc2VudGlhbHMlMkYxOTA1NSUyMiUyQyUyMmNhcm91c2VsTmFtZSUyMiUzQSUyMiUyMiUyQyUyMmNvbGxlY3Rpb25JZCUyMiUzQSUyMjE5MDU1JTIyJTJDJTIyaW5kZXhDbGlja2VkJTIyJTNBMTA3JTdE,https://images.mango-prod.siammakro.cloud/SOURCE/335166fc121e4d5c91b8ea6019f410c9,แต้จิ๋ว เต้าหู้ปลา 400 ก.,฿,82.,฿ 95.00,-13%,
https://www.makro.pro/th/p/nkilyrk-7275726995651?info=JTdCJTIycGFnZVNsdWclMjIlM0ElMjJGcmVzaCUyME92ZXJsb2FkJTIwJTdDJTIwTm9vZGxlcyUyMEVzc2VudGlhbHMlMkYxOTA1NSUyMiUyQyUyMmNhcm91c2VsTmFtZSUyMiUzQSUyMiUyMiUyQyUyMmNvbGxlY3Rpb25JZCUyMiUzQSUyMjE5MDU1JTIyJTJDJTIyaW5kZXhDbGlja2VkJTIyJTNBMTA4JTdE,https://images.mango-prod.siammakro.cloud/SOURCE/3f6140d3f68b4440b8b04cb065b68bd3,เจ้ควิก ขนมจีน 1 กก.,"฿

40.

00",฿,,,
https://www.makro.pro/th/p/Paa-kUL-644497569762091?info=JTdCJTIycGFnZVNsdWclMjIlM0ElMjJGcmVzaCUyME92ZXJsb2FkJTIwJTdDJTIwTm9vZGxlcyUyMEVzc2VudGlhbHMlMkYxOTA1NSUyMiUyQyUyMmNhcm91c2VsTmFtZSUyMiUzQSUyMiUyMiUyQyUyMmNvbGxlY3Rpb25JZCUyMiUzQSUyMjE5MDU1JTIyJTJDJTIyaW5kZXhDbGlja2VkJTIyJTNBMTA5JTdE,https://images.mango-prod.siammakro.cloud/SOURCE/c3695b0806d54f84af2181b5dcb5fe86,โมคิ บุกแผ่น คล้ายปลาหมึก 2 กก.,"฿

162.

00",฿,,,
https://www.makro.pro/th/p/yczcoh8-7204397711555?info=JTdCJTIycGFnZVNsdWclMjIlM0ElMjJGcmVzaCUyME92ZXJsb2FkJTIwJTdDJTIwTm9vZGxlcyUyMEVzc2VudGlhbHMlMkYxOTA1NSUyMiUyQyUyMmNhcm91c2VsTmFtZSUyMiUzQSUyMiUyMiUyQyUyMmNvbGxlY3Rpb25JZCUyMiUzQSUyMjE5MDU1JTIyJTJDJTIyaW5kZXhDbGlja2VkJTIyJTNBMTEwJTdE,https://images.mango-prod.siammakro.cloud/SOURCE/d31e7996b27248ddae2b15d79c6e4d3f,หมูแชมป์ ลูกชิ้นเอ็นหมู 900 ก.,฿,139.,฿ 145.00,-4%,
https://www.makro.pro/th/p/z7a1cvr-7325003448515?info=JTdCJTIycGFnZVNsdWclMjIlM0ElMjJGcmVzaCUyME92ZXJsb2FkJTIwJTdDJTIwTm9vZGxlcyUyMEVzc2VudGlhbHMlMkYxOTA1NSUyMiUyQyUyMmNhcm91c2VsTmFtZSUyMiUzQSUyMiUyMiUyQyUyMmNvbGxlY3Rpb25JZCUyMiUzQSUyMjE5MDU1JTIyJTJDJTIyaW5kZXhDbGlja2VkJTIyJTNBMTExJTdE,https://images.mango-prod.siammakro.cloud/SOURCE/6d0e8dcad7564fbab530bcf0bb25a15b,นําชัยลูกชิ้นเอ็นเนื้อ 500 ก.,฿,145.,฿ 159.00,-8%,
https://www.makro.pro/th/p/zpln3he-7497578807491?info=JTdCJTIycGFnZVNsdWclMjIlM0ElMjJGcmVzaCUyME92ZXJsb2FkJTIwJTdDJTIwTm9vZGxlcyUyMEVzc2VudGlhbHMlMkYxOTA1NSUyMiUyQyUyMmNhcm91c2VsTmFtZSUyMiUzQSUyMiUyMiUyQyUyMmNvbGxlY3Rpb25JZCUyMiUzQSUyMjE5MDU1JTIyJTJDJTIyaW5kZXhDbGlja2VkJTIyJTNBMTEyJTdE,https://images.mango-prod.siammakro.cloud/SOURCE/a13e8b85ed164ebb8700f3c4722003f6,เต้าหู้ผสมงาดํา 300 กรัม,"฿

46.

00",฿,,,
https://www.makro.pro/th/p/Yu-nM8D-40872463402640?info=JTdCJTIycGFnZVNsdWclMjIlM0ElMjJGcmVzaCUyME92ZXJsb2FkJTIwJTdDJTIwTm9vZGxlcyUyMEVzc2VudGlhbHMlMkYxOTA1NSUyMiUyQyUyMmNhcm91c2VsTmFtZSUyMiUzQSUyMiUyMiUyQyUyMmNvbGxlY3Rpb25JZCUyMiUzQSUyMjE5MDU1JTIyJTJDJTIyaW5kZXhDbGlja2VkJTIyJTNBMTEzJTdE,https://images.mango-prod.siammakro.cloud/SOURCE/bba11b89759f4086a18e0055f8ef6e68,มหาชัย ทอดมันปลา 700 ก.,฿,99.,฿ 119.00,-16%,
https://www.makro.pro/th/p/1j0yRUsz-176323457288288?info=JTdCJTIycGFnZVNsdWclMjIlM0ElMjJGcmVzaCUyME92ZXJsb2FkJTIwJTdDJTIwTm9vZGxlcyUyMEVzc2VudGlhbHMlMkYxOTA1NSUyMiUyQyUyMmNhcm91c2VsTmFtZSUyMiUzQSUyMiUyMiUyQyUyMmNvbGxlY3Rpb25JZCUyMiUzQSUyMjE5MDU1JTIyJTJDJTIyaW5kZXhDbGlja2VkJTIyJTNBMTE0JTdE,https://images.mango-prod.siammakro.cloud/product-images/176323457288288-799963b3-cd7b-4f41-8a58-86d8aa5ad72d.jpeg?imageMogr2/thumbnail/300x300,รสโปรด ลูกชิ้นเนื้อวัวออสเตรเลีย เนื้อล้วน 500 ก.,฿,129.,฿ 149.00,-13%,
https://www.makro.pro/th/p/6xyvpjq-7204396794051?info=JTdCJTIycGFnZVNsdWclMjIlM0ElMjJGcmVzaCUyME92ZXJsb2FkJTIwJTdDJTIwTm9vZGxlcyUyMEVzc2VudGlhbHMlMkYxOTA1NSUyMiUyQyUyMmNhcm91c2VsTmFtZSUyMiUzQSUyMiUyMiUyQyUyMmNvbGxlY3Rpb25JZCUyMiUzQSUyMjE5MDU1JTIyJTJDJTIyaW5kZXhDbGlja2VkJTIyJTNBMTE1JTdE,https://images.mango-prod.siammakro.cloud/SOURCE/3090b75bb8bb4e22a414fadff3573ddf,แต้จิ๋ว ลูกชิ้นปลารักบี้ 400 ก.,฿,79.,฿ 95.00,-16%,
https://www.makro.pro/th/p/glanin1-7204397777091?info=JTdCJTIycGFnZVNsdWclMjIlM0ElMjJGcmVzaCUyME92ZXJsb2FkJTIwJTdDJTIwTm9vZGxlcyUyMEVzc2VudGlhbHMlMkYxOTA1NSUyMiUyQyUyMmNhcm91c2VsTmFtZSUyMiUzQSUyMiUyMiUyQyUyMmNvbGxlY3Rpb25JZCUyMiUzQSUyMjE5MDU1JTIyJTJDJTIyaW5kZXhDbGlja2VkJTIyJTNBMTE2JTdE,https://images.mango-prod.siammakro.cloud/SOURCE/64ed5d4b177546bfa9198da0de5097b2,โฮเด้ง ลูกชิ้นเอ็นหมู 1 กก.,"฿

270.

00",฿,,,
https://www.makro.pro/th/p/acjzavu-7204375855299?info=JTdCJTIycGFnZVNsdWclMjIlM0ElMjJGcmVzaCUyME92ZXJsb2FkJTIwJTdDJTIwTm9vZGxlcyUyMEVzc2VudGlhbHMlMkYxOTA1NSUyMiUyQyUyMmNhcm91c2VsTmFtZSUyMiUzQSUyMiUyMiUyQyUyMmNvbGxlY3Rpb25JZCUyMiUzQSUyMjE5MDU1JTIyJTJDJTIyaW5kZXhDbGlja2VkJTIyJTNBMTE3JTdE,https://images.mango-prod.siammakro.cloud/SOURCE/acc7f31330114819a80760266c4d2331,แต้จิ๋ว ลูกชิ้นปลาบุ๋ม 400 ก.,฿,79.,฿ 95.00,-16%,
https://www.makro.pro/th/p/gwtaec_-7325014884547?info=JTdCJTIycGFnZVNsdWclMjIlM0ElMjJGcmVzaCUyME92ZXJsb2FkJTIwJTdDJTIwTm9vZGxlcyUyMEVzc2VudGlhbHMlMkYxOTA1NSUyMiUyQyUyMmNhcm91c2VsTmFtZSUyMiUzQSUyMiUyMiUyQyUyMmNvbGxlY3Rpb25JZCUyMiUzQSUyMjE5MDU1JTIyJTJDJTIyaW5kZXhDbGlja2VkJTIyJTNBMTE4JTdE,https://images.mango-prod.siammakro.cloud/SOURCE/cbdf6aefc72146769d415e59050d91a4,นําชัย ลูกชิ้นเนื้อ 500 ก.,฿,145.,฿ 159.00,-8%,
https://www.makro.pro/th/p/xbxfpGE-516872362740814?info=JTdCJTIycGFnZVNsdWclMjIlM0ElMjJGcmVzaCUyME92ZXJsb2FkJTIwJTdDJTIwTm9vZGxlcyUyMEVzc2VudGlhbHMlMkYxOTA1NSUyMiUyQyUyMmNhcm91c2VsTmFtZSUyMiUzQSUyMiUyMiUyQyUyMmNvbGxlY3Rpb25JZCUyMiUzQSUyMjE5MDU1JTIyJTJDJTIyaW5kZXhDbGlja2VkJTIyJTNBMTE5JTdE,https://images.mango-prod.siammakro.cloud/SOURCE/7ec441e8e3f941f7a5b4241ddb1a014f,เอเอฟเอ็ม ลูกชิ้นเต้าหู้หมูเยาวราช 450 ก.,฿,49.,฿ 55.00,-10%,
https://www.makro.pro/th/p/ZNrfyeoa-727593846899257?info=JTdCJTIycGFnZVNsdWclMjIlM0ElMjJGcmVzaCUyME92ZXJsb2FkJTIwJTdDJTIwTm9vZGxlcyUyMEVzc2VudGlhbHMlMkYxOTA1NSUyMiUyQyUyMmNhcm91c2VsTmFtZSUyMiUzQSUyMiUyMiUyQyUyMmNvbGxlY3Rpb25JZCUyMiUzQSUyMjE5MDU1JTIyJTJDJTIyaW5kZXhDbGlja2VkJTIyJTNBMTIwJTdE,https://images.mango-prod.siammakro.cloud/product-images/727593846899257-cdf03140-aee1-45d7-81f7-2e3cbd82308f.jpeg?imageMogr2/thumbnail/300x300,รสโปรด ลูกชิ้นเนื้อวัวออสเตรเลีย เอ็นเนื้อ 500 ก.,฿,129.,฿ 149.00,-13%,
https://www.makro.pro/th/p/p4c6SWP-445342247887947?info=JTdCJTIycGFnZVNsdWclMjIlM0ElMjJGcmVzaCUyME92ZXJsb2FkJTIwJTdDJTIwTm9vZGxlcyUyMEVzc2VudGlhbHMlMkYxOTA1NSUyMiUyQyUyMmNhcm91c2VsTmFtZSUyMiUzQSUyMiUyMiUyQyUyMmNvbGxlY3Rpb25JZCUyMiUzQSUyMjE5MDU1JTIyJTJDJTIyaW5kZXhDbGlja2VkJTIyJTNBMTIxJTdE,https://images.mango-prod.siammakro.cloud/SOURCE/229c58fe01b34ea48fd555a4d01d45ac,ชองกา แป้งต๊อกโบกีแท่งใหญ่ 1 กก. x 5 แพ็ค,"฿

625.

00",฿,,,
https://www.makro.pro/th/p/WqZJE_G-714147831673884?info=JTdCJTIycGFnZVNsdWclMjIlM0ElMjJGcmVzaCUyME92ZXJsb2FkJTIwJTdDJTIwTm9vZGxlcyUyMEVzc2VudGlhbHMlMkYxOTA1NSUyMiUyQyUyMmNhcm91c2VsTmFtZSUyMiUzQSUyMiUyMiUyQyUyMmNvbGxlY3Rpb25JZCUyMiUzQSUyMjE5MDU1JTIyJTJDJTIyaW5kZXhDbGlja2VkJTIyJTNBMTIyJTdE,https://images.mango-prod.siammakro.cloud/SOURCE/cea40dc7eeca47e8a5f612ed3324ff62,รสล้านนา ลูกชิ้นหมู 500 ก.,฿,65.,฿ 70.00,-7%,
https://www.makro.pro/th/p/1e16zir-7204396695747?info=JTdCJTIycGFnZVNsdWclMjIlM0ElMjJGcmVzaCUyME92ZXJsb2FkJTIwJTdDJTIwTm9vZGxlcyUyMEVzc2VudGlhbHMlMkYxOTA1NSUyMiUyQyUyMmNhcm91c2VsTmFtZSUyMiUzQSUyMiUyMiUyQyUyMmNvbGxlY3Rpb25JZCUyMiUzQSUyMjE5MDU1JTIyJTJDJTIyaW5kZXhDbGlja2VkJTIyJTNBMTIzJTdE,https://images.mango-prod.siammakro.cloud/SOURCE/b6f3b537679d40679994dc5e29104a46,จีเอสบี ลูกชิ้นสาหร่าย 1 กก.,"฿

85.

00",฿,,,
https://www.makro.pro/th/p/onzvhgr-7352874729667?info=JTdCJTIycGFnZVNsdWclMjIlM0ElMjJGcmVzaCUyME92ZXJsb2FkJTIwJTdDJTIwTm9vZGxlcyUyMEVzc2VudGlhbHMlMkYxOTA1NSUyMiUyQyUyMmNhcm91c2VsTmFtZSUyMiUzQSUyMiUyMiUyQyUyMmNvbGxlY3Rpb25JZCUyMiUzQSUyMjE5MDU1JTIyJTJDJTIyaW5kZXhDbGlja2VkJTIyJTNBMTI0JTdE,https://images.mango-prod.siammakro.cloud/product-images/7352874729667-91516ee2-a110-4bab-b20c-ed8cb6b6ae2f.jpeg?imageMogr2/thumbnail/300x300,เอโร่ เต้าหู้ปลา 1 ลัง (1 กก. x 10),"฿

1,600.

00",฿,,,
https://www.makro.pro/th/p/xse4y8j-7204396925123?info=JTdCJTIycGFnZVNsdWclMjIlM0ElMjJGcmVzaCUyME92ZXJsb2FkJTIwJTdDJTIwTm9vZGxlcyUyMEVzc2VudGlhbHMlMkYxOTA1NSUyMiUyQyUyMmNhcm91c2VsTmFtZSUyMiUzQSUyMiUyMiUyQyUyMmNvbGxlY3Rpb25JZCUyMiUzQSUyMjE5MDU1JTIyJTJDJTIyaW5kZXhDbGlja2VkJTIyJTNBMTI1JTdE,https://images.mango-prod.siammakro.cloud/product-images/7204396925123-1f1bcf1d-4c75-42a4-827a-fa869feb6967.jpeg?imageMogr2/thumbnail/300x300,ลูกชิ้นทิพย์ ลูกชิ้นเอ็นหมู 400 ก.,฿,69.,฿ 79.00,-12%,
https://www.makro.pro/th/p/7_bKxWC-352264626444253?info=JTdCJTIycGFnZVNsdWclMjIlM0ElMjJGcmVzaCUyME92ZXJsb2FkJTIwJTdDJTIwTm9vZGxlcyUyMEVzc2VudGlhbHMlMkYxOTA1NSUyMiUyQyUyMmNhcm91c2VsTmFtZSUyMiUzQSUyMiUyMiUyQyUyMmNvbGxlY3Rpb25JZCUyMiUzQSUyMjE5MDU1JTIyJTJDJTIyaW5kZXhDbGlja2VkJTIyJTNBMTI2JTdE,https://images.mango-prod.siammakro.cloud/SOURCE/a4ac37beecd644d6a04fc5102d16ce6f,เอโร่ ลูกชิ้นปลาบุ๋ม 800 ก.,"฿

123.

00",฿,,,
https://www.makro.pro/th/p/oo7nmnv-7119689613507?info=JTdCJTIycGFnZVNsdWclMjIlM0ElMjJGcmVzaCUyME92ZXJsb2FkJTIwJTdDJTIwTm9vZGxlcyUyMEVzc2VudGlhbHMlMkYxOTA1NSUyMiUyQyUyMmNhcm91c2VsTmFtZSUyMiUzQSUyMiUyMiUyQyUyMmNvbGxlY3Rpb25JZCUyMiUzQSUyMjE5MDU1JTIyJTJDJTIyaW5kZXhDbGlja2VkJTIyJTNBMTI3JTdE,https://images.mango-prod.siammakro.cloud/product-images/7119689613507-59e7def9-3f87-48ff-976f-72d2a3a98132.jpeg?imageMogr2/thumbnail/300x300,ชองกา แป้งต๊อกกุก แท่งเล็ก 1 กก. x 5,"฿

625.

00",฿,,,
https://www.makro.pro/th/p/hswok3x-7204396499139?info=JTdCJTIycGFnZVNsdWclMjIlM0ElMjJGcmVzaCUyME92ZXJsb2FkJTIwJTdDJTIwTm9vZGxlcyUyMEVzc2VudGlhbHMlMkYxOTA1NSUyMiUyQyUyMmNhcm91c2VsTmFtZSUyMiUzQSUyMiUyMiUyQyUyMmNvbGxlY3Rpb25JZCUyMiUzQSUyMjE5MDU1JTIyJTJDJTIyaW5kZXhDbGlja2VkJTIyJTNBMTI4JTdE,https://images.mango-prod.siammakro.cloud/SOURCE/6c182736a21743be8aaef65501aaa87f,มหาชัย ลูกชิ้นปลาบุ๋ม 800 ก.,฿,99.,฿ 109.00,-9%,สินค้าหมด
https://www.makro.pro/th/p/i-m3bth-7204375986371?info=JTdCJTIycGFnZVNsdWclMjIlM0ElMjJGcmVzaCUyME92ZXJsb2FkJTIwJTdDJTIwTm9vZGxlcyUyMEVzc2VudGlhbHMlMkYxOTA1NSUyMiUyQyUyMmNhcm91c2VsTmFtZSUyMiUzQSUyMiUyMiUyQyUyMmNvbGxlY3Rpb25JZCUyMiUzQSUyMjE5MDU1JTIyJTJDJTIyaW5kZXhDbGlja2VkJTIyJTNBMTI5JTdE,https://images.mango-prod.siammakro.cloud/product-images/7204375986371-b3c96e23-220b-4592-9c24-d644e91e8cb4.jpeg?imageMogr2/thumbnail/300x300,ลูกชิ้นทิพย์ ลูกชิ้นหมูผสมไก่เสียบไม้พร้อมน้ําจิ้ม 20+3 ไม้ 496 ก.,฿,70.,฿ 75.00,-6%,สินค้าหมด
https://www.makro.pro/th/p/4u_ssds-7204398137539?info=JTdCJTIycGFnZVNsdWclMjIlM0ElMjJGcmVzaCUyME92ZXJsb2FkJTIwJTdDJTIwTm9vZGxlcyUyMEVzc2VudGlhbHMlMkYxOTA1NSUyMiUyQyUyMmNhcm91c2VsTmFtZSUyMiUzQSUyMiUyMiUyQyUyMmNvbGxlY3Rpb25JZCUyMiUzQSUyMjE5MDU1JTIyJTJDJTIyaW5kZXhDbGlja2VkJTIyJTNBMTMwJTdE,https://images.mango-prod.siammakro.cloud/SOURCE/99721c43562a4df594f3c1cd0f933bcf,แต้จิ๋ว ลูกชิ้นปลาบัวลอย 400 ก.,฿,79.,฿ 110.00,-28%,สินค้าหมด
https://www.makro.pro/th/p/HrkRi0DB-227817615207503?info=JTdCJTIycGFnZVNsdWclMjIlM0ElMjJGcmVzaCUyME92ZXJsb2FkJTIwJTdDJTIwTm9vZGxlcyUyMEVzc2VudGlhbHMlMkYxOTA1NSUyMiUyQyUyMmNhcm91c2VsTmFtZSUyMiUzQSUyMiUyMiUyQyUyMmNvbGxlY3Rpb25JZCUyMiUzQSUyMjE5MDU1JTIyJTJDJTIyaW5kZXhDbGlja2VkJTIyJTNBMTMxJTdE,https://images.mango-prod.siammakro.cloud/product-images/227817615207503-62a69b8e-ede6-4cf5-ae7e-558d7dd7dac6.jpeg?imageMogr2/thumbnail/300x300,เอโร่ ลูกชิ้นเอ็นเนื้อ 1 กก.,฿,234.,฿ 250.00,-6%,สินค้าหมด
https://www.makro.pro/th/p/6_S7BtOg-436605884306384?info=JTdCJTIycGFnZVNsdWclMjIlM0ElMjJGcmVzaCUyME92ZXJsb2FkJTIwJTdDJTIwTm9vZGxlcyUyMEVzc2VudGlhbHMlMkYxOTA1NSUyMiUyQyUyMmNhcm91c2VsTmFtZSUyMiUzQSUyMiUyMiUyQyUyMmNvbGxlY3Rpb25JZCUyMiUzQSUyMjE5MDU1JTIyJTJDJTIyaW5kZXhDbGlja2VkJTIyJTNBMTMyJTdE,https://images.mango-prod.siammakro.cloud/product-images/436605884306384-398b55a7-82fc-4ac6-9d19-e100a50933eb.jpeg?imageMogr2/thumbnail/300x300,เอโร่ ลูกชิ้นเนื้อ 1 กก.,฿,234.,฿ 250.00,-6%,สินค้าหมด
