MuiBox-root href,MuiBox-root src,MuiBox-root,css-1n8x1y2,MuiTypography-root (2),MuiTypography-root (3),MuiTypography-root (4),MuiTypography-root (5),MuiTypography-root (6),MuiTypography-root (7),MuiBox-root (2)
https://www.makro.pro/th/p/56z0iif-7078805897411?info=JTdCJTIycGFnZVNsdWclMjIlM0ElMjJFYXN5JTIwTWVhbHMlMjAlN0MlMjBSZWFkeSUyMHRvJTIwQ29vayUyMC0lMjBNZWF0JTJGMTQ1ODclMjIlMkMlMjJjYXJvdXNlbE5hbWUlMjIlM0ElMjIlMjIlMkMlMjJjb2xsZWN0aW9uSWQlMjIlM0ElMjIxNDU4NyUyMiU3RA,https://images.mango-prod.siammakro.cloud/product-images/7078805897411-4422a7ae-332b-491b-a3a3-df1da939c88f.jpeg?imageMogr2/thumbnail/300x300,"ซื้อ 1,200฿ ได้รับ 20 พอยท์",ซูเปอร์เชฟ หมูนุ่มปรุงรสน้ํามันงาแช่แข็ง 1 กก.,฿,81.,00,฿ 85.00,5 - 19 units,-4%,
https://www.makro.pro/th/p/p_7nxv_-6974599954627?info=JTdCJTIycGFnZVNsdWclMjIlM0ElMjJFYXN5JTIwTWVhbHMlMjAlN0MlMjBSZWFkeSUyMHRvJTIwQ29vayUyMC0lMjBNZWF0JTJGMTQ1ODclMjIlMkMlMjJjYXJvdXNlbE5hbWUlMjIlM0ElMjIlMjIlMkMlMjJjb2xsZWN0aW9uSWQlMjIlM0ElMjIxNDU4NyUyMiUyQyUyMmluZGV4Q2xpY2tlZCUyMiUzQTElN0Q,https://images.mango-prod.siammakro.cloud/product-images/6974599954627-7735c782-ec4b-4ae5-9ed2-62169240fb52.jpeg?imageMogr2/thumbnail/300x300,"ซื้อ 1,200฿ ได้รับ 20 พอยท์",เซพแพ็ค หมูเด้งแช่แข็ง 1 กก.,฿,87.,00,฿ 89.00,5+ units,-2%,
https://www.makro.pro/th/p/qlbyahe-7497539846339?info=JTdCJTIycGFnZVNsdWclMjIlM0ElMjJFYXN5JTIwTWVhbHMlMjAlN0MlMjBSZWFkeSUyMHRvJTIwQ29vayUyMC0lMjBNZWF0JTJGMTQ1ODclMjIlMkMlMjJjYXJvdXNlbE5hbWUlMjIlM0ElMjIlMjIlMkMlMjJjb2xsZWN0aW9uSWQlMjIlM0ElMjIxNDU4NyUyMiUyQyUyMmluZGV4Q2xpY2tlZCUyMiUzQTIlN0Q,https://images.mango-prod.siammakro.cloud/product-images/7497539846339-013c2911-5f63-4609-9e10-533751a18379.jpeg?imageMogr2/thumbnail/300x300,"ซื้อ 1,200฿ ได้รับ 20 พอยท์",ซีพี ชุดหมูดํา คูโรบูตะแช่แข็ง 600 ก.,฿,197.,00,฿ 199.00,5+ units,-1%,
https://www.makro.pro/th/p/oyzixxn-7275706024131?info=JTdCJTIycGFnZVNsdWclMjIlM0ElMjJFYXN5JTIwTWVhbHMlMjAlN0MlMjBSZWFkeSUyMHRvJTIwQ29vayUyMC0lMjBNZWF0JTJGMTQ1ODclMjIlMkMlMjJjYXJvdXNlbE5hbWUlMjIlM0ElMjIlMjIlMkMlMjJjb2xsZWN0aW9uSWQlMjIlM0ElMjIxNDU4NyUyMiUyQyUyMmluZGV4Q2xpY2tlZCUyMiUzQTMlN0Q,https://images.mango-prod.siammakro.cloud/product-images/7275706024131-3ea94023-47f1-4568-8af1-9c1a9b6fe916.jpeg?imageMogr2/thumbnail/300x300,"ซื้อ 1,200฿ ได้รับ 20 พอยท์",หนองสูง บีฟ เนื้อชาโรเล่ส์หมักเสียบไม้แช่แข็ง 500 ก. 15 ไม้,"฿

159.

00",฿,00,,,,
https://www.makro.pro/th/p/27kj5ed-7499718262979?info=JTdCJTIycGFnZVNsdWclMjIlM0ElMjJFYXN5JTIwTWVhbHMlMjAlN0MlMjBSZWFkeSUyMHRvJTIwQ29vayUyMC0lMjBNZWF0JTJGMTQ1ODclMjIlMkMlMjJjYXJvdXNlbE5hbWUlMjIlM0ElMjIlMjIlMkMlMjJjb2xsZWN0aW9uSWQlMjIlM0ElMjIxNDU4NyUyMiUyQyUyMmluZGV4Q2xpY2tlZCUyMiUzQTQlN0Q,https://images.mango-prod.siammakro.cloud/product-images/7499718262979-b0097921-6dca-4347-981b-f6542fbe4306.jpeg?imageMogr2/thumbnail/300x300,"ซื้อ 1,200฿ ได้รับ 20 พอยท์",เอโร่ หมูนุ่มหมักน้ํามันงาแช่แข็ง 1 กก.,฿,123.,00,฿ 135.00,5+ units,-8%,
https://www.makro.pro/th/p/dbqplfu-6974604050627?info=JTdCJTIycGFnZVNsdWclMjIlM0ElMjJFYXN5JTIwTWVhbHMlMjAlN0MlMjBSZWFkeSUyMHRvJTIwQ29vayUyMC0lMjBNZWF0JTJGMTQ1ODclMjIlMkMlMjJjYXJvdXNlbE5hbWUlMjIlM0ElMjIlMjIlMkMlMjJjb2xsZWN0aW9uSWQlMjIlM0ElMjIxNDU4NyUyMiUyQyUyMmluZGV4Q2xpY2tlZCUyMiUzQTUlN0Q,https://images.mango-prod.siammakro.cloud/product-images/6974604050627-a2a5cce2-0974-41ae-86c8-a37145678693.jpeg?imageMogr2/thumbnail/300x300,"ซื้อ 1,200฿ ได้รับ 20 พอยท์",เซพแพ็ค หมูนุ่มแช่แข็ง 1 กก.,฿,83.,00,฿ 85.00,5+ units,-2%,
https://www.makro.pro/th/p/pu8t5qa-7078808846531?info=JTdCJTIycGFnZVNsdWclMjIlM0ElMjJFYXN5JTIwTWVhbHMlMjAlN0MlMjBSZWFkeSUyMHRvJTIwQ29vayUyMC0lMjBNZWF0JTJGMTQ1ODclMjIlMkMlMjJjYXJvdXNlbE5hbWUlMjIlM0ElMjIlMjIlMkMlMjJjb2xsZWN0aW9uSWQlMjIlM0ElMjIxNDU4NyUyMiUyQyUyMmluZGV4Q2xpY2tlZCUyMiUzQTYlN0Q,https://images.mango-prod.siammakro.cloud/product-images/7078808846531-ceed62f0-f269-48c1-b817-b226d748ee25.jpeg?imageMogr2/thumbnail/300x300,"ซื้อ 1,200฿ ได้รับ 20 พอยท์",ซูเปอร์เชฟ หมูนุ่มปรุงรสแช่แข็ง 1 กก.,฿,81.,00,฿ 95.00,5 - 19 units,-14%,
https://www.makro.pro/th/p/9an9ayv-7167172575427?info=JTdCJTIycGFnZVNsdWclMjIlM0ElMjJFYXN5JTIwTWVhbHMlMjAlN0MlMjBSZWFkeSUyMHRvJTIwQ29vayUyMC0lMjBNZWF0JTJGMTQ1ODclMjIlMkMlMjJjYXJvdXNlbE5hbWUlMjIlM0ElMjIlMjIlMkMlMjJjb2xsZWN0aW9uSWQlMjIlM0ElMjIxNDU4NyUyMiUyQyUyMmluZGV4Q2xpY2tlZCUyMiUzQTclN0Q,https://images.mango-prod.siammakro.cloud/SOURCE/77cc6d013b56483c98230ab88695441b,"ซื้อ 1,200฿ ได้รับ 20 พอยท์",เกรทเอ็มเพอร์เร่อร์ฟู้ดส์ เนื้อวัวหมักนุ่มแช่แข็ง 1 กก.,"฿

145.

00",฿,00,,,,
https://www.makro.pro/th/p/ens8hzi-7167165300931?info=JTdCJTIycGFnZVNsdWclMjIlM0ElMjJFYXN5JTIwTWVhbHMlMjAlN0MlMjBSZWFkeSUyMHRvJTIwQ29vayUyMC0lMjBNZWF0JTJGMTQ1ODclMjIlMkMlMjJjYXJvdXNlbE5hbWUlMjIlM0ElMjIlMjIlMkMlMjJjb2xsZWN0aW9uSWQlMjIlM0ElMjIxNDU4NyUyMiUyQyUyMmluZGV4Q2xpY2tlZCUyMiUzQTglN0Q,https://images.mango-prod.siammakro.cloud/SOURCE/6aa557af600c4c5e9769038e09d4a8ef,"ซื้อ 1,200฿ ได้รับ 20 พอยท์",ซีพี สันคอหมูดําสเต็กหมักพริกไทยดํา 200 ก.,฿,97.,00,฿ 99.00,5+ units,-2%,
https://www.makro.pro/th/p/qealk_t-7542470377667?info=JTdCJTIycGFnZVNsdWclMjIlM0ElMjJFYXN5JTIwTWVhbHMlMjAlN0MlMjBSZWFkeSUyMHRvJTIwQ29vayUyMC0lMjBNZWF0JTJGMTQ1ODclMjIlMkMlMjJjYXJvdXNlbE5hbWUlMjIlM0ElMjIlMjIlMkMlMjJjb2xsZWN0aW9uSWQlMjIlM0ElMjIxNDU4NyUyMiUyQyUyMmluZGV4Q2xpY2tlZCUyMiUzQTklN0Q,https://images.mango-prod.siammakro.cloud/SOURCE/dd6851487edf4943bf5ea58e162a8d86,"ซื้อ 1,200฿ ได้รับ 20 พอยท์",ซูเปอร์เชฟ หมูนุ่มปรุงรสแช่แข็ง 250 ก. x 4,฿,127.,00,฿ 129.00,5+ units,-1%,
https://www.makro.pro/th/p/-zT6t3d-451579911622653?info=JTdCJTIycGFnZVNsdWclMjIlM0ElMjJFYXN5JTIwTWVhbHMlMjAlN0MlMjBSZWFkeSUyMHRvJTIwQ29vayUyMC0lMjBNZWF0JTJGMTQ1ODclMjIlMkMlMjJjYXJvdXNlbE5hbWUlMjIlM0ElMjIlMjIlMkMlMjJjb2xsZWN0aW9uSWQlMjIlM0ElMjIxNDU4NyUyMiUyQyUyMmluZGV4Q2xpY2tlZCUyMiUzQTEwJTdE,https://images.mango-prod.siammakro.cloud/product-images/451579911622653-88c977d4-cebf-4ef5-8658-a433c9eb9c3f.jpeg?imageMogr2/thumbnail/300x300,"ซื้อ 1,200฿ ได้รับ 20 พอยท์",ซีพี ชุดรวมหมูกระทะแช่แข็ง 600 ก.,฿,163.,00,฿ 165.00,5+ units,-1%,
https://www.makro.pro/th/p/p38vqxa-7416155799747?info=JTdCJTIycGFnZVNsdWclMjIlM0ElMjJFYXN5JTIwTWVhbHMlMjAlN0MlMjBSZWFkeSUyMHRvJTIwQ29vayUyMC0lMjBNZWF0JTJGMTQ1ODclMjIlMkMlMjJjYXJvdXNlbE5hbWUlMjIlM0ElMjIlMjIlMkMlMjJjb2xsZWN0aW9uSWQlMjIlM0ElMjIxNDU4NyUyMiUyQyUyMmluZGV4Q2xpY2tlZCUyMiUzQTExJTdE,https://images.mango-prod.siammakro.cloud/SOURCE/19893eb954e748e2bba6cd681ee9b34c,"ซื้อ 1,200฿ ได้รับ 20 พอยท์",สินธร ฟู้ด โฟรเซ่น เนื้อเสือร้องไห้โคขุนหมักสําหรับย่างแช่แข็ง 500 กรัม,"฿

165.

00",฿,00,,,,
https://www.makro.pro/th/p/t7wujng-7078807765187?info=JTdCJTIycGFnZVNsdWclMjIlM0ElMjJFYXN5JTIwTWVhbHMlMjAlN0MlMjBSZWFkeSUyMHRvJTIwQ29vayUyMC0lMjBNZWF0JTJGMTQ1ODclMjIlMkMlMjJjYXJvdXNlbE5hbWUlMjIlM0ElMjIlMjIlMkMlMjJjb2xsZWN0aW9uSWQlMjIlM0ElMjIxNDU4NyUyMiUyQyUyMmluZGV4Q2xpY2tlZCUyMiUzQTEyJTdE,https://images.mango-prod.siammakro.cloud/SOURCE/a889d6fe68314740a1ed1e3476abc2c0,"ซื้อ 1,200฿ ได้รับ 20 พอยท์",ซูเปอร์เชฟ หมูนุ่มปรุงรสพริกไทยดําแช่แข็ง 1 กก.,฿,81.,00,฿ 95.00,5 - 19 units,-14%,
https://www.makro.pro/th/p/cxqeq-6-7497399894211?info=JTdCJTIycGFnZVNsdWclMjIlM0ElMjJFYXN5JTIwTWVhbHMlMjAlN0MlMjBSZWFkeSUyMHRvJTIwQ29vayUyMC0lMjBNZWF0JTJGMTQ1ODclMjIlMkMlMjJjYXJvdXNlbE5hbWUlMjIlM0ElMjIlMjIlMkMlMjJjb2xsZWN0aW9uSWQlMjIlM0ElMjIxNDU4NyUyMiUyQyUyMmluZGV4Q2xpY2tlZCUyMiUzQTEzJTdE,https://images.mango-prod.siammakro.cloud/product-images/7497399894211-74377ee7-fbca-4ad7-94b2-c0c47356acd0.jpeg?imageMogr2/thumbnail/300x300,"ซื้อ 1,200฿ ได้รับ 20 พอยท์",ซูเปอร์เชฟ ไก่บะช่อ แช่แข็ง 1 กก.,฿,87.,00,฿ 89.00,10+ units,-2%,
https://www.makro.pro/th/p/fidcn5j-7416121819331?info=JTdCJTIycGFnZVNsdWclMjIlM0ElMjJFYXN5JTIwTWVhbHMlMjAlN0MlMjBSZWFkeSUyMHRvJTIwQ29vayUyMC0lMjBNZWF0JTJGMTQ1ODclMjIlMkMlMjJjYXJvdXNlbE5hbWUlMjIlM0ElMjIlMjIlMkMlMjJjb2xsZWN0aW9uSWQlMjIlM0ElMjIxNDU4NyUyMiUyQyUyMmluZGV4Q2xpY2tlZCUyMiUzQTE0JTdE,https://images.mango-prod.siammakro.cloud/SOURCE/4bc589557c3941408ee500fa479f0416,"ซื้อ 1,200฿ ได้รับ 20 พอยท์",สินธร ฟู้ด โฟรเซ่น เนื้อวัวแดดเดียว 500 กรัม,"฿

195.

00",฿,00,,,,
https://www.makro.pro/th/p/1TlfUo2-124600581223513?info=JTdCJTIycGFnZVNsdWclMjIlM0ElMjJFYXN5JTIwTWVhbHMlMjAlN0MlMjBSZWFkeSUyMHRvJTIwQ29vayUyMC0lMjBNZWF0JTJGMTQ1ODclMjIlMkMlMjJjYXJvdXNlbE5hbWUlMjIlM0ElMjIlMjIlMkMlMjJjb2xsZWN0aW9uSWQlMjIlM0ElMjIxNDU4NyUyMiUyQyUyMmluZGV4Q2xpY2tlZCUyMiUzQTE1JTdE,https://images.mango-prod.siammakro.cloud/SOURCE/ae1efcf8f0d24e2ba105d0a2b34905d5,"ซื้อ 1,200฿ ได้รับ 20 พอยท์",สันนอกวัวฉีดไขมันออสเตรเลียแช่แข็ง 250 ก. x 4,"฿

790.

00",฿,00,,,,
https://www.makro.pro/th/p/0d7t2r8-7196422635715?info=JTdCJTIycGFnZVNsdWclMjIlM0ElMjJFYXN5JTIwTWVhbHMlMjAlN0MlMjBSZWFkeSUyMHRvJTIwQ29vayUyMC0lMjBNZWF0JTJGMTQ1ODclMjIlMkMlMjJjYXJvdXNlbE5hbWUlMjIlM0ElMjIlMjIlMkMlMjJjb2xsZWN0aW9uSWQlMjIlM0ElMjIxNDU4NyUyMiUyQyUyMmluZGV4Q2xpY2tlZCUyMiUzQTE2JTdE,https://images.mango-prod.siammakro.cloud/product-images/7196422635715-0e2d108d-ed03-497b-8c85-2a0662bdedb8.jpeg?imageMogr2/thumbnail/300x300,"ซื้อ 1,200฿ ได้รับ 20 พอยท์",มีนาฟู้ดส์ เนื้อวัวปรุงรสเสียบไม้แช่แข็ง รสพริกไทยดํา 750 ก.,"฿

245.

00",฿,00,,,,
https://www.makro.pro/th/p/aaze93g-6974746165443?info=JTdCJTIycGFnZVNsdWclMjIlM0ElMjJFYXN5JTIwTWVhbHMlMjAlN0MlMjBSZWFkeSUyMHRvJTIwQ29vayUyMC0lMjBNZWF0JTJGMTQ1ODclMjIlMkMlMjJjYXJvdXNlbE5hbWUlMjIlM0ElMjIlMjIlMkMlMjJjb2xsZWN0aW9uSWQlMjIlM0ElMjIxNDU4NyUyMiUyQyUyMmluZGV4Q2xpY2tlZCUyMiUzQTE3JTdE,https://images.mango-prod.siammakro.cloud/product-images/6974746165443-78c4590d-3138-479a-aef9-1a6e9796e384.jpeg?imageMogr2/thumbnail/300x300,"ซื้อ 1,200฿ ได้รับ 20 พอยท์",หมูเด้งผสมไก่แช่แข็ง 1 กก.,฿,85.,00,฿ 87.00,5+ units,-2%,
https://www.makro.pro/th/p/pr0bbgu-6974641209539?info=JTdCJTIycGFnZVNsdWclMjIlM0ElMjJFYXN5JTIwTWVhbHMlMjAlN0MlMjBSZWFkeSUyMHRvJTIwQ29vayUyMC0lMjBNZWF0JTJGMTQ1ODclMjIlMkMlMjJjYXJvdXNlbE5hbWUlMjIlM0ElMjIlMjIlMkMlMjJjb2xsZWN0aW9uSWQlMjIlM0ElMjIxNDU4NyUyMiUyQyUyMmluZGV4Q2xpY2tlZCUyMiUzQTE4JTdE,https://images.mango-prod.siammakro.cloud/product-images/6974641209539-b3d0c2ee-ef55-4435-9a3b-f3b483ec0647.jpeg?imageMogr2/thumbnail/300x300,"ซื้อ 1,200฿ ได้รับ 20 พอยท์",เซพแพ็ค หมูนุ่มงาขาวแช่แข็ง 1 กก.,฿,83.,00,฿ 85.00,5+ units,-2%,
https://www.makro.pro/th/p/oh_gyeh-7499696767171?info=JTdCJTIycGFnZVNsdWclMjIlM0ElMjJFYXN5JTIwTWVhbHMlMjAlN0MlMjBSZWFkeSUyMHRvJTIwQ29vayUyMC0lMjBNZWF0JTJGMTQ1ODclMjIlMkMlMjJjYXJvdXNlbE5hbWUlMjIlM0ElMjIlMjIlMkMlMjJjb2xsZWN0aW9uSWQlMjIlM0ElMjIxNDU4NyUyMiUyQyUyMmluZGV4Q2xpY2tlZCUyMiUzQTE5JTdE,https://images.mango-prod.siammakro.cloud/product-images/7499696767171-e9b9adf1-59a7-45e4-93fc-30099665e0ce.jpeg?imageMogr2/thumbnail/300x300,"ซื้อ 1,200฿ ได้รับ 20 พอยท์",เอโร่ หมูหมักนุ่มแช่แข็ง 1 กก.,฿,123.,00,฿ 135.00,5+ units,-8%,
https://www.makro.pro/th/p/rlm0uwb-7167168479427?info=JTdCJTIycGFnZVNsdWclMjIlM0ElMjJFYXN5JTIwTWVhbHMlMjAlN0MlMjBSZWFkeSUyMHRvJTIwQ29vayUyMC0lMjBNZWF0JTJGMTQ1ODclMjIlMkMlMjJjYXJvdXNlbE5hbWUlMjIlM0ElMjIlMjIlMkMlMjJjb2xsZWN0aW9uSWQlMjIlM0ElMjIxNDU4NyUyMiUyQyUyMmluZGV4Q2xpY2tlZCUyMiUzQTIwJTdE,https://images.mango-prod.siammakro.cloud/product-images/7167168479427-032a6487-760a-41c7-b364-f7a4b8ab3010.jpeg?imageMogr2/thumbnail/300x300,"ซื้อ 1,200฿ ได้รับ 20 พอยท์",เซพแพ็ค หมูหมักนุ่มแช่แข็ง สูตร 2 แพ็ค 1 กก.,฿,77.,00,฿ 79.00,5+ units,-2%,
https://www.makro.pro/th/p/om9m1wo-7196420833475?info=JTdCJTIycGFnZVNsdWclMjIlM0ElMjJFYXN5JTIwTWVhbHMlMjAlN0MlMjBSZWFkeSUyMHRvJTIwQ29vayUyMC0lMjBNZWF0JTJGMTQ1ODclMjIlMkMlMjJjYXJvdXNlbE5hbWUlMjIlM0ElMjIlMjIlMkMlMjJjb2xsZWN0aW9uSWQlMjIlM0ElMjIxNDU4NyUyMiUyQyUyMmluZGV4Q2xpY2tlZCUyMiUzQTIxJTdE,https://images.mango-prod.siammakro.cloud/product-images/7196420833475-d9e3168c-cded-4a26-bfab-44c6bd4543a7.jpeg?imageMogr2/thumbnail/300x300,"ซื้อ 1,200฿ ได้รับ 20 พอยท์",พีแอนด์พีฟู้ด แหนมเอ็นข้อไก่แช่แข็ง 1 กก.,฿,223.,00,฿ 225.00,10+ units,,
https://www.makro.pro/th/p/9dmmp0u-7275690590403?info=JTdCJTIycGFnZVNsdWclMjIlM0ElMjJFYXN5JTIwTWVhbHMlMjAlN0MlMjBSZWFkeSUyMHRvJTIwQ29vayUyMC0lMjBNZWF0JTJGMTQ1ODclMjIlMkMlMjJjYXJvdXNlbE5hbWUlMjIlM0ElMjIlMjIlMkMlMjJjb2xsZWN0aW9uSWQlMjIlM0ElMjIxNDU4NyUyMiUyQyUyMmluZGV4Q2xpY2tlZCUyMiUzQTIyJTdE,https://images.mango-prod.siammakro.cloud/product-images/7275690590403-9020cf7a-a724-4eb4-91f1-ba154dc2d2da.jpeg?imageMogr2/thumbnail/300x300,"ซื้อ 1,200฿ ได้รับ 20 พอยท์",เซพแพ็ค หมูเด้งแช่แข็ง 1 ลัง (1 กก. x 10),"฿

870.

00",฿,00,,,,
https://www.makro.pro/th/p/ammrdko-7115328094403?info=JTdCJTIycGFnZVNsdWclMjIlM0ElMjJFYXN5JTIwTWVhbHMlMjAlN0MlMjBSZWFkeSUyMHRvJTIwQ29vayUyMC0lMjBNZWF0JTJGMTQ1ODclMjIlMkMlMjJjYXJvdXNlbE5hbWUlMjIlM0ElMjIlMjIlMkMlMjJjb2xsZWN0aW9uSWQlMjIlM0ElMjIxNDU4NyUyMiUyQyUyMmluZGV4Q2xpY2tlZCUyMiUzQTIzJTdE,https://images.mango-prod.siammakro.cloud/product-images/7115328094403-b1c2f99f-c614-4cfe-8b88-cd952763951c.jpeg?imageMogr2/thumbnail/300x300,"ซื้อ 1,200฿ ได้รับ 20 พอยท์",ซีพี ชิคเก้นริบสูตรเกลือพร้อมปรุงแช่แข็ง (เนื้อไก่ส่วนหลังตัดแต่งพิเศษ) 1 กก.,฿,133.,00,฿ 135.00,10+ units,-1%,
https://www.makro.pro/th/p/qvmhqrr-7416146985155?info=JTdCJTIycGFnZVNsdWclMjIlM0ElMjJFYXN5JTIwTWVhbHMlMjAlN0MlMjBSZWFkeSUyMHRvJTIwQ29vayUyMC0lMjBNZWF0JTJGMTQ1ODclMjIlMkMlMjJjYXJvdXNlbE5hbWUlMjIlM0ElMjIlMjIlMkMlMjJjb2xsZWN0aW9uSWQlMjIlM0ElMjIxNDU4NyUyMiUyQyUyMmluZGV4Q2xpY2tlZCUyMiUzQTI0JTdE,https://images.mango-prod.siammakro.cloud/SOURCE/9f61907c3ead4f21848c722f42b073ce,"ซื้อ 1,200฿ ได้รับ 20 พอยท์",ซีพี คูโรบูตะ สเต็กสะโพกหมักพริกไทยดํา แช่แข็ง 200 กรัม,฿,70.,00,฿ 72.00,5+ units,-2%,
https://www.makro.pro/th/p/2iqxnvt-7167167168707?info=JTdCJTIycGFnZVNsdWclMjIlM0ElMjJFYXN5JTIwTWVhbHMlMjAlN0MlMjBSZWFkeSUyMHRvJTIwQ29vayUyMC0lMjBNZWF0JTJGMTQ1ODclMjIlMkMlMjJjYXJvdXNlbE5hbWUlMjIlM0ElMjIlMjIlMkMlMjJjb2xsZWN0aW9uSWQlMjIlM0ElMjIxNDU4NyUyMiUyQyUyMmluZGV4Q2xpY2tlZCUyMiUzQTI1JTdE,https://images.mango-prod.siammakro.cloud/product-images/7167167168707-63adf9df-6819-4799-8f2a-2e7a3ca2a7c7.jpeg?imageMogr2/thumbnail/300x300,"ซื้อ 1,200฿ ได้รับ 20 พอยท์",ซีพี สเต็กไก่สไปซี่แช่แข็ง 1 กก.,฿,173.,00,฿ 175.00,10+ units,-1%,
https://www.makro.pro/th/p/t9kgar_-7540814741699?info=JTdCJTIycGFnZVNsdWclMjIlM0ElMjJFYXN5JTIwTWVhbHMlMjAlN0MlMjBSZWFkeSUyMHRvJTIwQ29vayUyMC0lMjBNZWF0JTJGMTQ1ODclMjIlMkMlMjJjYXJvdXNlbE5hbWUlMjIlM0ElMjIlMjIlMkMlMjJjb2xsZWN0aW9uSWQlMjIlM0ElMjIxNDU4NyUyMiUyQyUyMmluZGV4Q2xpY2tlZCUyMiUzQTI2JTdE,https://images.mango-prod.siammakro.cloud/SOURCE/dcd6f51590164801937eb0238955f002,"ซื้อ 1,200฿ ได้รับ 20 พอยท์",ซูเปอร์เชฟ ตับหมู แช่แข็ง ปรุงรสน้ํามันงา 500 ก.,฿,60.,00,฿ 62.00,5+ units,-3%,
https://www.makro.pro/th/p/pgljrws-7542470115523?info=JTdCJTIycGFnZVNsdWclMjIlM0ElMjJFYXN5JTIwTWVhbHMlMjAlN0MlMjBSZWFkeSUyMHRvJTIwQ29vayUyMC0lMjBNZWF0JTJGMTQ1ODclMjIlMkMlMjJjYXJvdXNlbE5hbWUlMjIlM0ElMjIlMjIlMkMlMjJjb2xsZWN0aW9uSWQlMjIlM0ElMjIxNDU4NyUyMiUyQyUyMmluZGV4Q2xpY2tlZCUyMiUzQTI3JTdE,https://images.mango-prod.siammakro.cloud/product-images/7542470115523-9cddc680-e4f3-450d-b86d-b4c934915630.jpeg?imageMogr2/thumbnail/300x300,"ซื้อ 1,200฿ ได้รับ 20 พอยท์",เอโร่ หมูเด้งปรุงรสแช่แข็งผสมไก่ 1 กก.,฿,127.,00,฿ 129.00,5+ units,-1%,
https://www.makro.pro/th/p/1eyb1wn-7167159271619?info=JTdCJTIycGFnZVNsdWclMjIlM0ElMjJFYXN5JTIwTWVhbHMlMjAlN0MlMjBSZWFkeSUyMHRvJTIwQ29vayUyMC0lMjBNZWF0JTJGMTQ1ODclMjIlMkMlMjJjYXJvdXNlbE5hbWUlMjIlM0ElMjIlMjIlMkMlMjJjb2xsZWN0aW9uSWQlMjIlM0ElMjIxNDU4NyUyMiUyQyUyMmluZGV4Q2xpY2tlZCUyMiUzQTI4JTdE,https://images.mango-prod.siammakro.cloud/product-images/7167159271619-7f47599b-a948-405a-8f91-ad88f923439a.jpeg?imageMogr2/thumbnail/300x300,"ซื้อ 1,200฿ ได้รับ 20 พอยท์",ซีพี หมูบะช่อทรงเครื่องแช่แข็ง 1 กก.,฿,127.,00,฿ 129.00,5+ units,-1%,
https://www.makro.pro/th/p/9pqobv0-6974639800515?info=JTdCJTIycGFnZVNsdWclMjIlM0ElMjJFYXN5JTIwTWVhbHMlMjAlN0MlMjBSZWFkeSUyMHRvJTIwQ29vayUyMC0lMjBNZWF0JTJGMTQ1ODclMjIlMkMlMjJjYXJvdXNlbE5hbWUlMjIlM0ElMjIlMjIlMkMlMjJjb2xsZWN0aW9uSWQlMjIlM0ElMjIxNDU4NyUyMiUyQyUyMmluZGV4Q2xpY2tlZCUyMiUzQTI5JTdE,https://images.mango-prod.siammakro.cloud/SOURCE/2b6d1314214e43d9a05237715fcb8cc1,"ซื้อ 1,200฿ ได้รับ 20 พอยท์",พีแอนด์พีฟู้ด สเต็กหมูพริกไทยดํา แช่แข็ง 1 กก.,฿,187.,00,฿ 195.00,5+ units,-4%,
https://www.makro.pro/th/p/vjym1av-7167171166403?info=JTdCJTIycGFnZVNsdWclMjIlM0ElMjJFYXN5JTIwTWVhbHMlMjAlN0MlMjBSZWFkeSUyMHRvJTIwQ29vayUyMC0lMjBNZWF0JTJGMTQ1ODclMjIlMkMlMjJjYXJvdXNlbE5hbWUlMjIlM0ElMjIlMjIlMkMlMjJjb2xsZWN0aW9uSWQlMjIlM0ElMjIxNDU4NyUyMiUyQyUyMmluZGV4Q2xpY2tlZCUyMiUzQTMwJTdE,https://images.mango-prod.siammakro.cloud/product-images/7167171166403-7acb8275-7cf9-476b-b15c-82dad1deb4f4.jpeg?imageMogr2/thumbnail/300x300,"ซื้อ 1,200฿ ได้รับ 20 พอยท์",เซพแพ็ค หมูนุ่มหมักงาขาวแช่แข็ง สูตร 2 แพ็ค 1 กก.,฿,77.,00,฿ 79.00,5+ units,-2%,
https://www.makro.pro/th/p/xpwk9mb-7167171952835?info=JTdCJTIycGFnZVNsdWclMjIlM0ElMjJFYXN5JTIwTWVhbHMlMjAlN0MlMjBSZWFkeSUyMHRvJTIwQ29vayUyMC0lMjBNZWF0JTJGMTQ1ODclMjIlMkMlMjJjYXJvdXNlbE5hbWUlMjIlM0ElMjIlMjIlMkMlMjJjb2xsZWN0aW9uSWQlMjIlM0ElMjIxNDU4NyUyMiUyQyUyMmluZGV4Q2xpY2tlZCUyMiUzQTMxJTdE,https://images.mango-prod.siammakro.cloud/SOURCE/bebcfedd85b04589add5a2e36145a7eb,"ซื้อ 1,200฿ ได้รับ 20 พอยท์",ซูเปอร์เชฟ หมูบะช่อปรุงรสแช่แข็ง 1 กก.,฿,123.,00,฿ 135.00,5+ units,-8%,
https://www.makro.pro/th/p/f2jxk21-6974746853571?info=JTdCJTIycGFnZVNsdWclMjIlM0ElMjJFYXN5JTIwTWVhbHMlMjAlN0MlMjBSZWFkeSUyMHRvJTIwQ29vayUyMC0lMjBNZWF0JTJGMTQ1ODclMjIlMkMlMjJjYXJvdXNlbE5hbWUlMjIlM0ElMjIlMjIlMkMlMjJjb2xsZWN0aW9uSWQlMjIlM0ElMjIxNDU4NyUyMiUyQyUyMmluZGV4Q2xpY2tlZCUyMiUzQTMyJTdE,https://images.mango-prod.siammakro.cloud/product-images/6974746853571-9247dde7-498e-4e2d-8a38-574f93c5f318.jpeg?imageMogr2/thumbnail/300x300,"ซื้อ 1,200฿ ได้รับ 20 พอยท์",เซพแพ็ค หมูนุ่มพริกไทยดําแช่แข็ง 1 กก.,฿,83.,00,฿ 85.00,5+ units,-2%,
https://www.makro.pro/th/p/rrek4sc-7497427058883?info=JTdCJTIycGFnZVNsdWclMjIlM0ElMjJFYXN5JTIwTWVhbHMlMjAlN0MlMjBSZWFkeSUyMHRvJTIwQ29vayUyMC0lMjBNZWF0JTJGMTQ1ODclMjIlMkMlMjJjYXJvdXNlbE5hbWUlMjIlM0ElMjIlMjIlMkMlMjJjb2xsZWN0aW9uSWQlMjIlM0ElMjIxNDU4NyUyMiUyQyUyMmluZGV4Q2xpY2tlZCUyMiUzQTMzJTdE,https://images.mango-prod.siammakro.cloud/product-images/7497427058883-9c831a1b-3627-4a0d-9a2b-58e3e5bdb399.jpeg?imageMogr2/thumbnail/300x300,"ซื้อ 1,200฿ ได้รับ 20 พอยท์",หมูปิ้งนมสดแช่แข็ง 950 ก. 40 ไม้,฿,197.,00,฿ 199.00,5+ units,-1%,
https://www.makro.pro/th/p/8qjxwdl-7167167791299?info=JTdCJTIycGFnZVNsdWclMjIlM0ElMjJFYXN5JTIwTWVhbHMlMjAlN0MlMjBSZWFkeSUyMHRvJTIwQ29vayUyMC0lMjBNZWF0JTJGMTQ1ODclMjIlMkMlMjJjYXJvdXNlbE5hbWUlMjIlM0ElMjIlMjIlMkMlMjJjb2xsZWN0aW9uSWQlMjIlM0ElMjIxNDU4NyUyMiUyQyUyMmluZGV4Q2xpY2tlZCUyMiUzQTM0JTdE,https://images.mango-prod.siammakro.cloud/product-images/7167167791299-8183fdbf-d6c6-4831-83a7-e6cf6bc9ec63.jpeg?imageMogr2/thumbnail/300x300,"ซื้อ 1,200฿ ได้รับ 20 พอยท์",ฟาร์มสุข เอ็กซ์คลูซีฟ เนื้อไก่หมักน้ํามันงาแช่แข็ง 1 กก.,฿,88.,00,฿ 89.00,12+ units,-1%,
https://www.makro.pro/th/p/xktugmz-7167168315587?info=JTdCJTIycGFnZVNsdWclMjIlM0ElMjJFYXN5JTIwTWVhbHMlMjAlN0MlMjBSZWFkeSUyMHRvJTIwQ29vayUyMC0lMjBNZWF0JTJGMTQ1ODclMjIlMkMlMjJjYXJvdXNlbE5hbWUlMjIlM0ElMjIlMjIlMkMlMjJjb2xsZWN0aW9uSWQlMjIlM0ElMjIxNDU4NyUyMiUyQyUyMmluZGV4Q2xpY2tlZCUyMiUzQTM1JTdE,https://images.mango-prod.siammakro.cloud/SOURCE/b6067a7460ca4bdca7d82ae02d9f49f8,"ซื้อ 1,200฿ ได้รับ 20 พอยท์",พีแอนด์พีฟู้ด แหนมซี่โครงหมูแช่แข็ง 1 กก.,฿,177.,00,฿ 179.00,5+ units,-1%,
https://www.makro.pro/th/p/qup2bbr-7164723364035?info=JTdCJTIycGFnZVNsdWclMjIlM0ElMjJFYXN5JTIwTWVhbHMlMjAlN0MlMjBSZWFkeSUyMHRvJTIwQ29vayUyMC0lMjBNZWF0JTJGMTQ1ODclMjIlMkMlMjJjYXJvdXNlbE5hbWUlMjIlM0ElMjIlMjIlMkMlMjJjb2xsZWN0aW9uSWQlMjIlM0ElMjIxNDU4NyUyMiUyQyUyMmluZGV4Q2xpY2tlZCUyMiUzQTM2JTdE,https://images.mango-prod.siammakro.cloud/SOURCE/e363e6b488814bf0b2998efd4ac9fea4,"ซื้อ 1,200฿ ได้รับ 20 พอยท์",ซูเปอร์เชฟ หมูสามชั้นหมักน้ํามันงาแช่แข็ง 1 กก.,฿,127.,00,฿ 129.00,5+ units,-1%,
https://www.makro.pro/th/p/01svfs-6974745051331?info=JTdCJTIycGFnZVNsdWclMjIlM0ElMjJFYXN5JTIwTWVhbHMlMjAlN0MlMjBSZWFkeSUyMHRvJTIwQ29vayUyMC0lMjBNZWF0JTJGMTQ1ODclMjIlMkMlMjJjYXJvdXNlbE5hbWUlMjIlM0ElMjIlMjIlMkMlMjJjb2xsZWN0aW9uSWQlMjIlM0ElMjIxNDU4NyUyMiUyQyUyMmluZGV4Q2xpY2tlZCUyMiUzQTM3JTdE,https://images.mango-prod.siammakro.cloud/product-images/6974745051331-a63f587a-8b39-4cea-a922-a0c6aa43f70d.jpeg?imageMogr2/thumbnail/300x300,"ซื้อ 1,200฿ ได้รับ 20 พอยท์",เอโร่ หมูปิ้งนมสดแช่แข็ง 45 ก. 40 ไม้,฿,263.,00,฿ 265.00,5+ units,,
https://www.makro.pro/th/p/outfo7b-7542467592387?info=JTdCJTIycGFnZVNsdWclMjIlM0ElMjJFYXN5JTIwTWVhbHMlMjAlN0MlMjBSZWFkeSUyMHRvJTIwQ29vayUyMC0lMjBNZWF0JTJGMTQ1ODclMjIlMkMlMjJjYXJvdXNlbE5hbWUlMjIlM0ElMjIlMjIlMkMlMjJjb2xsZWN0aW9uSWQlMjIlM0ElMjIxNDU4NyUyMiUyQyUyMmluZGV4Q2xpY2tlZCUyMiUzQTM4JTdE,https://images.mango-prod.siammakro.cloud/SOURCE/97fe86aab2fb427eaaee2e38877a21e3,"ซื้อ 1,200฿ ได้รับ 20 พอยท์",ซูเปอร์เชฟ หมูนุ่มปรุงรสแช่แข็ง 1 กก. x 10,"฿

930.

00",฿,00,,,,
https://www.makro.pro/th/p/7lh4isv-7196422963395?info=JTdCJTIycGFnZVNsdWclMjIlM0ElMjJFYXN5JTIwTWVhbHMlMjAlN0MlMjBSZWFkeSUyMHRvJTIwQ29vayUyMC0lMjBNZWF0JTJGMTQ1ODclMjIlMkMlMjJjYXJvdXNlbE5hbWUlMjIlM0ElMjIlMjIlMkMlMjJjb2xsZWN0aW9uSWQlMjIlM0ElMjIxNDU4NyUyMiUyQyUyMmluZGV4Q2xpY2tlZCUyMiUzQTM5JTdE,https://images.mango-prod.siammakro.cloud/SOURCE/c46a558daabf4d638e5675df9a36599e,"ซื้อ 1,200฿ ได้รับ 20 พอยท์",พีแอนด์พีฟู้ด หมูแดดเดียวแช่แข็ง 1 กก.,฿,303.,00,฿ 305.00,5+ units,,
https://www.makro.pro/th/p/isoalzd-7167173198019?info=JTdCJTIycGFnZVNsdWclMjIlM0ElMjJFYXN5JTIwTWVhbHMlMjAlN0MlMjBSZWFkeSUyMHRvJTIwQ29vayUyMC0lMjBNZWF0JTJGMTQ1ODclMjIlMkMlMjJjYXJvdXNlbE5hbWUlMjIlM0ElMjIlMjIlMkMlMjJjb2xsZWN0aW9uSWQlMjIlM0ElMjIxNDU4NyUyMiUyQyUyMmluZGV4Q2xpY2tlZCUyMiUzQTQwJTdE,https://images.mango-prod.siammakro.cloud/SOURCE/87735915185c4b9ca36c49fe00bc2ec2,"ซื้อ 1,200฿ ได้รับ 20 พอยท์",ซีพี พอร์คชอพหมูดําหมักพริกไทยดํา 200 ก.,฿,67.,00,฿ 69.00,5+ units,-2%,
https://www.makro.pro/th/p/rv7c5v3-7167168839875?info=JTdCJTIycGFnZVNsdWclMjIlM0ElMjJFYXN5JTIwTWVhbHMlMjAlN0MlMjBSZWFkeSUyMHRvJTIwQ29vayUyMC0lMjBNZWF0JTJGMTQ1ODclMjIlMkMlMjJjYXJvdXNlbE5hbWUlMjIlM0ElMjIlMjIlMkMlMjJjb2xsZWN0aW9uSWQlMjIlM0ElMjIxNDU4NyUyMiUyQyUyMmluZGV4Q2xpY2tlZCUyMiUzQTQxJTdE,https://images.mango-prod.siammakro.cloud/SOURCE/7468f51e287e45d89fddd39d2cb801fc,"ซื้อ 1,200฿ ได้รับ 20 พอยท์",โพนยางคํา เนื้อเสียบไม้โพนยางคําแช่แข็ง 400 ก.,"฿

139.

00",฿,00,,,,
https://www.makro.pro/th/p/umgzwy9-7167169855683?info=JTdCJTIycGFnZVNsdWclMjIlM0ElMjJFYXN5JTIwTWVhbHMlMjAlN0MlMjBSZWFkeSUyMHRvJTIwQ29vayUyMC0lMjBNZWF0JTJGMTQ1ODclMjIlMkMlMjJjYXJvdXNlbE5hbWUlMjIlM0ElMjIlMjIlMkMlMjJjb2xsZWN0aW9uSWQlMjIlM0ElMjIxNDU4NyUyMiUyQyUyMmluZGV4Q2xpY2tlZCUyMiUzQTQyJTdE,https://images.mango-prod.siammakro.cloud/SOURCE/e8570cd2f37e43fc9c811712211c6c15,"ซื้อ 1,200฿ ได้รับ 20 พอยท์",หมูเด้งแช่แข็ง 250 ก. x 4,฿,103.,00,฿ 105.00,5+ units,-1%,
https://www.makro.pro/th/p/v84ab0m-7542469886147?info=JTdCJTIycGFnZVNsdWclMjIlM0ElMjJFYXN5JTIwTWVhbHMlMjAlN0MlMjBSZWFkeSUyMHRvJTIwQ29vayUyMC0lMjBNZWF0JTJGMTQ1ODclMjIlMkMlMjJjYXJvdXNlbE5hbWUlMjIlM0ElMjIlMjIlMkMlMjJjb2xsZWN0aW9uSWQlMjIlM0ElMjIxNDU4NyUyMiUyQyUyMmluZGV4Q2xpY2tlZCUyMiUzQTQzJTdE,https://images.mango-prod.siammakro.cloud/SOURCE/ade48f0185e24a9eb47f6bb3085ed295,"ซื้อ 1,200฿ ได้รับ 20 พอยท์",ซูเปอร์เชฟ หมูนุ่มปรุงรสน้ํามันงาแช่แข็ง 1 กก. x 10,"฿

830.

00",฿,00,,,,
https://www.makro.pro/th/p/zcnzuhx-6974747312323?info=JTdCJTIycGFnZVNsdWclMjIlM0ElMjJFYXN5JTIwTWVhbHMlMjAlN0MlMjBSZWFkeSUyMHRvJTIwQ29vayUyMC0lMjBNZWF0JTJGMTQ1ODclMjIlMkMlMjJjYXJvdXNlbE5hbWUlMjIlM0ElMjIlMjIlMkMlMjJjb2xsZWN0aW9uSWQlMjIlM0ElMjIxNDU4NyUyMiUyQyUyMmluZGV4Q2xpY2tlZCUyMiUzQTQ0JTdE,https://images.mango-prod.siammakro.cloud/SOURCE/6663ea6a4a414b7cb262093ee6fbd4c9,"ซื้อ 1,200฿ ได้รับ 20 พอยท์",พีแอนด์พีฟู้ด สเต๊กหมูแช่แข็ง 1 กก.,฿,193.,00,฿ 195.00,5+ units,-1%,
https://www.makro.pro/th/p/stpbx-x-7540814643395?info=JTdCJTIycGFnZVNsdWclMjIlM0ElMjJFYXN5JTIwTWVhbHMlMjAlN0MlMjBSZWFkeSUyMHRvJTIwQ29vayUyMC0lMjBNZWF0JTJGMTQ1ODclMjIlMkMlMjJjYXJvdXNlbE5hbWUlMjIlM0ElMjIlMjIlMkMlMjJjb2xsZWN0aW9uSWQlMjIlM0ElMjIxNDU4NyUyMiUyQyUyMmluZGV4Q2xpY2tlZCUyMiUzQTQ1JTdE,https://images.mango-prod.siammakro.cloud/SOURCE/1c78b1047b2c44629cfac5707f844e6a,"ซื้อ 1,200฿ ได้รับ 20 พอยท์",ซูเปอร์เชฟ สามชั้นลอกหนังสไลซ์หมักงาแช่แข็ง 500 ก.,฿,67.,00,฿ 69.00,5+ units,-2%,
https://www.makro.pro/th/p/2ulis09-7167159337155?info=JTdCJTIycGFnZVNsdWclMjIlM0ElMjJFYXN5JTIwTWVhbHMlMjAlN0MlMjBSZWFkeSUyMHRvJTIwQ29vayUyMC0lMjBNZWF0JTJGMTQ1ODclMjIlMkMlMjJjYXJvdXNlbE5hbWUlMjIlM0ElMjIlMjIlMkMlMjJjb2xsZWN0aW9uSWQlMjIlM0ElMjIxNDU4NyUyMiUyQyUyMmluZGV4Q2xpY2tlZCUyMiUzQTQ2JTdE,https://images.mango-prod.siammakro.cloud/product-images/7167159337155-3f44f708-e68c-41f2-90d9-d3cc11ee21ac.jpeg?imageMogr2/thumbnail/300x300,"ซื้อ 1,200฿ ได้รับ 20 พอยท์",เซพแพ็ค หมูนุ่มหมักพริกไทยดําแช่แข็ง สูตร 2 แพ็ค 1 กก.,฿,73.,00,฿ 79.00,5+ units,-7%,
https://www.makro.pro/th/p/saxi2uu-7542465462467?info=JTdCJTIycGFnZVNsdWclMjIlM0ElMjJFYXN5JTIwTWVhbHMlMjAlN0MlMjBSZWFkeSUyMHRvJTIwQ29vayUyMC0lMjBNZWF0JTJGMTQ1ODclMjIlMkMlMjJjYXJvdXNlbE5hbWUlMjIlM0ElMjIlMjIlMkMlMjJjb2xsZWN0aW9uSWQlMjIlM0ElMjIxNDU4NyUyMiUyQyUyMmluZGV4Q2xpY2tlZCUyMiUzQTQ3JTdE,https://images.mango-prod.siammakro.cloud/product-images/7542465462467-daa26f42-6561-4909-a2c9-3cecc128598f.jpeg?imageMogr2/thumbnail/300x300,"ซื้อ 1,200฿ ได้รับ 20 พอยท์",เอโร่ หมูบะช่อปรุงรสแช่แข็ง 1 กก.,฿,133.,00,฿ 135.00,5+ units,-1%,
https://www.makro.pro/th/p/0dgpzou-7196422602947?info=JTdCJTIycGFnZVNsdWclMjIlM0ElMjJFYXN5JTIwTWVhbHMlMjAlN0MlMjBSZWFkeSUyMHRvJTIwQ29vayUyMC0lMjBNZWF0JTJGMTQ1ODclMjIlMkMlMjJjYXJvdXNlbE5hbWUlMjIlM0ElMjIlMjIlMkMlMjJjb2xsZWN0aW9uSWQlMjIlM0ElMjIxNDU4NyUyMiUyQyUyMmluZGV4Q2xpY2tlZCUyMiUzQTQ4JTdE,https://images.mango-prod.siammakro.cloud/SOURCE/c5692db442d74c1385da12a909361fcf,"ซื้อ 1,200฿ ได้รับ 20 พอยท์",หมูหมักหม่าล่าแช่แข็ง 1 กก.,฿,87.,00,฿ 89.00,5+ units,-2%,
https://www.makro.pro/th/p/t3dhzkt-7542465167555?info=JTdCJTIycGFnZVNsdWclMjIlM0ElMjJFYXN5JTIwTWVhbHMlMjAlN0MlMjBSZWFkeSUyMHRvJTIwQ29vayUyMC0lMjBNZWF0JTJGMTQ1ODclMjIlMkMlMjJjYXJvdXNlbE5hbWUlMjIlM0ElMjIlMjIlMkMlMjJjb2xsZWN0aW9uSWQlMjIlM0ElMjIxNDU4NyUyMiUyQyUyMmluZGV4Q2xpY2tlZCUyMiUzQTQ5JTdE,https://images.mango-prod.siammakro.cloud/product-images/7542465167555-490d33a8-d40a-4ce2-81c1-5599e8aea5d4.jpeg?imageMogr2/thumbnail/300x300,"ซื้อ 1,200฿ ได้รับ 20 พอยท์",หมูเด้งผสมไก่แช่แข็ง 1 ลัง (1 กก. x 10),"฿

850.

00",฿,00,,,,
https://www.makro.pro/th/p/vw_kze9-7542464151747?info=JTdCJTIycGFnZVNsdWclMjIlM0ElMjJFYXN5JTIwTWVhbHMlMjAlN0MlMjBSZWFkeSUyMHRvJTIwQ29vayUyMC0lMjBNZWF0JTJGMTQ1ODclMjIlMkMlMjJjYXJvdXNlbE5hbWUlMjIlM0ElMjIlMjIlMkMlMjJjb2xsZWN0aW9uSWQlMjIlM0ElMjIxNDU4NyUyMiUyQyUyMmluZGV4Q2xpY2tlZCUyMiUzQTUwJTdE,https://images.mango-prod.siammakro.cloud/SOURCE/6c198088621c4613b7ccf0dff53f5248,"ซื้อ 1,200฿ ได้รับ 20 พอยท์",หมูเด้งผสมไก่ปรุงรสแช่แข็ง 1 กก.,฿,123.,00,฿ 125.00,5+ units,-1%,
https://www.makro.pro/th/p/mvtvfae-6974753046723?info=JTdCJTIycGFnZVNsdWclMjIlM0ElMjJFYXN5JTIwTWVhbHMlMjAlN0MlMjBSZWFkeSUyMHRvJTIwQ29vayUyMC0lMjBNZWF0JTJGMTQ1ODclMjIlMkMlMjJjYXJvdXNlbE5hbWUlMjIlM0ElMjIlMjIlMkMlMjJjb2xsZWN0aW9uSWQlMjIlM0ElMjIxNDU4NyUyMiUyQyUyMmluZGV4Q2xpY2tlZCUyMiUzQTUxJTdE,https://images.mango-prod.siammakro.cloud/SOURCE/5e40cc9852ef4ee9af36efc0dc005778,"ซื้อ 1,200฿ ได้รับ 20 พอยท์",พีแอนด์พีฟู้ด หมูบดปรุงรสแช่แข็ง 1 กก.,฿,163.,00,฿ 165.00,5+ units,-1%,
https://www.makro.pro/th/p/5ln27ki-7196419686595?info=JTdCJTIycGFnZVNsdWclMjIlM0ElMjJFYXN5JTIwTWVhbHMlMjAlN0MlMjBSZWFkeSUyMHRvJTIwQ29vayUyMC0lMjBNZWF0JTJGMTQ1ODclMjIlMkMlMjJjYXJvdXNlbE5hbWUlMjIlM0ElMjIlMjIlMkMlMjJjb2xsZWN0aW9uSWQlMjIlM0ElMjIxNDU4NyUyMiUyQyUyMmluZGV4Q2xpY2tlZCUyMiUzQTUyJTdE,https://images.mango-prod.siammakro.cloud/SOURCE/b07719b4b13b4f2e9ce9ae0cf81cbe84,"ซื้อ 1,200฿ ได้รับ 20 พอยท์",ซูเปอร์เชฟ หมูนุ่มบาร์บีคิวแช่แข็ง 1 กก.,฿,81.,00,฿ 95.00,5 - 19 units,-14%,
https://www.makro.pro/th/p/gvbggy0-7275692228803?info=JTdCJTIycGFnZVNsdWclMjIlM0ElMjJFYXN5JTIwTWVhbHMlMjAlN0MlMjBSZWFkeSUyMHRvJTIwQ29vayUyMC0lMjBNZWF0JTJGMTQ1ODclMjIlMkMlMjJjYXJvdXNlbE5hbWUlMjIlM0ElMjIlMjIlMkMlMjJjb2xsZWN0aW9uSWQlMjIlM0ElMjIxNDU4NyUyMiUyQyUyMmluZGV4Q2xpY2tlZCUyMiUzQTUzJTdE,https://images.mango-prod.siammakro.cloud/product-images/7275692228803-fd384751-8ede-43d7-bf99-a5c439d2cbd9.jpeg?imageMogr2/thumbnail/300x300,"ซื้อ 1,200฿ ได้รับ 20 พอยท์",เซพแพ็ค หมูนุ่มแช่แข็ง 1 กก. x 10 ยกลัง,"฿

830.

00",฿,00,,,,
https://www.makro.pro/th/p/273k4df-7196422996163?info=JTdCJTIycGFnZVNsdWclMjIlM0ElMjJFYXN5JTIwTWVhbHMlMjAlN0MlMjBSZWFkeSUyMHRvJTIwQ29vayUyMC0lMjBNZWF0JTJGMTQ1ODclMjIlMkMlMjJjYXJvdXNlbE5hbWUlMjIlM0ElMjIlMjIlMkMlMjJjb2xsZWN0aW9uSWQlMjIlM0ElMjIxNDU4NyUyMiUyQyUyMmluZGV4Q2xpY2tlZCUyMiUzQTU0JTdE,https://images.mango-prod.siammakro.cloud/product-images/7196422996163-7e536175-5e98-43e4-b6c3-4e3db68e8efa.jpeg?imageMogr2/thumbnail/300x300,"ซื้อ 1,200฿ ได้รับ 20 พอยท์",เนื้อไก่หมักนมสดแช่แข็ง 1 กก.,"฿

89.

00",฿,00,,,,
https://www.makro.pro/th/p/_uvrzme-7416123752643?info=JTdCJTIycGFnZVNsdWclMjIlM0ElMjJFYXN5JTIwTWVhbHMlMjAlN0MlMjBSZWFkeSUyMHRvJTIwQ29vayUyMC0lMjBNZWF0JTJGMTQ1ODclMjIlMkMlMjJjYXJvdXNlbE5hbWUlMjIlM0ElMjIlMjIlMkMlMjJjb2xsZWN0aW9uSWQlMjIlM0ElMjIxNDU4NyUyMiUyQyUyMmluZGV4Q2xpY2tlZCUyMiUzQTU1JTdE,https://images.mango-prod.siammakro.cloud/product-images/7416123752643-d6ce7294-799b-4754-84b6-da1dc806f308.jpeg?imageMogr2/thumbnail/300x300,"ซื้อ 1,200฿ ได้รับ 20 พอยท์",ซีพีเอฟ คูโรบูตะหมักซอสฮอตแอนด์สไปซี่ 200 กรัม,฿,77.,00,฿ 79.00,5+ units,-2%,
https://www.makro.pro/th/p/gxh5a-3-7167166611651?info=JTdCJTIycGFnZVNsdWclMjIlM0ElMjJFYXN5JTIwTWVhbHMlMjAlN0MlMjBSZWFkeSUyMHRvJTIwQ29vayUyMC0lMjBNZWF0JTJGMTQ1ODclMjIlMkMlMjJjYXJvdXNlbE5hbWUlMjIlM0ElMjIlMjIlMkMlMjJjb2xsZWN0aW9uSWQlMjIlM0ElMjIxNDU4NyUyMiUyQyUyMmluZGV4Q2xpY2tlZCUyMiUzQTU2JTdE,https://images.mango-prod.siammakro.cloud/SOURCE/ed6524cfcd5d4c0cbba88dc427eb5831,"ซื้อ 1,200฿ ได้รับ 20 พอยท์",ฟาร์มสุข เอ็กซ์คลูซีฟ ไก่สูตรนมสดพร้อมย่างแช่แข็ง 750 ก.,฿,129.,00,฿ 135.00,,-4%,
https://www.makro.pro/th/p/k7gp6ws-7352870797507?info=JTdCJTIycGFnZVNsdWclMjIlM0ElMjJFYXN5JTIwTWVhbHMlMjAlN0MlMjBSZWFkeSUyMHRvJTIwQ29vayUyMC0lMjBNZWF0JTJGMTQ1ODclMjIlMkMlMjJjYXJvdXNlbE5hbWUlMjIlM0ElMjIlMjIlMkMlMjJjb2xsZWN0aW9uSWQlMjIlM0ElMjIxNDU4NyUyMiUyQyUyMmluZGV4Q2xpY2tlZCUyMiUzQTU3JTdE,https://images.mango-prod.siammakro.cloud/SOURCE/70002d3d2fae447399349129e2040350,"ซื้อ 1,200฿ ได้รับ 20 พอยท์",หมูดําสันคอสเต็กหมักพริกไทยดํา960ก,฿,333.,00,฿ 335.00,5+ units,,
https://www.makro.pro/th/p/Ips3hyx-859431393634708?info=JTdCJTIycGFnZVNsdWclMjIlM0ElMjJFYXN5JTIwTWVhbHMlMjAlN0MlMjBSZWFkeSUyMHRvJTIwQ29vayUyMC0lMjBNZWF0JTJGMTQ1ODclMjIlMkMlMjJjYXJvdXNlbE5hbWUlMjIlM0ElMjIlMjIlMkMlMjJjb2xsZWN0aW9uSWQlMjIlM0ElMjIxNDU4NyUyMiUyQyUyMmluZGV4Q2xpY2tlZCUyMiUzQTU4JTdE,https://images.mango-prod.siammakro.cloud/product-images/859431393634708-a8f83c1e-ed72-4dfb-acbc-8327046bf46f.jpeg?imageMogr2/thumbnail/300x300,"ซื้อ 1,200฿ ได้รับ 20 พอยท์",ยูฟาร์ม ชุดหมูชีวาสไลซ์แช่แข็ง 600 ก.,฿,173.,00,฿ 175.00,5+ units,-1%,
https://www.makro.pro/th/p/3oyqbd-7542463004867?info=JTdCJTIycGFnZVNsdWclMjIlM0ElMjJFYXN5JTIwTWVhbHMlMjAlN0MlMjBSZWFkeSUyMHRvJTIwQ29vayUyMC0lMjBNZWF0JTJGMTQ1ODclMjIlMkMlMjJjYXJvdXNlbE5hbWUlMjIlM0ElMjIlMjIlMkMlMjJjb2xsZWN0aW9uSWQlMjIlM0ElMjIxNDU4NyUyMiUyQyUyMmluZGV4Q2xpY2tlZCUyMiUzQTU5JTdE,https://images.mango-prod.siammakro.cloud/product-images/7542463004867-39650519-3026-4b39-a67b-3b139a9c54ae.jpeg?imageMogr2/thumbnail/300x300,"ซื้อ 1,200฿ ได้รับ 20 พอยท์",ซูเปอร์เชฟ หมูนุ่มปรุงรสพริกไทยดําแช่แข็ง 1 ลัง (1 กก. x 10),"฿

930.

00",฿,00,,,,
https://www.makro.pro/th/p/ycpkely-7512874811587?info=JTdCJTIycGFnZVNsdWclMjIlM0ElMjJFYXN5JTIwTWVhbHMlMjAlN0MlMjBSZWFkeSUyMHRvJTIwQ29vayUyMC0lMjBNZWF0JTJGMTQ1ODclMjIlMkMlMjJjYXJvdXNlbE5hbWUlMjIlM0ElMjIlMjIlMkMlMjJjb2xsZWN0aW9uSWQlMjIlM0ElMjIxNDU4NyUyMiUyQyUyMmluZGV4Q2xpY2tlZCUyMiUzQTYwJTdE,https://images.mango-prod.siammakro.cloud/product-images/7512874811587-202fe027-7e90-46ad-b001-18a99c55e4f8.jpeg?imageMogr2/thumbnail/300x300,"ซื้อ 1,200฿ ได้รับ 20 พอยท์",เซพแพ็ค หมูนุ่มงาขาวแช่แข็ง 1 ลัง (1 กก. X 10),"฿

830.

00",฿,00,,,,
https://www.makro.pro/th/p/57vaig2-7167167594691?info=JTdCJTIycGFnZVNsdWclMjIlM0ElMjJFYXN5JTIwTWVhbHMlMjAlN0MlMjBSZWFkeSUyMHRvJTIwQ29vayUyMC0lMjBNZWF0JTJGMTQ1ODclMjIlMkMlMjJjYXJvdXNlbE5hbWUlMjIlM0ElMjIlMjIlMkMlMjJjb2xsZWN0aW9uSWQlMjIlM0ElMjIxNDU4NyUyMiUyQyUyMmluZGV4Q2xpY2tlZCUyMiUzQTYxJTdE,https://images.mango-prod.siammakro.cloud/SOURCE/1d6f339a0fba48e38b07cf05f08d26d3,"ซื้อ 1,200฿ ได้รับ 20 พอยท์",ซีพี หมูดําพอร์คชอปหมักพริกไทยดํา 960 ก.,฿,247.,00,฿ 249.00,5+ units,,
https://www.makro.pro/th/p/cnkvr3q-7167166382275?info=JTdCJTIycGFnZVNsdWclMjIlM0ElMjJFYXN5JTIwTWVhbHMlMjAlN0MlMjBSZWFkeSUyMHRvJTIwQ29vayUyMC0lMjBNZWF0JTJGMTQ1ODclMjIlMkMlMjJjYXJvdXNlbE5hbWUlMjIlM0ElMjIlMjIlMkMlMjJjb2xsZWN0aW9uSWQlMjIlM0ElMjIxNDU4NyUyMiUyQyUyMmluZGV4Q2xpY2tlZCUyMiUzQTYyJTdE,https://images.mango-prod.siammakro.cloud/SOURCE/1d2195452d234fefbf11886feb954501,"ซื้อ 1,200฿ ได้รับ 20 พอยท์",พีแอนด์พีฟู้ด เนื้อไก่หมักนํ้ามันงาแช่แข็ง 1 กก.,"฿

119.

00",฿,00,,,,
https://www.makro.pro/th/p/22n9lwz-7196423979203?info=JTdCJTIycGFnZVNsdWclMjIlM0ElMjJFYXN5JTIwTWVhbHMlMjAlN0MlMjBSZWFkeSUyMHRvJTIwQ29vayUyMC0lMjBNZWF0JTJGMTQ1ODclMjIlMkMlMjJjYXJvdXNlbE5hbWUlMjIlM0ElMjIlMjIlMkMlMjJjb2xsZWN0aW9uSWQlMjIlM0ElMjIxNDU4NyUyMiUyQyUyMmluZGV4Q2xpY2tlZCUyMiUzQTYzJTdE,https://images.mango-prod.siammakro.cloud/SOURCE/c73662c381d743c59c8c61bad12d3768,"ซื้อ 1,200฿ ได้รับ 20 พอยท์",ประกอบ บีฟ เนื้อโคขุนเสียบไม้แช่แข็ง รสดั้งเดิม 400 ก.,"฿

145.

00",฿,00,,,,
https://www.makro.pro/th/p/himsi9o-7167171690691?info=JTdCJTIycGFnZVNsdWclMjIlM0ElMjJFYXN5JTIwTWVhbHMlMjAlN0MlMjBSZWFkeSUyMHRvJTIwQ29vayUyMC0lMjBNZWF0JTJGMTQ1ODclMjIlMkMlMjJjYXJvdXNlbE5hbWUlMjIlM0ElMjIlMjIlMkMlMjJjb2xsZWN0aW9uSWQlMjIlM0ElMjIxNDU4NyUyMiUyQyUyMmluZGV4Q2xpY2tlZCUyMiUzQTY0JTdE,https://images.mango-prod.siammakro.cloud/SOURCE/fa608c5ad3c74f83a6774b2e11165be4,"ซื้อ 1,200฿ ได้รับ 20 พอยท์",สินธร โฟรเซ่น ฟู้ด เนื้อโคขุนหมักนุ่มแช่แข็ง 500 ก.,"฿

160.

00",฿,00,,,,
https://www.makro.pro/th/p/x-em90y-7275691376835?info=JTdCJTIycGFnZVNsdWclMjIlM0ElMjJFYXN5JTIwTWVhbHMlMjAlN0MlMjBSZWFkeSUyMHRvJTIwQ29vayUyMC0lMjBNZWF0JTJGMTQ1ODclMjIlMkMlMjJjYXJvdXNlbE5hbWUlMjIlM0ElMjIlMjIlMkMlMjJjb2xsZWN0aW9uSWQlMjIlM0ElMjIxNDU4NyUyMiUyQyUyMmluZGV4Q2xpY2tlZCUyMiUzQTY1JTdE,https://images.mango-prod.siammakro.cloud/product-images/7275691376835-f9e5cdf3-adba-4d53-850c-e28158409fc2.jpeg?imageMogr2/thumbnail/300x300,"ซื้อ 1,200฿ ได้รับ 20 พอยท์",เซพแพ็ค หมูนุ่มพริกไทยดํา 1 กกx10,"฿

830.

00",฿,00,,,,
https://www.makro.pro/th/p/7abes7a-7416121917635?info=JTdCJTIycGFnZVNsdWclMjIlM0ElMjJFYXN5JTIwTWVhbHMlMjAlN0MlMjBSZWFkeSUyMHRvJTIwQ29vayUyMC0lMjBNZWF0JTJGMTQ1ODclMjIlMkMlMjJjYXJvdXNlbE5hbWUlMjIlM0ElMjIlMjIlMkMlMjJjb2xsZWN0aW9uSWQlMjIlM0ElMjIxNDU4NyUyMiUyQyUyMmluZGV4Q2xpY2tlZCUyMiUzQTY2JTdE,https://images.mango-prod.siammakro.cloud/SOURCE/3c9a00d13d76434eb664666a5124c77f,"ซื้อ 1,200฿ ได้รับ 20 พอยท์",ประกอบ บีฟ เนื้อโคขุนเสียบไม้ พริกไทยดํา แช่แข็ง 400 กรัม,"฿

145.

00",฿,00,,,,
https://www.makro.pro/th/p/ojqr4xq-7167168938179?info=JTdCJTIycGFnZVNsdWclMjIlM0ElMjJFYXN5JTIwTWVhbHMlMjAlN0MlMjBSZWFkeSUyMHRvJTIwQ29vayUyMC0lMjBNZWF0JTJGMTQ1ODclMjIlMkMlMjJjYXJvdXNlbE5hbWUlMjIlM0ElMjIlMjIlMkMlMjJjb2xsZWN0aW9uSWQlMjIlM0ElMjIxNDU4NyUyMiUyQyUyMmluZGV4Q2xpY2tlZCUyMiUzQTY3JTdE,https://images.mango-prod.siammakro.cloud/SOURCE/0a73252229224154bc129cb6bdffd7ea,"ซื้อ 1,200฿ ได้รับ 20 พอยท์",พีแอนด์พีฟู้ด หมูหมักนํ้ามันงาแช่แข็ง 1 กก.,฿,177.,00,฿ 179.00,5+ units,-1%,
https://www.makro.pro/th/p/dhxqeg2-7167159926979?info=JTdCJTIycGFnZVNsdWclMjIlM0ElMjJFYXN5JTIwTWVhbHMlMjAlN0MlMjBSZWFkeSUyMHRvJTIwQ29vayUyMC0lMjBNZWF0JTJGMTQ1ODclMjIlMkMlMjJjYXJvdXNlbE5hbWUlMjIlM0ElMjIlMjIlMkMlMjJjb2xsZWN0aW9uSWQlMjIlM0ElMjIxNDU4NyUyMiUyQyUyMmluZGV4Q2xpY2tlZCUyMiUzQTY4JTdE,https://images.mango-prod.siammakro.cloud/SOURCE/72c05dddaeea440e8bc09c775e0f080b,"ซื้อ 1,200฿ ได้รับ 20 พอยท์",พีแอนด์พีฟู้ด หมูหมักพริกไทยดําแช่แข็ง 1 กก.,฿,183.,00,฿ 185.00,5+ units,-1%,
https://www.makro.pro/th/p/YgpV2LY-65892015300573?info=JTdCJTIycGFnZVNsdWclMjIlM0ElMjJFYXN5JTIwTWVhbHMlMjAlN0MlMjBSZWFkeSUyMHRvJTIwQ29vayUyMC0lMjBNZWF0JTJGMTQ1ODclMjIlMkMlMjJjYXJvdXNlbE5hbWUlMjIlM0ElMjIlMjIlMkMlMjJjb2xsZWN0aW9uSWQlMjIlM0ElMjIxNDU4NyUyMiUyQyUyMmluZGV4Q2xpY2tlZCUyMiUzQTY5JTdE,https://images.mango-prod.siammakro.cloud/product-images/65892015300573-98a4c4e6-99fd-4e5e-8b99-0aaebbf64795.jpeg?imageMogr2/thumbnail/300x300,"ซื้อ 1,200฿ ได้รับ 20 พอยท์",เอโร่ หมูหมักนุ่มแช่แข็ง 1 กก. X 10,฿,"1,230.",00,"฿ 1,330.00",,-7%,
https://www.makro.pro/th/p/9SJwS0s-937084817841374?info=JTdCJTIycGFnZVNsdWclMjIlM0ElMjJFYXN5JTIwTWVhbHMlMjAlN0MlMjBSZWFkeSUyMHRvJTIwQ29vayUyMC0lMjBNZWF0JTJGMTQ1ODclMjIlMkMlMjJjYXJvdXNlbE5hbWUlMjIlM0ElMjIlMjIlMkMlMjJjb2xsZWN0aW9uSWQlMjIlM0ElMjIxNDU4NyUyMiUyQyUyMmluZGV4Q2xpY2tlZCUyMiUzQTcwJTdE,https://images.mango-prod.siammakro.cloud/product-images/937084817841374-f50bb209-2064-4ba0-a9f0-d61a07145dac.jpeg?imageMogr2/thumbnail/300x300,"ซื้อ 1,200฿ ได้รับ 20 พอยท์",ซีพี หมูบะช่อทรงเครื่องแช่แข็ง 1 ลัง (1 กก. x 10),"฿

1,270.

00",฿,00,,,,
https://www.makro.pro/th/p/FsQECWt-459865617059646?info=JTdCJTIycGFnZVNsdWclMjIlM0ElMjJFYXN5JTIwTWVhbHMlMjAlN0MlMjBSZWFkeSUyMHRvJTIwQ29vayUyMC0lMjBNZWF0JTJGMTQ1ODclMjIlMkMlMjJjYXJvdXNlbE5hbWUlMjIlM0ElMjIlMjIlMkMlMjJjb2xsZWN0aW9uSWQlMjIlM0ElMjIxNDU4NyUyMiUyQyUyMmluZGV4Q2xpY2tlZCUyMiUzQTcxJTdE,https://images.mango-prod.siammakro.cloud/SOURCE/4135c76433f3419cb37a424f75bce93e,"ซื้อ 1,200฿ ได้รับ 20 พอยท์",ซูเปอร์เชฟ หมูบะช่อปรุงรสแช่แข็ง 250 ก. x 4,฿,137.,00,฿ 139.00,5+ units,-1%,
https://www.makro.pro/th/p/kyoaquq-7416145543363?info=JTdCJTIycGFnZVNsdWclMjIlM0ElMjJFYXN5JTIwTWVhbHMlMjAlN0MlMjBSZWFkeSUyMHRvJTIwQ29vayUyMC0lMjBNZWF0JTJGMTQ1ODclMjIlMkMlMjJjYXJvdXNlbE5hbWUlMjIlM0ElMjIlMjIlMkMlMjJjb2xsZWN0aW9uSWQlMjIlM0ElMjIxNDU4NyUyMiUyQyUyMmluZGV4Q2xpY2tlZCUyMiUzQTcyJTdE,https://images.mango-prod.siammakro.cloud/SOURCE/bbfcb39c3aed4be096f2242995cbc483,"ซื้อ 1,200฿ ได้รับ 20 พอยท์",พีแอนด์พี หมูกระเทียมแช่แข็ง 390 กรัม,฿,80.,00,฿ 82.00,5+ units,-2%,
https://www.makro.pro/th/p/uedbmam-7416123654339?info=JTdCJTIycGFnZVNsdWclMjIlM0ElMjJFYXN5JTIwTWVhbHMlMjAlN0MlMjBSZWFkeSUyMHRvJTIwQ29vayUyMC0lMjBNZWF0JTJGMTQ1ODclMjIlMkMlMjJjYXJvdXNlbE5hbWUlMjIlM0ElMjIlMjIlMkMlMjJjb2xsZWN0aW9uSWQlMjIlM0ElMjIxNDU4NyUyMiUyQyUyMmluZGV4Q2xpY2tlZCUyMiUzQTczJTdE,https://images.mango-prod.siammakro.cloud/SOURCE/dffada9a2ef34a608b00c6e7edf0b86d,"ซื้อ 1,200฿ ได้รับ 20 พอยท์",พีแอนด์พี หมูบดสวรรค์แช่แข็ง 1000 กรัม,฿,163.,00,฿ 165.00,5+ units,-1%,
https://www.makro.pro/th/p/9LYIy0P-255901405190496?info=JTdCJTIycGFnZVNsdWclMjIlM0ElMjJFYXN5JTIwTWVhbHMlMjAlN0MlMjBSZWFkeSUyMHRvJTIwQ29vayUyMC0lMjBNZWF0JTJGMTQ1ODclMjIlMkMlMjJjYXJvdXNlbE5hbWUlMjIlM0ElMjIlMjIlMkMlMjJjb2xsZWN0aW9uSWQlMjIlM0ElMjIxNDU4NyUyMiUyQyUyMmluZGV4Q2xpY2tlZCUyMiUzQTc0JTdE,https://images.mango-prod.siammakro.cloud/product-images/255901405190496-65948b20-0290-4fcd-9ce7-c1aa16fdefe7.jpeg?imageMogr2/thumbnail/300x300,"ซื้อ 1,200฿ ได้รับ 20 พอยท์",เอโร่ หมูเด้งผสมไก่แช่แข็ง สูตร 1 1 กก. x 10,"฿

1,270.

00",฿,00,,,,
https://www.makro.pro/th/p/orCTdk0-248474421332885?info=JTdCJTIycGFnZVNsdWclMjIlM0ElMjJFYXN5JTIwTWVhbHMlMjAlN0MlMjBSZWFkeSUyMHRvJTIwQ29vayUyMC0lMjBNZWF0JTJGMTQ1ODclMjIlMkMlMjJjYXJvdXNlbE5hbWUlMjIlM0ElMjIlMjIlMkMlMjJjb2xsZWN0aW9uSWQlMjIlM0ElMjIxNDU4NyUyMiUyQyUyMmluZGV4Q2xpY2tlZCUyMiUzQTc1JTdE,https://images.mango-prod.siammakro.cloud/product-images/248474421332885-0906802f-7f9f-4bc2-8c54-004d02734a4d.jpeg?imageMogr2/thumbnail/300x300,"ซื้อ 1,200฿ ได้รับ 20 พอยท์",เซพแพ็ค หมูหมักนุ่มแช่แข็ง สูตร 2 แพ็ค 1 กก. x 10,"฿

770.

00",฿,00,,,,
https://www.makro.pro/th/p/pL67S_O-773942540850718?info=JTdCJTIycGFnZVNsdWclMjIlM0ElMjJFYXN5JTIwTWVhbHMlMjAlN0MlMjBSZWFkeSUyMHRvJTIwQ29vayUyMC0lMjBNZWF0JTJGMTQ1ODclMjIlMkMlMjJjYXJvdXNlbE5hbWUlMjIlM0ElMjIlMjIlMkMlMjJjb2xsZWN0aW9uSWQlMjIlM0ElMjIxNDU4NyUyMiUyQyUyMmluZGV4Q2xpY2tlZCUyMiUzQTc2JTdE,https://images.mango-prod.siammakro.cloud/SOURCE/f30275119ca24eb783764560c500b245,"ซื้อ 1,200฿ ได้รับ 20 พอยท์",ซีพี สะโพกหมูดําสเต็กพริกไทยดํา 200 ก. x 8,"฿

560.

00",฿,00,,,,
https://www.makro.pro/th/p/vxazxlx-7275707924675?info=JTdCJTIycGFnZVNsdWclMjIlM0ElMjJFYXN5JTIwTWVhbHMlMjAlN0MlMjBSZWFkeSUyMHRvJTIwQ29vayUyMC0lMjBNZWF0JTJGMTQ1ODclMjIlMkMlMjJjYXJvdXNlbE5hbWUlMjIlM0ElMjIlMjIlMkMlMjJjb2xsZWN0aW9uSWQlMjIlM0ElMjIxNDU4NyUyMiUyQyUyMmluZGV4Q2xpY2tlZCUyMiUzQTc3JTdE,https://images.mango-prod.siammakro.cloud/product-images/7275707924675-ace7a23d-93c8-4f11-8dce-f2fcbc7e10df.jpeg?imageMogr2/thumbnail/300x300,"ซื้อ 1,200฿ ได้รับ 20 พอยท์",พีแอนด์พีฟู้ด สเต็กหมูพริกไทยดําแช่แข็ง 1 ลัง (1 กก. x 10),฿,"1,870.",00,"฿ 1,930.00",,-3%,
https://www.makro.pro/th/p/TtS4QI6-512777479956750?info=JTdCJTIycGFnZVNsdWclMjIlM0ElMjJFYXN5JTIwTWVhbHMlMjAlN0MlMjBSZWFkeSUyMHRvJTIwQ29vayUyMC0lMjBNZWF0JTJGMTQ1ODclMjIlMkMlMjJjYXJvdXNlbE5hbWUlMjIlM0ElMjIlMjIlMkMlMjJjb2xsZWN0aW9uSWQlMjIlM0ElMjIxNDU4NyUyMiUyQyUyMmluZGV4Q2xpY2tlZCUyMiUzQTc4JTdE,https://images.mango-prod.siammakro.cloud/product-images/512777479956750-4a8c2d36-57c3-407a-ac74-5410cf028494.undefined?imageMogr2/thumbnail/300x300,"ซื้อ 1,200฿ ได้รับ 20 พอยท์",หมูเด้งผสมไก่ปรุงรสแช่แข็ง 1 ลัง (1 กก. x 10),"฿

1,230.

00",฿,00,,,,
https://www.makro.pro/th/p/tHR33i5-837256973231874?info=JTdCJTIycGFnZVNsdWclMjIlM0ElMjJFYXN5JTIwTWVhbHMlMjAlN0MlMjBSZWFkeSUyMHRvJTIwQ29vayUyMC0lMjBNZWF0JTJGMTQ1ODclMjIlMkMlMjJjYXJvdXNlbE5hbWUlMjIlM0ElMjIlMjIlMkMlMjJjb2xsZWN0aW9uSWQlMjIlM0ElMjIxNDU4NyUyMiUyQyUyMmluZGV4Q2xpY2tlZCUyMiUzQTc5JTdE,https://images.mango-prod.siammakro.cloud/SOURCE/1ae86998d52f4c9dbe2774a17b997e58,"ซื้อ 1,200฿ ได้รับ 20 พอยท์",ซีพี สันคอหมูดําสเต็กพริกไทยดํา 200 ก. x 8,"฿

776.00",฿,,,,,สินค้าหมด
https://www.makro.pro/th/p/18q_g0-7275692359875?info=JTdCJTIycGFnZVNsdWclMjIlM0ElMjJFYXN5JTIwTWVhbHMlMjAlN0MlMjBSZWFkeSUyMHRvJTIwQ29vayUyMC0lMjBNZWF0JTJGMTQ1ODclMjIlMkMlMjJjYXJvdXNlbE5hbWUlMjIlM0ElMjIlMjIlMkMlMjJjb2xsZWN0aW9uSWQlMjIlM0ElMjIxNDU4NyUyMiUyQyUyMmluZGV4Q2xpY2tlZCUyMiUzQTgwJTdE,https://images.mango-prod.siammakro.cloud/product-images/7275692359875-9a991393-6a44-4e1c-bdf5-948836aca9ba.jpeg?imageMogr2/thumbnail/300x300,"ซื้อ 1,200฿ ได้รับ 20 พอยท์",พีแอนด์พีฟู้ด หมูบดปรุงรสแช่แข็ง 1 ลัง (1 กก. x 10),"฿

1,630.

00",฿,00,,,,
https://www.makro.pro/th/p/xTnzRhY-980603113413720?info=JTdCJTIycGFnZVNsdWclMjIlM0ElMjJFYXN5JTIwTWVhbHMlMjAlN0MlMjBSZWFkeSUyMHRvJTIwQ29vayUyMC0lMjBNZWF0JTJGMTQ1ODclMjIlMkMlMjJjYXJvdXNlbE5hbWUlMjIlM0ElMjIlMjIlMkMlMjJjb2xsZWN0aW9uSWQlMjIlM0ElMjIxNDU4NyUyMiUyQyUyMmluZGV4Q2xpY2tlZCUyMiUzQTgxJTdE,https://images.mango-prod.siammakro.cloud/product-images/980603113413720-df37b194-8ebe-47f6-a456-0cd7832eeeb7.jpeg?imageMogr2/thumbnail/300x300,"ซื้อ 1,200฿ ได้รับ 20 พอยท์",ฟาร์มสุข เอ็กซ์คลูซีฟ เนื้อไก่หมักน้ํามันงาแช่แข็ง 1 กก. ลัง,"฿

1,068.

00",฿,00,,,,
https://www.makro.pro/th/p/5RW6Eh_-993546674932641?info=JTdCJTIycGFnZVNsdWclMjIlM0ElMjJFYXN5JTIwTWVhbHMlMjAlN0MlMjBSZWFkeSUyMHRvJTIwQ29vayUyMC0lMjBNZWF0JTJGMTQ1ODclMjIlMkMlMjJjYXJvdXNlbE5hbWUlMjIlM0ElMjIlMjIlMkMlMjJjb2xsZWN0aW9uSWQlMjIlM0ElMjIxNDU4NyUyMiUyQyUyMmluZGV4Q2xpY2tlZCUyMiUzQTgyJTdE,https://images.mango-prod.siammakro.cloud/SOURCE/27b691d21a31491d884694cbe669f88f,"ซื้อ 1,200฿ ได้รับ 20 พอยท์",ซีพี ชิคเก้นริบสูตรเกลือแช่แข็ง 1 ลัง (1 กก. x 10),"฿

1,350.

00",฿,00,,,,
https://www.makro.pro/th/p/4q1blD4-327724458650536?info=JTdCJTIycGFnZVNsdWclMjIlM0ElMjJFYXN5JTIwTWVhbHMlMjAlN0MlMjBSZWFkeSUyMHRvJTIwQ29vayUyMC0lMjBNZWF0JTJGMTQ1ODclMjIlMkMlMjJjYXJvdXNlbE5hbWUlMjIlM0ElMjIlMjIlMkMlMjJjb2xsZWN0aW9uSWQlMjIlM0ElMjIxNDU4NyUyMiUyQyUyMmluZGV4Q2xpY2tlZCUyMiUzQTgzJTdE,https://images.mango-prod.siammakro.cloud/product-images/327724458650536-42eec609-6bbd-45c7-a1d3-39f67de66bde.jpeg?imageMogr2/thumbnail/300x300,"ซื้อ 1,200฿ ได้รับ 20 พอยท์",เซพแพ็ค หมูนุ่มหมักงาขาวแช่แข็ง สูตร 2 แพ็ค 1 กก. x 10,"฿

770.

00",฿,00,,,,
https://www.makro.pro/th/p/vr-3ay0-789611949108192?info=JTdCJTIycGFnZVNsdWclMjIlM0ElMjJFYXN5JTIwTWVhbHMlMjAlN0MlMjBSZWFkeSUyMHRvJTIwQ29vayUyMC0lMjBNZWF0JTJGMTQ1ODclMjIlMkMlMjJjYXJvdXNlbE5hbWUlMjIlM0ElMjIlMjIlMkMlMjJjb2xsZWN0aW9uSWQlMjIlM0ElMjIxNDU4NyUyMiUyQyUyMmluZGV4Q2xpY2tlZCUyMiUzQTg0JTdE,https://images.mango-prod.siammakro.cloud/product-images/789611949108192-1b729e63-874b-4dfc-9779-42fdc6e83a93.jpeg?imageMogr2/thumbnail/300x300,"ซื้อ 1,200฿ ได้รับ 20 พอยท์",ซูเปอร์เชฟ ไก่บะช่อเด้งพร้อมปรุงแช่แข็ง 1 ลัง (1 กก. x 10),"฿

890.

00",฿,00,,,,
https://www.makro.pro/th/p/39hkkmb-552401237163499?info=JTdCJTIycGFnZVNsdWclMjIlM0ElMjJFYXN5JTIwTWVhbHMlMjAlN0MlMjBSZWFkeSUyMHRvJTIwQ29vayUyMC0lMjBNZWF0JTJGMTQ1ODclMjIlMkMlMjJjYXJvdXNlbE5hbWUlMjIlM0ElMjIlMjIlMkMlMjJjb2xsZWN0aW9uSWQlMjIlM0ElMjIxNDU4NyUyMiUyQyUyMmluZGV4Q2xpY2tlZCUyMiUzQTg1JTdE,https://images.mango-prod.siammakro.cloud/SOURCE/bebcfedd85b04589add5a2e36145a7eb,"ซื้อ 1,200฿ ได้รับ 20 พอยท์",ซูเปอร์เชฟ หมูบะช่อปรุงรสแช่แข็ง 1 กก. x 10,฿,"1,230.",00,"฿ 1,330.00",-7%,,สินค้าหมด
https://www.makro.pro/th/p/3XHVdwL-785423521605427?info=JTdCJTIycGFnZVNsdWclMjIlM0ElMjJFYXN5JTIwTWVhbHMlMjAlN0MlMjBSZWFkeSUyMHRvJTIwQ29vayUyMC0lMjBNZWF0JTJGMTQ1ODclMjIlMkMlMjJjYXJvdXNlbE5hbWUlMjIlM0ElMjIlMjIlMkMlMjJjb2xsZWN0aW9uSWQlMjIlM0ElMjIxNDU4NyUyMiUyQyUyMmluZGV4Q2xpY2tlZCUyMiUzQTg2JTdE,https://images.mango-prod.siammakro.cloud/product-images/785423521605427-b9bf87ef-10d3-48c5-80e5-aa8d6801a3cb.jpeg?imageMogr2/thumbnail/300x300,"ซื้อ 1,200฿ ได้รับ 20 พอยท์",เอโร่ หมูนุ่มหมักน้ํามันงาแช่แข็ง 1 ลัง (1 กก. X 10),฿,"1,230.",00,"฿ 1,330.00",,-7%,
https://www.makro.pro/th/p/5Bw_WLZ-378942993486327?info=JTdCJTIycGFnZVNsdWclMjIlM0ElMjJFYXN5JTIwTWVhbHMlMjAlN0MlMjBSZWFkeSUyMHRvJTIwQ29vayUyMC0lMjBNZWF0JTJGMTQ1ODclMjIlMkMlMjJjYXJvdXNlbE5hbWUlMjIlM0ElMjIlMjIlMkMlMjJjb2xsZWN0aW9uSWQlMjIlM0ElMjIxNDU4NyUyMiUyQyUyMmluZGV4Q2xpY2tlZCUyMiUzQTg3JTdE,https://images.mango-prod.siammakro.cloud/product-images/378942993486327-66657753-50f3-4397-9a96-b3eac9d20c84.jpeg?imageMogr2/thumbnail/300x300,"ซื้อ 1,200฿ ได้รับ 20 พอยท์",ซูเปอร์เชฟ สามชั้นลอกสไลซ์หมักงา 1 ลัง (1 กก. x 10),"฿

1,270.

00",฿,00,,,,
https://www.makro.pro/th/p/sdBf_gy-553998316262241?info=JTdCJTIycGFnZVNsdWclMjIlM0ElMjJFYXN5JTIwTWVhbHMlMjAlN0MlMjBSZWFkeSUyMHRvJTIwQ29vayUyMC0lMjBNZWF0JTJGMTQ1ODclMjIlMkMlMjJjYXJvdXNlbE5hbWUlMjIlM0ElMjIlMjIlMkMlMjJjb2xsZWN0aW9uSWQlMjIlM0ElMjIxNDU4NyUyMiUyQyUyMmluZGV4Q2xpY2tlZCUyMiUzQTg4JTdE,https://images.mango-prod.siammakro.cloud/SOURCE/faed4ea866574d928c479f3a7cecac39,"ซื้อ 1,200฿ ได้รับ 20 พอยท์",ซีพี พอร์คชอพหมูดําสเต็กพริกไทยดํา 960 ก. x 5,"฿

1,235.

00",฿,00,,,,
https://www.makro.pro/th/p/31Af8eV-163668872496084?info=JTdCJTIycGFnZVNsdWclMjIlM0ElMjJFYXN5JTIwTWVhbHMlMjAlN0MlMjBSZWFkeSUyMHRvJTIwQ29vayUyMC0lMjBNZWF0JTJGMTQ1ODclMjIlMkMlMjJjYXJvdXNlbE5hbWUlMjIlM0ElMjIlMjIlMkMlMjJjb2xsZWN0aW9uSWQlMjIlM0ElMjIxNDU4NyUyMiUyQyUyMmluZGV4Q2xpY2tlZCUyMiUzQTg5JTdE,https://images.mango-prod.siammakro.cloud/product-images/163668872496084-e411c33f-b22b-46d8-8e70-d9cafd30d3f7.jpeg?imageMogr2/thumbnail/300x300,"ซื้อ 1,200฿ ได้รับ 20 พอยท์",ซูเปอร์เชฟ หมูนุ่มบาร์บิคิวแช่แข็ง 1 ลัง (1 กก. x 10),"฿

930.

00",฿,00,,,,
https://www.makro.pro/th/p/2uFukJO-188553412306113?info=JTdCJTIycGFnZVNsdWclMjIlM0ElMjJFYXN5JTIwTWVhbHMlMjAlN0MlMjBSZWFkeSUyMHRvJTIwQ29vayUyMC0lMjBNZWF0JTJGMTQ1ODclMjIlMkMlMjJjYXJvdXNlbE5hbWUlMjIlM0ElMjIlMjIlMkMlMjJjb2xsZWN0aW9uSWQlMjIlM0ElMjIxNDU4NyUyMiUyQyUyMmluZGV4Q2xpY2tlZCUyMiUzQTkwJTdE,https://images.mango-prod.siammakro.cloud/SOURCE/84f92b3c0f174b4f92de98e3f689b61a,"ซื้อ 1,200฿ ได้รับ 20 พอยท์",ยากินิกุฉีดไขมันออสเตรเลียแช่แข็ง 1 กก.,"฿

755.

00",฿,00,,,,
https://www.makro.pro/th/p/uw03j6u-7497369256131?info=JTdCJTIycGFnZVNsdWclMjIlM0ElMjJFYXN5JTIwTWVhbHMlMjAlN0MlMjBSZWFkeSUyMHRvJTIwQ29vayUyMC0lMjBNZWF0JTJGMTQ1ODclMjIlMkMlMjJjYXJvdXNlbE5hbWUlMjIlM0ElMjIlMjIlMkMlMjJjb2xsZWN0aW9uSWQlMjIlM0ElMjIxNDU4NyUyMiUyQyUyMmluZGV4Q2xpY2tlZCUyMiUzQTkxJTdE,https://images.mango-prod.siammakro.cloud/SOURCE/a178552e75a742bdbb198945990ee207,,ฟาร์มสุข เอ็กซ์คลูซีฟ ไก่สูตรนมสดพร้อมย่างแช่แข็ง 750 ก. ลัง,"฿

1,350.

00",฿,00,,,,
https://www.makro.pro/th/p/r6B9E6V-264354678379720?info=JTdCJTIycGFnZVNsdWclMjIlM0ElMjJFYXN5JTIwTWVhbHMlMjAlN0MlMjBSZWFkeSUyMHRvJTIwQ29vayUyMC0lMjBNZWF0JTJGMTQ1ODclMjIlMkMlMjJjYXJvdXNlbE5hbWUlMjIlM0ElMjIlMjIlMkMlMjJjb2xsZWN0aW9uSWQlMjIlM0ElMjIxNDU4NyUyMiUyQyUyMmluZGV4Q2xpY2tlZCUyMiUzQTkyJTdE,https://images.mango-prod.siammakro.cloud/product-images/264354678379720-24378f5a-04a2-490f-9582-ea71da8e3544.jpeg?imageMogr2/thumbnail/300x300,"ซื้อ 1,200฿ ได้รับ 20 พอยท์",พีแอนด์พีฟู้ด แหนมซี่โครงหมูแช่แข็ง 1 ลัง (1 กก. x 10),"฿

1,770.

00",฿,00,,,,
https://www.makro.pro/th/p/kopnZzi-225958577475946?info=JTdCJTIycGFnZVNsdWclMjIlM0ElMjJFYXN5JTIwTWVhbHMlMjAlN0MlMjBSZWFkeSUyMHRvJTIwQ29vayUyMC0lMjBNZWF0JTJGMTQ1ODclMjIlMkMlMjJjYXJvdXNlbE5hbWUlMjIlM0ElMjIlMjIlMkMlMjJjb2xsZWN0aW9uSWQlMjIlM0ElMjIxNDU4NyUyMiUyQyUyMmluZGV4Q2xpY2tlZCUyMiUzQTkzJTdE,https://images.mango-prod.siammakro.cloud/SOURCE/a1dd5f39f88041a6bc09d0dfbd4d511c,"ซื้อ 1,200฿ ได้รับ 20 พอยท์",เนื้อไก่หมักนมสดแช่แข็ง 1 ลัง (1 กก. x 12),"฿

1,068.

00",฿,00,,,,
https://www.makro.pro/th/p/sZg_Kih-32955704485043?info=JTdCJTIycGFnZVNsdWclMjIlM0ElMjJFYXN5JTIwTWVhbHMlMjAlN0MlMjBSZWFkeSUyMHRvJTIwQ29vayUyMC0lMjBNZWF0JTJGMTQ1ODclMjIlMkMlMjJjYXJvdXNlbE5hbWUlMjIlM0ElMjIlMjIlMkMlMjJjb2xsZWN0aW9uSWQlMjIlM0ElMjIxNDU4NyUyMiUyQyUyMmluZGV4Q2xpY2tlZCUyMiUzQTk0JTdE,https://images.mango-prod.siammakro.cloud/product-images/32955704485043-38ad907f-0494-4f5f-a2e2-28db2359db64.jpeg?imageMogr2/thumbnail/300x300,"ซื้อ 1,200฿ ได้รับ 20 พอยท์",เซพแพ็ค FZหมูหมักหม่าล่า 1กกX10,"฿

870.

00",฿,00,,,,
https://www.makro.pro/th/p/9pbhwei-7196421324995?info=JTdCJTIycGFnZVNsdWclMjIlM0ElMjJFYXN5JTIwTWVhbHMlMjAlN0MlMjBSZWFkeSUyMHRvJTIwQ29vayUyMC0lMjBNZWF0JTJGMTQ1ODclMjIlMkMlMjJjYXJvdXNlbE5hbWUlMjIlM0ElMjIlMjIlMkMlMjJjb2xsZWN0aW9uSWQlMjIlM0ElMjIxNDU4NyUyMiUyQyUyMmluZGV4Q2xpY2tlZCUyMiUzQTk1JTdE,https://images.mango-prod.siammakro.cloud/product-images/7196421324995-cedb6282-1ae8-41c9-9ea5-6bbc44aa5825.jpeg?imageMogr2/thumbnail/300x300,"ซื้อ 1,200฿ ได้รับ 20 พอยท์",ไก่หมักซอสหม่าล่าแช่แข็ง 850 ก.,"฿

89.00",฿,,,,,สินค้าหมด
https://www.makro.pro/th/p/6VWKFXT-573430971419018?info=JTdCJTIycGFnZVNsdWclMjIlM0ElMjJFYXN5JTIwTWVhbHMlMjAlN0MlMjBSZWFkeSUyMHRvJTIwQ29vayUyMC0lMjBNZWF0JTJGMTQ1ODclMjIlMkMlMjJjYXJvdXNlbE5hbWUlMjIlM0ElMjIlMjIlMkMlMjJjb2xsZWN0aW9uSWQlMjIlM0ElMjIxNDU4NyUyMiUyQyUyMmluZGV4Q2xpY2tlZCUyMiUzQTk2JTdE,https://images.mango-prod.siammakro.cloud/product-images/573430971419018-31be555f-b662-4c96-8d77-ecb3f76a78da.jpeg?imageMogr2/thumbnail/300x300,"ซื้อ 1,200฿ ได้รับ 20 พอยท์",เอโร่ หมูเด้งปรุงรสแช่แข็ง 100 ก. x 5,฿,83.,00,฿ 85.00,-2%,5+ units,สินค้าหมด
https://www.makro.pro/th/p/hyhr-kq-7167171264707?info=JTdCJTIycGFnZVNsdWclMjIlM0ElMjJFYXN5JTIwTWVhbHMlMjAlN0MlMjBSZWFkeSUyMHRvJTIwQ29vayUyMC0lMjBNZWF0JTJGMTQ1ODclMjIlMkMlMjJjYXJvdXNlbE5hbWUlMjIlM0ElMjIlMjIlMkMlMjJjb2xsZWN0aW9uSWQlMjIlM0ElMjIxNDU4NyUyMiUyQyUyMmluZGV4Q2xpY2tlZCUyMiUzQTk3JTdE,https://images.mango-prod.siammakro.cloud/SOURCE/64af3fdfa1644656b97fdf5651e94885,"ซื้อ 1,200฿ ได้รับ 20 พอยท์",ไพร์ม มีท เนื้อสไลซ์ปรุงรสญี่ปุ่นแช่แข็ง 500 ก.,"฿

139.00",฿,,,,,สินค้าหมด
https://www.makro.pro/th/p/fz4ontz-7275682922691?info=JTdCJTIycGFnZVNsdWclMjIlM0ElMjJFYXN5JTIwTWVhbHMlMjAlN0MlMjBSZWFkeSUyMHRvJTIwQ29vayUyMC0lMjBNZWF0JTJGMTQ1ODclMjIlMkMlMjJjYXJvdXNlbE5hbWUlMjIlM0ElMjIlMjIlMkMlMjJjb2xsZWN0aW9uSWQlMjIlM0ElMjIxNDU4NyUyMiUyQyUyMmluZGV4Q2xpY2tlZCUyMiUzQTk4JTdE,https://images.mango-prod.siammakro.cloud/SOURCE/04c09ea73e114afcb43c9f40acfd0b53,"ซื้อ 1,200฿ ได้รับ 20 พอยท์",ฟาร์มสุข เอ็กซ์คลูซีฟ ไก่แดงสูตรโบราณเสียบไม้แช่แข็ง 750 ก.,฿,129.,00,฿ 135.00,-4%,,สินค้าหมด
https://www.makro.pro/th/p/cyxhycc-7167158583491?info=JTdCJTIycGFnZVNsdWclMjIlM0ElMjJFYXN5JTIwTWVhbHMlMjAlN0MlMjBSZWFkeSUyMHRvJTIwQ29vayUyMC0lMjBNZWF0JTJGMTQ1ODclMjIlMkMlMjJjYXJvdXNlbE5hbWUlMjIlM0ElMjIlMjIlMkMlMjJjb2xsZWN0aW9uSWQlMjIlM0ElMjIxNDU4NyUyMiUyQyUyMmluZGV4Q2xpY2tlZCUyMiUzQTk5JTdE,https://images.mango-prod.siammakro.cloud/product-images/7167158583491-77a413c5-3647-434c-8854-c366ec3322e6.jpeg?imageMogr2/thumbnail/300x300,"ซื้อ 1,200฿ ได้รับ 20 พอยท์",เนื้อไก่หมักรสบีบีคิว แช่แข็ง 1 กก.,"฿

89.00",฿,,,,,สินค้าหมด
https://www.makro.pro/th/p/boih989-7497462513859?info=JTdCJTIycGFnZVNsdWclMjIlM0ElMjJFYXN5JTIwTWVhbHMlMjAlN0MlMjBSZWFkeSUyMHRvJTIwQ29vayUyMC0lMjBNZWF0JTJGMTQ1ODclMjIlMkMlMjJjYXJvdXNlbE5hbWUlMjIlM0ElMjIlMjIlMkMlMjJjb2xsZWN0aW9uSWQlMjIlM0ElMjIxNDU4NyUyMiUyQyUyMmluZGV4Q2xpY2tlZCUyMiUzQTEwMCU3RA,https://images.mango-prod.siammakro.cloud/SOURCE/16df38afc7ad480382dab7317fbc9df1,"ซื้อ 1,200฿ ได้รับ 20 พอยท์",ฟาร์มสุข เอ็กซ์คลูซีฟ ไก่หมักพริกแห้งเสียบไม้แช่แข็ง 750 ก.,฿,129.,00,฿ 135.00,-4%,,สินค้าหมด
https://www.makro.pro/th/p/fzfeqxs-7167165726915?info=JTdCJTIycGFnZVNsdWclMjIlM0ElMjJFYXN5JTIwTWVhbHMlMjAlN0MlMjBSZWFkeSUyMHRvJTIwQ29vayUyMC0lMjBNZWF0JTJGMTQ1ODclMjIlMkMlMjJjYXJvdXNlbE5hbWUlMjIlM0ElMjIlMjIlMkMlMjJjb2xsZWN0aW9uSWQlMjIlM0ElMjIxNDU4NyUyMiUyQyUyMmluZGV4Q2xpY2tlZCUyMiUzQTEwMSU3RA,https://images.mango-prod.siammakro.cloud/SOURCE/02c2e16da50e4ac69d63831cf80aa2e1,"ซื้อ 1,200฿ ได้รับ 20 พอยท์",ซีพี ไหล่หมูดําสเต็กพริกไทยดําแช่แข็ง 200 ก.,฿,73.,00,฿ 75.00,-2%,5+ units,สินค้าหมด
https://www.makro.pro/th/p/xowp6zc-7204385325251?info=JTdCJTIycGFnZVNsdWclMjIlM0ElMjJFYXN5JTIwTWVhbHMlMjAlN0MlMjBSZWFkeSUyMHRvJTIwQ29vayUyMC0lMjBNZWF0JTJGMTQ1ODclMjIlMkMlMjJjYXJvdXNlbE5hbWUlMjIlM0ElMjIlMjIlMkMlMjJjb2xsZWN0aW9uSWQlMjIlM0ElMjIxNDU4NyUyMiUyQyUyMmluZGV4Q2xpY2tlZCUyMiUzQTEwMiU3RA,https://images.mango-prod.siammakro.cloud/SOURCE/8c0c2a7ff2234e94a2bfa5b826afc935,"ซื้อ 1,200฿ ได้รับ 20 พอยท์",สินธร โฟรเซ่น ฟู้ด เนื้อโคขุนหมักพริกไทยดําแช่แข็ง 500 ก.,"฿

175.00",฿,,,,,สินค้าหมด
https://www.makro.pro/th/p/zmhxejb-7416122015939?info=JTdCJTIycGFnZVNsdWclMjIlM0ElMjJFYXN5JTIwTWVhbHMlMjAlN0MlMjBSZWFkeSUyMHRvJTIwQ29vayUyMC0lMjBNZWF0JTJGMTQ1ODclMjIlMkMlMjJjYXJvdXNlbE5hbWUlMjIlM0ElMjIlMjIlMkMlMjJjb2xsZWN0aW9uSWQlMjIlM0ElMjIxNDU4NyUyMiUyQyUyMmluZGV4Q2xpY2tlZCUyMiUzQTEwMyU3RA,https://images.mango-prod.siammakro.cloud/SOURCE/8dcec55acffe442bb94926d2a6d46b8a,"ซื้อ 1,200฿ ได้รับ 20 พอยท์",ประกอบ บีฟ เนื้อโคขุนเสียบไม้ หม่าล่า แช่แข็ง 400 กรัม,"฿

145.00",฿,,,,,สินค้าหมด
https://www.makro.pro/th/p/1--cH7T-923446423937584?info=JTdCJTIycGFnZVNsdWclMjIlM0ElMjJFYXN5JTIwTWVhbHMlMjAlN0MlMjBSZWFkeSUyMHRvJTIwQ29vayUyMC0lMjBNZWF0JTJGMTQ1ODclMjIlMkMlMjJjYXJvdXNlbE5hbWUlMjIlM0ElMjIlMjIlMkMlMjJjb2xsZWN0aW9uSWQlMjIlM0ElMjIxNDU4NyUyMiUyQyUyMmluZGV4Q2xpY2tlZCUyMiUzQTEwNCU3RA,https://images.mango-prod.siammakro.cloud/product-images/923446423937584-adf04d15-e95c-4374-8e3e-99a0f5b5fa1e.jpeg?imageMogr2/thumbnail/300x300,"ซื้อ 1,200฿ ได้รับ 20 พอยท์",ซีพี สเต็กไก่สไปซี่แช่แข็ง (1 กก. x 10) ยกลัง,"฿

1,750.00",฿,,,,,สินค้าหมด
https://www.makro.pro/th/p/868hw1i-7499640340675?info=JTdCJTIycGFnZVNsdWclMjIlM0ElMjJFYXN5JTIwTWVhbHMlMjAlN0MlMjBSZWFkeSUyMHRvJTIwQ29vayUyMC0lMjBNZWF0JTJGMTQ1ODclMjIlMkMlMjJjYXJvdXNlbE5hbWUlMjIlM0ElMjIlMjIlMkMlMjJjb2xsZWN0aW9uSWQlMjIlM0ElMjIxNDU4NyUyMiUyQyUyMmluZGV4Q2xpY2tlZCUyMiUzQTEwNSU3RA,https://images.mango-prod.siammakro.cloud/product-images/7499640340675-20ff5c60-b707-4d52-b3b3-be59b208eace.jpeg?imageMogr2/thumbnail/300x300,"ซื้อ 1,200฿ ได้รับ 20 พอยท์",aro ไก่บะช่อปรุงรส แพ็ค 1 กก. ยกลัง,"฿

1,050.00",฿,,,,,สินค้าหมด
https://www.makro.pro/th/p/Bu6-5E_-800618619886118?info=JTdCJTIycGFnZVNsdWclMjIlM0ElMjJFYXN5JTIwTWVhbHMlMjAlN0MlMjBSZWFkeSUyMHRvJTIwQ29vayUyMC0lMjBNZWF0JTJGMTQ1ODclMjIlMkMlMjJjYXJvdXNlbE5hbWUlMjIlM0ElMjIlMjIlMkMlMjJjb2xsZWN0aW9uSWQlMjIlM0ElMjIxNDU4NyUyMiUyQyUyMmluZGV4Q2xpY2tlZCUyMiUzQTEwNiU3RA,https://images.mango-prod.siammakro.cloud/SOURCE/79efcb73bd8d42f6821edf6c3aca875a,"ซื้อ 1,200฿ ได้รับ 20 พอยท์",เนื้อวัวเต๋าฉีดไขมันออสเตรเลียแช่แข็ง 1 กก.,"฿

699.00",฿,,,,,สินค้าหมด
https://www.makro.pro/th/p/jxi3tpa-7499750277315?info=JTdCJTIycGFnZVNsdWclMjIlM0ElMjJFYXN5JTIwTWVhbHMlMjAlN0MlMjBSZWFkeSUyMHRvJTIwQ29vayUyMC0lMjBNZWF0JTJGMTQ1ODclMjIlMkMlMjJjYXJvdXNlbE5hbWUlMjIlM0ElMjIlMjIlMkMlMjJjb2xsZWN0aW9uSWQlMjIlM0ElMjIxNDU4NyUyMiUyQyUyMmluZGV4Q2xpY2tlZCUyMiUzQTEwNyU3RA,https://images.mango-prod.siammakro.cloud/product-images/7499750277315-c38e5012-d1e9-46d5-9007-2a86da8e2ea4.jpeg?imageMogr2/thumbnail/300x300,"ซื้อ 1,200฿ ได้รับ 20 พอยท์",เอโร่ ไก่หมักน้ํามันงา แช่แข็ง 1 ลัง,"฿

1,050.00",฿,,,,,สินค้าหมด
https://www.makro.pro/th/p/gWii8Y9-736142688859141?info=JTdCJTIycGFnZVNsdWclMjIlM0ElMjJFYXN5JTIwTWVhbHMlMjAlN0MlMjBSZWFkeSUyMHRvJTIwQ29vayUyMC0lMjBNZWF0JTJGMTQ1ODclMjIlMkMlMjJjYXJvdXNlbE5hbWUlMjIlM0ElMjIlMjIlMkMlMjJjb2xsZWN0aW9uSWQlMjIlM0ElMjIxNDU4NyUyMiUyQyUyMmluZGV4Q2xpY2tlZCUyMiUzQTEwOCU3RA,https://images.mango-prod.siammakro.cloud/product-images/736142688859141-8a2f234c-bcdb-4394-a6ae-b4847dfacb4b.jpeg?imageMogr2/thumbnail/300x300,"ซื้อ 1,200฿ ได้รับ 20 พอยท์",เนื้อไก่หมักซอสหม่าล่าแช่แข็ง 1 ลัง (850 ก. x 12),"฿

1,068.00",฿,,,,,สินค้าหมด
https://www.makro.pro/th/p/uZH7IxY-172505730048627?info=JTdCJTIycGFnZVNsdWclMjIlM0ElMjJFYXN5JTIwTWVhbHMlMjAlN0MlMjBSZWFkeSUyMHRvJTIwQ29vayUyMC0lMjBNZWF0JTJGMTQ1ODclMjIlMkMlMjJjYXJvdXNlbE5hbWUlMjIlM0ElMjIlMjIlMkMlMjJjb2xsZWN0aW9uSWQlMjIlM0ElMjIxNDU4NyUyMiUyQyUyMmluZGV4Q2xpY2tlZCUyMiUzQTEwOSU3RA,https://images.mango-prod.siammakro.cloud/product-images/172505730048627-6667cff3-86be-40cc-be40-d3ca5d3552b1.jpeg?imageMogr2/thumbnail/300x300,"ซื้อ 1,200฿ ได้รับ 20 พอยท์",ซีพี เนื้ออกไก่นุ่มพร้อมปรุงแช่แข็ง 1 ลัง (2 กก. X 6),"฿

1,374.00",฿,,,,,สินค้าหมด
https://www.makro.pro/th/p/85gbjmx-7540814676163?info=JTdCJTIycGFnZVNsdWclMjIlM0ElMjJFYXN5JTIwTWVhbHMlMjAlN0MlMjBSZWFkeSUyMHRvJTIwQ29vayUyMC0lMjBNZWF0JTJGMTQ1ODclMjIlMkMlMjJjYXJvdXNlbE5hbWUlMjIlM0ElMjIlMjIlMkMlMjJjb2xsZWN0aW9uSWQlMjIlM0ElMjIxNDU4NyUyMiUyQyUyMmluZGV4Q2xpY2tlZCUyMiUzQTExMCU3RA,https://images.mango-prod.siammakro.cloud/SOURCE/c058d4d0984c43639027428e401c7b32,,ซีพี หมูดําหั่นหมักพริกไทยดําแช่แข็ง 500 ก.,฿,93.,00,฿ 95.00,-2%,5+ units,สินค้าหมด
https://www.makro.pro/th/p/gvt-HWE-507475565677922?info=JTdCJTIycGFnZVNsdWclMjIlM0ElMjJFYXN5JTIwTWVhbHMlMjAlN0MlMjBSZWFkeSUyMHRvJTIwQ29vayUyMC0lMjBNZWF0JTJGMTQ1ODclMjIlMkMlMjJjYXJvdXNlbE5hbWUlMjIlM0ElMjIlMjIlMkMlMjJjb2xsZWN0aW9uSWQlMjIlM0ElMjIxNDU4NyUyMiUyQyUyMmluZGV4Q2xpY2tlZCUyMiUzQTExMSU3RA,https://images.mango-prod.siammakro.cloud/product-images/507475565677922-277e1f13-1264-43d1-9a3f-9de232ed510c.jpeg?imageMogr2/thumbnail/300x300,"ซื้อ 1,200฿ ได้รับ 20 พอยท์",ฟาร์มสุข เอ็กซ์คลูซีฟ ไก่หมักพริกแห้งเสียบไม้แช่แข็ง 750 ก. ลัง,"฿

1,350.00",฿,,,,,สินค้าหมด
https://www.makro.pro/th/p/oSwGlQ9-967209819431050?info=JTdCJTIycGFnZVNsdWclMjIlM0ElMjJFYXN5JTIwTWVhbHMlMjAlN0MlMjBSZWFkeSUyMHRvJTIwQ29vayUyMC0lMjBNZWF0JTJGMTQ1ODclMjIlMkMlMjJjYXJvdXNlbE5hbWUlMjIlM0ElMjIlMjIlMkMlMjJjb2xsZWN0aW9uSWQlMjIlM0ElMjIxNDU4NyUyMiUyQyUyMmluZGV4Q2xpY2tlZCUyMiUzQTExMiU3RA,https://images.mango-prod.siammakro.cloud/product-images/967209819431050-267bb8ca-2a12-4865-a580-06d342a70759.jpeg?imageMogr2/thumbnail/300x300,"ซื้อ 1,200฿ ได้รับ 20 พอยท์",ซีพี ชุดหมูชีวาสไลซ์แช่แข็ง 1 ลัง (600 ก. X 8),"฿

1,384.00",฿,,,,,สินค้าหมด
https://www.makro.pro/th/p/WTlfdRG-136330888966916?info=JTdCJTIycGFnZVNsdWclMjIlM0ElMjJFYXN5JTIwTWVhbHMlMjAlN0MlMjBSZWFkeSUyMHRvJTIwQ29vayUyMC0lMjBNZWF0JTJGMTQ1ODclMjIlMkMlMjJjYXJvdXNlbE5hbWUlMjIlM0ElMjIlMjIlMkMlMjJjb2xsZWN0aW9uSWQlMjIlM0ElMjIxNDU4NyUyMiUyQyUyMmluZGV4Q2xpY2tlZCUyMiUzQTExMyU3RA,https://images.mango-prod.siammakro.cloud/product-images/136330888966916-6a6ac2c9-04e8-452d-aa4a-30b55cddb5dc.jpeg?imageMogr2/thumbnail/300x300,"ซื้อ 1,200฿ ได้รับ 20 พอยท์",พีแอนด์พีฟู้ด ไก่กระเทียมแช่แข็ง 1 ลัง (390 ก. x 20),"฿

1,440.00",฿,,,,,สินค้าหมด
https://www.makro.pro/th/p/IvsKDWg-526169864262231?info=JTdCJTIycGFnZVNsdWclMjIlM0ElMjJFYXN5JTIwTWVhbHMlMjAlN0MlMjBSZWFkeSUyMHRvJTIwQ29vayUyMC0lMjBNZWF0JTJGMTQ1ODclMjIlMkMlMjJjYXJvdXNlbE5hbWUlMjIlM0ElMjIlMjIlMkMlMjJjb2xsZWN0aW9uSWQlMjIlM0ElMjIxNDU4NyUyMiUyQyUyMmluZGV4Q2xpY2tlZCUyMiUzQTExNCU3RA,https://images.mango-prod.siammakro.cloud/product-images/526169864262231-f69df01b-3904-4458-a0e8-18932824096e.jpeg?imageMogr2/thumbnail/300x300,,เอโร่ หมูเด้งปรุงรสแช่แข็ง 1 ลัง (100 ก. x 5) x 14,"฿

1,162.00",฿,,,,,สินค้าหมด
https://www.makro.pro/th/p/IMbL4m8-966927607345300?info=JTdCJTIycGFnZVNsdWclMjIlM0ElMjJFYXN5JTIwTWVhbHMlMjAlN0MlMjBSZWFkeSUyMHRvJTIwQ29vayUyMC0lMjBNZWF0JTJGMTQ1ODclMjIlMkMlMjJjYXJvdXNlbE5hbWUlMjIlM0ElMjIlMjIlMkMlMjJjb2xsZWN0aW9uSWQlMjIlM0ElMjIxNDU4NyUyMiUyQyUyMmluZGV4Q2xpY2tlZCUyMiUzQTExNSU3RA,https://images.mango-prod.siammakro.cloud/product-images/966927607345300-5af3e86e-2017-49d2-ac9c-c9df93af5656.jpeg?imageMogr2/thumbnail/300x300,"ซื้อ 1,200฿ ได้รับ 20 พอยท์",พีแอนด์พีฟู้ด หมูหมักราดหน้าแช่แข็ง 1 ลัง (1 กก. x 10),"฿

1,770.00",฿,,,,,สินค้าหมด
