MuiBox-root href,MuiBox-root src,css-1n8x1y2,MuiTypography-root (2),MuiTypography-root (3),MuiTypography-root (4),MuiTypography-root (5),MuiTypography-root (6),MuiTypography-root (7),MuiBox-root (2),MuiTypography-root (8)
https://www.makro.pro/th/p/3st2iuk-723987897337792?info=JTdCJTIycGFnZVNsdWclMjIlM0ElMjJGcmVzaCUyME92ZXJsb2FkJTIwJTdDJTIwU2VhZm9vZCUyMChGcm96ZW4lMjAlMjYlMjBGcmVzaCklMkYxOTA0NyUyMiUyQyUyMmNhcm91c2VsTmFtZSUyMiUzQSUyMiUyMiUyQyUyMmNvbGxlY3Rpb25JZCUyMiUzQSUyMjE5MDQ3JTIyJTdE,https://images.mango-prod.siammakro.cloud/product-images/723987897337792-8862e414-8607-4596-b69e-1f997e4b41f3.jpeg?imageMogr2/thumbnail/300x300,เซพแพ็ค แพนกาเซียสหั่นชิ้นแช่แข็ง (25-40 ก./ชิ้น) 1 กก.,฿,52.,00,฿ 54.00,10+ units,-3%,,
https://www.makro.pro/th/p/6lXXwAS-1134044107272?info=JTdCJTIycGFnZVNsdWclMjIlM0ElMjJGcmVzaCUyME92ZXJsb2FkJTIwJTdDJTIwU2VhZm9vZCUyMChGcm96ZW4lMjAlMjYlMjBGcmVzaCklMkYxOTA0NyUyMiUyQyUyMmNhcm91c2VsTmFtZSUyMiUzQSUyMiUyMiUyQyUyMmNvbGxlY3Rpb25JZCUyMiUzQSUyMjE5MDQ3JTIyJTJDJTIyaW5kZXhDbGlja2VkJTIyJTNBMSU3RA,https://images.mango-prod.siammakro.cloud/SOURCE/5072250f635147059e42c93da26048c4,ปลากะพงขาวใหญ่ 0.8-1 กก.,฿,175.,00,฿ 179.00,/kg,-2%,,
https://www.makro.pro/th/p/079kxgx-7606384754883?info=JTdCJTIycGFnZVNsdWclMjIlM0ElMjJGcmVzaCUyME92ZXJsb2FkJTIwJTdDJTIwU2VhZm9vZCUyMChGcm96ZW4lMjAlMjYlMjBGcmVzaCklMkYxOTA0NyUyMiUyQyUyMmNhcm91c2VsTmFtZSUyMiUzQSUyMiUyMiUyQyUyMmNvbGxlY3Rpb25JZCUyMiUzQSUyMjE5MDQ3JTIyJTJDJTIyaW5kZXhDbGlja2VkJTIyJTNBMiU3RA,https://images.mango-prod.siammakro.cloud/product-images/7606384754883-5091d3d5-3fa1-4095-ab69-90cf6173e8d9.jpeg?imageMogr2/thumbnail/300x300,กุ้งขาว ไซส์ L 1 กก.,฿,264.,00,฿ 267.00,/kg,-1%,,
https://www.makro.pro/th/p/2ei0jy8-7167158452419?info=JTdCJTIycGFnZVNsdWclMjIlM0ElMjJGcmVzaCUyME92ZXJsb2FkJTIwJTdDJTIwU2VhZm9vZCUyMChGcm96ZW4lMjAlMjYlMjBGcmVzaCklMkYxOTA0NyUyMiUyQyUyMmNhcm91c2VsTmFtZSUyMiUzQSUyMiUyMiUyQyUyMmNvbGxlY3Rpb25JZCUyMiUzQSUyMjE5MDQ3JTIyJTJDJTIyaW5kZXhDbGlja2VkJTIyJTNBMyU3RA,https://images.mango-prod.siammakro.cloud/product-images/7167158452419-fd72d84d-7b43-4b1f-b407-ce6d511bfc83.jpeg?imageMogr2/thumbnail/300x300,เอโร่ โกลด์ แอตแลนติกแซลมอนตัดชิ้นแช่แข็ง 4 ชิ้น 480 ก.,฿,389.,00,฿ 399.00,3 - 11 units,-2%,,
https://www.makro.pro/th/p/dJ0_gaS-916860855422464?info=JTdCJTIycGFnZVNsdWclMjIlM0ElMjJGcmVzaCUyME92ZXJsb2FkJTIwJTdDJTIwU2VhZm9vZCUyMChGcm96ZW4lMjAlMjYlMjBGcmVzaCklMkYxOTA0NyUyMiUyQyUyMmNhcm91c2VsTmFtZSUyMiUzQSUyMiUyMiUyQyUyMmNvbGxlY3Rpb25JZCUyMiUzQSUyMjE5MDQ3JTIyJTJDJTIyaW5kZXhDbGlja2VkJTIyJTNBNCU3RA,https://images.mango-prod.siammakro.cloud/SOURCE/c4971703aff0406c9f32a80bf2721cc0,ปลากะพงขาวจัมโบ้ 1 ตัว (1-3 กก./ตัว),"฿

169.

00

/kg",฿,00,,,,,
https://www.makro.pro/th/p/1ot4JVG-164677610442189?info=JTdCJTIycGFnZVNsdWclMjIlM0ElMjJGcmVzaCUyME92ZXJsb2FkJTIwJTdDJTIwU2VhZm9vZCUyMChGcm96ZW4lMjAlMjYlMjBGcmVzaCklMkYxOTA0NyUyMiUyQyUyMmNhcm91c2VsTmFtZSUyMiUzQSUyMiUyMiUyQyUyMmNvbGxlY3Rpb25JZCUyMiUzQSUyMjE5MDQ3JTIyJTJDJTIyaW5kZXhDbGlja2VkJTIyJTNBNSU3RA,https://images.mango-prod.siammakro.cloud/product-images/164677610442189-c9576eed-c757-4d84-aec8-c99e8c4e45bb.jpeg?imageMogr2/thumbnail/300x300,คอหมึกยักษ์แช่แข็ง 1 กก.,"฿

68.

00

/kg",฿,00,,,,,
https://www.makro.pro/th/p/4qyz2qn-7115331567811?info=JTdCJTIycGFnZVNsdWclMjIlM0ElMjJGcmVzaCUyME92ZXJsb2FkJTIwJTdDJTIwU2VhZm9vZCUyMChGcm96ZW4lMjAlMjYlMjBGcmVzaCklMkYxOTA0NyUyMiUyQyUyMmNhcm91c2VsTmFtZSUyMiUzQSUyMiUyMiUyQyUyMmNvbGxlY3Rpb25JZCUyMiUzQSUyMjE5MDQ3JTIyJTJDJTIyaW5kZXhDbGlja2VkJTIyJTNBNiU3RA,https://images.mango-prod.siammakro.cloud/product-images/7115331567811-f7c68069-a670-4f66-a543-9d3b0841c793.jpeg?imageMogr2/thumbnail/300x300,เอโร่ เนื้อปลาแพนกาเซียส ส่วนลําตัวแช่แข็ง (60-80 ก./ชิ้น) 1 กก.,฿,89.,00,฿ 91.00,3 - 9 units,-2%,,
https://www.makro.pro/th/p/PDawb-k-175202313665405?info=JTdCJTIycGFnZVNsdWclMjIlM0ElMjJGcmVzaCUyME92ZXJsb2FkJTIwJTdDJTIwU2VhZm9vZCUyMChGcm96ZW4lMjAlMjYlMjBGcmVzaCklMkYxOTA0NyUyMiUyQyUyMmNhcm91c2VsTmFtZSUyMiUzQSUyMiUyMiUyQyUyMmNvbGxlY3Rpb25JZCUyMiUzQSUyMjE5MDQ3JTIyJTJDJTIyaW5kZXhDbGlja2VkJTIyJTNBNyU3RA,https://images.mango-prod.siammakro.cloud/product-images/175202313665405-8f8ee5e0-5daf-4d6b-91d2-605edec8c95e.jpeg?imageMogr2/thumbnail/300x300,ปลาทับทิมเป็น 700-900 ก./ตัว (จัดส่งแบบน็อคน้ําแข็ง),฿,99.,00,฿ 105.00,/kg,-5%,,
https://www.makro.pro/th/p/t4vslep-7243311841475?info=JTdCJTIycGFnZVNsdWclMjIlM0ElMjJGcmVzaCUyME92ZXJsb2FkJTIwJTdDJTIwU2VhZm9vZCUyMChGcm96ZW4lMjAlMjYlMjBGcmVzaCklMkYxOTA0NyUyMiUyQyUyMmNhcm91c2VsTmFtZSUyMiUzQSUyMiUyMiUyQyUyMmNvbGxlY3Rpb25JZCUyMiUzQSUyMjE5MDQ3JTIyJTJDJTIyaW5kZXhDbGlja2VkJTIyJTNBOCU3RA,https://images.mango-prod.siammakro.cloud/product-images/7243311841475-c2039dee-b7a8-4666-8378-c1427f911048.jpeg?imageMogr2/thumbnail/300x300,เอโร่ เนื้อปลาแพนกาเซียสแล่แช่แข็ง (170-220 ก./ชิ้น) 1 กก.,฿,76.,00,฿ 78.00,10 - 999 units,-2%,,
https://www.makro.pro/th/p/a7zkb0r-7243311907011?info=JTdCJTIycGFnZVNsdWclMjIlM0ElMjJGcmVzaCUyME92ZXJsb2FkJTIwJTdDJTIwU2VhZm9vZCUyMChGcm96ZW4lMjAlMjYlMjBGcmVzaCklMkYxOTA0NyUyMiUyQyUyMmNhcm91c2VsTmFtZSUyMiUzQSUyMiUyMiUyQyUyMmNvbGxlY3Rpb25JZCUyMiUzQSUyMjE5MDQ3JTIyJTJDJTIyaW5kZXhDbGlja2VkJTIyJTNBOSU3RA,https://images.mango-prod.siammakro.cloud/SOURCE/e1279c6ebf3b4f84834e42b2c3b93e97,เอโร่ เนื้อปลาแพนกาเซียสหั่นชิ้นแช่แข็ง (15-20 ก./ชิ้น) 1 กก.,฿,78.,00,฿ 84.00,10 - 999 units,-7%,,
https://www.makro.pro/th/p/pe9kg5o-7499690901699?info=JTdCJTIycGFnZVNsdWclMjIlM0ElMjJGcmVzaCUyME92ZXJsb2FkJTIwJTdDJTIwU2VhZm9vZCUyMChGcm96ZW4lMjAlMjYlMjBGcmVzaCklMkYxOTA0NyUyMiUyQyUyMmNhcm91c2VsTmFtZSUyMiUzQSUyMiUyMiUyQyUyMmNvbGxlY3Rpb25JZCUyMiUzQSUyMjE5MDQ3JTIyJTJDJTIyaW5kZXhDbGlja2VkJTIyJTNBMTAlN0Q,https://images.mango-prod.siammakro.cloud/product-images/7499690901699-d0d40537-1ef7-473b-bc63-1f43d2b2496e.jpeg?imageMogr2/thumbnail/300x300,เซพแพ็ค หนวดหมึกแช่แข็ง 1 กก.,"฿

98.

00",฿,00,,,,,
https://www.makro.pro/th/p/6dHv_5j-479255011722774?info=JTdCJTIycGFnZVNsdWclMjIlM0ElMjJGcmVzaCUyME92ZXJsb2FkJTIwJTdDJTIwU2VhZm9vZCUyMChGcm96ZW4lMjAlMjYlMjBGcmVzaCklMkYxOTA0NyUyMiUyQyUyMmNhcm91c2VsTmFtZSUyMiUzQSUyMiUyMiUyQyUyMmNvbGxlY3Rpb25JZCUyMiUzQSUyMjE5MDQ3JTIyJTJDJTIyaW5kZXhDbGlja2VkJTIyJTNBMTElN0Q,https://images.mango-prod.siammakro.cloud/SOURCE/d5d9416ec31548a3affbb258b5d1e63d,หางหมึกยักษ์แช่แข็ง 1 กก.,"฿

115.

00

/kg",฿,00,,,,,
https://www.makro.pro/th/p/5hmnbyv-7243311055043?info=JTdCJTIycGFnZVNsdWclMjIlM0ElMjJGcmVzaCUyME92ZXJsb2FkJTIwJTdDJTIwU2VhZm9vZCUyMChGcm96ZW4lMjAlMjYlMjBGcmVzaCklMkYxOTA0NyUyMiUyQyUyMmNhcm91c2VsTmFtZSUyMiUzQSUyMiUyMiUyQyUyMmNvbGxlY3Rpb25JZCUyMiUzQSUyMjE5MDQ3JTIyJTJDJTIyaW5kZXhDbGlja2VkJTIyJTNBMTIlN0Q,https://images.mango-prod.siammakro.cloud/SOURCE/00abf33976e34312b75a130a3f8c592d,เอโร่ หมึกบั้งตาสับปะรดแช่แข็ง 1 กก.,"฿

159.

00",฿,00,,,,,
https://www.makro.pro/th/p/iww8xd1-6974748623043?info=JTdCJTIycGFnZVNsdWclMjIlM0ElMjJGcmVzaCUyME92ZXJsb2FkJTIwJTdDJTIwU2VhZm9vZCUyMChGcm96ZW4lMjAlMjYlMjBGcmVzaCklMkYxOTA0NyUyMiUyQyUyMmNhcm91c2VsTmFtZSUyMiUzQSUyMiUyMiUyQyUyMmNvbGxlY3Rpb25JZCUyMiUzQSUyMjE5MDQ3JTIyJTJDJTIyaW5kZXhDbGlja2VkJTIyJTNBMTMlN0Q,https://images.mango-prod.siammakro.cloud/SOURCE/746600f807664866a81af51bd9372495,กุ้งขาวไว้หางแช่แข็ง (45-55 ตัว/ถุง) 1 กก.,"฿

185.

00",฿,00,,,,,
https://www.makro.pro/th/p/ulsrfpm-7275730665667?info=JTdCJTIycGFnZVNsdWclMjIlM0ElMjJGcmVzaCUyME92ZXJsb2FkJTIwJTdDJTIwU2VhZm9vZCUyMChGcm96ZW4lMjAlMjYlMjBGcmVzaCklMkYxOTA0NyUyMiUyQyUyMmNhcm91c2VsTmFtZSUyMiUzQSUyMiUyMiUyQyUyMmNvbGxlY3Rpb25JZCUyMiUzQSUyMjE5MDQ3JTIyJTJDJTIyaW5kZXhDbGlja2VkJTIyJTNBMTQlN0Q,https://images.mango-prod.siammakro.cloud/product-images/7275730665667-ce5d1e09-4bf4-486e-9daf-43da3a4a6026.jpeg?imageMogr2/thumbnail/300x300,เอโร่ เนื้อปลาแพนกาเซียสหั่นชิ้นแช่แข็ง (25-40 ก./ชิ้น) 1 กก. x 10,฿,660.,00,฿ 690.00,100+ units,-4%,,
https://www.makro.pro/th/p/95iotny-6974598578371?info=JTdCJTIycGFnZVNsdWclMjIlM0ElMjJGcmVzaCUyME92ZXJsb2FkJTIwJTdDJTIwU2VhZm9vZCUyMChGcm96ZW4lMjAlMjYlMjBGcmVzaCklMkYxOTA0NyUyMiUyQyUyMmNhcm91c2VsTmFtZSUyMiUzQSUyMiUyMiUyQyUyMmNvbGxlY3Rpb25JZCUyMiUzQSUyMjE5MDQ3JTIyJTJDJTIyaW5kZXhDbGlja2VkJTIyJTNBMTUlN0Q,https://images.mango-prod.siammakro.cloud/SOURCE/034c49a8ac624b5282ec5ba6f3875cc4,เอโร่ เนื้อปลาแพนกาเซียสหั่นชิ้นแช่แข็ง (25-40 ก./ชิ้น) 1 กก.,฿,70.,00,฿ 76.00,10 - 999 units,-7%,,
https://www.makro.pro/th/p/NK0ETD2-744418539411402?info=JTdCJTIycGFnZVNsdWclMjIlM0ElMjJGcmVzaCUyME92ZXJsb2FkJTIwJTdDJTIwU2VhZm9vZCUyMChGcm96ZW4lMjAlMjYlMjBGcmVzaCklMkYxOTA0NyUyMiUyQyUyMmNhcm91c2VsTmFtZSUyMiUzQSUyMiUyMiUyQyUyMmNvbGxlY3Rpb25JZCUyMiUzQSUyMjE5MDQ3JTIyJTJDJTIyaW5kZXhDbGlja2VkJTIyJTNBMTYlN0Q,https://images.mango-prod.siammakro.cloud/product-images/744418539411402-512750ef-8c4d-41e8-8514-df6b6e642aa0.jpeg?imageMogr2/thumbnail/300x300,เซพแพ็ค เนื้อปลาแพนกาเซียสแล่ไม่ตัดแต่งแช่แข็ง 1 กก.,฿,57.,00,฿ 59.00,10+ units,-3%,,
https://www.makro.pro/th/p/2ejkuq8-6974751277251?info=JTdCJTIycGFnZVNsdWclMjIlM0ElMjJGcmVzaCUyME92ZXJsb2FkJTIwJTdDJTIwU2VhZm9vZCUyMChGcm96ZW4lMjAlMjYlMjBGcmVzaCklMkYxOTA0NyUyMiUyQyUyMmNhcm91c2VsTmFtZSUyMiUzQSUyMiUyMiUyQyUyMmNvbGxlY3Rpb25JZCUyMiUzQSUyMjE5MDQ3JTIyJTJDJTIyaW5kZXhDbGlja2VkJTIyJTNBMTclN0Q,https://images.mango-prod.siammakro.cloud/SOURCE/196dd46e01794ce59133e185261b1a4d,เอโร่ เนื้อปลาแพนกาเซียสแช่แข็ง (170-220 ก./ชิ้น) 1 กก.,฿,61.,00,฿ 63.00,3 - 9 units,-3%,,
https://www.makro.pro/th/p/8je-Yje-586127353209348?info=JTdCJTIycGFnZVNsdWclMjIlM0ElMjJGcmVzaCUyME92ZXJsb2FkJTIwJTdDJTIwU2VhZm9vZCUyMChGcm96ZW4lMjAlMjYlMjBGcmVzaCklMkYxOTA0NyUyMiUyQyUyMmNhcm91c2VsTmFtZSUyMiUzQSUyMiUyMiUyQyUyMmNvbGxlY3Rpb25JZCUyMiUzQSUyMjE5MDQ3JTIyJTJDJTIyaW5kZXhDbGlja2VkJTIyJTNBMTglN0Q,https://images.mango-prod.siammakro.cloud/product-images/586127353209348-d65883e7-2a52-4003-b1d1-e32eea0da5a6.jpeg?imageMogr2/thumbnail/300x300,เอโร่ เนื้อปลากะพงสไลซ์แช่แข็ง 1 กก. (20-30 ก./ชิ้น),฿,383.,00,฿ 389.00,3 - 9 units,-1%,,
https://www.makro.pro/th/p/les8rqm-6974653300931?info=JTdCJTIycGFnZVNsdWclMjIlM0ElMjJGcmVzaCUyME92ZXJsb2FkJTIwJTdDJTIwU2VhZm9vZCUyMChGcm96ZW4lMjAlMjYlMjBGcmVzaCklMkYxOTA0NyUyMiUyQyUyMmNhcm91c2VsTmFtZSUyMiUzQSUyMiUyMiUyQyUyMmNvbGxlY3Rpb25JZCUyMiUzQSUyMjE5MDQ3JTIyJTJDJTIyaW5kZXhDbGlja2VkJTIyJTNBMTklN0Q,https://images.mango-prod.siammakro.cloud/SOURCE/ca47da5984174e5793a9814f666e56df,กุ้งขาวจัมโบ้ 1 กก. (21-25 ตัว/กก.),"฿

349.

00

/kg",฿,00,,,,,
https://www.makro.pro/th/p/3U7BoJJ-238357527871276?info=JTdCJTIycGFnZVNsdWclMjIlM0ElMjJGcmVzaCUyME92ZXJsb2FkJTIwJTdDJTIwU2VhZm9vZCUyMChGcm96ZW4lMjAlMjYlMjBGcmVzaCklMkYxOTA0NyUyMiUyQyUyMmNhcm91c2VsTmFtZSUyMiUzQSUyMiUyMiUyQyUyMmNvbGxlY3Rpb25JZCUyMiUzQSUyMjE5MDQ3JTIyJTJDJTIyaW5kZXhDbGlja2VkJTIyJTNBMjAlN0Q,https://images.mango-prod.siammakro.cloud/product-images/238357527871276-07c09fd3-377e-49af-90fc-e0093d0387d9.jpeg?imageMogr2/thumbnail/300x300,ปีกหมึกยักษ์แช่แข็ง 1 กก.,"฿

78.

00

/kg",฿,00,,,,,
https://www.makro.pro/th/p/xblfo95-7606380232899?info=JTdCJTIycGFnZVNsdWclMjIlM0ElMjJGcmVzaCUyME92ZXJsb2FkJTIwJTdDJTIwU2VhZm9vZCUyMChGcm96ZW4lMjAlMjYlMjBGcmVzaCklMkYxOTA0NyUyMiUyQyUyMmNhcm91c2VsTmFtZSUyMiUzQSUyMiUyMiUyQyUyMmNvbGxlY3Rpb25JZCUyMiUzQSUyMjE5MDQ3JTIyJTJDJTIyaW5kZXhDbGlja2VkJTIyJTNBMjElN0Q,https://images.mango-prod.siammakro.cloud/product-images/7606380232899-f714b79f-e66d-4fd6-8a11-aac3979e36e3.jpeg?imageMogr2/thumbnail/300x300,แซลมอนโคโฮตัดหัวแช่แข็ง (2.7-4.5 กก./ตัว) 1 ชิ้น,฿,334.,00,฿ 339.00,/kg,-1%,,
https://www.makro.pro/th/p/jgcjiu9-7078809403587?info=JTdCJTIycGFnZVNsdWclMjIlM0ElMjJGcmVzaCUyME92ZXJsb2FkJTIwJTdDJTIwU2VhZm9vZCUyMChGcm96ZW4lMjAlMjYlMjBGcmVzaCklMkYxOTA0NyUyMiUyQyUyMmNhcm91c2VsTmFtZSUyMiUzQSUyMiUyMiUyQyUyMmNvbGxlY3Rpb25JZCUyMiUzQSUyMjE5MDQ3JTIyJTJDJTIyaW5kZXhDbGlja2VkJTIyJTNBMjIlN0Q,https://images.mango-prod.siammakro.cloud/product-images/7078809403587-331515a6-2243-462d-a1e8-4696bf025440.jpeg?imageMogr2/thumbnail/300x300,คูซีนมาสเตอร์ เนื้อปลาซาบะแล่แช่แข็ง (ขนาด 80-110 ก./ชิ้น) 1 กก.,"฿

249.

00",฿,00,,,,,
https://www.makro.pro/th/p/dnfdnrv-7606383280323?info=JTdCJTIycGFnZVNsdWclMjIlM0ElMjJGcmVzaCUyME92ZXJsb2FkJTIwJTdDJTIwU2VhZm9vZCUyMChGcm96ZW4lMjAlMjYlMjBGcmVzaCklMkYxOTA0NyUyMiUyQyUyMmNhcm91c2VsTmFtZSUyMiUzQSUyMiUyMiUyQyUyMmNvbGxlY3Rpb25JZCUyMiUzQSUyMjE5MDQ3JTIyJTJDJTIyaW5kZXhDbGlja2VkJTIyJTNBMjMlN0Q,https://images.mango-prod.siammakro.cloud/SOURCE/87d32c32108445338173f60c07089a59,หมึกกล้วยลอก ไซส์ M 1 กก.,"฿

235.

00

/kg",฿,00,,,,,
https://www.makro.pro/th/p/nosgjgh-7325013639363?info=JTdCJTIycGFnZVNsdWclMjIlM0ElMjJGcmVzaCUyME92ZXJsb2FkJTIwJTdDJTIwU2VhZm9vZCUyMChGcm96ZW4lMjAlMjYlMjBGcmVzaCklMkYxOTA0NyUyMiUyQyUyMmNhcm91c2VsTmFtZSUyMiUzQSUyMiUyMiUyQyUyMmNvbGxlY3Rpb25JZCUyMiUzQSUyMjE5MDQ3JTIyJTJDJTIyaW5kZXhDbGlja2VkJTIyJTNBMjQlN0Q,https://images.mango-prod.siammakro.cloud/SOURCE/27b6f66bc5cd459e87958e1e1a66a8b0,วรา เนื้อปลาทู 200 ก.,"฿

55.

00",฿,00,,,,,
https://www.makro.pro/th/p/2u_Us_5-14769843832220?info=JTdCJTIycGFnZVNsdWclMjIlM0ElMjJGcmVzaCUyME92ZXJsb2FkJTIwJTdDJTIwU2VhZm9vZCUyMChGcm96ZW4lMjAlMjYlMjBGcmVzaCklMkYxOTA0NyUyMiUyQyUyMmNhcm91c2VsTmFtZSUyMiUzQSUyMiUyMiUyQyUyMmNvbGxlY3Rpb25JZCUyMiUzQSUyMjE5MDQ3JTIyJTJDJTIyaW5kZXhDbGlja2VkJTIyJTNBMjUlN0Q,https://images.mango-prod.siammakro.cloud/product-images/14769843832220-fc002d1f-e44e-4a33-952a-874062fb093c.jpeg?imageMogr2/thumbnail/300x300,เซพแพ็ค หมึกหั่นวงแช่แข็ง 1กก.,"฿

115.

00",฿,00,,,,,
https://www.makro.pro/th/p/956lmfg-6974604771523?info=JTdCJTIycGFnZVNsdWclMjIlM0ElMjJGcmVzaCUyME92ZXJsb2FkJTIwJTdDJTIwU2VhZm9vZCUyMChGcm96ZW4lMjAlMjYlMjBGcmVzaCklMkYxOTA0NyUyMiUyQyUyMmNhcm91c2VsTmFtZSUyMiUzQSUyMiUyMiUyQyUyMmNvbGxlY3Rpb25JZCUyMiUzQSUyMjE5MDQ3JTIyJTJDJTIyaW5kZXhDbGlja2VkJTIyJTNBMjYlN0Q,https://images.mango-prod.siammakro.cloud/SOURCE/3be99f0f53bc4289b61024ac7be552e8,เอโร่ หมึกกล้วยหั่นวงแช่แข็ง 1 กก.,฿,145.,00,฿ 155.00,,-6%,,
https://www.makro.pro/th/p/g9kh8s0-6974641930435?info=JTdCJTIycGFnZVNsdWclMjIlM0ElMjJGcmVzaCUyME92ZXJsb2FkJTIwJTdDJTIwU2VhZm9vZCUyMChGcm96ZW4lMjAlMjYlMjBGcmVzaCklMkYxOTA0NyUyMiUyQyUyMmNhcm91c2VsTmFtZSUyMiUzQSUyMiUyMiUyQyUyMmNvbGxlY3Rpb25JZCUyMiUzQSUyMjE5MDQ3JTIyJTJDJTIyaW5kZXhDbGlja2VkJTIyJTNBMjclN0Q,https://images.mango-prod.siammakro.cloud/SOURCE/4a4385e740f34f19930246db8a4b00ba,เอโร่ เนื้อหอยแมลงภู่ชิลีแช่แข็ง (100-200 ตัว/กก.) 1 กก.,฿,207.,00,฿ 209.00,3 - 9 units,,,
https://www.makro.pro/th/p/Q4fNR9Y0-724338579634982?info=JTdCJTIycGFnZVNsdWclMjIlM0ElMjJGcmVzaCUyME92ZXJsb2FkJTIwJTdDJTIwU2VhZm9vZCUyMChGcm96ZW4lMjAlMjYlMjBGcmVzaCklMkYxOTA0NyUyMiUyQyUyMmNhcm91c2VsTmFtZSUyMiUzQSUyMiUyMiUyQyUyMmNvbGxlY3Rpb25JZCUyMiUzQSUyMjE5MDQ3JTIyJTJDJTIyaW5kZXhDbGlja2VkJTIyJTNBMjglN0Q,https://images.mango-prod.siammakro.cloud/product-images/724338579634982-823c79c0-4331-4ee1-b1b7-1a7f3834ad2c.jpeg?imageMogr2/thumbnail/300x300,เซพแพ็ค หอยแมลงภู่ครึ่งฝาแช่แข็ง (20-30 ตัว/ถุง) 1 กก.,฿,73.,00,฿ 75.00,3 - 9 units,-2%,,
https://www.makro.pro/th/p/0xnlzrc-6974600347843?info=JTdCJTIycGFnZVNsdWclMjIlM0ElMjJGcmVzaCUyME92ZXJsb2FkJTIwJTdDJTIwU2VhZm9vZCUyMChGcm96ZW4lMjAlMjYlMjBGcmVzaCklMkYxOTA0NyUyMiUyQyUyMmNhcm91c2VsTmFtZSUyMiUzQSUyMiUyMiUyQyUyMmNvbGxlY3Rpb25JZCUyMiUzQSUyMjE5MDQ3JTIyJTJDJTIyaW5kZXhDbGlja2VkJTIyJTNBMjklN0Q,https://images.mango-prod.siammakro.cloud/product-images/6974600347843-751c2228-0a01-4ae1-ad79-051ae203b967.jpeg?imageMogr2/thumbnail/300x300,เซพแพ็ค หนวดหมึกหั่นแช่แข็ง 1 กก.,"฿

118.

00",฿,00,,,,,
https://www.makro.pro/th/p/oc_m-hn-7218964365507?info=JTdCJTIycGFnZVNsdWclMjIlM0ElMjJGcmVzaCUyME92ZXJsb2FkJTIwJTdDJTIwU2VhZm9vZCUyMChGcm96ZW4lMjAlMjYlMjBGcmVzaCklMkYxOTA0NyUyMiUyQyUyMmNhcm91c2VsTmFtZSUyMiUzQSUyMiUyMiUyQyUyMmNvbGxlY3Rpb25JZCUyMiUzQSUyMjE5MDQ3JTIyJTJDJTIyaW5kZXhDbGlja2VkJTIyJTNBMzAlN0Q,https://images.mango-prod.siammakro.cloud/product-images/7218964365507-27ae03ec-f99c-41b2-ab07-4b2a2ecc63ab.jpeg?imageMogr2/thumbnail/300x300,เอโร่ เนื้อปลาแพนกาเซียสแล่แช่แข็ง (170-220 ก./ชิ้น) 1 กก. x 10,฿,740.,00,฿ 760.00,100+ units,-2%,,
https://www.makro.pro/th/p/8u7lslu-6974599725251?info=JTdCJTIycGFnZVNsdWclMjIlM0ElMjJGcmVzaCUyME92ZXJsb2FkJTIwJTdDJTIwU2VhZm9vZCUyMChGcm96ZW4lMjAlMjYlMjBGcmVzaCklMkYxOTA0NyUyMiUyQyUyMmNhcm91c2VsTmFtZSUyMiUzQSUyMiUyMiUyQyUyMmNvbGxlY3Rpb25JZCUyMiUzQSUyMjE5MDQ3JTIyJTJDJTIyaW5kZXhDbGlja2VkJTIyJTNBMzElN0Q,https://images.mango-prod.siammakro.cloud/SOURCE/eff7806b094a4a0fa49551178876553a,เอโร่ เนื้อปูก้อนแช่แข็ง 500 ก.,฿,339.,00,฿ 345.00,,-1%,,
https://www.makro.pro/th/p/ofdQJPt-212455230965182?info=JTdCJTIycGFnZVNsdWclMjIlM0ElMjJGcmVzaCUyME92ZXJsb2FkJTIwJTdDJTIwU2VhZm9vZCUyMChGcm96ZW4lMjAlMjYlMjBGcmVzaCklMkYxOTA0NyUyMiUyQyUyMmNhcm91c2VsTmFtZSUyMiUzQSUyMiUyMiUyQyUyMmNvbGxlY3Rpb25JZCUyMiUzQSUyMjE5MDQ3JTIyJTJDJTIyaW5kZXhDbGlja2VkJTIyJTNBMzIlN0Q,https://images.mango-prod.siammakro.cloud/product-images/212455230965182-5a6cd279-40e0-4e8a-b834-ec37457da4a7.undefined?imageMogr2/thumbnail/300x300,เอโร่ หางหมึกยักษ์ 1 กก.,"฿

119.

00

/kg",฿,00,,,,,
https://www.makro.pro/th/p/2ljrk74-7243310072003?info=JTdCJTIycGFnZVNsdWclMjIlM0ElMjJGcmVzaCUyME92ZXJsb2FkJTIwJTdDJTIwU2VhZm9vZCUyMChGcm96ZW4lMjAlMjYlMjBGcmVzaCklMkYxOTA0NyUyMiUyQyUyMmNhcm91c2VsTmFtZSUyMiUzQSUyMiUyMiUyQyUyMmNvbGxlY3Rpb25JZCUyMiUzQSUyMjE5MDQ3JTIyJTJDJTIyaW5kZXhDbGlja2VkJTIyJTNBMzMlN0Q,https://images.mango-prod.siammakro.cloud/SOURCE/69955f68daa94195bbde99f7bfbb444c,เนื้ออกปูแช่แข็ง 500 ก.,"฿

249.

00",฿,00,,,,,
https://www.makro.pro/th/p/97t14ra-7196424569027?info=JTdCJTIycGFnZVNsdWclMjIlM0ElMjJGcmVzaCUyME92ZXJsb2FkJTIwJTdDJTIwU2VhZm9vZCUyMChGcm96ZW4lMjAlMjYlMjBGcmVzaCklMkYxOTA0NyUyMiUyQyUyMmNhcm91c2VsTmFtZSUyMiUzQSUyMiUyMiUyQyUyMmNvbGxlY3Rpb25JZCUyMiUzQSUyMjE5MDQ3JTIyJTJDJTIyaW5kZXhDbGlja2VkJTIyJTNBMzQlN0Q,https://images.mango-prod.siammakro.cloud/SOURCE/b9a531fe845e47a48cdbc35638c0cbb6,กุ้งขาวปอกเปลือกผ่าหลังไว้หางแช่แข็ง (72-88 ตัว/กก.) 1 กก.,฿,365.,00,฿ 370.00,10+ units,-1%,,
https://www.makro.pro/th/p/tRB3NaG-449693994512016?info=JTdCJTIycGFnZVNsdWclMjIlM0ElMjJGcmVzaCUyME92ZXJsb2FkJTIwJTdDJTIwU2VhZm9vZCUyMChGcm96ZW4lMjAlMjYlMjBGcmVzaCklMkYxOTA0NyUyMiUyQyUyMmNhcm91c2VsTmFtZSUyMiUzQSUyMiUyMiUyQyUyMmNvbGxlY3Rpb25JZCUyMiUzQSUyMjE5MDQ3JTIyJTJDJTIyaW5kZXhDbGlja2VkJTIyJTNBMzUlN0Q,https://images.mango-prod.siammakro.cloud/product-images/449693994512016-cc38e9d5-cda0-491f-adc7-61bd1c0bb63b.jpeg?imageMogr2/thumbnail/300x300,เอโร่ คอหมึกยักษ์แช่แข็ง (2-2.5 กก.) 1 แพ็ค,"฿

68.

00

/kg",฿,00,,,,,
https://www.makro.pro/th/p/psMW2_5-854721908029174?info=JTdCJTIycGFnZVNsdWclMjIlM0ElMjJGcmVzaCUyME92ZXJsb2FkJTIwJTdDJTIwU2VhZm9vZCUyMChGcm96ZW4lMjAlMjYlMjBGcmVzaCklMkYxOTA0NyUyMiUyQyUyMmNhcm91c2VsTmFtZSUyMiUzQSUyMiUyMiUyQyUyMmNvbGxlY3Rpb25JZCUyMiUzQSUyMjE5MDQ3JTIyJTJDJTIyaW5kZXhDbGlja2VkJTIyJTNBMzYlN0Q,https://images.mango-prod.siammakro.cloud/SOURCE/523b3c95c7ba4ed9aae4c4d4c6651f65,ปลาฟยอร์ดเทร้าสด ยกตัวแล่ลอกหนัง (4-5 กก./ตัว),"฿

398.

00

/kg",฿,00,,,,,
https://www.makro.pro/th/p/ass-ans-7606382100675?info=JTdCJTIycGFnZVNsdWclMjIlM0ElMjJGcmVzaCUyME92ZXJsb2FkJTIwJTdDJTIwU2VhZm9vZCUyMChGcm96ZW4lMjAlMjYlMjBGcmVzaCklMkYxOTA0NyUyMiUyQyUyMmNhcm91c2VsTmFtZSUyMiUzQSUyMiUyMiUyQyUyMmNvbGxlY3Rpb25JZCUyMiUzQSUyMjE5MDQ3JTIyJTJDJTIyaW5kZXhDbGlja2VkJTIyJTNBMzclN0Q,https://images.mango-prod.siammakro.cloud/SOURCE/7ca8abdb84394a22b68f736bafe61e12,แซลมอนแอตแลนติกชิลีแช่แข็ง 5-6 กก./ตัว,฿,324.,00,฿ 329.00,/kg,-1%,,
https://www.makro.pro/th/p/o4naqvb-7243310727363?info=JTdCJTIycGFnZVNsdWclMjIlM0ElMjJGcmVzaCUyME92ZXJsb2FkJTIwJTdDJTIwU2VhZm9vZCUyMChGcm96ZW4lMjAlMjYlMjBGcmVzaCklMkYxOTA0NyUyMiUyQyUyMmNhcm91c2VsTmFtZSUyMiUzQSUyMiUyMiUyQyUyMmNvbGxlY3Rpb25JZCUyMiUzQSUyMjE5MDQ3JTIyJTJDJTIyaW5kZXhDbGlja2VkJTIyJTNBMzglN0Q,https://images.mango-prod.siammakro.cloud/SOURCE/2c586e1bcf0e40cca64cb6067cec1fe0,กุ้งขาวไว้หางแช่แข็ง ขนาด (56-66 ตัว/ถุง) 1 กก.,฿,165.,00,฿ 175.00,,-5%,,
https://www.makro.pro/th/p/ZjrNx6a-559582182126909?info=JTdCJTIycGFnZVNsdWclMjIlM0ElMjJGcmVzaCUyME92ZXJsb2FkJTIwJTdDJTIwU2VhZm9vZCUyMChGcm96ZW4lMjAlMjYlMjBGcmVzaCklMkYxOTA0NyUyMiUyQyUyMmNhcm91c2VsTmFtZSUyMiUzQSUyMiUyMiUyQyUyMmNvbGxlY3Rpb25JZCUyMiUzQSUyMjE5MDQ3JTIyJTJDJTIyaW5kZXhDbGlja2VkJTIyJTNBMzklN0Q,https://images.mango-prod.siammakro.cloud/SOURCE/93c64d52bd9848fe9fc0fadd51a64c86,ปลาฟยอร์ดเทร้าสด ยกตัวแล่ลอกหนัง (5-6 กก./ตัว),"฿

411.

00

/kg",฿,00,,,,,
https://www.makro.pro/th/p/2pvvjNv-260437391418684?info=JTdCJTIycGFnZVNsdWclMjIlM0ElMjJGcmVzaCUyME92ZXJsb2FkJTIwJTdDJTIwU2VhZm9vZCUyMChGcm96ZW4lMjAlMjYlMjBGcmVzaCklMkYxOTA0NyUyMiUyQyUyMmNhcm91c2VsTmFtZSUyMiUzQSUyMiUyMiUyQyUyMmNvbGxlY3Rpb25JZCUyMiUzQSUyMjE5MDQ3JTIyJTJDJTIyaW5kZXhDbGlja2VkJTIyJTNBNDAlN0Q,https://images.mango-prod.siammakro.cloud/SOURCE/ebbfb56a5b78426bbd27f20d151678cf,ปลากะพงขาว 1 ตัว (3-5 กก./ตัว),฿,245.,00,฿ 249.00,/kg,-1%,,
https://www.makro.pro/th/p/w3u7_va-7243311087811?info=JTdCJTIycGFnZVNsdWclMjIlM0ElMjJGcmVzaCUyME92ZXJsb2FkJTIwJTdDJTIwU2VhZm9vZCUyMChGcm96ZW4lMjAlMjYlMjBGcmVzaCklMkYxOTA0NyUyMiUyQyUyMmNhcm91c2VsTmFtZSUyMiUzQSUyMiUyMiUyQyUyMmNvbGxlY3Rpb25JZCUyMiUzQSUyMjE5MDQ3JTIyJTJDJTIyaW5kZXhDbGlja2VkJTIyJTNBNDElN0Q,https://images.mango-prod.siammakro.cloud/SOURCE/2e6289e49d0146dabb81fda4ef45d9e5,เนื้อปูแช่แข็ง 500 ก.,"฿

255.

00",฿,00,,,,,
https://www.makro.pro/th/p/32lbaki-7078809043139?info=JTdCJTIycGFnZVNsdWclMjIlM0ElMjJGcmVzaCUyME92ZXJsb2FkJTIwJTdDJTIwU2VhZm9vZCUyMChGcm96ZW4lMjAlMjYlMjBGcmVzaCklMkYxOTA0NyUyMiUyQyUyMmNhcm91c2VsTmFtZSUyMiUzQSUyMiUyMiUyQyUyMmNvbGxlY3Rpb25JZCUyMiUzQSUyMjE5MDQ3JTIyJTJDJTIyaW5kZXhDbGlja2VkJTIyJTNBNDIlN0Q,https://images.mango-prod.siammakro.cloud/SOURCE/dc55fcd347f34bcda801b1713a2e3fde,เซพแพ็ค กุ้งขาวไว้หางแช่แข็ง (32-38 ตัว/แพ็ค) 1 กก.,"฿

345.

00",฿,00,,,,,
https://www.makro.pro/th/p/ljmaczg-7606382035139?info=JTdCJTIycGFnZVNsdWclMjIlM0ElMjJGcmVzaCUyME92ZXJsb2FkJTIwJTdDJTIwU2VhZm9vZCUyMChGcm96ZW4lMjAlMjYlMjBGcmVzaCklMkYxOTA0NyUyMiUyQyUyMmNhcm91c2VsTmFtZSUyMiUzQSUyMiUyMiUyQyUyMmNvbGxlY3Rpb25JZCUyMiUzQSUyMjE5MDQ3JTIyJTJDJTIyaW5kZXhDbGlja2VkJTIyJTNBNDMlN0Q,https://images.mango-prod.siammakro.cloud/SOURCE/0c65797d863d4336857a035593a55989,แซลมอนแอตแลนติกแล่ครึ่งซีกแช่แข็ง TRIM C ประมาณ 1.5 กก./ชิ้น,฿,489.,00,฿ 499.00,/kg,-2%,,
https://www.makro.pro/th/p/8t4ve2z-7196421390531?info=JTdCJTIycGFnZVNsdWclMjIlM0ElMjJGcmVzaCUyME92ZXJsb2FkJTIwJTdDJTIwU2VhZm9vZCUyMChGcm96ZW4lMjAlMjYlMjBGcmVzaCklMkYxOTA0NyUyMiUyQyUyMmNhcm91c2VsTmFtZSUyMiUzQSUyMiUyMiUyQyUyMmNvbGxlY3Rpb25JZCUyMiUzQSUyMjE5MDQ3JTIyJTJDJTIyaW5kZXhDbGlja2VkJTIyJTNBNDQlN0Q,https://images.mango-prod.siammakro.cloud/SOURCE/0c90bba376ed4d9a89ac4a92eb8dc1ea,คิวเฟรช ปลากะพงหั่นชิ้นแช่แข็ง (100-120 ก./ชิ้น) 1 กก.,฿,437.,00,฿ 439.00,3 - 9 units,,,
https://www.makro.pro/th/p/rleg27a-7606379905219?info=JTdCJTIycGFnZVNsdWclMjIlM0ElMjJGcmVzaCUyME92ZXJsb2FkJTIwJTdDJTIwU2VhZm9vZCUyMChGcm96ZW4lMjAlMjYlMjBGcmVzaCklMkYxOTA0NyUyMiUyQyUyMmNhcm91c2VsTmFtZSUyMiUzQSUyMiUyMiUyQyUyMmNvbGxlY3Rpb25JZCUyMiUzQSUyMjE5MDQ3JTIyJTJDJTIyaW5kZXhDbGlja2VkJTIyJTNBNDUlN0Q,https://images.mango-prod.siammakro.cloud/SOURCE/94571c428dd44d7d9abc27d92b648b91,ปลาซาบะนอรเวย์แช่แข็ง ไซส์ L 1 กก.,"฿

188.

00

/kg",฿,00,,,,,
https://www.makro.pro/th/p/n3vg459-7606383050947?info=JTdCJTIycGFnZVNsdWclMjIlM0ElMjJGcmVzaCUyME92ZXJsb2FkJTIwJTdDJTIwU2VhZm9vZCUyMChGcm96ZW4lMjAlMjYlMjBGcmVzaCklMkYxOTA0NyUyMiUyQyUyMmNhcm91c2VsTmFtZSUyMiUzQSUyMiUyMiUyQyUyMmNvbGxlY3Rpb25JZCUyMiUzQSUyMjE5MDQ3JTIyJTJDJTIyaW5kZXhDbGlja2VkJTIyJTNBNDYlN0Q,https://images.mango-prod.siammakro.cloud/product-images/7606383050947-207f70ff-6ee1-4982-b7c8-96a22278cbe9.jpeg?imageMogr2/thumbnail/300x300,หมึกกรอบเล็ก 1 กก.,"฿

149.

00

/kg",฿,00,,,,,
https://www.makro.pro/th/p/weg1ldg-7243311808707?info=JTdCJTIycGFnZVNsdWclMjIlM0ElMjJGcmVzaCUyME92ZXJsb2FkJTIwJTdDJTIwU2VhZm9vZCUyMChGcm96ZW4lMjAlMjYlMjBGcmVzaCklMkYxOTA0NyUyMiUyQyUyMmNhcm91c2VsTmFtZSUyMiUzQSUyMiUyMiUyQyUyMmNvbGxlY3Rpb25JZCUyMiUzQSUyMjE5MDQ3JTIyJTJDJTIyaW5kZXhDbGlja2VkJTIyJTNBNDclN0Q,https://images.mango-prod.siammakro.cloud/SOURCE/709947bb7ef54ffca4d3001319266247,ARO FZหอยแมลงภู่ครึ่งฝาX1,฿,97.,00,฿ 99.00,3 - 9 units,-2%,,
https://www.makro.pro/th/p/5k8gnoo-7606380855491?info=JTdCJTIycGFnZVNsdWclMjIlM0ElMjJGcmVzaCUyME92ZXJsb2FkJTIwJTdDJTIwU2VhZm9vZCUyMChGcm96ZW4lMjAlMjYlMjBGcmVzaCklMkYxOTA0NyUyMiUyQyUyMmNhcm91c2VsTmFtZSUyMiUzQSUyMiUyMiUyQyUyMmNvbGxlY3Rpb25JZCUyMiUzQSUyMjE5MDQ3JTIyJTJDJTIyaW5kZXhDbGlja2VkJTIyJTNBNDglN0Q,https://images.mango-prod.siammakro.cloud/SOURCE/f72740c7f5784ae3a7570f15d5cc20e6,กุ้งขาว ไซส์ S 1 กก.,฿,222.,00,฿ 239.00,/kg,-7%,,
https://www.makro.pro/th/p/I5DQKru-738193032240421?info=JTdCJTIycGFnZVNsdWclMjIlM0ElMjJGcmVzaCUyME92ZXJsb2FkJTIwJTdDJTIwU2VhZm9vZCUyMChGcm96ZW4lMjAlMjYlMjBGcmVzaCklMkYxOTA0NyUyMiUyQyUyMmNhcm91c2VsTmFtZSUyMiUzQSUyMiUyMiUyQyUyMmNvbGxlY3Rpb25JZCUyMiUzQSUyMjE5MDQ3JTIyJTJDJTIyaW5kZXhDbGlja2VkJTIyJTNBNDklN0Q,https://images.mango-prod.siammakro.cloud/product-images/738193032240421-abfbee77-2786-474e-84ca-847ef52b3b2f.jpeg?imageMogr2/thumbnail/300x300,ปลานิลเป็น 700-900 ก./ตัว (จัดส่งแบบน็อคน้ําแข็ง),"฿

79.

00

/kg",฿,00,,,,,
https://www.makro.pro/th/p/8a_zvn_-7606382690499?info=JTdCJTIycGFnZVNsdWclMjIlM0ElMjJGcmVzaCUyME92ZXJsb2FkJTIwJTdDJTIwU2VhZm9vZCUyMChGcm96ZW4lMjAlMjYlMjBGcmVzaCklMkYxOTA0NyUyMiUyQyUyMmNhcm91c2VsTmFtZSUyMiUzQSUyMiUyMiUyQyUyMmNvbGxlY3Rpb25JZCUyMiUzQSUyMjE5MDQ3JTIyJTJDJTIyaW5kZXhDbGlja2VkJTIyJTNBNTAlN0Q,https://images.mango-prod.siammakro.cloud/SOURCE/e3b8d446535a40728872f5b4b065bcc0,ปลาซาบะนอรเวย์แช่แข็ง ไซส์ M 1 กก.,"฿

188.

00

/kg",฿,00,,,,,
https://www.makro.pro/th/p/25hpZiw-229545919994198?info=JTdCJTIycGFnZVNsdWclMjIlM0ElMjJGcmVzaCUyME92ZXJsb2FkJTIwJTdDJTIwU2VhZm9vZCUyMChGcm96ZW4lMjAlMjYlMjBGcmVzaCklMkYxOTA0NyUyMiUyQyUyMmNhcm91c2VsTmFtZSUyMiUzQSUyMiUyMiUyQyUyMmNvbGxlY3Rpb25JZCUyMiUzQSUyMjE5MDQ3JTIyJTJDJTIyaW5kZXhDbGlja2VkJTIyJTNBNTElN0Q,https://images.mango-prod.siammakro.cloud/SOURCE/88d9e95ad1f848dda0435c6cd2323ffd,ปลากะพงขาวกลาง 500-700 ก. กก.ละ,"฿

165.

00

/kg",฿,00,,,,,
https://www.makro.pro/th/p/KvJWPaj-367497144472679?info=JTdCJTIycGFnZVNsdWclMjIlM0ElMjJGcmVzaCUyME92ZXJsb2FkJTIwJTdDJTIwU2VhZm9vZCUyMChGcm96ZW4lMjAlMjYlMjBGcmVzaCklMkYxOTA0NyUyMiUyQyUyMmNhcm91c2VsTmFtZSUyMiUzQSUyMiUyMiUyQyUyMmNvbGxlY3Rpb25JZCUyMiUzQSUyMjE5MDQ3JTIyJTJDJTIyaW5kZXhDbGlja2VkJTIyJTNBNTIlN0Q,https://images.mango-prod.siammakro.cloud/product-images/367497144472679-04d0f37b-0d70-47e2-86da-d4312d464916.jpeg?imageMogr2/thumbnail/300x300,ปลาซาบะญี่ปุ่นแช่แข็ง ไซส์ M 1 กก.,"฿

93.

00

/kg",฿,00,,,,,
https://www.makro.pro/th/p/z04Fzy6-38873898197927?info=JTdCJTIycGFnZVNsdWclMjIlM0ElMjJGcmVzaCUyME92ZXJsb2FkJTIwJTdDJTIwU2VhZm9vZCUyMChGcm96ZW4lMjAlMjYlMjBGcmVzaCklMkYxOTA0NyUyMiUyQyUyMmNhcm91c2VsTmFtZSUyMiUzQSUyMiUyMiUyQyUyMmNvbGxlY3Rpb25JZCUyMiUzQSUyMjE5MDQ3JTIyJTJDJTIyaW5kZXhDbGlja2VkJTIyJTNBNTMlN0Q,https://images.mango-prod.siammakro.cloud/SOURCE/da6eb587835c44c3972681d5f27ba4dc,ปลาซาบะญี่ปุ่นแช่แข็ง ไซส์ L 1 กก.,"฿

93.

00

/kg",฿,00,,,,,
https://www.makro.pro/th/p/95DztHg-411720348443981?info=JTdCJTIycGFnZVNsdWclMjIlM0ElMjJGcmVzaCUyME92ZXJsb2FkJTIwJTdDJTIwU2VhZm9vZCUyMChGcm96ZW4lMjAlMjYlMjBGcmVzaCklMkYxOTA0NyUyMiUyQyUyMmNhcm91c2VsTmFtZSUyMiUzQSUyMiUyMiUyQyUyMmNvbGxlY3Rpb25JZCUyMiUzQSUyMjE5MDQ3JTIyJTJDJTIyaW5kZXhDbGlja2VkJTIyJTNBNTQlN0Q,https://images.mango-prod.siammakro.cloud/SOURCE/6de7c104bbb9492f9627345bfde5fb55,ปลาทับทิม 1 ตัว (ประมาณ700-900 ก./ตัว),฿,97.,00,฿ 99.00,/kg,-2%,,
https://www.makro.pro/th/p/I74ZsB3-334303613488048?info=JTdCJTIycGFnZVNsdWclMjIlM0ElMjJGcmVzaCUyME92ZXJsb2FkJTIwJTdDJTIwU2VhZm9vZCUyMChGcm96ZW4lMjAlMjYlMjBGcmVzaCklMkYxOTA0NyUyMiUyQyUyMmNhcm91c2VsTmFtZSUyMiUzQSUyMiUyMiUyQyUyMmNvbGxlY3Rpb25JZCUyMiUzQSUyMjE5MDQ3JTIyJTJDJTIyaW5kZXhDbGlja2VkJTIyJTNBNTUlN0Q,https://images.mango-prod.siammakro.cloud/product-images/334303613488048-86358d68-69e1-48af-a637-31f58e883ab0.jpeg?imageMogr2/thumbnail/300x300,เนื้อท้องแซลมอนพร้อมครีบแช่แข็งนําเข้า 1 กก.,฿,137.,00,฿ 139.00,/kg,-1%,,
https://www.makro.pro/th/p/n476fT5-565706619975270?info=JTdCJTIycGFnZVNsdWclMjIlM0ElMjJGcmVzaCUyME92ZXJsb2FkJTIwJTdDJTIwU2VhZm9vZCUyMChGcm96ZW4lMjAlMjYlMjBGcmVzaCklMkYxOTA0NyUyMiUyQyUyMmNhcm91c2VsTmFtZSUyMiUzQSUyMiUyMiUyQyUyMmNvbGxlY3Rpb25JZCUyMiUzQSUyMjE5MDQ3JTIyJTJDJTIyaW5kZXhDbGlja2VkJTIyJTNBNTYlN0Q,https://images.mango-prod.siammakro.cloud/SOURCE/270f6ca5a6d8456aa3580dea4efe8399,ปลาดุกอุย 400-600 ก. กก.ละ,"฿

53.

00

/kg",฿,00,,,,,
https://www.makro.pro/th/p/KXGpKjv-811219193706286?info=JTdCJTIycGFnZVNsdWclMjIlM0ElMjJGcmVzaCUyME92ZXJsb2FkJTIwJTdDJTIwU2VhZm9vZCUyMChGcm96ZW4lMjAlMjYlMjBGcmVzaCklMkYxOTA0NyUyMiUyQyUyMmNhcm91c2VsTmFtZSUyMiUzQSUyMiUyMiUyQyUyMmNvbGxlY3Rpb25JZCUyMiUzQSUyMjE5MDQ3JTIyJTJDJTIyaW5kZXhDbGlja2VkJTIyJTNBNTclN0Q,https://images.mango-prod.siammakro.cloud/product-images/811219193706286-d2c5de9e-8c77-478b-813d-ff7053c6015d.jpeg?imageMogr2/thumbnail/300x300,เซพแพ็ค แพนกาเซียสหั่นชิ้นแช่แข็ง (25-40 ก./ชิ้น) 1 กก. x 10,"฿

570.

00",฿,00,,,,,
https://www.makro.pro/th/p/Cjsoi1u-775609461034876?info=JTdCJTIycGFnZVNsdWclMjIlM0ElMjJGcmVzaCUyME92ZXJsb2FkJTIwJTdDJTIwU2VhZm9vZCUyMChGcm96ZW4lMjAlMjYlMjBGcmVzaCklMkYxOTA0NyUyMiUyQyUyMmNhcm91c2VsTmFtZSUyMiUzQSUyMiUyMiUyQyUyMmNvbGxlY3Rpb25JZCUyMiUzQSUyMjE5MDQ3JTIyJTJDJTIyaW5kZXhDbGlja2VkJTIyJTNBNTglN0Q,https://images.mango-prod.siammakro.cloud/product-images/775609461034876-4c7baad3-dc83-4e3f-ae2f-27204ef4846b.jpeg?imageMogr2/thumbnail/300x300,หมึกบั้งตาสับปะรดแช่แข็ง (EQ) B 800 ก.,"฿

129.

00",฿,00,,,,,
https://www.makro.pro/th/p/qf0fkd7-6974642749635?info=JTdCJTIycGFnZVNsdWclMjIlM0ElMjJGcmVzaCUyME92ZXJsb2FkJTIwJTdDJTIwU2VhZm9vZCUyMChGcm96ZW4lMjAlMjYlMjBGcmVzaCklMkYxOTA0NyUyMiUyQyUyMmNhcm91c2VsTmFtZSUyMiUzQSUyMiUyMiUyQyUyMmNvbGxlY3Rpb25JZCUyMiUzQSUyMjE5MDQ3JTIyJTJDJTIyaW5kZXhDbGlja2VkJTIyJTNBNTklN0Q,https://images.mango-prod.siammakro.cloud/SOURCE/705eae87c6a4440d9ab5d54e5931d0d6,ซี โปรดักส์ หอยแมลงภู่นิวซีแลนด์ครึ่งฝาแช่แข็ง ขนาด L 1 กก.,฿,297.,00,฿ 299.00,3 - 9 units,,,
https://www.makro.pro/th/p/pjff6yk-7243311349955?info=JTdCJTIycGFnZVNsdWclMjIlM0ElMjJGcmVzaCUyME92ZXJsb2FkJTIwJTdDJTIwU2VhZm9vZCUyMChGcm96ZW4lMjAlMjYlMjBGcmVzaCklMkYxOTA0NyUyMiUyQyUyMmNhcm91c2VsTmFtZSUyMiUzQSUyMiUyMiUyQyUyMmNvbGxlY3Rpb25JZCUyMiUzQSUyMjE5MDQ3JTIyJTJDJTIyaW5kZXhDbGlja2VkJTIyJTNBNjAlN0Q,https://images.mango-prod.siammakro.cloud/SOURCE/510f15222cd847bd9825b30989f73404,หมึกกล้วยหลอดแช่แข็ง 1 กก.,"฿

207.

00",฿,00,,,,,
https://www.makro.pro/th/p/hwG65AF-271879334946180?info=JTdCJTIycGFnZVNsdWclMjIlM0ElMjJGcmVzaCUyME92ZXJsb2FkJTIwJTdDJTIwU2VhZm9vZCUyMChGcm96ZW4lMjAlMjYlMjBGcmVzaCklMkYxOTA0NyUyMiUyQyUyMmNhcm91c2VsTmFtZSUyMiUzQSUyMiUyMiUyQyUyMmNvbGxlY3Rpb25JZCUyMiUzQSUyMjE5MDQ3JTIyJTJDJTIyaW5kZXhDbGlja2VkJTIyJTNBNjElN0Q,https://images.mango-prod.siammakro.cloud/product-images/271879334946180-4c40366a-846d-4994-b687-3bbe17a55fa8.jpeg?imageMogr2/thumbnail/300x300,เอโร่ ปีกหมึกยักษ์แช่แข็ง (2-2.5 กก.) 1 แพ็ค,"฿

78.

00

/kg",฿,00,,,,,
https://www.makro.pro/th/p/pp64_iv-7275730075843?info=JTdCJTIycGFnZVNsdWclMjIlM0ElMjJGcmVzaCUyME92ZXJsb2FkJTIwJTdDJTIwU2VhZm9vZCUyMChGcm96ZW4lMjAlMjYlMjBGcmVzaCklMkYxOTA0NyUyMiUyQyUyMmNhcm91c2VsTmFtZSUyMiUzQSUyMiUyMiUyQyUyMmNvbGxlY3Rpb25JZCUyMiUzQSUyMjE5MDQ3JTIyJTJDJTIyaW5kZXhDbGlja2VkJTIyJTNBNjIlN0Q,https://images.mango-prod.siammakro.cloud/product-images/7275730075843-0f4f2978-0f32-4ca7-a2d0-f42cd0cd3bbd.jpeg?imageMogr2/thumbnail/300x300,เอโร่ เนื้อปลาแพนกาเซียสแล่แช่แข็ง 170-220 ก./ชิ้น (UNTRIMMED) ยกลัง 1 กก. X 10 แพ็ค,"฿

620.

00",฿,00,,,,,
https://www.makro.pro/th/p/gnxfhez-7115276124355?info=JTdCJTIycGFnZVNsdWclMjIlM0ElMjJGcmVzaCUyME92ZXJsb2FkJTIwJTdDJTIwU2VhZm9vZCUyMChGcm96ZW4lMjAlMjYlMjBGcmVzaCklMkYxOTA0NyUyMiUyQyUyMmNhcm91c2VsTmFtZSUyMiUzQSUyMiUyMiUyQyUyMmNvbGxlY3Rpb25JZCUyMiUzQSUyMjE5MDQ3JTIyJTJDJTIyaW5kZXhDbGlja2VkJTIyJTNBNjMlN0Q,https://images.mango-prod.siammakro.cloud/SOURCE/4e6e5aa2f8a44e32a2278b0cf03cc1bd,ตะวันนา ปลาทูนึ่ง 2 ตัว,"฿

60.

00",฿,00,,,,,
https://www.makro.pro/th/p/fauyydy-6974746460355?info=JTdCJTIycGFnZVNsdWclMjIlM0ElMjJGcmVzaCUyME92ZXJsb2FkJTIwJTdDJTIwU2VhZm9vZCUyMChGcm96ZW4lMjAlMjYlMjBGcmVzaCklMkYxOTA0NyUyMiUyQyUyMmNhcm91c2VsTmFtZSUyMiUzQSUyMiUyMiUyQyUyMmNvbGxlY3Rpb25JZCUyMiUzQSUyMjE5MDQ3JTIyJTJDJTIyaW5kZXhDbGlja2VkJTIyJTNBNjQlN0Q,https://images.mango-prod.siammakro.cloud/product-images/6974746460355-7bfec8cb-2012-4b71-83b1-40ccaf2cfb84.jpeg?imageMogr2/thumbnail/300x300,เอโร่ เนื้อหอยเชลล์แช่แข็ง (16-20 ตัว/ปอนด์) 1 กก.,฿,337.,00,฿ 339.00,10+ units,,,
https://www.makro.pro/th/p/1170L6Q-694267175998423?info=JTdCJTIycGFnZVNsdWclMjIlM0ElMjJGcmVzaCUyME92ZXJsb2FkJTIwJTdDJTIwU2VhZm9vZCUyMChGcm96ZW4lMjAlMjYlMjBGcmVzaCklMkYxOTA0NyUyMiUyQyUyMmNhcm91c2VsTmFtZSUyMiUzQSUyMiUyMiUyQyUyMmNvbGxlY3Rpb25JZCUyMiUzQSUyMjE5MDQ3JTIyJTJDJTIyaW5kZXhDbGlja2VkJTIyJTNBNjUlN0Q,https://images.mango-prod.siammakro.cloud/product-images/694267175998423-60b56e22-3860-46be-b2c5-2b94861a428f.jpeg?imageMogr2/thumbnail/300x300,เซพแพ็ค เนื้อปลาแพนกาเซียสแล่ไม่ตัดแต่งแช่แข็ง 1 กก. x 10,"฿

570.

00",฿,00,,,,,
https://www.makro.pro/th/p/ooetf_p-6974747115715?info=JTdCJTIycGFnZVNsdWclMjIlM0ElMjJGcmVzaCUyME92ZXJsb2FkJTIwJTdDJTIwU2VhZm9vZCUyMChGcm96ZW4lMjAlMjYlMjBGcmVzaCklMkYxOTA0NyUyMiUyQyUyMmNhcm91c2VsTmFtZSUyMiUzQSUyMiUyMiUyQyUyMmNvbGxlY3Rpb25JZCUyMiUzQSUyMjE5MDQ3JTIyJTJDJTIyaW5kZXhDbGlja2VkJTIyJTNBNjYlN0Q,https://images.mango-prod.siammakro.cloud/product-images/6974747115715-7f3da9d9-7add-43eb-bbdb-f5c88c8bc9a5.jpeg?imageMogr2/thumbnail/300x300,เอโร่ ปูนิ่มแช่แข็ง (7-9 ตัว/กก.) 1 กก.,"฿

409.

00",฿,00,,,,,
https://www.makro.pro/th/p/7heh5os-7275730763971?info=JTdCJTIycGFnZVNsdWclMjIlM0ElMjJGcmVzaCUyME92ZXJsb2FkJTIwJTdDJTIwU2VhZm9vZCUyMChGcm96ZW4lMjAlMjYlMjBGcmVzaCklMkYxOTA0NyUyMiUyQyUyMmNhcm91c2VsTmFtZSUyMiUzQSUyMiUyMiUyQyUyMmNvbGxlY3Rpb25JZCUyMiUzQSUyMjE5MDQ3JTIyJTJDJTIyaW5kZXhDbGlja2VkJTIyJTNBNjclN0Q,https://images.mango-prod.siammakro.cloud/product-images/7275730763971-233e5d59-b5aa-4bc3-bfd3-c52b3301b8d2.jpeg?imageMogr2/thumbnail/300x300,เอโร่ เนื้อปลาแพนกาเซียสหั่นชิ้นแช่แข็ง (15-20 ก./ชิ้น) 1 กก. x 10,฿,760.,00,฿ 790.00,100+ units,-3%,,
https://www.makro.pro/th/p/Fa5nIqK-266031835612855?info=JTdCJTIycGFnZVNsdWclMjIlM0ElMjJGcmVzaCUyME92ZXJsb2FkJTIwJTdDJTIwU2VhZm9vZCUyMChGcm96ZW4lMjAlMjYlMjBGcmVzaCklMkYxOTA0NyUyMiUyQyUyMmNhcm91c2VsTmFtZSUyMiUzQSUyMiUyMiUyQyUyMmNvbGxlY3Rpb25JZCUyMiUzQSUyMjE5MDQ3JTIyJTJDJTIyaW5kZXhDbGlja2VkJTIyJTNBNjglN0Q,https://images.mango-prod.siammakro.cloud/product-images/266031835612855-8e3a5af4-5b75-461c-82e6-6d42e4fc4605.jpeg?imageMogr2/thumbnail/300x300,ปลาช่อนกลาง 500-700 ก./ตัว,"฿

147.

00

/kg",฿,00,,,,,
https://www.makro.pro/th/p/j0sshdb-7275698684099?info=JTdCJTIycGFnZVNsdWclMjIlM0ElMjJGcmVzaCUyME92ZXJsb2FkJTIwJTdDJTIwU2VhZm9vZCUyMChGcm96ZW4lMjAlMjYlMjBGcmVzaCklMkYxOTA0NyUyMiUyQyUyMmNhcm91c2VsTmFtZSUyMiUzQSUyMiUyMiUyQyUyMmNvbGxlY3Rpb25JZCUyMiUzQSUyMjE5MDQ3JTIyJTJDJTIyaW5kZXhDbGlja2VkJTIyJTNBNjklN0Q,https://images.mango-prod.siammakro.cloud/product-images/7275698684099-756ea674-6613-4d96-82f8-75528623b505.jpeg?imageMogr2/thumbnail/300x300,เอโร่ เนื้อหอยแมลงภู่แช่แข็ง เกรด B 200-300 ชิ้น 1 กก.,฿,90.,00,฿ 94.00,10 - 999 units,-4%,,
https://www.makro.pro/th/p/22Fgxk6-429285492108800?info=JTdCJTIycGFnZVNsdWclMjIlM0ElMjJGcmVzaCUyME92ZXJsb2FkJTIwJTdDJTIwU2VhZm9vZCUyMChGcm96ZW4lMjAlMjYlMjBGcmVzaCklMkYxOTA0NyUyMiUyQyUyMmNhcm91c2VsTmFtZSUyMiUzQSUyMiUyMiUyQyUyMmNvbGxlY3Rpb25JZCUyMiUzQSUyMjE5MDQ3JTIyJTJDJTIyaW5kZXhDbGlja2VkJTIyJTNBNzAlN0Q,https://images.mango-prod.siammakro.cloud/product-images/429285492108800-6a4b4238-dc56-4d31-af7b-83408b539ecc.jpeg?imageMogr2/thumbnail/300x300,เอโร่ ซาบะแอตแลนติกแช่แข็ง ไซส์ L 1 แพ็ค (2-2.5 กก.),"฿

188.

00

/kg",฿,00,,,,,
https://www.makro.pro/th/p/6rsou6q-6974598676675?info=JTdCJTIycGFnZVNsdWclMjIlM0ElMjJGcmVzaCUyME92ZXJsb2FkJTIwJTdDJTIwU2VhZm9vZCUyMChGcm96ZW4lMjAlMjYlMjBGcmVzaCklMkYxOTA0NyUyMiUyQyUyMmNhcm91c2VsTmFtZSUyMiUzQSUyMiUyMiUyQyUyMmNvbGxlY3Rpb25JZCUyMiUzQSUyMjE5MDQ3JTIyJTJDJTIyaW5kZXhDbGlja2VkJTIyJTNBNzElN0Q,https://images.mango-prod.siammakro.cloud/product-images/6974598676675-82f8e86a-ea37-4375-8190-6d8cd3ea0d88.jpeg?imageMogr2/thumbnail/300x300,แซนฟอร์ด หอยแมลงภู่นิวซีแลนด์ครึ่งฝาแช่แข็ง ขนาด M 1 กก.,฿,287.,00,฿ 289.00,3 - 9 units,,,
https://www.makro.pro/th/p/hjX0Lay-590951963140925?info=JTdCJTIycGFnZVNsdWclMjIlM0ElMjJGcmVzaCUyME92ZXJsb2FkJTIwJTdDJTIwU2VhZm9vZCUyMChGcm96ZW4lMjAlMjYlMjBGcmVzaCklMkYxOTA0NyUyMiUyQyUyMmNhcm91c2VsTmFtZSUyMiUzQSUyMiUyMiUyQyUyMmNvbGxlY3Rpb25JZCUyMiUzQSUyMjE5MDQ3JTIyJTJDJTIyaW5kZXhDbGlja2VkJTIyJTNBNzIlN0Q,https://images.mango-prod.siammakro.cloud/product-images/590951963140925-7d0edd00-1f6e-42cd-98d4-66eb289b5e78.jpeg?imageMogr2/thumbnail/300x300,ขจร แมงกะพรุนจืดหัวและตัว 1 กก.,"฿

129.

00",฿,00,,,,,
https://www.makro.pro/th/p/elxh6kl-7243310137539?info=JTdCJTIycGFnZVNsdWclMjIlM0ElMjJGcmVzaCUyME92ZXJsb2FkJTIwJTdDJTIwU2VhZm9vZCUyMChGcm96ZW4lMjAlMjYlMjBGcmVzaCklMkYxOTA0NyUyMiUyQyUyMmNhcm91c2VsTmFtZSUyMiUzQSUyMiUyMiUyQyUyMmNvbGxlY3Rpb25JZCUyMiUzQSUyMjE5MDQ3JTIyJTJDJTIyaW5kZXhDbGlja2VkJTIyJTNBNzMlN0Q,https://images.mango-prod.siammakro.cloud/SOURCE/6fae2e4590b24e99a2eb5acbced98d49,กุ้งขาวไว้หางแช่แข็ง (67-77 ชิ้น/กก.) 1 กก.,฿,155.,00,฿ 165.00,10+ units,-6%,,
https://www.makro.pro/th/p/ptujel2-6974752620739?info=JTdCJTIycGFnZVNsdWclMjIlM0ElMjJGcmVzaCUyME92ZXJsb2FkJTIwJTdDJTIwU2VhZm9vZCUyMChGcm96ZW4lMjAlMjYlMjBGcmVzaCklMkYxOTA0NyUyMiUyQyUyMmNhcm91c2VsTmFtZSUyMiUzQSUyMiUyMiUyQyUyMmNvbGxlY3Rpb25JZCUyMiUzQSUyMjE5MDQ3JTIyJTJDJTIyaW5kZXhDbGlja2VkJTIyJTNBNzQlN0Q,https://images.mango-prod.siammakro.cloud/SOURCE/bde51cb947df4376aabb8590c2541493,ไข่หมึกกล้วยแช่แข็ง 1 กก.,"฿

259.

00",฿,00,,,,,
https://www.makro.pro/th/p/lSv_5yy-52766585191908?info=JTdCJTIycGFnZVNsdWclMjIlM0ElMjJGcmVzaCUyME92ZXJsb2FkJTIwJTdDJTIwU2VhZm9vZCUyMChGcm96ZW4lMjAlMjYlMjBGcmVzaCklMkYxOTA0NyUyMiUyQyUyMmNhcm91c2VsTmFtZSUyMiUzQSUyMiUyMiUyQyUyMmNvbGxlY3Rpb25JZCUyMiUzQSUyMjE5MDQ3JTIyJTJDJTIyaW5kZXhDbGlja2VkJTIyJTNBNzUlN0Q,https://images.mango-prod.siammakro.cloud/product-images/52766585191908-06e58b97-99f4-43f2-9aeb-87107b564306.jpeg?imageMogr2/thumbnail/300x300,เอโร่ ซาบะญี่ปุ่นแช่แข็ง ไซส์ M 1 แพ็ค (2-2.5 กก.),"฿

109.

00

/kg",฿,00,,,,,
https://www.makro.pro/th/p/6mV_X_B-166519134080221?info=JTdCJTIycGFnZVNsdWclMjIlM0ElMjJGcmVzaCUyME92ZXJsb2FkJTIwJTdDJTIwU2VhZm9vZCUyMChGcm96ZW4lMjAlMjYlMjBGcmVzaCklMkYxOTA0NyUyMiUyQyUyMmNhcm91c2VsTmFtZSUyMiUzQSUyMiUyMiUyQyUyMmNvbGxlY3Rpb25JZCUyMiUzQSUyMjE5MDQ3JTIyJTJDJTIyaW5kZXhDbGlja2VkJTIyJTNBNzYlN0Q,https://images.mango-prod.siammakro.cloud/product-images/166519134080221-747d6952-5bfd-461b-935b-b19ce27cd33f.jpeg?imageMogr2/thumbnail/300x300,เซพแพ็ค แพนกาเซียสแล่แช่แข็ง (170-220 ก./ชิ้น) 1 กก. x 10,"฿

590.

00",฿,00,,,,,
https://www.makro.pro/th/p/vcrigw8-6974746362051?info=JTdCJTIycGFnZVNsdWclMjIlM0ElMjJGcmVzaCUyME92ZXJsb2FkJTIwJTdDJTIwU2VhZm9vZCUyMChGcm96ZW4lMjAlMjYlMjBGcmVzaCklMkYxOTA0NyUyMiUyQyUyMmNhcm91c2VsTmFtZSUyMiUzQSUyMiUyMiUyQyUyMmNvbGxlY3Rpb25JZCUyMiUzQSUyMjE5MDQ3JTIyJTJDJTIyaW5kZXhDbGlja2VkJTIyJTNBNzclN0Q,https://images.mango-prod.siammakro.cloud/product-images/6974746362051-9aa0d799-9ad9-4a32-90ce-d6441c13c52c.jpeg?imageMogr2/thumbnail/300x300,เซพแพ็ค กุ้งขาวไว้หางแช่แข็ง (48-54 ตัว) 1 กก.,"฿

310.

00",฿,00,,,,,
https://www.makro.pro/th/p/qD9ZpCs-672496765872034?info=JTdCJTIycGFnZVNsdWclMjIlM0ElMjJGcmVzaCUyME92ZXJsb2FkJTIwJTdDJTIwU2VhZm9vZCUyMChGcm96ZW4lMjAlMjYlMjBGcmVzaCklMkYxOTA0NyUyMiUyQyUyMmNhcm91c2VsTmFtZSUyMiUzQSUyMiUyMiUyQyUyMmNvbGxlY3Rpb25JZCUyMiUzQSUyMjE5MDQ3JTIyJTJDJTIyaW5kZXhDbGlja2VkJTIyJTNBNzglN0Q,https://images.mango-prod.siammakro.cloud/product-images/672496765872034-c7174836-0300-4a70-8f27-70f176301d71.jpeg?imageMogr2/thumbnail/300x300,ปลาฟยอร์ดเทร้าสด ยกตัวแล่ไม่ลอกหนัง (4-5 กก./ตัว),"฿

398.

00

/kg",฿,00,,,,,
https://www.makro.pro/th/p/sfme7la-7078806388931?info=JTdCJTIycGFnZVNsdWclMjIlM0ElMjJGcmVzaCUyME92ZXJsb2FkJTIwJTdDJTIwU2VhZm9vZCUyMChGcm96ZW4lMjAlMjYlMjBGcmVzaCklMkYxOTA0NyUyMiUyQyUyMmNhcm91c2VsTmFtZSUyMiUzQSUyMiUyMiUyQyUyMmNvbGxlY3Rpb25JZCUyMiUzQSUyMjE5MDQ3JTIyJTJDJTIyaW5kZXhDbGlja2VkJTIyJTNBNzklN0Q,https://images.mango-prod.siammakro.cloud/product-images/7078806388931-f799d6c0-aee2-458c-a593-dd7f12f2f9ab.jpeg?imageMogr2/thumbnail/300x300,เอโร่ ปูนิ่มแช่แข็ง 1 กก.(4-6 ตัว/กก.),฿,415.,00,฿ 419.00,,,,
https://www.makro.pro/th/p/mujjwao-7416127258819?info=JTdCJTIycGFnZVNsdWclMjIlM0ElMjJGcmVzaCUyME92ZXJsb2FkJTIwJTdDJTIwU2VhZm9vZCUyMChGcm96ZW4lMjAlMjYlMjBGcmVzaCklMkYxOTA0NyUyMiUyQyUyMmNhcm91c2VsTmFtZSUyMiUzQSUyMiUyMiUyQyUyMmNvbGxlY3Rpb25JZCUyMiUzQSUyMjE5MDQ3JTIyJTJDJTIyaW5kZXhDbGlja2VkJTIyJTNBODAlN0Q,https://images.mango-prod.siammakro.cloud/product-images/7416127258819-80c88678-dc6b-40ff-980d-845c6eb2799a.jpeg?imageMogr2/thumbnail/300x300,เซพแพ็ค ปลายหนวดหมึกยักษ์แช่แข็ง 1 กก.,"฿

165.

00",฿,00,,,,,
https://www.makro.pro/th/p/14pjzuk-7167158223043?info=JTdCJTIycGFnZVNsdWclMjIlM0ElMjJGcmVzaCUyME92ZXJsb2FkJTIwJTdDJTIwU2VhZm9vZCUyMChGcm96ZW4lMjAlMjYlMjBGcmVzaCklMkYxOTA0NyUyMiUyQyUyMmNhcm91c2VsTmFtZSUyMiUzQSUyMiUyMiUyQyUyMmNvbGxlY3Rpb25JZCUyMiUzQSUyMjE5MDQ3JTIyJTJDJTIyaW5kZXhDbGlja2VkJTIyJTNBODElN0Q,https://images.mango-prod.siammakro.cloud/product-images/7167158223043-e6630f6c-9c46-4c55-bab6-786e2eb3afa5.jpeg?imageMogr2/thumbnail/300x300,ยัมมี่เทล กุ้งขาวไว้หางแช่แข็ง 90-106 ตัว/แพ็ค,฿,356.,00,฿ 360.00,10+ units,-1%,,
https://www.makro.pro/th/p/_fo4eko-7606379708611?info=JTdCJTIycGFnZVNsdWclMjIlM0ElMjJGcmVzaCUyME92ZXJsb2FkJTIwJTdDJTIwU2VhZm9vZCUyMChGcm96ZW4lMjAlMjYlMjBGcmVzaCklMkYxOTA0NyUyMiUyQyUyMmNhcm91c2VsTmFtZSUyMiUzQSUyMiUyMiUyQyUyMmNvbGxlY3Rpb25JZCUyMiUzQSUyMjE5MDQ3JTIyJTJDJTIyaW5kZXhDbGlja2VkJTIyJTNBODIlN0Q,https://images.mango-prod.siammakro.cloud/SOURCE/da4c2a361945479494a0771067dca0a8,คางหมึกยักษ์ 1 กก.,฿,125.,00,฿ 139.00,/kg,-10%,,
https://www.makro.pro/th/p/hCERY5s-624789753424969?info=JTdCJTIycGFnZVNsdWclMjIlM0ElMjJGcmVzaCUyME92ZXJsb2FkJTIwJTdDJTIwU2VhZm9vZCUyMChGcm96ZW4lMjAlMjYlMjBGcmVzaCklMkYxOTA0NyUyMiUyQyUyMmNhcm91c2VsTmFtZSUyMiUzQSUyMiUyMiUyQyUyMmNvbGxlY3Rpb25JZCUyMiUzQSUyMjE5MDQ3JTIyJTJDJTIyaW5kZXhDbGlja2VkJTIyJTNBODMlN0Q,https://images.mango-prod.siammakro.cloud/product-images/624789753424969-f77b7ed6-4819-4635-8ae4-8e842de64064.jpeg?imageMogr2/thumbnail/300x300,ปลาฟยอร์ดเทร้าสด ยกตัวแล่ไม่ลอกหนัง (5-6 กก./ตัว),"฿

411.

00

/kg",฿,00,,,,,
https://www.makro.pro/th/p/ala2lmg-7497585557699?info=JTdCJTIycGFnZVNsdWclMjIlM0ElMjJGcmVzaCUyME92ZXJsb2FkJTIwJTdDJTIwU2VhZm9vZCUyMChGcm96ZW4lMjAlMjYlMjBGcmVzaCklMkYxOTA0NyUyMiUyQyUyMmNhcm91c2VsTmFtZSUyMiUzQSUyMiUyMiUyQyUyMmNvbGxlY3Rpb25JZCUyMiUzQSUyMjE5MDQ3JTIyJTJDJTIyaW5kZXhDbGlja2VkJTIyJTNBODQlN0Q,https://images.mango-prod.siammakro.cloud/SOURCE/aa32e0b8444c48beacec66dc5d3beea0,ซาบะนอร์เวย์แล่แช่แข็ง 800 ก.,"฿

259.

00",฿,00,,,,,
https://www.makro.pro/th/p/6jba629-7204398268611?info=JTdCJTIycGFnZVNsdWclMjIlM0ElMjJGcmVzaCUyME92ZXJsb2FkJTIwJTdDJTIwU2VhZm9vZCUyMChGcm96ZW4lMjAlMjYlMjBGcmVzaCklMkYxOTA0NyUyMiUyQyUyMmNhcm91c2VsTmFtZSUyMiUzQSUyMiUyMiUyQyUyMmNvbGxlY3Rpb25JZCUyMiUzQSUyMjE5MDQ3JTIyJTJDJTIyaW5kZXhDbGlja2VkJTIyJTNBODUlN0Q,https://images.mango-prod.siammakro.cloud/product-images/7204398268611-6d70b4e0-5439-4cd5-bf4e-f3c2d2eec81c.jpeg?imageMogr2/thumbnail/300x300,เอโร่ กุ้งขาวแช่แข็งไม่ปอกเปลือกผ่าหลังไว้หาง (28-35 ตัว) 1 กก.,"฿

380.

00",฿,00,,,,,
https://www.makro.pro/th/p/6rfhK96-850232586161568?info=JTdCJTIycGFnZVNsdWclMjIlM0ElMjJGcmVzaCUyME92ZXJsb2FkJTIwJTdDJTIwU2VhZm9vZCUyMChGcm96ZW4lMjAlMjYlMjBGcmVzaCklMkYxOTA0NyUyMiUyQyUyMmNhcm91c2VsTmFtZSUyMiUzQSUyMiUyMiUyQyUyMmNvbGxlY3Rpb25JZCUyMiUzQSUyMjE5MDQ3JTIyJTJDJTIyaW5kZXhDbGlja2VkJTIyJTNBODYlN0Q,https://images.mango-prod.siammakro.cloud/product-images/850232586161568-02d8e9b7-bac6-4234-ab4d-6a7dd10ce824.jpeg?imageMogr2/thumbnail/300x300,เอโร่ แซลมอนสเต็กคริมิแช่แข็ง (80-100 ก./ชิ้น) 900 ก.,฿,639.,00,฿ 649.00,3 - 9 units,-1%,,
https://www.makro.pro/th/p/TuPnj4U-217367906520643?info=JTdCJTIycGFnZVNsdWclMjIlM0ElMjJGcmVzaCUyME92ZXJsb2FkJTIwJTdDJTIwU2VhZm9vZCUyMChGcm96ZW4lMjAlMjYlMjBGcmVzaCklMkYxOTA0NyUyMiUyQyUyMmNhcm91c2VsTmFtZSUyMiUzQSUyMiUyMiUyQyUyMmNvbGxlY3Rpb25JZCUyMiUzQSUyMjE5MDQ3JTIyJTJDJTIyaW5kZXhDbGlja2VkJTIyJTNBODclN0Q,https://images.mango-prod.siammakro.cloud/SOURCE/4de020b56add488bade02bd1e43a566a,หมึกสาย 1 กก.,"฿

195.

00

/kg",฿,00,,,,,
https://www.makro.pro/th/p/ri7u9za-7325015802051?info=JTdCJTIycGFnZVNsdWclMjIlM0ElMjJGcmVzaCUyME92ZXJsb2FkJTIwJTdDJTIwU2VhZm9vZCUyMChGcm96ZW4lMjAlMjYlMjBGcmVzaCklMkYxOTA0NyUyMiUyQyUyMmNhcm91c2VsTmFtZSUyMiUzQSUyMiUyMiUyQyUyMmNvbGxlY3Rpb25JZCUyMiUzQSUyMjE5MDQ3JTIyJTJDJTIyaW5kZXhDbGlja2VkJTIyJTNBODglN0Q,https://images.mango-prod.siammakro.cloud/product-images/7325015802051-9bf226bc-253f-494e-bc19-07db60d20261.jpeg?imageMogr2/thumbnail/300x300,เนื้อปลากรายบด 500 ก.,"฿

95.

00",฿,00,,,,,
https://www.makro.pro/th/p/medaubq-7275698880707?info=JTdCJTIycGFnZVNsdWclMjIlM0ElMjJGcmVzaCUyME92ZXJsb2FkJTIwJTdDJTIwU2VhZm9vZCUyMChGcm96ZW4lMjAlMjYlMjBGcmVzaCklMkYxOTA0NyUyMiUyQyUyMmNhcm91c2VsTmFtZSUyMiUzQSUyMiUyMiUyQyUyMmNvbGxlY3Rpb25JZCUyMiUzQSUyMjE5MDQ3JTIyJTJDJTIyaW5kZXhDbGlja2VkJTIyJTNBODklN0Q,https://images.mango-prod.siammakro.cloud/product-images/7275698880707-1d009d00-44e3-48d5-8b9d-fb817a7089f7.jpeg?imageMogr2/thumbnail/300x300,เอโร่ หอยแมลงภู่ครึ่งฝาแช่แข็ง ขนาด 25-40 ตัว/กก. ยกลัง 1 กก. x 10,"฿

950.

00",฿,00,,,,,
https://www.makro.pro/th/p/8FoTNfK-236779358865604?info=JTdCJTIycGFnZVNsdWclMjIlM0ElMjJGcmVzaCUyME92ZXJsb2FkJTIwJTdDJTIwU2VhZm9vZCUyMChGcm96ZW4lMjAlMjYlMjBGcmVzaCklMkYxOTA0NyUyMiUyQyUyMmNhcm91c2VsTmFtZSUyMiUzQSUyMiUyMiUyQyUyMmNvbGxlY3Rpb25JZCUyMiUzQSUyMjE5MDQ3JTIyJTJDJTIyaW5kZXhDbGlja2VkJTIyJTNBOTAlN0Q,https://images.mango-prod.siammakro.cloud/product-images/236779358865604-4aad3e1b-6e7a-4d55-b5c3-af903bdf7402.jpeg?imageMogr2/thumbnail/300x300,ปลาสวาย กลาง 1 ตัว (1.5-2.4 กก.),"฿

39.

00

/kg",฿,00,,,,,
https://www.makro.pro/th/p/jTJ89Ep-632243188422066?info=JTdCJTIycGFnZVNsdWclMjIlM0ElMjJGcmVzaCUyME92ZXJsb2FkJTIwJTdDJTIwU2VhZm9vZCUyMChGcm96ZW4lMjAlMjYlMjBGcmVzaCklMkYxOTA0NyUyMiUyQyUyMmNhcm91c2VsTmFtZSUyMiUzQSUyMiUyMiUyQyUyMmNvbGxlY3Rpb25JZCUyMiUzQSUyMjE5MDQ3JTIyJTJDJTIyaW5kZXhDbGlja2VkJTIyJTNBOTElN0Q,https://images.mango-prod.siammakro.cloud/product-images/632243188422066-242c3f83-6e74-4c5b-b10a-f6eb87ee0cfc.jpeg?imageMogr2/thumbnail/300x300,เอโร่ แซลมอนหั่นชิ้นแช่แข็ง (160-180 ก./ชิ้น) 900 ก.,฿,659.,00,฿ 669.00,3 - 9 units,-1%,,
https://www.makro.pro/th/p/zw3rk47-7196423880899?info=JTdCJTIycGFnZVNsdWclMjIlM0ElMjJGcmVzaCUyME92ZXJsb2FkJTIwJTdDJTIwU2VhZm9vZCUyMChGcm96ZW4lMjAlMjYlMjBGcmVzaCklMkYxOTA0NyUyMiUyQyUyMmNhcm91c2VsTmFtZSUyMiUzQSUyMiUyMiUyQyUyMmNvbGxlY3Rpb25JZCUyMiUzQSUyMjE5MDQ3JTIyJTJDJTIyaW5kZXhDbGlja2VkJTIyJTNBOTIlN0Q,https://images.mango-prod.siammakro.cloud/SOURCE/513834978cab41eaa798b1873fb2ff48,เอโร่ เนื้อกุ้งขาวแช่แข็ง (125-158 ตัว/กก.) 1 กก.,฿,251.,00,฿ 275.00,20+ units,-8%,,
https://www.makro.pro/th/p/02g5azr-91137774255200?info=JTdCJTIycGFnZVNsdWclMjIlM0ElMjJGcmVzaCUyME92ZXJsb2FkJTIwJTdDJTIwU2VhZm9vZCUyMChGcm96ZW4lMjAlMjYlMjBGcmVzaCklMkYxOTA0NyUyMiUyQyUyMmNhcm91c2VsTmFtZSUyMiUzQSUyMiUyMiUyQyUyMmNvbGxlY3Rpb25JZCUyMiUzQSUyMjE5MDQ3JTIyJTJDJTIyaW5kZXhDbGlja2VkJTIyJTNBOTMlN0Q,https://images.mango-prod.siammakro.cloud/product-images/91137774255200-1fc8ec98-fade-40f9-9c4f-529d37696708.jpeg?imageMogr2/thumbnail/300x300,เอโร่ แซลมอนแอตแลนติกหั่นชิ้น แช่แข็ง (120-140 ก./ชิ้น) 900 ก.,฿,679.,00,฿ 689.00,3 - 9 units,-1%,,
https://www.makro.pro/th/p/qds-8CB-904168251992069?info=JTdCJTIycGFnZVNsdWclMjIlM0ElMjJGcmVzaCUyME92ZXJsb2FkJTIwJTdDJTIwU2VhZm9vZCUyMChGcm96ZW4lMjAlMjYlMjBGcmVzaCklMkYxOTA0NyUyMiUyQyUyMmNhcm91c2VsTmFtZSUyMiUzQSUyMiUyMiUyQyUyMmNvbGxlY3Rpb25JZCUyMiUzQSUyMjE5MDQ3JTIyJTJDJTIyaW5kZXhDbGlja2VkJTIyJTNBOTQlN0Q,https://images.mango-prod.siammakro.cloud/product-images/904168251992069-2fb227cd-3d50-422c-aad5-e9ce72130c21.jpeg?imageMogr2/thumbnail/300x300,เอโร่ แซลมอนแอตแลนติกสเต็กแช่แข็ง (160-200 ก./ชิ้น) 900 ก.,฿,609.,00,฿ 619.00,3 - 9 units,-1%,,
https://www.makro.pro/th/p/3fxjgog-6974750163139?info=JTdCJTIycGFnZVNsdWclMjIlM0ElMjJGcmVzaCUyME92ZXJsb2FkJTIwJTdDJTIwU2VhZm9vZCUyMChGcm96ZW4lMjAlMjYlMjBGcmVzaCklMkYxOTA0NyUyMiUyQyUyMmNhcm91c2VsTmFtZSUyMiUzQSUyMiUyMiUyQyUyMmNvbGxlY3Rpb25JZCUyMiUzQSUyMjE5MDQ3JTIyJTJDJTIyaW5kZXhDbGlja2VkJTIyJTNBOTUlN0Q,https://images.mango-prod.siammakro.cloud/product-images/6974750163139-e0de73c2-771b-40a9-a6c0-6fa51716eb54.jpeg?imageMogr2/thumbnail/300x300,เอโร่ กุ้งขาวไว้หาง (90-106 ตัว) 1 กก.,"฿

310.

00",฿,00,,,,,
https://www.makro.pro/th/p/og2ouk4-7196421488835?info=JTdCJTIycGFnZVNsdWclMjIlM0ElMjJGcmVzaCUyME92ZXJsb2FkJTIwJTdDJTIwU2VhZm9vZCUyMChGcm96ZW4lMjAlMjYlMjBGcmVzaCklMkYxOTA0NyUyMiUyQyUyMmNhcm91c2VsTmFtZSUyMiUzQSUyMiUyMiUyQyUyMmNvbGxlY3Rpb25JZCUyMiUzQSUyMjE5MDQ3JTIyJTJDJTIyaW5kZXhDbGlja2VkJTIyJTNBOTYlN0Q,https://images.mango-prod.siammakro.cloud/SOURCE/cf57446867f640a2baa81e19f791cfbf,เอโร่ กุ้งขาวไว้หางแช่แข็ง (72-88 ตัว/กก.) 1 กก.,"฿

330.

00",฿,00,,,,,
https://www.makro.pro/th/p/0GtlkMy-810736321465392?info=JTdCJTIycGFnZVNsdWclMjIlM0ElMjJGcmVzaCUyME92ZXJsb2FkJTIwJTdDJTIwU2VhZm9vZCUyMChGcm96ZW4lMjAlMjYlMjBGcmVzaCklMkYxOTA0NyUyMiUyQyUyMmNhcm91c2VsTmFtZSUyMiUzQSUyMiUyMiUyQyUyMmNvbGxlY3Rpb25JZCUyMiUzQSUyMjE5MDQ3JTIyJTJDJTIyaW5kZXhDbGlja2VkJTIyJTNBOTclN0Q,https://images.mango-prod.siammakro.cloud/product-images/810736321465392-f1c4fc7b-49b0-4401-8dfa-88a76190d8e7.jpeg?imageMogr2/thumbnail/300x300,หมึกกระดองเจาะกลาง 1 กก.,"฿

249.

00

/kg",฿,00,,,,,
https://www.makro.pro/th/p/OtEJpLy-899648609757467?info=JTdCJTIycGFnZVNsdWclMjIlM0ElMjJGcmVzaCUyME92ZXJsb2FkJTIwJTdDJTIwU2VhZm9vZCUyMChGcm96ZW4lMjAlMjYlMjBGcmVzaCklMkYxOTA0NyUyMiUyQyUyMmNhcm91c2VsTmFtZSUyMiUzQSUyMiUyMiUyQyUyMmNvbGxlY3Rpb25JZCUyMiUzQSUyMjE5MDQ3JTIyJTJDJTIyaW5kZXhDbGlja2VkJTIyJTNBOTglN0Q,https://images.mango-prod.siammakro.cloud/product-images/899648609757467-82bf680f-9456-44da-9967-744b0f5c799d.jpeg?imageMogr2/thumbnail/300x300,เอโร่ เนื้อปลากะพงสไลซ์แช่แข็ง 1 กก. (10-15 ก./ชิ้น),฿,383.,00,฿ 389.00,3 - 9 units,-1%,,
https://www.makro.pro/th/p/9TrWbsf-812595261498227?info=JTdCJTIycGFnZVNsdWclMjIlM0ElMjJGcmVzaCUyME92ZXJsb2FkJTIwJTdDJTIwU2VhZm9vZCUyMChGcm96ZW4lMjAlMjYlMjBGcmVzaCklMkYxOTA0NyUyMiUyQyUyMmNhcm91c2VsTmFtZSUyMiUzQSUyMiUyMiUyQyUyMmNvbGxlY3Rpb25JZCUyMiUzQSUyMjE5MDQ3JTIyJTJDJTIyaW5kZXhDbGlja2VkJTIyJTNBOTklN0Q,https://images.mango-prod.siammakro.cloud/product-images/812595261498227-c1378114-fcee-4ecc-9356-fb40a0f8a47e.jpeg?imageMogr2/thumbnail/300x300,เอโร่ แซลมอนแอตแลนติกสเต็กคิริมิแช่แข็ง (140-160 ก./ชิ้น) 900 ก.,฿,639.,00,฿ 649.00,3 - 9 units,-1%,,
https://www.makro.pro/th/p/iayl_6l-7325014950083?info=JTdCJTIycGFnZVNsdWclMjIlM0ElMjJGcmVzaCUyME92ZXJsb2FkJTIwJTdDJTIwU2VhZm9vZCUyMChGcm96ZW4lMjAlMjYlMjBGcmVzaCklMkYxOTA0NyUyMiUyQyUyMmNhcm91c2VsTmFtZSUyMiUzQSUyMiUyMiUyQyUyMmNvbGxlY3Rpb25JZCUyMiUzQSUyMjE5MDQ3JTIyJTJDJTIyaW5kZXhDbGlja2VkJTIyJTNBMTAwJTdE,https://images.mango-prod.siammakro.cloud/SOURCE/7be2ad74460b4fe28d9c22cf1d2adc27,เอโร่ ปลาแซลมอนสดนอร์เวย์หั่นชิ้น ติดหนัง 300 ก.,฿,339.,00,฿ 349.00,2+ units,-2%,,
https://www.makro.pro/th/p/69tbzg-7325035266243?info=JTdCJTIycGFnZVNsdWclMjIlM0ElMjJGcmVzaCUyME92ZXJsb2FkJTIwJTdDJTIwU2VhZm9vZCUyMChGcm96ZW4lMjAlMjYlMjBGcmVzaCklMkYxOTA0NyUyMiUyQyUyMmNhcm91c2VsTmFtZSUyMiUzQSUyMiUyMiUyQyUyMmNvbGxlY3Rpb25JZCUyMiUzQSUyMjE5MDQ3JTIyJTJDJTIyaW5kZXhDbGlja2VkJTIyJTNBMTAxJTdE,https://images.mango-prod.siammakro.cloud/SOURCE/72c57b5e67c241d2b2c4a19dcdae275d,เอโร่ ปลาแซลมอนสดนอร์เวย์ตัดชิ้นไม่ติดหนัง 300 ก.,฿,359.,00,฿ 369.00,2+ units,-2%,,
https://www.makro.pro/th/p/_gkkyme-7167170511043?info=JTdCJTIycGFnZVNsdWclMjIlM0ElMjJGcmVzaCUyME92ZXJsb2FkJTIwJTdDJTIwU2VhZm9vZCUyMChGcm96ZW4lMjAlMjYlMjBGcmVzaCklMkYxOTA0NyUyMiUyQyUyMmNhcm91c2VsTmFtZSUyMiUzQSUyMiUyMiUyQyUyMmNvbGxlY3Rpb25JZCUyMiUzQSUyMjE5MDQ3JTIyJTJDJTIyaW5kZXhDbGlja2VkJTIyJTNBMTAyJTdE,https://images.mango-prod.siammakro.cloud/SOURCE/1c429b4ee97449ccae7a1ab087b12d7f,คิวเฟรช กุ้งขาวผ่าหลังถอดหางแช่เยือกแข็ง (18-22 ตัว) 500 ก.,฿,230.,00,฿ 250.00,,-8%,,
https://www.makro.pro/th/p/qC8VYSy-199249898536738?info=JTdCJTIycGFnZVNsdWclMjIlM0ElMjJGcmVzaCUyME92ZXJsb2FkJTIwJTdDJTIwU2VhZm9vZCUyMChGcm96ZW4lMjAlMjYlMjBGcmVzaCklMkYxOTA0NyUyMiUyQyUyMmNhcm91c2VsTmFtZSUyMiUzQSUyMiUyMiUyQyUyMmNvbGxlY3Rpb25JZCUyMiUzQSUyMjE5MDQ3JTIyJTJDJTIyaW5kZXhDbGlja2VkJTIyJTNBMTAzJTdE,https://images.mango-prod.siammakro.cloud/product-images/199249898536738-67ae4e67-fa06-44b3-a85f-3899d2796db4.jpeg?imageMogr2/thumbnail/300x300,ขจร ไข่หมึกกล้วยสด 500 ก.,"฿

169.

00",฿,00,,,,,
https://www.makro.pro/th/p/ib4jfyw-7275699896515?info=JTdCJTIycGFnZVNsdWclMjIlM0ElMjJGcmVzaCUyME92ZXJsb2FkJTIwJTdDJTIwU2VhZm9vZCUyMChGcm96ZW4lMjAlMjYlMjBGcmVzaCklMkYxOTA0NyUyMiUyQyUyMmNhcm91c2VsTmFtZSUyMiUzQSUyMiUyMiUyQyUyMmNvbGxlY3Rpb25JZCUyMiUzQSUyMjE5MDQ3JTIyJTJDJTIyaW5kZXhDbGlja2VkJTIyJTNBMTA0JTdE,https://images.mango-prod.siammakro.cloud/product-images/7275699896515-68312a91-c078-4fb0-ab29-5fb7262efbae.jpeg?imageMogr2/thumbnail/300x300,เอโร่ เนื้อหอยแมลงภู่ชิลีแช่แข็ง (100-200 ชิ้น) x 10,"฿

2,050.

00",฿,00,,,,,
https://www.makro.pro/th/p/0v49Eb4-969758743456273?info=JTdCJTIycGFnZVNsdWclMjIlM0ElMjJGcmVzaCUyME92ZXJsb2FkJTIwJTdDJTIwU2VhZm9vZCUyMChGcm96ZW4lMjAlMjYlMjBGcmVzaCklMkYxOTA0NyUyMiUyQyUyMmNhcm91c2VsTmFtZSUyMiUzQSUyMiUyMiUyQyUyMmNvbGxlY3Rpb25JZCUyMiUzQSUyMjE5MDQ3JTIyJTJDJTIyaW5kZXhDbGlja2VkJTIyJTNBMTA1JTdE,https://images.mango-prod.siammakro.cloud/product-images/969758743456273-fb110f24-dd43-4c9a-9fc5-9a1cddffb567.jpeg?imageMogr2/thumbnail/300x300,ปลาฟยอร์ดเทร้าสด ยกตัวขอดเกล็ด (4-5 กก./ตัว),"฿

398.

00

/kg",฿,00,,,,,
https://www.makro.pro/th/p/igayyfx-7275730927811?info=JTdCJTIycGFnZVNsdWclMjIlM0ElMjJGcmVzaCUyME92ZXJsb2FkJTIwJTdDJTIwU2VhZm9vZCUyMChGcm96ZW4lMjAlMjYlMjBGcmVzaCklMkYxOTA0NyUyMiUyQyUyMmNhcm91c2VsTmFtZSUyMiUzQSUyMiUyMiUyQyUyMmNvbGxlY3Rpb25JZCUyMiUzQSUyMjE5MDQ3JTIyJTJDJTIyaW5kZXhDbGlja2VkJTIyJTNBMTA2JTdE,https://images.mango-prod.siammakro.cloud/product-images/7275730927811-d84bc038-5b90-4b10-891a-e8cf38bc9966.jpeg?imageMogr2/thumbnail/300x300,เอโร่ FZแพนกาเซียสส่วนลําตัวแช่แข็ง 60-80 ก./ชิ้น ยกลัง (1 กก. X 10),"฿

870.

00",฿,00,,,,,
https://www.makro.pro/th/p/3uuvvwj-7497586573507?info=JTdCJTIycGFnZVNsdWclMjIlM0ElMjJGcmVzaCUyME92ZXJsb2FkJTIwJTdDJTIwU2VhZm9vZCUyMChGcm96ZW4lMjAlMjYlMjBGcmVzaCklMkYxOTA0NyUyMiUyQyUyMmNhcm91c2VsTmFtZSUyMiUzQSUyMiUyMiUyQyUyMmNvbGxlY3Rpb25JZCUyMiUzQSUyMjE5MDQ3JTIyJTJDJTIyaW5kZXhDbGlja2VkJTIyJTNBMTA3JTdE,https://images.mango-prod.siammakro.cloud/product-images/7497586573507-0193bad5-fff6-4894-ac7f-bbd63c94ee6f.jpeg?imageMogr2/thumbnail/300x300,เอโร่ ปลาหมึกกล้วยหั่นวงแช่แข็ง 1 ลัง (1 กก. x 10),฿,"1,430.",00,"฿ 1,530.00",,-6%,,
https://www.makro.pro/th/p/wRHGRGi-387175190029118?info=JTdCJTIycGFnZVNsdWclMjIlM0ElMjJGcmVzaCUyME92ZXJsb2FkJTIwJTdDJTIwU2VhZm9vZCUyMChGcm96ZW4lMjAlMjYlMjBGcmVzaCklMkYxOTA0NyUyMiUyQyUyMmNhcm91c2VsTmFtZSUyMiUzQSUyMiUyMiUyQyUyMmNvbGxlY3Rpb25JZCUyMiUzQSUyMjE5MDQ3JTIyJTJDJTIyaW5kZXhDbGlja2VkJTIyJTNBMTA4JTdE,https://images.mango-prod.siammakro.cloud/product-images/387175190029118-cf2be4ad-f86e-4fb9-b048-df60d0999fe5.jpeg?imageMogr2/thumbnail/300x300,เอโร่ แซลมอนแอตแลนติกสเต็กแช่แข็ง (120-160 ก./ชิ้น) 900 ก.,฿,599.,00,฿ 609.00,3 - 9 units,-1%,,
https://www.makro.pro/th/p/H13iNih-679651876102744?info=JTdCJTIycGFnZVNsdWclMjIlM0ElMjJGcmVzaCUyME92ZXJsb2FkJTIwJTdDJTIwU2VhZm9vZCUyMChGcm96ZW4lMjAlMjYlMjBGcmVzaCklMkYxOTA0NyUyMiUyQyUyMmNhcm91c2VsTmFtZSUyMiUzQSUyMiUyMiUyQyUyMmNvbGxlY3Rpb25JZCUyMiUzQSUyMjE5MDQ3JTIyJTJDJTIyaW5kZXhDbGlja2VkJTIyJTNBMTA5JTdE,https://images.mango-prod.siammakro.cloud/product-images/679651876102744-45da2e6b-3515-45a6-b9a4-7bdbd92dc070.jpeg?imageMogr2/thumbnail/300x300,เซพแพ็ค หมึกหั่นวงแช่แข็ง 1กก.x10,"฿

1,130.

00",฿,00,,,,,
https://www.makro.pro/th/p/PvkvEHw-54231802214415?info=JTdCJTIycGFnZVNsdWclMjIlM0ElMjJGcmVzaCUyME92ZXJsb2FkJTIwJTdDJTIwU2VhZm9vZCUyMChGcm96ZW4lMjAlMjYlMjBGcmVzaCklMkYxOTA0NyUyMiUyQyUyMmNhcm91c2VsTmFtZSUyMiUzQSUyMiUyMiUyQyUyMmNvbGxlY3Rpb25JZCUyMiUzQSUyMjE5MDQ3JTIyJTJDJTIyaW5kZXhDbGlja2VkJTIyJTNBMTEwJTdE,https://images.mango-prod.siammakro.cloud/product-images/54231802214415-563157f9-fc71-40ca-8d56-3856a36bb352.jpeg?imageMogr2/thumbnail/300x300,เซพแพ็ค หนวดหมึกหั่นแช่แข็ง 1 ลัง (1 กก. X 10),"฿

1,140.

00",฿,00,,,,,
https://www.makro.pro/th/p/wluy3wq-7275706220739?info=JTdCJTIycGFnZVNsdWclMjIlM0ElMjJGcmVzaCUyME92ZXJsb2FkJTIwJTdDJTIwU2VhZm9vZCUyMChGcm96ZW4lMjAlMjYlMjBGcmVzaCklMkYxOTA0NyUyMiUyQyUyMmNhcm91c2VsTmFtZSUyMiUzQSUyMiUyMiUyQyUyMmNvbGxlY3Rpb25JZCUyMiUzQSUyMjE5MDQ3JTIyJTJDJTIyaW5kZXhDbGlja2VkJTIyJTNBMTExJTdE,https://images.mango-prod.siammakro.cloud/SOURCE/0dc24063d8e64a5997c348e9e2c5238f,สยามแครป เนื้อปูก้อน 150 ก.,"฿

369.

00",฿,00,,,,,
https://www.makro.pro/th/p/0FBRPv9-240679644086967?info=JTdCJTIycGFnZVNsdWclMjIlM0ElMjJGcmVzaCUyME92ZXJsb2FkJTIwJTdDJTIwU2VhZm9vZCUyMChGcm96ZW4lMjAlMjYlMjBGcmVzaCklMkYxOTA0NyUyMiUyQyUyMmNhcm91c2VsTmFtZSUyMiUzQSUyMiUyMiUyQyUyMmNvbGxlY3Rpb25JZCUyMiUzQSUyMjE5MDQ3JTIyJTJDJTIyaW5kZXhDbGlja2VkJTIyJTNBMTEyJTdE,https://images.mango-prod.siammakro.cloud/SOURCE/4b795a453fb64668ade99735321ecd69,ปลากะพงขาวใหญ่ ควักไส้ ขอดเกล็ด 800 ก.-1 กก.,"฿

175.

00

/kg",฿,00,,,,,
https://www.makro.pro/th/p/piaqvka-7275698815171?info=JTdCJTIycGFnZVNsdWclMjIlM0ElMjJGcmVzaCUyME92ZXJsb2FkJTIwJTdDJTIwU2VhZm9vZCUyMChGcm96ZW4lMjAlMjYlMjBGcmVzaCklMkYxOTA0NyUyMiUyQyUyMmNhcm91c2VsTmFtZSUyMiUzQSUyMiUyMiUyQyUyMmNvbGxlY3Rpb25JZCUyMiUzQSUyMjE5MDQ3JTIyJTJDJTIyaW5kZXhDbGlja2VkJTIyJTNBMTEzJTdE,https://images.mango-prod.siammakro.cloud/product-images/7275698815171-1e53a536-50c6-44ca-b305-8442129b5178.jpeg?imageMogr2/thumbnail/300x300,แซนฟอร์ด หอยแมลงภู่นิวซีแลนด์ครึ่งฝาแช่แข็ง ขนาด M (ยกลัง) 1 กก. x 10,"฿

2,850.

00",฿,00,,,,,
https://www.makro.pro/th/p/lm6r5Rr-264598332493317?info=JTdCJTIycGFnZVNsdWclMjIlM0ElMjJGcmVzaCUyME92ZXJsb2FkJTIwJTdDJTIwU2VhZm9vZCUyMChGcm96ZW4lMjAlMjYlMjBGcmVzaCklMkYxOTA0NyUyMiUyQyUyMmNhcm91c2VsTmFtZSUyMiUzQSUyMiUyMiUyQyUyMmNvbGxlY3Rpb25JZCUyMiUzQSUyMjE5MDQ3JTIyJTJDJTIyaW5kZXhDbGlja2VkJTIyJTNBMTE0JTdE,https://images.mango-prod.siammakro.cloud/SOURCE/f5c228c194764e518cfc4c78fd3040d1,เอโร่ เนื้อปลากะพงสไลซ์ 200 ก.,฿,125.,00,฿ 129.00,,-3%,,
https://www.makro.pro/th/p/b_bfbqj-7275677810883?info=JTdCJTIycGFnZVNsdWclMjIlM0ElMjJGcmVzaCUyME92ZXJsb2FkJTIwJTdDJTIwU2VhZm9vZCUyMChGcm96ZW4lMjAlMjYlMjBGcmVzaCklMkYxOTA0NyUyMiUyQyUyMmNhcm91c2VsTmFtZSUyMiUzQSUyMiUyMiUyQyUyMmNvbGxlY3Rpb25JZCUyMiUzQSUyMjE5MDQ3JTIyJTJDJTIyaW5kZXhDbGlja2VkJTIyJTNBMTE1JTdE,https://images.mango-prod.siammakro.cloud/product-images/7275677810883-1fcde8b8-dd6b-4125-8ff9-16936145e280.jpeg?imageMogr2/thumbnail/300x300,เซพแพ็ค กุ้งขาวไว้หางแช่แข็ง 1 ลัง (32-38 ตัว/แพ็ค) x 10,"฿

3,400.

00",฿,00,,,,,
https://www.makro.pro/th/p/vdqaqvu-7275679252675?info=JTdCJTIycGFnZVNsdWclMjIlM0ElMjJGcmVzaCUyME92ZXJsb2FkJTIwJTdDJTIwU2VhZm9vZCUyMChGcm96ZW4lMjAlMjYlMjBGcmVzaCklMkYxOTA0NyUyMiUyQyUyMmNhcm91c2VsTmFtZSUyMiUzQSUyMiUyMiUyQyUyMmNvbGxlY3Rpb25JZCUyMiUzQSUyMjE5MDQ3JTIyJTJDJTIyaW5kZXhDbGlja2VkJTIyJTNBMTE2JTdE,https://images.mango-prod.siammakro.cloud/product-images/7275679252675-bb10d49d-ef01-437a-83f3-43c1bba8a753.jpeg?imageMogr2/thumbnail/300x300,เซพแพ็ค กุ้งขาวไว้หางต้มแช่แข็ง 1 ลัง (54-69 ตัว/แพ็ค) x 10,฿,"3,550.",00,"฿ 3,750.00",,-5%,,
https://www.makro.pro/th/p/ucjnguy-7606382231747?info=JTdCJTIycGFnZVNsdWclMjIlM0ElMjJGcmVzaCUyME92ZXJsb2FkJTIwJTdDJTIwU2VhZm9vZCUyMChGcm96ZW4lMjAlMjYlMjBGcmVzaCklMkYxOTA0NyUyMiUyQyUyMmNhcm91c2VsTmFtZSUyMiUzQSUyMiUyMiUyQyUyMmNvbGxlY3Rpb25JZCUyMiUzQSUyMjE5MDQ3JTIyJTJDJTIyaW5kZXhDbGlja2VkJTIyJTNBMTE3JTdE,https://images.mango-prod.siammakro.cloud/SOURCE/84f34222cd374820ac5afc272ecfce47,ปลาแซลมอนสดนอร์เวย์ 5-6 กก.,฿,374.,00,฿ 379.00,/kg,-1%,,
https://www.makro.pro/th/p/qbZU5Pj-472635657349037?info=JTdCJTIycGFnZVNsdWclMjIlM0ElMjJGcmVzaCUyME92ZXJsb2FkJTIwJTdDJTIwU2VhZm9vZCUyMChGcm96ZW4lMjAlMjYlMjBGcmVzaCklMkYxOTA0NyUyMiUyQyUyMmNhcm91c2VsTmFtZSUyMiUzQSUyMiUyMiUyQyUyMmNvbGxlY3Rpb25JZCUyMiUzQSUyMjE5MDQ3JTIyJTJDJTIyaW5kZXhDbGlja2VkJTIyJTNBMTE4JTdE,https://images.mango-prod.siammakro.cloud/SOURCE/ace923b3915847648707b21385b99e30,ปลาแซลมอนสดนอร์เวย์ บริการแล่ลอกหนัง 1 ตัว (ประมาณ 5-6 กก./ตัว),"฿

379.00
/kg",฿,,,,,สินค้าหมด,
https://www.makro.pro/th/p/527pkpa-7115332944067?info=JTdCJTIycGFnZVNsdWclMjIlM0ElMjJGcmVzaCUyME92ZXJsb2FkJTIwJTdDJTIwU2VhZm9vZCUyMChGcm96ZW4lMjAlMjYlMjBGcmVzaCklMkYxOTA0NyUyMiUyQyUyMmNhcm91c2VsTmFtZSUyMiUzQSUyMiUyMiUyQyUyMmNvbGxlY3Rpb25JZCUyMiUzQSUyMjE5MDQ3JTIyJTJDJTIyaW5kZXhDbGlja2VkJTIyJTNBMTE5JTdE,https://images.mango-prod.siammakro.cloud/product-images/7115332944067-1caa41ae-60ce-4d47-917a-c028d5726c71.jpeg?imageMogr2/thumbnail/300x300,เอโร่ แมงกระพรุนจืด 1 กก.,"฿

169.

00",฿,00,,,,,
https://www.makro.pro/th/p/pynjEfd-331206377908514?info=JTdCJTIycGFnZVNsdWclMjIlM0ElMjJGcmVzaCUyME92ZXJsb2FkJTIwJTdDJTIwU2VhZm9vZCUyMChGcm96ZW4lMjAlMjYlMjBGcmVzaCklMkYxOTA0NyUyMiUyQyUyMmNhcm91c2VsTmFtZSUyMiUzQSUyMiUyMiUyQyUyMmNvbGxlY3Rpb25JZCUyMiUzQSUyMjE5MDQ3JTIyJTJDJTIyaW5kZXhDbGlja2VkJTIyJTNBMTIwJTdE,https://images.mango-prod.siammakro.cloud/SOURCE/a5c50af902024ecb9317af9af3c95428,หัวแซลมอนแช่แข็ง 1 กก. (400 ก./ชิ้น),฿,57.,00,/kg,฿ 59.00,10 - 49 kg,สินค้าหมด,-3%
https://www.makro.pro/th/p/MphuUFs-679024695947411?info=JTdCJTIycGFnZVNsdWclMjIlM0ElMjJGcmVzaCUyME92ZXJsb2FkJTIwJTdDJTIwU2VhZm9vZCUyMChGcm96ZW4lMjAlMjYlMjBGcmVzaCklMkYxOTA0NyUyMiUyQyUyMmNhcm91c2VsTmFtZSUyMiUzQSUyMiUyMiUyQyUyMmNvbGxlY3Rpb25JZCUyMiUzQSUyMjE5MDQ3JTIyJTJDJTIyaW5kZXhDbGlja2VkJTIyJTNBMTIxJTdE,https://images.mango-prod.siammakro.cloud/SOURCE/eea45df5872549999dc13a859e235725,ปลาแซลมอนสดนอร์เวย์ บริการแล่ไม่ลอกหนัง 1 ตัว (ประมาณ 5-6 กก./ตัว),"฿

379.

00

/kg",฿,00,,,,,
https://www.makro.pro/th/p/HeClqxk-927380260530497?info=JTdCJTIycGFnZVNsdWclMjIlM0ElMjJGcmVzaCUyME92ZXJsb2FkJTIwJTdDJTIwU2VhZm9vZCUyMChGcm96ZW4lMjAlMjYlMjBGcmVzaCklMkYxOTA0NyUyMiUyQyUyMmNhcm91c2VsTmFtZSUyMiUzQSUyMiUyMiUyQyUyMmNvbGxlY3Rpb25JZCUyMiUzQSUyMjE5MDQ3JTIyJTJDJTIyaW5kZXhDbGlja2VkJTIyJTNBMTIyJTdE,https://images.mango-prod.siammakro.cloud/product-images/927380260530497-e658f6eb-be9a-4b92-a6c3-9ab624345834.jpeg?imageMogr2/thumbnail/300x300,ปลานิลเล็ก 250-400 ก. กก.ละ,"฿

43.00
/kg",฿,,,,,สินค้าหมด,
https://www.makro.pro/th/p/fs7fK7i-609492959234364?info=JTdCJTIycGFnZVNsdWclMjIlM0ElMjJGcmVzaCUyME92ZXJsb2FkJTIwJTdDJTIwU2VhZm9vZCUyMChGcm96ZW4lMjAlMjYlMjBGcmVzaCklMkYxOTA0NyUyMiUyQyUyMmNhcm91c2VsTmFtZSUyMiUzQSUyMiUyMiUyQyUyMmNvbGxlY3Rpb25JZCUyMiUzQSUyMjE5MDQ3JTIyJTJDJTIyaW5kZXhDbGlja2VkJTIyJTNBMTIzJTdE,https://images.mango-prod.siammakro.cloud/SOURCE/abe5e9a23b574055b947b404dcd57079,ปลาแซลมอนสดนอร์เวย์ บริการขอดเกล็ด 1 ตัว (ประมาณ 5-6 กก./ตัว),"฿

379.

00

/kg",฿,00,,,,,
https://www.makro.pro/th/p/P4NE66O-634673746755340?info=JTdCJTIycGFnZVNsdWclMjIlM0ElMjJGcmVzaCUyME92ZXJsb2FkJTIwJTdDJTIwU2VhZm9vZCUyMChGcm96ZW4lMjAlMjYlMjBGcmVzaCklMkYxOTA0NyUyMiUyQyUyMmNhcm91c2VsTmFtZSUyMiUzQSUyMiUyMiUyQyUyMmNvbGxlY3Rpb25JZCUyMiUzQSUyMjE5MDQ3JTIyJTJDJTIyaW5kZXhDbGlja2VkJTIyJTNBMTI0JTdE,https://images.mango-prod.siammakro.cloud/product-images/634673746755340-4d93fb78-72ef-4082-bb4f-d5553cebe39c.jpeg?imageMogr2/thumbnail/300x300,ปลาคังเป็น 2-4 กก./ตัว (จัดส่งแบบน็อคน้ําแข็ง),"฿

240.00
/kg",฿,,,,,สินค้าหมด,
https://www.makro.pro/th/p/eSJWBf--40277624439105?info=JTdCJTIycGFnZVNsdWclMjIlM0ElMjJGcmVzaCUyME92ZXJsb2FkJTIwJTdDJTIwU2VhZm9vZCUyMChGcm96ZW4lMjAlMjYlMjBGcmVzaCklMkYxOTA0NyUyMiUyQyUyMmNhcm91c2VsTmFtZSUyMiUzQSUyMiUyMiUyQyUyMmNvbGxlY3Rpb25JZCUyMiUzQSUyMjE5MDQ3JTIyJTJDJTIyaW5kZXhDbGlja2VkJTIyJTNBMTI1JTdE,https://images.mango-prod.siammakro.cloud/product-images/40277624439105-8e2a8c04-c20a-46c0-8b64-ffe867a3ea19.jpeg?imageMogr2/thumbnail/300x300,ปลาซาบะแช่แข็ง ไซส์ L 1 กก.,"฿

119.00
/kg",฿,,,,,สินค้าหมด,
https://www.makro.pro/th/p/1kbgDvD-488089497097016?info=JTdCJTIycGFnZVNsdWclMjIlM0ElMjJGcmVzaCUyME92ZXJsb2FkJTIwJTdDJTIwU2VhZm9vZCUyMChGcm96ZW4lMjAlMjYlMjBGcmVzaCklMkYxOTA0NyUyMiUyQyUyMmNhcm91c2VsTmFtZSUyMiUzQSUyMiUyMiUyQyUyMmNvbGxlY3Rpb25JZCUyMiUzQSUyMjE5MDQ3JTIyJTJDJTIyaW5kZXhDbGlja2VkJTIyJTNBMTI2JTdE,https://images.mango-prod.siammakro.cloud/product-images/488089497097016-2c8c62fe-c660-4832-afc6-84b74d653da4.jpeg?imageMogr2/thumbnail/300x300,ปลาคังกลาง 1 ตัว (2-4 กก./ตัว),"฿

235.00
/kg",฿,,,,,สินค้าหมด,
https://www.makro.pro/th/p/MyAL0A4-138362751784490?info=JTdCJTIycGFnZVNsdWclMjIlM0ElMjJGcmVzaCUyME92ZXJsb2FkJTIwJTdDJTIwU2VhZm9vZCUyMChGcm96ZW4lMjAlMjYlMjBGcmVzaCklMkYxOTA0NyUyMiUyQyUyMmNhcm91c2VsTmFtZSUyMiUzQSUyMiUyMiUyQyUyMmNvbGxlY3Rpb25JZCUyMiUzQSUyMjE5MDQ3JTIyJTJDJTIyaW5kZXhDbGlja2VkJTIyJTNBMTI3JTdE,https://images.mango-prod.siammakro.cloud/SOURCE/a43f43a103234c7ca75e578dad945c84,เนื้อปลายี่สกขูด 1 กก.,"฿

95.00
/kg",฿,,,,,สินค้าหมด,
https://www.makro.pro/th/p/yFfbda9-234940267761554?info=JTdCJTIycGFnZVNsdWclMjIlM0ElMjJGcmVzaCUyME92ZXJsb2FkJTIwJTdDJTIwU2VhZm9vZCUyMChGcm96ZW4lMjAlMjYlMjBGcmVzaCklMkYxOTA0NyUyMiUyQyUyMmNhcm91c2VsTmFtZSUyMiUzQSUyMiUyMiUyQyUyMmNvbGxlY3Rpb25JZCUyMiUzQSUyMjE5MDQ3JTIyJTJDJTIyaW5kZXhDbGlja2VkJTIyJTNBMTI4JTdE,https://images.mango-prod.siammakro.cloud/product-images/234940267761554-ff174417-555d-4859-bfc6-5bd62b9c59c4.jpeg?imageMogr2/thumbnail/300x300,ปลาดุกรัสเซีย 400-600 ก./ตัว,"฿

65.00
/kg",฿,,,,,สินค้าหมด,
https://www.makro.pro/th/p/dFYYNqD-251919571145292?info=JTdCJTIycGFnZVNsdWclMjIlM0ElMjJGcmVzaCUyME92ZXJsb2FkJTIwJTdDJTIwU2VhZm9vZCUyMChGcm96ZW4lMjAlMjYlMjBGcmVzaCklMkYxOTA0NyUyMiUyQyUyMmNhcm91c2VsTmFtZSUyMiUzQSUyMiUyMiUyQyUyMmNvbGxlY3Rpb25JZCUyMiUzQSUyMjE5MDQ3JTIyJTJDJTIyaW5kZXhDbGlja2VkJTIyJTNBMTI5JTdE,https://images.mango-prod.siammakro.cloud/SOURCE/dfc7c87571cc4e59a88da2925d6a0077,ปลาช่อนใหญ่ 700-900 ก./ตัว,"฿

159.00
/kg",฿,,,,,สินค้าหมด,
https://www.makro.pro/th/p/4i85g1f-7196424306883?info=JTdCJTIycGFnZVNsdWclMjIlM0ElMjJGcmVzaCUyME92ZXJsb2FkJTIwJTdDJTIwU2VhZm9vZCUyMChGcm96ZW4lMjAlMjYlMjBGcmVzaCklMkYxOTA0NyUyMiUyQyUyMmNhcm91c2VsTmFtZSUyMiUzQSUyMiUyMiUyQyUyMmNvbGxlY3Rpb25JZCUyMiUzQSUyMjE5MDQ3JTIyJTJDJTIyaW5kZXhDbGlja2VkJTIyJTNBMTMwJTdE,https://images.mango-prod.siammakro.cloud/SOURCE/e2d57c16983c4177a44852f97bba8315,เอโร่ เนื้อกุ้งขาวแช่แข็ง (160-194 ตัว) 1 กก.,"฿

260.00",฿,,,,,สินค้าหมด,
https://www.makro.pro/th/p/oihpZBbb-864754511912676?info=JTdCJTIycGFnZVNsdWclMjIlM0ElMjJGcmVzaCUyME92ZXJsb2FkJTIwJTdDJTIwU2VhZm9vZCUyMChGcm96ZW4lMjAlMjYlMjBGcmVzaCklMkYxOTA0NyUyMiUyQyUyMmNhcm91c2VsTmFtZSUyMiUzQSUyMiUyMiUyQyUyMmNvbGxlY3Rpb25JZCUyMiUzQSUyMjE5MDQ3JTIyJTJDJTIyaW5kZXhDbGlja2VkJTIyJTNBMTMxJTdE,https://images.mango-prod.siammakro.cloud/product-images/864754511912676-2b3ae0c4-df48-46e9-b164-badbce5c90a0.jpeg?imageMogr2/thumbnail/300x300,"ขจร ปลาหมึกบั้งสับปะรดแช่แข็ง กรัม ปลาหมึกบั้งสับปะรดแช่แข็ง 1,000 แพ็ค X 1","฿

145.00",฿,,,,,สินค้าหมด,
https://www.makro.pro/th/p/m408PlY-630220278836768?info=JTdCJTIycGFnZVNsdWclMjIlM0ElMjJGcmVzaCUyME92ZXJsb2FkJTIwJTdDJTIwU2VhZm9vZCUyMChGcm96ZW4lMjAlMjYlMjBGcmVzaCklMkYxOTA0NyUyMiUyQyUyMmNhcm91c2VsTmFtZSUyMiUzQSUyMiUyMiUyQyUyMmNvbGxlY3Rpb25JZCUyMiUzQSUyMjE5MDQ3JTIyJTJDJTIyaW5kZXhDbGlja2VkJTIyJTNBMTMyJTdE,https://images.mango-prod.siammakro.cloud/SOURCE/ace923b3915847648707b21385b99e30,ปลาแซลมอนสดนอร์เวย์ บริการแล่ลอกหนัง 1 ตัว (ประมาณ 4-5 กก./ตัว),"฿

379.00
/kg",฿,,,,,สินค้าหมด,
https://www.makro.pro/th/p/0OBlIdc-780639381323188?info=JTdCJTIycGFnZVNsdWclMjIlM0ElMjJGcmVzaCUyME92ZXJsb2FkJTIwJTdDJTIwU2VhZm9vZCUyMChGcm96ZW4lMjAlMjYlMjBGcmVzaCklMkYxOTA0NyUyMiUyQyUyMmNhcm91c2VsTmFtZSUyMiUzQSUyMiUyMiUyQyUyMmNvbGxlY3Rpb25JZCUyMiUzQSUyMjE5MDQ3JTIyJTJDJTIyaW5kZXhDbGlja2VkJTIyJTNBMTMzJTdE,https://images.mango-prod.siammakro.cloud/product-images/780639381323188-5979ee74-23ba-4562-9cfa-ab9d880c0e96.jpeg?imageMogr2/thumbnail/300x300,หมึกกล้วยลอก ไซส์เล็ก (หมูกะทะ) 1 กก.,"฿

195.00
/kg",฿,,,,,สินค้าหมด,
https://www.makro.pro/th/p/ab3cmk-7167171821763?info=JTdCJTIycGFnZVNsdWclMjIlM0ElMjJGcmVzaCUyME92ZXJsb2FkJTIwJTdDJTIwU2VhZm9vZCUyMChGcm96ZW4lMjAlMjYlMjBGcmVzaCklMkYxOTA0NyUyMiUyQyUyMmNhcm91c2VsTmFtZSUyMiUzQSUyMiUyMiUyQyUyMmNvbGxlY3Rpb25JZCUyMiUzQSUyMjE5MDQ3JTIyJTJDJTIyaW5kZXhDbGlja2VkJTIyJTNBMTM0JTdE,https://images.mango-prod.siammakro.cloud/SOURCE/c04b614e6d8444a885874a59056a37a3,เนื้อปลาแซลมอนหั่นสเต๊กแช่แข็ง 130-150 กรัม/ชิ้น 1 กก.,฿,379.,00,,฿ 409.00,3 - 19 units,สินค้าหมด,-7%
https://www.makro.pro/th/p/605booq-7196420014275?info=JTdCJTIycGFnZVNsdWclMjIlM0ElMjJGcmVzaCUyME92ZXJsb2FkJTIwJTdDJTIwU2VhZm9vZCUyMChGcm96ZW4lMjAlMjYlMjBGcmVzaCklMkYxOTA0NyUyMiUyQyUyMmNhcm91c2VsTmFtZSUyMiUzQSUyMiUyMiUyQyUyMmNvbGxlY3Rpb25JZCUyMiUzQSUyMjE5MDQ3JTIyJTJDJTIyaW5kZXhDbGlja2VkJTIyJTNBMTM1JTdE,https://images.mango-prod.siammakro.cloud/SOURCE/0b70d825ea2c456bb475462f9db7be16,เอโร่ ปูนิ่มแช่แข็ง คละขนาด 1 กก.,"฿

319.00",฿,,,,,สินค้าหมด,
https://www.makro.pro/th/p/nn-2Aot-206820593553659?info=JTdCJTIycGFnZVNsdWclMjIlM0ElMjJGcmVzaCUyME92ZXJsb2FkJTIwJTdDJTIwU2VhZm9vZCUyMChGcm96ZW4lMjAlMjYlMjBGcmVzaCklMkYxOTA0NyUyMiUyQyUyMmNhcm91c2VsTmFtZSUyMiUzQSUyMiUyMiUyQyUyMmNvbGxlY3Rpb25JZCUyMiUzQSUyMjE5MDQ3JTIyJTJDJTIyaW5kZXhDbGlja2VkJTIyJTNBMTM2JTdE,https://images.mango-prod.siammakro.cloud/SOURCE/eea45df5872549999dc13a859e235725,ปลาแซลมอนสดนอร์เวย์ บริการแล่ไม่ลอกหนัง 1 ตัว (ประมาณ 4-5 กก./ตัว),"฿

379.00
/kg",฿,,,,,สินค้าหมด,
https://www.makro.pro/th/p/tzgk9to-7167160582339?info=JTdCJTIycGFnZVNsdWclMjIlM0ElMjJGcmVzaCUyME92ZXJsb2FkJTIwJTdDJTIwU2VhZm9vZCUyMChGcm96ZW4lMjAlMjYlMjBGcmVzaCklMkYxOTA0NyUyMiUyQyUyMmNhcm91c2VsTmFtZSUyMiUzQSUyMiUyMiUyQyUyMmNvbGxlY3Rpb25JZCUyMiUzQSUyMjE5MDQ3JTIyJTJDJTIyaW5kZXhDbGlja2VkJTIyJTNBMTM3JTdE,https://images.mango-prod.siammakro.cloud/product-images/7167160582339-ead33b0d-d193-4707-837e-d67459ae5497.jpeg?imageMogr2/thumbnail/300x300,เอโร่ กุ้งขาวปอกเปลือกผ่าหลังไว้หางต้มแช่แข็ง (ขนาด 107-123 ตัว/กก.) 1 กก.,฿,365.,00,,฿ 370.00,10+ units,สินค้าหมด,-1%
https://www.makro.pro/th/p/lyyinbd-7352872140995?info=JTdCJTIycGFnZVNsdWclMjIlM0ElMjJGcmVzaCUyME92ZXJsb2FkJTIwJTdDJTIwU2VhZm9vZCUyMChGcm96ZW4lMjAlMjYlMjBGcmVzaCklMkYxOTA0NyUyMiUyQyUyMmNhcm91c2VsTmFtZSUyMiUzQSUyMiUyMiUyQyUyMmNvbGxlY3Rpb25JZCUyMiUzQSUyMjE5MDQ3JTIyJTJDJTIyaW5kZXhDbGlja2VkJTIyJTNBMTM4JTdE,https://images.mango-prod.siammakro.cloud/SOURCE/c03b3d7fd0aa4fbfa0eab2ecefbe8d92,ปลากะพงขาวสดผ่าหลัง ขนาดกลาง 500 ก.,"฿

165.00",฿,,,,,สินค้าหมด,
https://www.makro.pro/th/p/EQf-2Id-233661775055174?info=JTdCJTIycGFnZVNsdWclMjIlM0ElMjJGcmVzaCUyME92ZXJsb2FkJTIwJTdDJTIwU2VhZm9vZCUyMChGcm96ZW4lMjAlMjYlMjBGcmVzaCklMkYxOTA0NyUyMiUyQyUyMmNhcm91c2VsTmFtZSUyMiUzQSUyMiUyMiUyQyUyMmNvbGxlY3Rpb25JZCUyMiUzQSUyMjE5MDQ3JTIyJTJDJTIyaW5kZXhDbGlja2VkJTIyJTNBMTM5JTdE,https://images.mango-prod.siammakro.cloud/product-images/233661775055174-9e2490e9-c084-4d9e-a131-845c902b90ca.jpeg?imageMogr2/thumbnail/300x300,ปลานิลเล็ก 250-400 ก. ตัดแต่ง กก.ละ,"฿

76.00
/kg",฿,,,,,สินค้าหมด,
https://www.makro.pro/th/p/noI70de-516699994195600?info=JTdCJTIycGFnZVNsdWclMjIlM0ElMjJGcmVzaCUyME92ZXJsb2FkJTIwJTdDJTIwU2VhZm9vZCUyMChGcm96ZW4lMjAlMjYlMjBGcmVzaCklMkYxOTA0NyUyMiUyQyUyMmNhcm91c2VsTmFtZSUyMiUzQSUyMiUyMiUyQyUyMmNvbGxlY3Rpb25JZCUyMiUzQSUyMjE5MDQ3JTIyJTJDJTIyaW5kZXhDbGlja2VkJTIyJTNBMTQwJTdE,https://images.mango-prod.siammakro.cloud/SOURCE/583c810a081a45ee9904b41c1ced9913,เอโร่ เนื้อปลากะพงแล่ คิริมิ 300 ก.,"฿

185.00",฿,,,,,สินค้าหมด,
https://www.makro.pro/th/p/zuk1fwn-7499722653891?info=JTdCJTIycGFnZVNsdWclMjIlM0ElMjJGcmVzaCUyME92ZXJsb2FkJTIwJTdDJTIwU2VhZm9vZCUyMChGcm96ZW4lMjAlMjYlMjBGcmVzaCklMkYxOTA0NyUyMiUyQyUyMmNhcm91c2VsTmFtZSUyMiUzQSUyMiUyMiUyQyUyMmNvbGxlY3Rpb25JZCUyMiUzQSUyMjE5MDQ3JTIyJTJDJTIyaW5kZXhDbGlja2VkJTIyJTNBMTQxJTdE,https://images.mango-prod.siammakro.cloud/product-images/7499722653891-1c1216df-f222-4e32-86e7-80110ed1edf8.jpeg?imageMogr2/thumbnail/300x300,เอโร่ เนื้อกุ้งขาวแช่แข็ง (160-194 ตัว/แพ็ค) 1 กก. x 10,"฿

2,550.00",฿,,,,,สินค้าหมด,
