MuiBox-root href,MuiBox-root src,css-1n8x1y2,MuiTypography-root,MuiTypography-root (2),MuiTypography-root (3),MuiTypography-root (4),MuiTypography-root (5),MuiTypography-root (6),MuiBox-root,MuiBox-root (2),MuiBox-root src (2),MuiBox-root (3)
https://www.makro.pro/th/p/7sGrHHA-218295446951896,https://images.mango-prod.siammakro.cloud/SOURCE/6f838f08f4f449aaaa14b574a82321a3,ดี๊ดี อาหารสุนัขแช่แข็ง รสเนื้อบด 1 กิโลกรัม,สั่งเช้า ส่งเย็น,"฿

46.

00",฿,00,,,,,,
https://www.makro.pro/th/p/7vmuzyt-7352857428163?info=JTdCJTIyaW5kZXhDbGlja2VkJTIyJTNBMSU3RA,https://images.mango-prod.siammakro.cloud/product-images/7352857428163-276c922f-cb1e-4f25-bf48-3edf19d7f1ca.jpeg?imageMogr2/thumbnail/300x300,เจอร์ไฮ ขนมสุนัข รสนม 60 ก. x 3,สั่งเช้า ส่งเย็น,฿,120.,00,฿ 125.00,-4%,,,,
https://www.makro.pro/th/p/cntg6ra-7497451864259?info=JTdCJTIyaW5kZXhDbGlja2VkJTIyJTNBMiU3RA,https://images.mango-prod.siammakro.cloud/product-images/7497451864259-989f8ab7-81dc-4688-a32b-8b77dbac6ed0.jpeg?imageMogr2/thumbnail/300x300,สมาร์ทฮาร์ท อาหารสุนัขโต รสเนื้ออบ 3กก.,สั่งเช้า ส่งเย็น,฿,245.,00,฿ 269.00,-8%,,,,
https://www.makro.pro/th/p/t9Q3c4U-622449934628238?info=JTdCJTIyaW5kZXhDbGlja2VkJTIyJTNBMyU3RA,https://images.mango-prod.siammakro.cloud/SOURCE/0695ae8046ce4f2b910e57cea129db84,โอกิ อาหารสุนัขแช่แข็ง รสเนื้อบดและตับบด 1 กิโลกรัม,สั่งเช้า ส่งเย็น,"฿

32.

00",฿,00,,,,,,
https://www.makro.pro/th/p/mhxVmKh-73210949942672?info=JTdCJTIyaW5kZXhDbGlja2VkJTIyJTNBNCU3RA,https://images.mango-prod.siammakro.cloud/SOURCE/6db43153386c497daf4932910eb21ce6,ลายไทย อาหารสุนัขแช่แข็ง รสเนื้อตับบด 1 กิโลกรัม,สั่งเช้า ส่งเย็น,"฿

33.

00",฿,00,,,,,,
https://www.makro.pro/th/p/2cSqlNe-156915833714164?info=JTdCJTIyaW5kZXhDbGlja2VkJTIyJTNBNSU3RA,https://images.mango-prod.siammakro.cloud/SOURCE/8112276679ce48aea93479a7311ec9ea,โอกิ อาหารสุนัขแช่แข็ง รสไก่บดและตับบด 1 กิโลกรัม,สั่งเช้า ส่งเย็น,"฿

32.

00",฿,00,,,,,,
https://www.makro.pro/th/p/W6yArST-731410401800910?info=JTdCJTIyaW5kZXhDbGlja2VkJTIyJTNBNiU3RA,https://images.mango-prod.siammakro.cloud/SOURCE/0a6105824e1641fa9a151d3b7a3404e7,โอกิ อาหารสุนัขแช่แข็ง รสไก่บด 1 กิโลกรัม,สั่งเช้า ส่งเย็น,"฿

35.

00",฿,00,,,,,,
https://www.makro.pro/th/p/7s-fkbi-7352940658883?info=JTdCJTIyaW5kZXhDbGlja2VkJTIyJTNBNyU3RA,https://images.mango-prod.siammakro.cloud/SOURCE/5b0618252bb44a67a70610a323d59179,ลายไทย อาหารสุนัขแช่แข็ง รสไก่บด 1 กก.,สั่งเช้า ส่งเย็น,"฿

33.

00",฿,00,,,,,,
https://www.makro.pro/th/p/ON08xZb-501403381875150?info=JTdCJTIyaW5kZXhDbGlja2VkJTIyJTNBOCU3RA,https://images.mango-prod.siammakro.cloud/SOURCE/5f8bc6eff21a4f0099ef46137353b0ff,ด็อกฟู้ดส์ อาหารสุนัขแช่แข็ง รสไก่บด 1 กิโลกรัม,สั่งเช้า ส่งเย็น,"฿

33.

00",฿,00,,,,,,
https://www.makro.pro/th/p/8rBC4jM-539687760306958?info=JTdCJTIyaW5kZXhDbGlja2VkJTIyJTNBOSU3RA,https://images.mango-prod.siammakro.cloud/SOURCE/dc0c1af6629a4a239bc247474ea24925,ด็อกฟู้ดส์ อาหารสุนัขแช่แข็ง รสเนื้อบด 1 กิโลกรัม,สั่งเช้า ส่งเย็น,"฿

38.

00",฿,00,,,,,,
https://www.makro.pro/th/p/Sx1cto6-598842200972350?info=JTdCJTIyaW5kZXhDbGlja2VkJTIyJTNBMTAlN0Q,https://images.mango-prod.siammakro.cloud/SOURCE/45265802156e4c3baeae29d40cb2b817,ด็อกฟู้ดส์ อาหารสุนัขแช่แข็ง รสไก่บดเสริมตับ - เนื้อบด 1 กิโลกรัม,สั่งเช้า ส่งเย็น,"฿

38.

00",฿,00,,,,,,
https://www.makro.pro/th/p/unzno64-7497370763459?info=JTdCJTIyaW5kZXhDbGlja2VkJTIyJTNBMTElN0Q,https://images.mango-prod.siammakro.cloud/product-images/7497370763459-ab07d5f0-3f14-4133-94bc-34e96178fa62.jpeg?imageMogr2/thumbnail/300x300,เพ็ทส์เฟรนด์ อาหารสุนัข รสเนื้อ 400 กรัม X 3 ซอง,สั่งเช้า ส่งเย็น,"฿

107.

00",฿,00,,,"ซื้อ 1,500฿ ได้รับ 20 พอยท์",,,
https://www.makro.pro/th/p/h7mrlf-7497352118467?info=JTdCJTIyaW5kZXhDbGlja2VkJTIyJTNBMTIlN0Q,https://images.mango-prod.siammakro.cloud/product-images/7497352118467-1104c793-5371-4908-acd5-64198d09eada.jpeg?imageMogr2/thumbnail/300x300,เพ็ทส์เฟรนด์ อาหารสุนัข รสตับ 400 กรัม X 3 ซอง,สั่งเช้า ส่งเย็น,"฿

107.

00",฿,00,,,"ซื้อ 1,500฿ ได้รับ 20 พอยท์",,,
https://www.makro.pro/th/p/izvwazs-7497508782275?info=JTdCJTIyaW5kZXhDbGlja2VkJTIyJTNBMTMlN0Q,https://images.mango-prod.siammakro.cloud/product-images/7497508782275-9fefd1da-3777-4674-82b5-93d58b4e4a5f.jpeg?imageMogr2/thumbnail/300x300,เพ็ทส์เฟรนด์ อาหารลูกสุนัข 400 กรัม X 3 ซอง,สั่งเช้า ส่งเย็น,"฿

121.

00",฿,00,,,"ซื้อ 1,500฿ ได้รับ 20 พอยท์",,,
https://www.makro.pro/th/p/uimh2m2-7352933744835?info=JTdCJTIyaW5kZXhDbGlja2VkJTIyJTNBMTQlN0Q,https://images.mango-prod.siammakro.cloud/product-images/7352933744835-36a53c5b-1e4b-4ad1-bc2b-08155fcf53d3.jpeg?imageMogr2/thumbnail/300x300,เพดดิกรี เพาช์ อาหารสุนัขโต รสตับย่างบดพร้อมผัก 130 ก. x 12,สั่งเช้า ส่งเย็น,"฿

235.

00",฿,00,,,ซื้อ 409฿ ได้รับ 29 พอยท์,+1,,
https://www.makro.pro/th/p/ad2xt6i-7352942362819?info=JTdCJTIyaW5kZXhDbGlja2VkJTIyJTNBMTUlN0Q,https://images.mango-prod.siammakro.cloud/product-images/7352942362819-dcf5ee62-1ad3-4e81-9348-78130cbc814f.jpeg?imageMogr2/thumbnail/300x300,เพดดิกรี เพาช์ อาหารสุนัขโต รสเนื้อวัวในซอสเกรวี่ 130 ก. 12 ซอง,สั่งเช้า ส่งเย็น,"฿

259.

00",฿,00,,,ซื้อ 409฿ ได้รับ 29 พอยท์,+1,,
https://www.makro.pro/th/p/ccgkxpy-7352933908675?info=JTdCJTIyaW5kZXhDbGlja2VkJTIyJTNBMTYlN0Q,https://images.mango-prod.siammakro.cloud/product-images/7352933908675-31843fc8-a39f-4a9b-b1eb-bce13112026c.jpeg?imageMogr2/thumbnail/300x300,สมาร์ทฮาร์ท อาหารสุนัขโต รสเนื้อ 10 กก.,สั่งเช้า ส่งเย็น,฿,655.,00,฿ 669.00,-2%,,,,
https://www.makro.pro/th/p/43pnvua-7352934203587?info=JTdCJTIyaW5kZXhDbGlja2VkJTIyJTNBMTclN0Q,https://images.mango-prod.siammakro.cloud/product-images/7352934203587-f154a17a-9ab9-49ff-9bb9-5b5ae3100121.jpeg?imageMogr2/thumbnail/300x300,เพดดิกรี เพาช์ อาหารสุนัขโต รสไก่ตับและตับชิ้นในน้ําเกรวี่ 130 ก. 12 ซอง,สั่งเช้า ส่งเย็น,"฿

259.

00",฿,00,,,ซื้อ 409฿ ได้รับ 29 พอยท์,+1,,
https://www.makro.pro/th/p/qd2ygib-7352926240963?info=JTdCJTIyaW5kZXhDbGlja2VkJTIyJTNBMTglN0Q,https://images.mango-prod.siammakro.cloud/SOURCE/c46c373ab8284803b11fe7fa65117ed7,สมาร์ทฮาร์ท อาหารสุนัขแบบซอง รสเนื้อวัวชิ้นในน้ําเกรวี่ 130 ก. x 12,สั่งเช้า ส่งเย็น,฿,255.,00,฿ 259.00,-1%,,,,
https://www.makro.pro/th/p/li6c-1x-7416154620099?info=JTdCJTIyaW5kZXhDbGlja2VkJTIyJTNBMTklN0Q,https://images.mango-prod.siammakro.cloud/product-images/7416154620099-251448b3-4ac1-4ff8-a81a-3b81727b6d27.jpeg?imageMogr2/thumbnail/300x300,เซพแพ็ค อาหารสุนัขชนิดแห้ง แบบเม็ด สําหรับสุนัขโต รสเนื้อย่าง 10 กก.,สั่งเช้า ส่งเย็น,฿,363.,00,฿ 389.00,-6%,"ซื้อ 1,500฿ ได้รับ 20 พอยท์",,,
https://www.makro.pro/th/p/hxmjvpo-7352926568643?info=JTdCJTIyaW5kZXhDbGlja2VkJTIyJTNBMjAlN0Q,https://images.mango-prod.siammakro.cloud/SOURCE/90c8dc1045ec437cb3944c14b4a6e9ec,สมาร์ทฮาร์ท อาหารสุนัข แบบซอง รสไก่และตับในเยลลี่ 130 ก. x 12,สั่งเช้า ส่งเย็น,฿,255.,00,฿ 259.00,-1%,,,,
https://www.makro.pro/th/p/onf59xz-7497432826051?info=JTdCJTIyaW5kZXhDbGlja2VkJTIyJTNBMjElN0Q,https://images.mango-prod.siammakro.cloud/SOURCE/3aafba8633134830ba223a5104046fe4,เพดดิกรี มินิ อาหารสุนัขพันธุ์เล็ก รสเนื้อวัว เนื้อแกะ และผัก 2.7 กก.,สั่งเช้า ส่งเย็น,"฿

260.

00",฿,00,,,ซื้อ 409฿ ได้รับ 29 พอยท์,+1,,
https://www.makro.pro/th/p/dfzimqp-7497613541571?info=JTdCJTIyaW5kZXhDbGlja2VkJTIyJTNBMjIlN0Q,https://images.mango-prod.siammakro.cloud/product-images/7497613541571-0abd0558-ef9a-472b-925d-d8435350a46f.jpeg?imageMogr2/thumbnail/300x300,เจอร์ไฮ สติ๊ก ขนมสุนัข รสไก่ 60 ก. x 3,สั่งเช้า ส่งเย็น,฿,120.,00,฿ 125.00,-4%,,,,
https://www.makro.pro/th/p/4tvicfq-7416154980547?info=JTdCJTIyaW5kZXhDbGlja2VkJTIyJTNBMjMlN0Q,https://images.mango-prod.siammakro.cloud/product-images/7416154980547-4bddfa58-22ab-44ba-a70b-39607bc06977.jpeg?imageMogr2/thumbnail/300x300,เพดดิกรี อาหารสุนัขโต รสเนื้อวัวและผัก 10 กก.,สั่งเช้า ส่งเย็น,฿,599.,00,฿ 790.00,-24%,ซื้อ 409฿ ได้รับ 29 พอยท์,+1,,
https://www.makro.pro/th/p/mwkbyxl-7497487319235?info=JTdCJTIyaW5kZXhDbGlja2VkJTIyJTNBMjQlN0Q,https://images.mango-prod.siammakro.cloud/SOURCE/e47c6a9cb2db4b9eaedecc39385eb19c,เพ็ทส์เฟรนด์ ขนมสุนัข สันในไก่เส้น 300 กรัม,สั่งเช้า ส่งเย็น,"฿

195.

00",฿,00,,,"ซื้อ 1,500฿ ได้รับ 20 พอยท์",,,
https://www.makro.pro/th/p/sk3-99a-7416154915011?info=JTdCJTIyaW5kZXhDbGlja2VkJTIyJTNBMjUlN0Q,https://images.mango-prod.siammakro.cloud/product-images/7416154915011-d7f68ce0-b9a9-4232-8e9b-d2ff6d5c242e.jpeg?imageMogr2/thumbnail/300x300,เพดดิกรี อาหารสุนัขโต รสไก่และตับย่าง 10 กิโลกรัม,สั่งเช้า ส่งเย็น,฿,599.,00,฿ 790.00,-24%,ซื้อ 409฿ ได้รับ 29 พอยท์,+1,,
https://www.makro.pro/th/p/rywmavt-7497530966211?info=JTdCJTIyaW5kZXhDbGlja2VkJTIyJTNBMjYlN0Q,https://images.mango-prod.siammakro.cloud/product-images/7497530966211-9f393552-0bae-4ceb-804c-beb5d2e3f0ba.jpeg?imageMogr2/thumbnail/300x300,เอโปรไอคิว อาหารกระป๋องสุนัข รสเนื้อ 400 กรัม X 4 กระป๋อง,สั่งเช้า ส่งเย็น,฿,145.,00,฿ 169.00,-14%,,,,
https://www.makro.pro/th/p/7kdcw6n-7497583395011?info=JTdCJTIyaW5kZXhDbGlja2VkJTIyJTNBMjclN0Q,https://images.mango-prod.siammakro.cloud/product-images/7497583395011-fb2a12f8-141d-4e8f-9d33-233d21d3485d.jpeg?imageMogr2/thumbnail/300x300,เพ็ทส์เฟรนด์ อาหารสุนัข รสเนื้อแกะ 400กรัม X 3 ซอง,สั่งเช้า ส่งเย็น,"฿

119.

00",฿,00,,,"ซื้อ 1,500฿ ได้รับ 20 พอยท์",,,
https://www.makro.pro/th/p/6ymu7d3-7416156258499?info=JTdCJTIyaW5kZXhDbGlja2VkJTIyJTNBMjglN0Q,https://images.mango-prod.siammakro.cloud/product-images/7416156258499-0a0a7730-3cd8-437e-89c0-5f8531460a79.jpeg?imageMogr2/thumbnail/300x300,สมาร์ทฮาร์ท อาหารสุนัขพันธุ์เล็ก รสเนื้ออบ 3 กก.,สั่งเช้า ส่งเย็น,฿,269.,00,฿ 286.00,-5%,,,,
https://www.makro.pro/th/p/ol4relf-7497511076035?info=JTdCJTIyaW5kZXhDbGlja2VkJTIyJTNBMjklN0Q,https://images.mango-prod.siammakro.cloud/SOURCE/91ff2ffac21a4a3d88f9417386057b67,เพ็ทส์เฟรนด์ ขนมสุนัข ไก่พันเกลียว 300 กรัม,สั่งเช้า ส่งเย็น,"฿

197.

00",฿,00,,,"ซื้อ 1,500฿ ได้รับ 20 พอยท์",,,
https://www.makro.pro/th/p/cb5ysw1-7497385705667?info=JTdCJTIyaW5kZXhDbGlja2VkJTIyJTNBMzAlN0Q,https://images.mango-prod.siammakro.cloud/SOURCE/dbd31b5c23a24b0aa85480b4a85b0de4,เพดดิกรี อาหารสุนัขโต รสเนื้อวัวและผัก 3 กก.,สั่งเช้า ส่งเย็น,฿,245.,00,฿ 289.00,-15%,ซื้อ 409฿ ได้รับ 29 พอยท์,+1,,
https://www.makro.pro/th/p/6pjh5ex-7497395503299?info=JTdCJTIyaW5kZXhDbGlja2VkJTIyJTNBMzElN0Q,https://images.mango-prod.siammakro.cloud/SOURCE/e4af1f040b4641bb86fca30b54230f0d,เพดดิกรี อาหารสุนัขโต รสเนื้อ 700 ก. x 2,สั่งเช้า ส่งเย็น,"฿

188.

00",฿,00,,,ซื้อ 409฿ ได้รับ 29 พอยท์,+1,,
https://www.makro.pro/th/p/1nyoqdt-7497422143683?info=JTdCJTIyaW5kZXhDbGlja2VkJTIyJTNBMzIlN0Q,https://images.mango-prod.siammakro.cloud/SOURCE/0eaea099e4d04bd4a98a69d81d8d4440,เพดดิกรีสุนัขโตรสไก่+ตับย่าง3กก*1,สั่งเช้า ส่งเย็น,฿,245.,00,฿ 289.00,-15%,ซื้อ 409฿ ได้รับ 29 พอยท์,+1,,
https://www.makro.pro/th/p/mvs6_fi-7497571500227?info=JTdCJTIyaW5kZXhDbGlja2VkJTIyJTNBMzMlN0Q,https://images.mango-prod.siammakro.cloud/product-images/7497571500227-59a30d67-927c-4ef0-a5c5-2619aaa9cc3c.jpeg?imageMogr2/thumbnail/300x300,เพดดิกรี อาหารสุนัขโต รสสตูเนื้อ แบบกระป๋อง 400 กรัม X 4 กระป๋อง,สั่งเช้า ส่งเย็น,"฿

223.

00",฿,00,,,ซื้อ 409฿ ได้รับ 29 พอยท์,+1,,
https://www.makro.pro/th/p/1tkuid4-7416045043907?info=JTdCJTIyaW5kZXhDbGlja2VkJTIyJTNBMzQlN0Q,https://images.mango-prod.siammakro.cloud/SOURCE/2f7a942643a34e769cfdabaa748f2532,เพดดิกรี สุนัขโตรสตับ+ผัก 10กก.*1,สั่งเช้า ส่งเย็น,฿,599.,00,฿ 649.00,-7%,ซื้อ 409฿ ได้รับ 29 พอยท์,+1,,
https://www.makro.pro/th/p/q1cibzo-7497520775363?info=JTdCJTIyaW5kZXhDbGlja2VkJTIyJTNBMzUlN0Q,https://images.mango-prod.siammakro.cloud/SOURCE/86755c9b1b2644eabba9d16182133922,เพดดิกรี เดนต้าสติ๊ก สําหรับสุนัขพันธุ์ตุ๊กตา 120 กรัม,สั่งเช้า ส่งเย็น,"฿

89.

00",฿,00,,,ซื้อ 409฿ ได้รับ 29 พอยท์,+1,,
https://www.makro.pro/th/p/30f_aij-7497515925699?info=JTdCJTIyaW5kZXhDbGlja2VkJTIyJTNBMzYlN0Q,https://images.mango-prod.siammakro.cloud/SOURCE/c35a843eb70b493b9e873abb03310604,เพดดิกรี มินิ อาหารสุนัขพันธุ์เล็ก รสไก่ ตับ และผัก 2.7 กก.,สั่งเช้า ส่งเย็น,"฿

260.

00",฿,00,,,ซื้อ 409฿ ได้รับ 29 พอยท์,+1,,
https://www.makro.pro/th/p/ltkawmf-7416148951235?info=JTdCJTIyaW5kZXhDbGlja2VkJTIyJTNBMzclN0Q,https://images.mango-prod.siammakro.cloud/product-images/7416148951235-af83fa26-835b-4b3d-bb5e-447ba8e5d84a.jpeg?imageMogr2/thumbnail/300x300,สมาร์ทฮาร์ท อาหารสุนัขพันธุ์เล็ก รสเนื้ออบ 8 กก.,สั่งเช้า ส่งเย็น,฿,669.,00,฿ 759.00,-11%,,,,
https://www.makro.pro/th/p/6uykocp-7497503211715?info=JTdCJTIyaW5kZXhDbGlja2VkJTIyJTNBMzglN0Q,https://images.mango-prod.siammakro.cloud/product-images/7497503211715-09748abf-8dcd-45d6-941e-7f3ce46ed9ad.jpeg?imageMogr2/thumbnail/300x300,เอโปรไอคิว อาหารสุนัขโต รสไก่ 400 กรัม X 4 กระป๋อง,สั่งเช้า ส่งเย็น,฿,145.,00,฿ 169.00,-14%,,,,
https://www.makro.pro/th/p/prmb86t-7497402384579?info=JTdCJTIyaW5kZXhDbGlja2VkJTIyJTNBMzklN0Q,https://images.mango-prod.siammakro.cloud/SOURCE/a4637117edf74cafb7fbdef9f550c841,เพดดิกรี เดนต้าสติ๊ก สําหรับสุนัขพันธุ์กลาง 180 ก. แพ็ค 2 ซอง,สั่งเช้า ส่งเย็น,"฿

162.

00",฿,00,,,ซื้อ 409฿ ได้รับ 29 พอยท์,+1,,
https://www.makro.pro/th/p/hbarqvu-7497586901187?info=JTdCJTIyaW5kZXhDbGlja2VkJTIyJTNBNDAlN0Q,https://images.mango-prod.siammakro.cloud/SOURCE/8d1df1805cb5421d98ba9eabd5aef08e,เจช้อยส์ ขนมสําหรับสุนัข รสเนื้อ 800 กรัม,สั่งเช้า ส่งเย็น,"฿

201.

00",฿,00,,,"ซื้อ 1,500฿ ได้รับ 20 พอยท์",,,
https://www.makro.pro/th/p/bho-vhb-7352928567491?info=JTdCJTIyaW5kZXhDbGlja2VkJTIyJTNBNDElN0Q,https://images.mango-prod.siammakro.cloud/SOURCE/c7f9800b8e244f43aab07cb43dafd861,สมาร์ทฮาร์ท อาหารสุนัขแบบซอง รสปลาแซลมอน 130 ก. x 12,สั่งเช้า ส่งเย็น,฿,255.,00,฿ 259.00,-1%,,,,
https://www.makro.pro/th/p/kb7htax-7497494003907?info=JTdCJTIyaW5kZXhDbGlja2VkJTIyJTNBNDIlN0Q,https://images.mango-prod.siammakro.cloud/product-images/7497494003907-a43b65fa-426f-44a7-b391-ade58841bfb8.jpeg?imageMogr2/thumbnail/300x300,ซีซาร์ มัลติแพ็ค อาหารสุนัขชนิดเปียก รสเนื้อและตับ 100 กรัม X 6 แพ็ค,สั่งเช้า ส่งเย็น,฿,187.,00,฿ 273.00,-31%,ซื้อ 409฿ ได้รับ 29 พอยท์,+1,,
https://www.makro.pro/th/p/sip-t8u-7497556852931?info=JTdCJTIyaW5kZXhDbGlja2VkJTIyJTNBNDMlN0Q,https://images.mango-prod.siammakro.cloud/SOURCE/40282ecd0d4d41d1848b566916ba1160,สมาร์ทฮาร์ท อาหารลูกสุนัขแบบซอง รสไก่เกรวี่ 130 กรัม X 12 ซอง,สั่งเช้า ส่งเย็น,฿,255.,00,฿ 259.00,-1%,,,,
https://www.makro.pro/th/p/oeea7pu-7497508487363?info=JTdCJTIyaW5kZXhDbGlja2VkJTIyJTNBNDQlN0Q,https://images.mango-prod.siammakro.cloud/product-images/7497508487363-ecd13038-5c77-47e8-a00f-6647f40c1939.undefined?imageMogr2/thumbnail/300x300,สมาร์ทฮาร์ท อาหารสุนัขโต รสไก่และตับ 10 กก.,สั่งเช้า ส่งเย็น,฿,655.,00,฿ 669.00,-2%,,,,
https://www.makro.pro/th/p/gjv3pcd-7416154718403?info=JTdCJTIyaW5kZXhDbGlja2VkJTIyJTNBNDUlN0Q,https://strapi-cdn.mango-prod.siammakro.cloud/uploads/Gold_Container_Frame_TH_040480f35e.png,เซพแพ็ค อาหารสุนัขชนิดแห้ง แบบเม็ด สําหรับสุนัขโต รสไก่และตับย่าง 10 กก.,สั่งเช้า ส่งเย็น,฿,399.,00,฿ 425.00,-6%,"ซื้อ 1,500฿ ได้รับ 20 พอยท์",,https://images.mango-prod.siammakro.cloud/product-images/7416154718403-f225ed01-7b06-4f3a-aef5-558470e49cab.jpeg?imageMogr2/thumbnail/300x300,
https://www.makro.pro/th/p/wuapvvq-7497531293891?info=JTdCJTIyaW5kZXhDbGlja2VkJTIyJTNBNDYlN0Q,https://images.mango-prod.siammakro.cloud/SOURCE/2d5b1889d63544e4bf3e036557a24295,เจอร์ไฮ ขนมสุนัข รสแครอท 60 ก. X 3,สั่งเช้า ส่งเย็น,฿,120.,00,฿ 125.00,-4%,,,,
https://www.makro.pro/th/p/8fupp_e-7497439576259?info=JTdCJTIyaW5kZXhDbGlja2VkJTIyJTNBNDclN0Q,https://images.mango-prod.siammakro.cloud/SOURCE/1133a728f4034ee59702f0e9f98096fa,เพดดิกรี เดนต้าสติ๊ก สําหรับสุนัขพันธุ์เล็ก 210 กรัม,สั่งเช้า ส่งเย็น,"฿

117.

00",฿,00,,,ซื้อ 409฿ ได้รับ 29 พอยท์,+1,,
https://www.makro.pro/th/p/uc2wuuh-7324999778499?info=JTdCJTIyaW5kZXhDbGlja2VkJTIyJTNBNDglN0Q,https://strapi-cdn.mango-prod.siammakro.cloud/uploads/Gold_Container_Frame_TH_040480f35e.png,เพดดิกรี สุนัขโต รสเนื้อวัวและผัก 20 กก.,3 วัน,฿,"1,199.",00,"฿ 1,418.00",-15%,"ซื้อ 1,209฿ ได้รับ 150 พอยท์",,https://images.mango-prod.siammakro.cloud/product-images/7324999778499-d2e57446-d184-4a94-8de3-a756923a2646.png?imageMogr2/thumbnail/300x300,
https://www.makro.pro/th/p/3pijffv-7497611280579?info=JTdCJTIyaW5kZXhDbGlja2VkJTIyJTNBNDklN0Q,https://images.mango-prod.siammakro.cloud/product-images/7497611280579-4acc2374-1554-415b-9eb1-d34a4fa44484.jpeg?imageMogr2/thumbnail/300x300,เซพแพ็ค อาหารสุนัขชนิดแห้ง แบบเม็ด สําหรับสุนัขโต รสเนื้อย่าง 3 กก.,สั่งเช้า ส่งเย็น,"฿

189.

00",฿,00,,,"ซื้อ 1,500฿ ได้รับ 20 พอยท์",,,
https://www.makro.pro/th/p/8hwzue7-7497494888643?info=JTdCJTIyaW5kZXhDbGlja2VkJTIyJTNBNTAlN0Q,https://images.mango-prod.siammakro.cloud/product-images/7497494888643-45d7d7e2-4b1a-47a5-a8d3-d02a3215b547.jpeg?imageMogr2/thumbnail/300x300,เพ็ทส์เฟรนด์ แชมพูสําหรับสุนัขสูตรสําหรับกําจัดเห็บหมัด 900 มล.,สั่งเช้า ส่งเย็น,"฿

89.

00",฿,00,,,"ซื้อ 1,500฿ ได้รับ 20 พอยท์",,,
https://www.makro.pro/th/p/68dab_e-7497551184067?info=JTdCJTIyaW5kZXhDbGlja2VkJTIyJTNBNTElN0Q,https://images.mango-prod.siammakro.cloud/SOURCE/601025ad37004db9bfda4f345d70a1da,เพ็ทส์เฟรนด์ ขนมสุนัข ไก่พันครันชี่ 300 กรัม,สั่งเช้า ส่งเย็น,"฿

195.

00",฿,00,,,"ซื้อ 1,500฿ ได้รับ 20 พอยท์",,,
https://www.makro.pro/th/p/spymt9qo-965988072972127?info=JTdCJTIyaW5kZXhDbGlja2VkJTIyJTNBNTIlN0Q,https://images.mango-prod.siammakro.cloud/product-images/965988072972127-950e3466-179a-4f86-bc74-d9d7d14da23e.jpeg?imageMogr2/thumbnail/300x300,สมาร์ทฮาร์ท อาหารสุนัขโต รสเนื้ออบ 1 กก. x 3,สั่งเช้า ส่งเย็น,"฿

285.

00",฿,00,,,,,,
https://www.makro.pro/th/p/C0PoByL-656561820929303?info=JTdCJTIyaW5kZXhDbGlja2VkJTIyJTNBNTMlN0Q,https://images.mango-prod.siammakro.cloud/SOURCE/92f3e83c4e4a43e18132f8ae46300732,เพดดิกรี ชแม้กโก้ ขนมสุนัข รสเนื้อ 300 ก.,สั่งเช้า ส่งเย็น,"฿

155.

00",฿,00,,,ซื้อ 409฿ ได้รับ 29 พอยท์,+1,,
https://www.makro.pro/th/p/ihanfxq-7497397797059?info=JTdCJTIyaW5kZXhDbGlja2VkJTIyJTNBNTQlN0Q,https://images.mango-prod.siammakro.cloud/product-images/7497397797059-8c62a367-526f-415f-8940-7cfb239a0b17.jpeg?imageMogr2/thumbnail/300x300,เพ็ทส์เฟรนด์ อาหารสุนัขชนิดแห้ง แบบเม็ด สําหรับสุนัขโต รสเนื้อและผัก 10 กก.,สั่งเช้า ส่งเย็น,฿,419.,00,฿ 449.00,-6%,"ซื้อ 1,500฿ ได้รับ 20 พอยท์",,,
https://www.makro.pro/th/p/8rizhpg-7497596600515?info=JTdCJTIyaW5kZXhDbGlja2VkJTIyJTNBNTUlN0Q,https://images.mango-prod.siammakro.cloud/SOURCE/ef527b6ace7940e98983ffe0db676239,เจช้อยส์ ขนมสําหรับสุนัข รสตับ 800 กรัม,สั่งเช้า ส่งเย็น,"฿

179.

00",฿,00,,,"ซื้อ 1,500฿ ได้รับ 20 พอยท์",,,
https://www.makro.pro/th/p/pytdqn-7497383837891?info=JTdCJTIyaW5kZXhDbGlja2VkJTIyJTNBNTYlN0Q,https://images.mango-prod.siammakro.cloud/product-images/7497383837891-8a9e361e-481b-4e8b-8c2b-83e380d51b95.jpeg?imageMogr2/thumbnail/300x300,เซพแพ็ค อาหารสุนัขชนิดแห้ง แบบเม็ด สําหรับสุนัขโต รสตับย่าง 10 กก.,สั่งเช้า ส่งเย็น,฿,399.,00,฿ 425.00,-6%,"ซื้อ 1,500฿ ได้รับ 20 พอยท์",,,
https://www.makro.pro/th/p/9kok9fx-7497478635715?info=JTdCJTIyaW5kZXhDbGlja2VkJTIyJTNBNTclN0Q,https://images.mango-prod.siammakro.cloud/product-images/7497478635715-af42c245-eb67-4eb4-93d3-3095fd689e3f.jpeg?imageMogr2/thumbnail/300x300,ซีซาร์ มัลติแพ็ค อาหารสุนัขชนิดเปียก รสเนื้อแกะ 100 กรัม X 6 แพ็ค,สั่งเช้า ส่งเย็น,฿,187.,00,฿ 273.00,-31%,ซื้อ 409฿ ได้รับ 29 พอยท์,+1,,
https://www.makro.pro/th/p/pjqhv-h-7497472016579?info=JTdCJTIyaW5kZXhDbGlja2VkJTIyJTNBNTglN0Q,https://images.mango-prod.siammakro.cloud/product-images/7497472016579-21eaeb7b-4981-4cac-9951-871493946733.jpeg?imageMogr2/thumbnail/300x300,สมาร์ทฮาร์ท อาหารสุนัขพันธุ์เล็ก รสไก่ 3 กิโลกรัม,สั่งเช้า ส่งเย็น,฿,269.,00,฿ 286.00,-5%,,,,
https://www.makro.pro/th/p/dgv5n_h-7497383444675?info=JTdCJTIyaW5kZXhDbGlja2VkJTIyJTNBNTklN0Q,https://images.mango-prod.siammakro.cloud/product-images/7497383444675-55376f24-7432-442b-874e-04ee41669ea1.jpeg?imageMogr2/thumbnail/300x300,เพ็ทส์เฟรนด์ เด้นท์ สติ๊ก 500 กรัม,สั่งเช้า ส่งเย็น,"฿

128.

00",฿,00,,,"ซื้อ 1,500฿ ได้รับ 20 พอยท์",,,
https://www.makro.pro/th/p/iv_aib-7497488695491?info=JTdCJTIyaW5kZXhDbGlja2VkJTIyJTNBNjAlN0Q,https://images.mango-prod.siammakro.cloud/product-images/7497488695491-8d6316eb-01ef-4ab6-8cf4-c346d9ec5230.jpeg?imageMogr2/thumbnail/300x300,เพ็ทส์เฟรนด์ แชมพูสําหรับสุนัขสูตรสําหรับกําจัดกลิ่น 900 มล.,สั่งเช้า ส่งเย็น,"฿

89.

00",฿,00,,,"ซื้อ 1,500฿ ได้รับ 20 พอยท์",,,
https://www.makro.pro/th/p/o9g8vbo-7497400811715?info=JTdCJTIyaW5kZXhDbGlja2VkJTIyJTNBNjElN0Q,https://images.mango-prod.siammakro.cloud/SOURCE/ac5f92f70d114ca880e1fd7e78103de3,เจอร์ไฮ ขนมสุนัข รสตับบด 70 กรัม x 3 ซอง,สั่งเช้า ส่งเย็น,฿,120.,00,฿ 125.00,-4%,,,,
https://www.makro.pro/th/p/dv9qdud-7497389867203?info=JTdCJTIyaW5kZXhDbGlja2VkJTIyJTNBNjIlN0Q,https://images.mango-prod.siammakro.cloud/SOURCE/612af4aaa0214f0e9f01b11034f186e0,สมาร์ทฮาร์ท อาหารสุนัขโต รสไก่และตับ 3 กิโลกรัม,สั่งเช้า ส่งเย็น,฿,245.,00,฿ 269.00,-8%,,,,
https://www.makro.pro/th/p/re4ssez-7352932434115?info=JTdCJTIyaW5kZXhDbGlja2VkJTIyJTNBNjMlN0Q,https://images.mango-prod.siammakro.cloud/SOURCE/be87b62cb4cb486abbd6f16fc37732cb,สมาร์ทฮาร์ท อาหารสุนัข แบบซอง เนื้อวัวชิ้นในน้ําเกรวี่ รสบูลโกกิ 120 ก. x 12,สั่งเช้า ส่งเย็น,฿,255.,00,฿ 275.00,-7%,,,,
https://www.makro.pro/th/p/rawmwzj-7497529950403?info=JTdCJTIyaW5kZXhDbGlja2VkJTIyJTNBNjQlN0Q,https://images.mango-prod.siammakro.cloud/SOURCE/083afe555dc541b7a8b9ab98ebbc70f9,เพ็ทส์เฟรนด์ ขนมสุนัข ไก่พันกระดูก 300 กรัม,สั่งเช้า ส่งเย็น,"฿

169.

00",฿,00,,,"ซื้อ 1,500฿ ได้รับ 20 พอยท์",,,
https://www.makro.pro/th/p/4lj8i8p-7497599811779?info=JTdCJTIyaW5kZXhDbGlja2VkJTIyJTNBNjUlN0Q,https://images.mango-prod.siammakro.cloud/product-images/7497599811779-e5d35e1c-1e8b-4fc6-94fa-41d854f2140a.jpeg?imageMogr2/thumbnail/300x300,เจอร์ไฮ ขนมสุนัข รสผักขม 70 กรัม x 3 ซอง,สั่งเช้า ส่งเย็น,฿,120.,00,฿ 125.00,-4%,,,,
https://www.makro.pro/th/p/9IjOIl2h-293348350966281?info=JTdCJTIyaW5kZXhDbGlja2VkJTIyJTNBNjYlN0Q,https://images.mango-prod.siammakro.cloud/product-images/293348350966281-891c7797-0a61-4eff-8ee1-b6be2d81c17d.jpeg?imageMogr2/thumbnail/300x300,เพ็ทส์เฟรนด์ อาหารสุนัขโต รสไก่ตับและผัก 1 กก. x 5,สั่งเช้า ส่งเย็น,"฿

342.

00",฿,00,,,"ซื้อ 1,500฿ ได้รับ 20 พอยท์",,,
https://www.makro.pro/th/p/jtpogqf-7352934138051?info=JTdCJTIyaW5kZXhDbGlja2VkJTIyJTNBNjclN0Q,https://images.mango-prod.siammakro.cloud/product-images/7352934138051-1d5409ac-471d-4c76-aa11-8297dce0a5b3.png?imageMogr2/thumbnail/300x300,เพดดิกรี อาหารสุนัขโต รสตับและผัก 20 กก.,3 วัน,฿,"1,199.",00,"฿ 1,418.00",-15%,"ซื้อ 1,209฿ ได้รับ 150 พอยท์",,,
https://www.makro.pro/th/p/hphq1eb-7497529983171?info=JTdCJTIyaW5kZXhDbGlja2VkJTIyJTNBNjglN0Q,https://images.mango-prod.siammakro.cloud/SOURCE/fad2ddf0411b4b0f968acce60b869cc2,สมาร์ทฮาร์ท อาหารสุนัขแบบซอง รสไก่รมควันผัก 130 กรัม X 12 ซอง,สั่งเช้า ส่งเย็น,฿,255.,00,฿ 259.00,-1%,,,,
https://www.makro.pro/th/p/kyerqds-7497471361219?info=JTdCJTIyaW5kZXhDbGlja2VkJTIyJTNBNjklN0Q,https://images.mango-prod.siammakro.cloud/product-images/7497471361219-4a4b63dd-8950-488c-b602-c254f97eb85d.jpeg?imageMogr2/thumbnail/300x300,เซพแพ็ค อาหารสุนัขชนิดแห้ง แบบเม็ด สําหรับสุนัขโต รสไก่และตับย่าง 3 กก.,สั่งเช้า ส่งเย็น,"฿

189.

00",฿,00,,,"ซื้อ 1,500฿ ได้รับ 20 พอยท์",,,
https://www.makro.pro/th/p/O0ZVoN-i-440627471595151?info=JTdCJTIyaW5kZXhDbGlja2VkJTIyJTNBNzAlN0Q,https://images.mango-prod.siammakro.cloud/product-images/440627471595151-74f585ee-df65-4cab-9809-cb3d1e3bd978.jpeg?imageMogr2/thumbnail/300x300,สมาร์ทฮาร์ท อาหารสุนัขพันธ์เล็ก รสเนื้ออบ 1 กก. x 3,สั่งเช้า ส่งเย็น,"฿

319.

00",฿,00,,,,,,
https://www.makro.pro/th/p/0ejf5ut-7497482076355?info=JTdCJTIyaW5kZXhDbGlja2VkJTIyJTNBNzElN0Q,https://images.mango-prod.siammakro.cloud/product-images/7497482076355-dca54e58-a601-426f-8eee-5cfe6d0b7708.jpeg?imageMogr2/thumbnail/300x300,สมาร์ทฮาร์ทลูกสุนัขเนื้อวัวนม3กX1,สั่งเช้า ส่งเย็น,฿,269.,00,฿ 286.00,-5%,,,,
https://www.makro.pro/th/p/3Ach97QZ-427123426340999?info=JTdCJTIyaW5kZXhDbGlja2VkJTIyJTNBNzIlN0Q,https://images.mango-prod.siammakro.cloud/product-images/427123426340999-cd0b7e62-de60-4cd2-8784-ebd3b515588b.jpeg?imageMogr2/thumbnail/300x300,สมาร์ทฮาร์ท อาหารลูกสุนัข รสเนื้อวัว & นม 1 กก. x 3,สั่งเช้า ส่งเย็น,"฿

319.

00",฿,00,,,,,,
https://www.makro.pro/th/p/W5KFVHTw-493348121872383?info=JTdCJTIyaW5kZXhDbGlja2VkJTIyJTNBNzMlN0Q,https://images.mango-prod.siammakro.cloud/product-images/493348121872383-a996d5f5-670c-419e-aa15-116615a2c96c.jpeg?imageMogr2/thumbnail/300x300,เพ็ทส์เฟรนด์ อาหารสุนัขโต รสเนื้อและผัก 1 กก. x 5,สั่งเช้า ส่งเย็น,"฿

342.

00",฿,00,,,"ซื้อ 1,500฿ ได้รับ 20 พอยท์",,,
https://www.makro.pro/th/p/laugn9u-7497463890115?info=JTdCJTIyaW5kZXhDbGlja2VkJTIyJTNBNzQlN0Q,https://images.mango-prod.siammakro.cloud/SOURCE/a2a4ae05e2b1448683b025815f8a1508,เจช้อยส์ ขนมสําหรับสุนัข รสไก่ 800 กรัม,สั่งเช้า ส่งเย็น,"฿

203.

00",฿,00,,,"ซื้อ 1,500฿ ได้รับ 20 พอยท์",,,
https://www.makro.pro/th/p/lvZC9aR-837935853973136?info=JTdCJTIyaW5kZXhDbGlja2VkJTIyJTNBNzUlN0Q,https://images.mango-prod.siammakro.cloud/SOURCE/271ad307cffc4dbfaa8b0abbf91d4b84,เพดดิกรี ชแม้กโก้ ขนมสุนัข รสเนื้อรมควัน 70 ก. x 3,สั่งเช้า ส่งเย็น,"฿

135.

00",฿,00,,,ซื้อ 409฿ ได้รับ 29 พอยท์,+1,,
https://www.makro.pro/th/p/a1ao0hd-7497528082627?info=JTdCJTIyaW5kZXhDbGlja2VkJTIyJTNBNzYlN0Q,https://images.mango-prod.siammakro.cloud/product-images/7497528082627-744e112d-f3a5-4f0a-951e-4234dade2504.jpeg?imageMogr2/thumbnail/300x300,PETZFRIEND DOGไก่ย่างตับผัก10กกX1,สั่งเช้า ส่งเย็น,฿,459.,00,฿ 489.00,-6%,"ซื้อ 1,500฿ ได้รับ 20 พอยท์",,,
https://www.makro.pro/th/p/xbl4b-a-7497425617091?info=JTdCJTIyaW5kZXhDbGlja2VkJTIyJTNBNzclN0Q,https://images.mango-prod.siammakro.cloud/product-images/7497425617091-ae660141-376d-4ecd-91cf-8c19937c4392.jpeg?imageMogr2/thumbnail/300x300,เพ็ทส์เฟรนด์ แชมพูสําหรับสุนัขสูตรขนยาว 900 มล.,สั่งเช้า ส่งเย็น,"฿

89.

00",฿,00,,,"ซื้อ 1,500฿ ได้รับ 20 พอยท์",,,
https://www.makro.pro/th/p/ygx9k2o-8758460185023?info=JTdCJTIyaW5kZXhDbGlja2VkJTIyJTNBNzglN0Q,https://images.mango-prod.siammakro.cloud/SOURCE/8e2b9097f3a34ceaa577567584b19593,เพดดิกรี ชแม้กโก้ ขนมสุนัข รสตับย่าง 70 ก. x 3,สั่งเช้า ส่งเย็น,"฿

135.

00",฿,00,,,ซื้อ 409฿ ได้รับ 29 พอยท์,+1,,
https://www.makro.pro/th/p/7eAUDx2m-593348292898318?info=JTdCJTIyaW5kZXhDbGlja2VkJTIyJTNBNzklN0Q,https://images.mango-prod.siammakro.cloud/product-images/593348292898318-b39f6e9a-cfe3-4b8b-88a0-69612285eccf.jpeg?imageMogr2/thumbnail/300x300,เพ็ทส์เฟรนด์ อาหารสุนัขโต รสตับและผัก 1 กก. x 5,สั่งเช้า ส่งเย็น,"฿

259.

00",฿,00,,,"ซื้อ 1,500฿ ได้รับ 20 พอยท์",,,
https://www.makro.pro/th/p/ktbntjn-7416044847299?info=JTdCJTIyaW5kZXhDbGlja2VkJTIyJTNBODAlN0Q,https://images.mango-prod.siammakro.cloud/product-images/7416044847299-fd1cf12f-1b32-4d6f-ad72-50d07d3af2ea.png?imageMogr2/thumbnail/300x300,เพดดิกรีสุนัขโตไก่+ตับย่าง20กก.*1,3 วัน,฿,"1,199.",00,"฿ 1,418.00",-15%,"ซื้อ 1,209฿ ได้รับ 150 พอยท์",,,
https://www.makro.pro/th/p/73qonx4-7497511600323?info=JTdCJTIyaW5kZXhDbGlja2VkJTIyJTNBODElN0Q,https://images.mango-prod.siammakro.cloud/product-images/7497511600323-19e927b6-d42c-41c5-bc1c-3faae3e2ef02.jpeg?imageMogr2/thumbnail/300x300,สมาร์ทฮาร์ท อาหารลูกสุนัข รสเนื้อวัวนม 8 กก.,สั่งเช้า ส่งเย็น,฿,669.,00,฿ 689.00,-2%,,,,
https://www.makro.pro/th/p/she0jbm-7497510092995?info=JTdCJTIyaW5kZXhDbGlja2VkJTIyJTNBODIlN0Q,https://images.mango-prod.siammakro.cloud/product-images/7497510092995-1e12d570-f0b1-4764-b6ad-1f65455d5ef4.jpeg?imageMogr2/thumbnail/300x300,เซพแพ็ค อาหารสุนัขชนิดแห้ง แบบเม็ด สําหรับสุนัขโต รสตับย่าง 3 กก.,สั่งเช้า ส่งเย็น,"฿

139.

00",฿,00,,,"ซื้อ 1,500฿ ได้รับ 20 พอยท์",,,
https://www.makro.pro/th/p/Dl3Ymq3-845179946721537?info=JTdCJTIyaW5kZXhDbGlja2VkJTIyJTNBODMlN0Q,https://images.mango-prod.siammakro.cloud/product-images/845179946721537-1eeba7ef-ee22-4138-8fd8-59ffe3a3df6f.png?imageMogr2/thumbnail/300x300,เจอร์ไฮ เจอร์กี้ ไบท์ 325 ก.,สั่งเช้า ส่งเย็น,฿,219.,00,฿ 236.00,-7%,,,,
https://www.makro.pro/th/p/2-akxuv-7497617375427?info=JTdCJTIyaW5kZXhDbGlja2VkJTIyJTNBODQlN0Q,https://images.mango-prod.siammakro.cloud/SOURCE/7aecc6281ef048a2b06bb15bb8de9f20,เคซี ขนมสุนัข รสสันในไก่นิ่ม 300 ก.,สั่งเช้า ส่งเย็น,฿,219.,00,฿ 222.00,-1%,,,,
https://www.makro.pro/th/p/H9RbMtk-277726220858124?info=JTdCJTIyaW5kZXhDbGlja2VkJTIyJTNBODUlN0Q,https://images.mango-prod.siammakro.cloud/SOURCE/734fb624e4f74ae4b8595993e3bd60fa,สมาร์ทฮาร์ท อาหารสุนัขโต รสเนื้ออบ 20 กก.,1-3 วัน,฿,"1,094.",00,"฿ 1,330.00",-17%,"ซื้อ 1,299฿ ได้รับ 100 พอยท์",,,
https://www.makro.pro/th/p/M_0WIhQ-118672390389542?info=JTdCJTIyaW5kZXhDbGlja2VkJTIyJTNBODYlN0Q,https://images.mango-prod.siammakro.cloud/SOURCE/031580831ac4408d8163c58e50baa746,เพ็ทส์เฟรนด์ สันในไก่เส้น 125 ก.,สั่งเช้า ส่งเย็น,"฿

79.

00",฿,00,,,"ซื้อ 1,500฿ ได้รับ 20 พอยท์",,,
https://www.makro.pro/th/p/0zR1nnk-485009498898606?info=JTdCJTIyaW5kZXhDbGlja2VkJTIyJTNBODclN0Q,https://images.mango-prod.siammakro.cloud/product-images/485009498898606-db950d11-a69d-461c-bedc-2255985bff8d.jpeg?imageMogr2/thumbnail/300x300,เพ็ทเฟรน สุนัขโตเนื้อ+ผัก1กกX15,สั่งเช้า ส่งเย็น,"฿

679.

00",฿,00,,,"ซื้อ 1,500฿ ได้รับ 20 พอยท์",,,
https://www.makro.pro/th/p/xobfknu-7497403367619?info=JTdCJTIyaW5kZXhDbGlja2VkJTIyJTNBODglN0Q,https://images.mango-prod.siammakro.cloud/product-images/7497403367619-65440e2f-5ade-4773-bd55-6e5805c00ffb.png?imageMogr2/thumbnail/300x300,เพดดิกรี อาหารสุนัขโต รสไก่และผัก 20 กก.,3 วัน,฿,"1,199.",00,"฿ 1,418.00",-15%,"ซื้อ 1,209฿ ได้รับ 150 พอยท์",,,
https://www.makro.pro/th/p/vcez1pv-7497470673091?info=JTdCJTIyaW5kZXhDbGlja2VkJTIyJTNBODklN0Q,https://images.mango-prod.siammakro.cloud/product-images/7497470673091-e0cbf50e-4c4f-4ae0-b690-f06d651bb66e.jpeg?imageMogr2/thumbnail/300x300,PETZFRIENDสุนัขโตรสตับผัก10กกX1,สั่งเช้า ส่งเย็น,฿,459.,00,฿ 489.00,-6%,"ซื้อ 1,500฿ ได้รับ 20 พอยท์",,,
https://www.makro.pro/th/p/WOwHgvm-421122080913252?info=JTdCJTIyaW5kZXhDbGlja2VkJTIyJTNBOTAlN0Q,https://images.mango-prod.siammakro.cloud/SOURCE/493132db42cc4265b0bde6fd06ebe44b,เพดดิกรี ชแม้กโก้ ขนมสุนัข รสตับย่าง 300 ก.,3 วัน,฿,146.,00,฿ 152.00,-3%,ซื้อ 409฿ ได้รับ 29 พอยท์,+1,,
https://www.makro.pro/th/p/rgak5so-7497424601283?info=JTdCJTIyaW5kZXhDbGlja2VkJTIyJTNBOTElN0Q,https://images.mango-prod.siammakro.cloud/SOURCE/d5fb64b73205407588dec9cf6bd6e22c,เคซี ขนมสุนัข รสสันในไก่กรอบ 200 ก.,สั่งเช้า ส่งเย็น,฿,219.,00,฿ 222.00,-1%,,,,
https://www.makro.pro/th/p/rm94zdn-7497485091011?info=JTdCJTIyaW5kZXhDbGlja2VkJTIyJTNBOTIlN0Q,https://images.mango-prod.siammakro.cloud/product-images/7497485091011-e478c515-9de0-4337-b134-76c831f960bc.jpeg?imageMogr2/thumbnail/300x300,เพ็ทส์เฟรนด์ แชมพูสูตรสําหรับลูกสุนัข 900 มล.,สั่งเช้า ส่งเย็น,"฿

89.

00",฿,00,,,"ซื้อ 1,500฿ ได้รับ 20 พอยท์",,,
https://www.makro.pro/th/p/W6BUX_z-993659888867773?info=JTdCJTIyaW5kZXhDbGlja2VkJTIyJTNBOTMlN0Q,https://images.mango-prod.siammakro.cloud/SOURCE/aef7f2f95de84a308e452e744eb05179,เจอร์ไฮ สติ๊ก สตรอเบอรี่ 400 ก.,สั่งเช้า ส่งเย็น,฿,219.,00,฿ 230.00,-4%,,,,
https://www.makro.pro/th/p/mtybKVp-828013124371389?info=JTdCJTIyaW5kZXhDbGlja2VkJTIyJTNBOTQlN0Q,https://images.mango-prod.siammakro.cloud/SOURCE/14a093858d024b8f80c67dae0c73aec5,สมาร์ทฮาร์ท อาหารสุนัขโต รสไก่และตับ 20 กก.,1-3 วัน,฿,"1,100.",00,"฿ 1,330.00",-17%,"ซื้อ 1,299฿ ได้รับ 100 พอยท์",,,
https://www.makro.pro/th/p/0uEmDS_-531954720070?info=JTdCJTIyaW5kZXhDbGlja2VkJTIyJTNBOTUlN0Q,https://images.mango-prod.siammakro.cloud/SOURCE/c6889d1276ad4c00bdc426a8adef86be,เพดดิกรี ชแม้กโก้สติ้ก ขนมสุนัข รสตับย่าง 300 ก.,3 วัน,฿,146.,00,฿ 152.00,-3%,ซื้อ 409฿ ได้รับ 29 พอยท์,+1,,
https://www.makro.pro/th/p/oKPIEm4-526348912243683?info=JTdCJTIyaW5kZXhDbGlja2VkJTIyJTNBOTYlN0Q,https://images.mango-prod.siammakro.cloud/SOURCE/790a9be93ebf4d05ad859ac6bd6db051,เพ็ทส์เฟรนด์ ไก่พันเกลียว 5 นิ้ว 125 ก.,สั่งเช้า ส่งเย็น,"฿

79.

00",฿,00,,,"ซื้อ 1,500฿ ได้รับ 20 พอยท์",,,
https://www.makro.pro/th/p/ycm00l6-7497349005507?info=JTdCJTIyaW5kZXhDbGlja2VkJTIyJTNBOTclN0Q,https://images.mango-prod.siammakro.cloud/SOURCE/12e04e086d214f3bb1aad4331ecc372c,เพดดิกรี มินิ รสวัวแกะผัก8กกX1,3 วัน,"฿

669.

00",฿,00,,,ซื้อ 409฿ ได้รับ 29 พอยท์,+1,,
https://www.makro.pro/th/p/l9_jH-S-549034971144733?info=JTdCJTIyaW5kZXhDbGlja2VkJTIyJTNBOTglN0Q,https://images.mango-prod.siammakro.cloud/SOURCE/47ba302de1d84dfca649fd225f9056dc,สมาร์ทฮาร์ท อาหารสุนัขโต รสตับรมควัน 20 กก.,1-3 วัน,฿,"1,094.",00,"฿ 1,330.00",-17%,"ซื้อ 1,299฿ ได้รับ 100 พอยท์",,,
https://www.makro.pro/th/p/aTo-28G-30662003469281?info=JTdCJTIyaW5kZXhDbGlja2VkJTIyJTNBOTklN0Q,https://images.mango-prod.siammakro.cloud/SOURCE/830ef3672f264813b66637f14dd7bb6b,สมาร์ทฮาร์ท อาหารสุนัข สุนัขโต รสไก่และไข่ 20กก.,1-3 วัน,฿,"1,094.",00,"฿ 1,330.00",-17%,"ซื้อ 1,299฿ ได้รับ 100 พอยท์",,,
https://www.makro.pro/th/p/q8o7mqn-222781456878047?info=JTdCJTIyaW5kZXhDbGlja2VkJTIyJTNBMTAwJTdE,https://images.mango-prod.siammakro.cloud/SOURCE/4621c0b1fc504ceaaf0203971626e72a,เพดดิกรี ชแม้กโก้สติ้ก ขนมสุนัข รสเนื้อรมควัน 300 ก.,3 วัน,฿,146.,00,฿ 152.00,-3%,ซื้อ 409฿ ได้รับ 29 พอยท์,+1,,
https://www.makro.pro/th/p/SILSvD8-166421469093924?info=JTdCJTIyaW5kZXhDbGlja2VkJTIyJTNBMTAxJTdE,https://images.mango-prod.siammakro.cloud/product-images/166421469093924-5042172f-c6a8-4c17-bf5d-80ddacf1d0d8.jpeg?imageMogr2/thumbnail/300x300,เพ็ทส์เฟรนด์ อาหารสุนัขโต รสไก่ย่าง ตับและผัก 1 กก. x 15,สั่งเช้า ส่งเย็น,"฿

679.

00",฿,00,,,"ซื้อ 1,500฿ ได้รับ 20 พอยท์",,,
https://www.makro.pro/th/p/70i413h-7497479225539?info=JTdCJTIyaW5kZXhDbGlja2VkJTIyJTNBMTAyJTdE,https://images.mango-prod.siammakro.cloud/product-images/7497479225539-61166a7e-a447-454f-8f53-dea0391119cd.jpeg?imageMogr2/thumbnail/300x300,เพ็ทส์เฟรนด์ แชมพูสูตรสําหรับสุนัขขนสั้น 900 มล.,สั่งเช้า ส่งเย็น,"฿

89.

00",฿,00,,,"ซื้อ 1,500฿ ได้รับ 20 พอยท์",,,
https://www.makro.pro/th/p/IZtLxKzQ-973623208848585?info=JTdCJTIyaW5kZXhDbGlja2VkJTIyJTNBMTAzJTdE,https://images.mango-prod.siammakro.cloud/product-images/973623208848585-6456ec68-5984-4c46-b1ac-5c0dbea02198.jpeg?imageMogr2/thumbnail/300x300,เพ็ทส์ เฟรนด์ อาหารเปียกสุนัข เนื้อชิ้นในเกรวี่ 130 ก. x 12,สั่งเช้า ส่งเย็น,฿,169.,00,฿ 221.00,-23%,"ซื้อ 1,500฿ ได้รับ 20 พอยท์",,,
https://www.makro.pro/th/p/OHcoC7j-106838226477508?info=JTdCJTIyaW5kZXhDbGlja2VkJTIyJTNBMTA0JTdE,https://images.mango-prod.siammakro.cloud/SOURCE/4e4081f7e7b1413c8942384974d12233,สมาร์ทฮาร์ท อาหารสุนัข สําหรับลูกสุนัข รสเนื้อวัวและนม 15กก.,1-3 วัน,฿,"1,050.",00,"฿ 1,250.00",-16%,"ซื้อ 1,299฿ ได้รับ 100 พอยท์",,,
https://www.makro.pro/th/p/LjL-VG7-656041827395573?info=JTdCJTIyaW5kZXhDbGlja2VkJTIyJTNBMTA1JTdE,https://images.mango-prod.siammakro.cloud/SOURCE/16b1e753199844dd99e688b32078370f,สมาร์ทฮาร์ท โกลด์ ฟิตแอนด์เฟิร์ม อาหารสุนัขโต 20กก.,1-3 วัน,฿,"1,350.",00,"฿ 1,605.00",-15%,"ซื้อ 1,299฿ ได้รับ 100 พอยท์",,,
https://www.makro.pro/th/p/8JDTHaL-280591714085756?info=JTdCJTIyaW5kZXhDbGlja2VkJTIyJTNBMTA2JTdE,https://images.mango-prod.siammakro.cloud/SOURCE/7296f45753f048519083453ec038bdda,เพ็ทส์เฟรนด์ เกลียวไก่ปิ้ง 125 ก.,สั่งเช้า ส่งเย็น,"฿

79.

00",฿,00,,,"ซื้อ 1,500฿ ได้รับ 20 พอยท์",,,
https://www.makro.pro/th/p/sJm-Hah0-277562206970181?info=JTdCJTIyaW5kZXhDbGlja2VkJTIyJTNBMTA3JTdE,https://images.mango-prod.siammakro.cloud/product-images/277562206970181-d8b977e5-3b83-4d11-bc3c-ccfe03ffc27f.jpeg?imageMogr2/thumbnail/300x300,เพ็ทส์ เฟรนด์ อาหารเปียกสุนัข ตับย่างและผักในเยลลี่ 130 ก. x 12,สั่งเช้า ส่งเย็น,฿,169.,00,฿ 221.00,-23%,"ซื้อ 1,500฿ ได้รับ 20 พอยท์",,,
https://www.makro.pro/th/p/9s46ynd-7497488826563?info=JTdCJTIyaW5kZXhDbGlja2VkJTIyJTNBMTA4JTdE,https://images.mango-prod.siammakro.cloud/SOURCE/e71f3397aa8d47f5a24f507114b4986d,เจอร์ไฮ มีท แอส มีลส์ อาหารสุนัขชนิดเม็ด สําหรับสุนัขพันธุ์เล็ก รสไก่ผสมตับ 500 ก.,3 วัน,"฿

223.

00",฿,00,,,,,,
https://www.makro.pro/th/p/6pOlhp-l-197943690795384?info=JTdCJTIyaW5kZXhDbGlja2VkJTIyJTNBMTA5JTdE,https://images.mango-prod.siammakro.cloud/product-images/197943690795384-8dbe9e38-2fcf-4518-9b40-8f996482e604.jpeg?imageMogr2/thumbnail/300x300,เพ็ทส์ เฟรนด์ อาหารเปียกสุนัข รสไก่และตับวัวในเกรวี่ 130 ก. x 12,สั่งเช้า ส่งเย็น,฿,189.,00,฿ 221.00,-14%,"ซื้อ 1,500฿ ได้รับ 20 พอยท์",,,
https://www.makro.pro/th/p/2zrvuI6-425875035421713?info=JTdCJTIyaW5kZXhDbGlja2VkJTIyJTNBMTEwJTdE,https://images.mango-prod.siammakro.cloud/SOURCE/5ae6eab744c64162b073006c08cb5180,สมาร์ทฮาร์ท อาหารสุนัข พันธุ์เล็ก รสสเต็กเนื้อ 8 กก.,1-3 วัน,฿,639.,00,฿ 790.00,-19%,"ซื้อ 1,299฿ ได้รับ 100 พอยท์",,,
https://www.makro.pro/th/p/6usgo9j-7497571401923?info=JTdCJTIyaW5kZXhDbGlja2VkJTIyJTNBMTExJTdE,https://images.mango-prod.siammakro.cloud/product-images/7497571401923-7b2aefb6-5b80-4c11-835f-b53b60a892d9.jpeg?imageMogr2/thumbnail/300x300,เพดดิกรี สุนัขโตรสไก่+ผัก 10กก.*1,3 วัน,฿,649.,00,฿ 790.00,-17%,ซื้อ 409฿ ได้รับ 29 พอยท์,+1,,
https://www.makro.pro/th/p/ewi1civ-7497428336835?info=JTdCJTIyaW5kZXhDbGlja2VkJTIyJTNBMTEyJTdE,https://images.mango-prod.siammakro.cloud/product-images/7497428336835-29b51da6-2d50-463e-acaa-7bd9c4f19a2d.jpeg?imageMogr2/thumbnail/300x300,เจอร์ไฮ มีท แอส มีลส์ อาหารสุนัขชนิดเม็ด สําหรับสุนัขพันธุ์เล็ก รสไก่ 500 ก.,3 วัน,฿,199.,00,฿ 219.00,-9%,,,,
https://www.makro.pro/th/p/ztru3_d-7499788779715?info=JTdCJTIyaW5kZXhDbGlja2VkJTIyJTNBMTEzJTdE,https://images.mango-prod.siammakro.cloud/SOURCE/e5ff07dffde6483297340c262a046f40,เจอร์ไฮ ขนมสุนัข รสนม 420 ก.,3 วัน,฿,235.,00,฿ 245.00,-4%,,,,
https://www.makro.pro/th/p/ozV_IX7-590937910647556?info=JTdCJTIyaW5kZXhDbGlja2VkJTIyJTNBMTE0JTdE,https://images.mango-prod.siammakro.cloud/SOURCE/f0e25bf5ebe946b59064c6d26665094e,BEARING Pure Bites ขนมสุนัข เพื่อสุขภาพ อาหารสุนัข สันในไก่อบแห้ง แท้ 100% เคี้ยวสนุก เค็มต่ํา ไขมันต่ํา โปรตีนสูง 50g Chicken,1-3 วัน,฿,56.,00,฿ 79.00,-29%,ซื้ออย่างน้อย 349฿ ลดเพิ่ม 5%,,,
https://www.makro.pro/th/p/j-GwHOP-706005965726738?info=JTdCJTIyaW5kZXhDbGlja2VkJTIyJTNBMTE1JTdE,https://images.mango-prod.siammakro.cloud/SOURCE/5bd8a7701e6547ec983d52aa8bd03c72,สมาร์ทฮาร์ท โกลด์ อาหารสุนัข สูตรโฮลิสติก สุนัขโตพันธุ์เล็ก 7.5กก.,1-3 วัน,฿,819.,00,฿ 965.00,-15%,"ซื้อ 1,299฿ ได้รับ 100 พอยท์",,,
https://www.makro.pro/th/p/i7vY6gI-31510048485094?info=JTdCJTIyaW5kZXhDbGlja2VkJTIyJTNBMTE2JTdE,https://images.mango-prod.siammakro.cloud/SOURCE/7856c93c5d6d458b8360821f5e300929,สมาร์ทฮาร์ท โกลด์ ฟิตแอนด์เฟิร์ม 7+ อาหารสุนัขสูงอายุ พันธุ์เล็ก 10กก.,1-3 วัน,฿,990.,00,"฿ 1,175.00",-15%,"ซื้อ 1,299฿ ได้รับ 100 พอยท์",,,
https://www.makro.pro/th/p/AQLCe37-307598511033851?info=JTdCJTIyaW5kZXhDbGlja2VkJTIyJTNBMTE3JTdE,https://images.mango-prod.siammakro.cloud/SOURCE/05245cc08154492cb90d8aaa8a28326f,สมาร์ทฮาร์ท โกลด์ ฟิตแอนด์เฟิร์ม 7+ อาหารสุนัขสูงอายุ พันธุ์กลาง-ใหญ่ 10กก.,1-3 วัน,฿,828.,00,"฿ 1,020.00",-18%,"ซื้อ 1,299฿ ได้รับ 100 พอยท์",,,
https://www.makro.pro/th/p/VsY9Z_i-726009435618293?info=JTdCJTIyaW5kZXhDbGlja2VkJTIyJTNBMTE4JTdE,https://images.mango-prod.siammakro.cloud/SOURCE/a3f3506787e84ccc9d97757380aac63f,"BEARING ขนมสุนัข ขนมหมา เนื้อไก่อัดแท่ง Jerky Treats Soft Snack รสตับย่าง,50 กรัม",1-3 วัน,฿,23.,00,฿ 29.00,-20%,ซื้ออย่างน้อย 349฿ ลดเพิ่ม 5%,,,
https://www.makro.pro/th/p/qXZMo8V-776940683453311?info=JTdCJTIyaW5kZXhDbGlja2VkJTIyJTNBMTE5JTdE,https://images.mango-prod.siammakro.cloud/SOURCE/db84ea02b38344898f897e6a0adf7eb6,เลิฟแคร์ อาหารสุนัข สุนัขโตพันธุ์ใหญ่ 15 กก.,1-3 วัน,฿,"1,210.",00,"฿ 1,620.00",-25%,"ซื้อ 1,299฿ ได้รับ 100 พอยท์",,,
https://www.makro.pro/th/p/a6gva3SO-530893261188536?info=JTdCJTIyaW5kZXhDbGlja2VkJTIyJTNBMTIwJTdE,https://images.mango-prod.siammakro.cloud/product-images/530893261188536-94a034a3-a10b-4ed3-a434-33d7fd80905e.jpeg?imageMogr2/thumbnail/300x300,สมาร์ทฮาร์ท อาหารสุนัขเปียก เนื้อวัวและตับ 400 ก. x 6,สั่งเช้า ส่งเย็น,฿,249.,00,฿ 255.00,-2%,,,,
https://www.makro.pro/th/p/m7dE32z-107820157095739?info=JTdCJTIyaW5kZXhDbGlja2VkJTIyJTNBMTIxJTdE,https://images.mango-prod.siammakro.cloud/SOURCE/ef03022fa0714eaabb2a3a9cac2b2d9d,สมาร์ทฮาร์ท ไลฟ์ อาหารสุนัขพันธุ์เล็ก 10 กก.,1-3 วัน,฿,743.,00,฿ 915.00,-18%,"ซื้อ 1,299฿ ได้รับ 100 พอยท์",,,
https://www.makro.pro/th/p/mMxo_nc-228972704710416?info=JTdCJTIyaW5kZXhDbGlja2VkJTIyJTNBMTIyJTdE,https://images.mango-prod.siammakro.cloud/SOURCE/6924d250666d45a7a174cfbbc6dcaa00,"BEARING ขนมสุนัข ขนมหมา เนื้อไก่อัดแท่ง Jerky Treats Soft Snack รสนม,50 กรัม",1-3 วัน,฿,23.,00,฿ 29.00,-20%,ซื้ออย่างน้อย 349฿ ลดเพิ่ม 5%,,,
https://www.makro.pro/th/p/j0l97kl-7499714560195?info=JTdCJTIyaW5kZXhDbGlja2VkJTIyJTNBMTIzJTdE,https://images.mango-prod.siammakro.cloud/product-images/7499714560195-f8110c0e-68ce-4599-9821-01ff3c887815.jpeg?imageMogr2/thumbnail/300x300,เจอร์ไฮ ขนมสุนัข สติ๊ก 420 ก.,3 วัน,฿,216.,00,฿ 230.00,-6%,,,,
https://www.makro.pro/th/p/8rNNcEA-986304589039911?info=JTdCJTIyaW5kZXhDbGlja2VkJTIyJTNBMTI0JTdE,https://images.mango-prod.siammakro.cloud/SOURCE/a39fb126941c4b35967de6460532b754,"BEARING ขนมสุนัข ขนมหมา เนื้อไก่อัดแท่ง Jerky Treats Soft Snack รสเนื้อแกะ,50 กรัม",1-3 วัน,฿,23.,00,฿ 29.00,-20%,ซื้ออย่างน้อย 349฿ ลดเพิ่ม 5%,,,
https://www.makro.pro/th/p/YFU_Ryd-885653916660140?info=JTdCJTIyaW5kZXhDbGlja2VkJTIyJTNBMTI1JTdE,https://images.mango-prod.siammakro.cloud/SOURCE/820f9de4f7e54f5daf2f272340627f34,"BEARING ขนมสุนัข ขนมหมา เนื้อไก่อัดแท่ง Jerky Treats Soft Snack รสเนื้อและตับ,50 กรัม",1-3 วัน,฿,23.,00,฿ 29.00,-20%,ซื้ออย่างน้อย 349฿ ลดเพิ่ม 5%,,,
https://www.makro.pro/th/p/ZDx7oWK-752363189920257?info=JTdCJTIyaW5kZXhDbGlja2VkJTIyJTNBMTI2JTdE,https://images.mango-prod.siammakro.cloud/SOURCE/c6888c67d85e43088529eb77a1d4f608,"BEARING ขนมสุนัข ขนมหมา เนื้อไก่อัดแท่ง Jerky Treats Soft Snack รสบาร์บีคิว,50 กรัม",1-3 วัน,฿,23.,00,฿ 29.00,-20%,ซื้ออย่างน้อย 349฿ ลดเพิ่ม 5%,,,
https://www.makro.pro/th/p/7TEM-2W-779790205454247?info=JTdCJTIyaW5kZXhDbGlja2VkJTIyJTNBMTI3JTdE,https://images.mango-prod.siammakro.cloud/SOURCE/9416c20760c445078911606ad10643c2,คานิว่า อาหารสุนัข สําหรับสุนัขพันธุ์เล็ก สูตรเลี้ยงในบ้าน ขนาด 1.3 กก.,1-3 วัน,฿,264.,00,฿ 269.00,-1%,,,,
https://www.makro.pro/th/p/OZXBkJU-288835543065670?info=JTdCJTIyaW5kZXhDbGlja2VkJTIyJTNBMTI4JTdE,https://images.mango-prod.siammakro.cloud/SOURCE/a5bb4701ca0c4a6eb371535eec089916,คานิว่า อาหารสุนัข สูตรเนื้อปลาแซลมอน ทูน่าและข้าว ขนาด 1.4 กก.,1-3 วัน,฿,264.,00,฿ 269.00,-1%,,,,
https://www.makro.pro/th/p/03hVTWh-620900254690424?info=JTdCJTIyaW5kZXhDbGlja2VkJTIyJTNBMTI5JTdE,https://images.mango-prod.siammakro.cloud/SOURCE/ee958a7ee0e54300be0c533c24993245,"BEARING ขนมสุนัข ขนมหมา เนื้อไก่อัดแท่ง Jerky Treats Soft Snack รสชีส,50 กรัม",1-3 วัน,฿,23.,00,฿ 29.00,-20%,ซื้ออย่างน้อย 349฿ ลดเพิ่ม 5%,,,
https://www.makro.pro/th/p/mCO1ndk-854345563410771?info=JTdCJTIyaW5kZXhDbGlja2VkJTIyJTNBMTMwJTdE,https://images.mango-prod.siammakro.cloud/SOURCE/fb0bda5505e5423586d491262a8bd66b,"BEARING ขนมสุนัข ขนมหมา เนื้อไก่อัดแท่ง Jerky Treats Soft Snack รสไก่ย่าง,50 กรัม",1-3 วัน,฿,23.,00,฿ 29.00,-20%,ซื้ออย่างน้อย 349฿ ลดเพิ่ม 5%,,,
https://www.makro.pro/th/p/MBiQjYV-18722122045772?info=JTdCJTIyaW5kZXhDbGlja2VkJTIyJTNBMTMxJTdE,https://images.mango-prod.siammakro.cloud/SOURCE/ac36d15a6a9d4e2da9dc2cacd16bea9e,สมาร์ทฮาร์ท โกลด์ โฮลิสติก อาหารสุนัข โตพันธุ์กลาง-ใหญ่ 15 กก.,1-3 วัน,฿,"1,420.",00,"฿ 1,734.00",-18%,"ซื้อ 1,299฿ ได้รับ 100 พอยท์",,,
https://www.makro.pro/th/p/t6FSEBX-618783756535436?info=JTdCJTIyaW5kZXhDbGlja2VkJTIyJTNBMTMyJTdE,https://images.mango-prod.siammakro.cloud/SOURCE/9ec08e9415e54a6fabdd3724ef37c41c,เลิฟแคร์ อาหารสุนัข สุนัขโตพันธุ์เล็ก 15 กก.,1-3 วัน,฿,"1,310.",00,"฿ 1,610.00",-18%,"ซื้อ 1,299฿ ได้รับ 100 พอยท์",,,
https://www.makro.pro/th/p/GOX82M5-454005484269452?info=JTdCJTIyaW5kZXhDbGlja2VkJTIyJTNBMTMzJTdE,https://images.mango-prod.siammakro.cloud/SOURCE/2653907cf3954268af5d27a416007469,สมาร์ทฮาร์ท ไลฟ์ อาหารสุนัขพันธุ์เล็ก 20 กก.,1-3 วัน,฿,"1,314.",00,"฿ 1,620.00",-18%,"ซื้อ 1,299฿ ได้รับ 100 พอยท์",,,
https://www.makro.pro/th/p/8ACkcN--944248820331891?info=JTdCJTIyaW5kZXhDbGlja2VkJTIyJTNBMTM0JTdE,https://images.mango-prod.siammakro.cloud/SOURCE/6f9a4b45bbe5420d942b2eedbbd7e889,สมาร์ทฮาร์ท ไลฟ์ อาหารสุนัข สําหรับลูกสุนัข 15 กก.,1-3 วัน,฿,"1,030.",00,"฿ 1,270.00",-18%,"ซื้อ 1,299฿ ได้รับ 100 พอยท์",,,
https://www.makro.pro/th/p/vNA8nJN-270358730149372?info=JTdCJTIyaW5kZXhDbGlja2VkJTIyJTNBMTM1JTdE,https://images.mango-prod.siammakro.cloud/SOURCE/8e1e8cb1b79c45ad984ec8a89a6eca0d,"BEARING ขนมสุนัข ขนมหมา เนื้อไก่อัดแท่ง Jerky Treats Soft Snack รสชีส,80 กรัม",1-3 วัน,฿,37.,00,฿ 59.00,-37%,ซื้ออย่างน้อย 349฿ ลดเพิ่ม 5%,,,
https://www.makro.pro/th/p/ooDh9ww-361301863013997?info=JTdCJTIyaW5kZXhDbGlja2VkJTIyJTNBMTM2JTdE,https://images.mango-prod.siammakro.cloud/SOURCE/ef24448959b140ac9e3a2a5cf9fb5636,สมาร์ทฮาร์ท โกลด์ ฟิตแอนด์เฟิร์ม 7+ อาหารสุนัขสูงอายุ พันธุ์เล็ก 20กก.,1-3 วัน,฿,"1,600.",00,"฿ 1,960.00",-18%,"ซื้อ 1,299฿ ได้รับ 100 พอยท์",,,
https://www.makro.pro/th/p/Jm9C2e_-605273323517308?info=JTdCJTIyaW5kZXhDbGlja2VkJTIyJTNBMTM3JTdE,https://images.mango-prod.siammakro.cloud/SOURCE/63531f133f324877b07c9a594cce7d05,คานิว่า อาหารสุนัข สําหรับสุนัขพันธุ์เล็ก สูตรสกินแอนด์โคท ขนาด 370 ก.,1-3 วัน,฿,87.,00,฿ 89.00,-2%,,,,
https://www.makro.pro/th/p/LHveGiw-677992533601261?info=JTdCJTIyaW5kZXhDbGlja2VkJTIyJTNBMTM4JTdE,https://images.mango-prod.siammakro.cloud/SOURCE/e55835b45c184d98b357d07d412886e2,"BEARING ขนมสุนัข ขนมหมา เนื้อไก่อัดแท่ง Jerky Treats Soft Snack รสเนื้อและตับ,300 กรัม",1-3 วัน,฿,117.,00,฿ 145.00,-19%,ซื้ออย่างน้อย 349฿ ลดเพิ่ม 5%,,,
https://www.makro.pro/th/p/xey5nS1-719875410514087?info=JTdCJTIyaW5kZXhDbGlja2VkJTIyJTNBMTM5JTdE,https://images.mango-prod.siammakro.cloud/SOURCE/6c8dc27623f1448897fa637c7ccaf2cd,"BEARING ขนมสุนัข ขนมหมา เนื้อไก่อัดแท่ง Jerky Treats Soft Snack รสนม,80 กรัม",1-3 วัน,฿,37.,00,฿ 59.00,-37%,ซื้ออย่างน้อย 349฿ ลดเพิ่ม 5%,,,
https://www.makro.pro/th/p/wIJ8K4A-645120001765837?info=JTdCJTIyaW5kZXhDbGlja2VkJTIyJTNBMTQwJTdE,https://images.mango-prod.siammakro.cloud/SOURCE/e600ded73d3a4437ba5cb1fc19a915ca,"BEARING ขนมสุนัข ขนมหมา เนื้อไก่อัดแท่ง Jerky Treats Soft Snack รสเนื้อแกะ,80 กรัม",1-3 วัน,฿,37.,00,฿ 59.00,-37%,ซื้ออย่างน้อย 349฿ ลดเพิ่ม 5%,,,
https://www.makro.pro/th/p/1_ts6an-528216978279143?info=JTdCJTIyaW5kZXhDbGlja2VkJTIyJTNBMTQxJTdE,https://images.mango-prod.siammakro.cloud/SOURCE/6d1160af7ea44f3ca662f74f363ea21e,BEARING Dog Milk with Casein นมผงสําหรับลูกสุนัข นมผงทดแทนนมแม่ สําหรับลูกสุนัข โปรตีนสูง เสริมสร้างภูมิคุ้มกัน 300g,1-3 วัน,฿,172.,00,฿ 199.00,-13%,ซื้ออย่างน้อย 349฿ ลดเพิ่ม 5%,,,
https://www.makro.pro/th/p/TpYCQVE-620020407187452?info=JTdCJTIyaW5kZXhDbGlja2VkJTIyJTNBMTQyJTdE,https://images.mango-prod.siammakro.cloud/SOURCE/4227b20715f0475fb75613e5644ad30b,"BEARING ขนมสุนัข ขนมหมา เนื้อไก่อัดแท่ง Jerky Treats Soft Snack รสตับย่าง,300 กรัม",1-3 วัน,฿,117.,00,฿ 145.00,-19%,ซื้ออย่างน้อย 349฿ ลดเพิ่ม 5%,,,
https://www.makro.pro/th/p/-UD1_Ap-976072172700078?info=JTdCJTIyaW5kZXhDbGlja2VkJTIyJTNBMTQzJTdE,https://images.mango-prod.siammakro.cloud/SOURCE/25daded6d47943d297f1d12b57e52195,คานิว่า อาหารสุนัข สูตรเนื้อไก่ ปลาทูน่าและข้าว ขนาด 1.5 กก.,1-3 วัน,฿,264.,00,฿ 269.00,-1%,,,,
https://www.makro.pro/th/p/p4WrxZA-394023258790949?info=JTdCJTIyaW5kZXhDbGlja2VkJTIyJTNBMTQ0JTdE,https://images.mango-prod.siammakro.cloud/SOURCE/2d1b12dc557f43feb094aa641eff8214,สมาร์ทฮาร์ท อาหารลูกสุนัขพันธุ์เล็ก 8 กก.,1-3 วัน,฿,662.,00,฿ 805.00,-17%,"ซื้อ 1,299฿ ได้รับ 100 พอยท์",,,
https://www.makro.pro/th/p/EzTgd8r-643038738614136?info=JTdCJTIyaW5kZXhDbGlja2VkJTIyJTNBMTQ1JTdE,https://images.mango-prod.siammakro.cloud/SOURCE/e281d849234f48e9b619a3caf2afe159,BEARING Happy Dog Treats แบร์ริ่ง แฮปปี้ ด็อก ทรีทส์ ขนมหมาเลีย ไม่เค็ม 15g เนื้อและตับ,1-3 วัน,฿,50.,00,฿ 64.00,-21%,ซื้ออย่างน้อย 349฿ ลดเพิ่ม 5%,,,
https://www.makro.pro/th/p/vHT7Vdz-607557902798248?info=JTdCJTIyaW5kZXhDbGlja2VkJTIyJTNBMTQ2JTdE,https://images.mango-prod.siammakro.cloud/SOURCE/5cc889de8225428cbaacf649ae223787,"BEARING ขนมสุนัข ขนมหมา เนื้อไก่อัดแท่ง Jerky Treats Soft Snack รสไก่ย่าง,80 กรัม",1-3 วัน,฿,37.,00,฿ 59.00,-37%,ซื้ออย่างน้อย 349฿ ลดเพิ่ม 5%,,,
https://www.makro.pro/th/p/40-pup6-676324141858958?info=JTdCJTIyaW5kZXhDbGlja2VkJTIyJTNBMTQ3JTdE,https://images.mango-prod.siammakro.cloud/SOURCE/dc978ecbded74420b247353329f0f5d7,คานิว่า อาหารสุนัข สูตรเนื้อแกะ ปลาทูน่าและข้าว ขนาด 1.5 กก.,1-3 วัน,฿,264.,00,฿ 269.00,-1%,,,,
https://www.makro.pro/th/p/6ezQuY8-439513605346930?info=JTdCJTIyaW5kZXhDbGlja2VkJTIyJTNBMTQ4JTdE,https://images.mango-prod.siammakro.cloud/SOURCE/3819b634bb8c44129eec1d3243bd117d,BEARING Happy Dog Treats แบร์ริ่ง แฮปปี้ ด็อก ทรีทส์ ขนมหมาเลีย ไม่เค็ม 15g ตับ,1-3 วัน,฿,50.,00,฿ 64.00,-21%,ซื้ออย่างน้อย 349฿ ลดเพิ่ม 5%,,,
https://www.makro.pro/th/p/gzcwGWd-426749126308525?info=JTdCJTIyaW5kZXhDbGlja2VkJTIyJTNBMTQ5JTdE,https://images.mango-prod.siammakro.cloud/SOURCE/17427ea0e3384859b6ef0205c9749463,"BEARING ขนมสุนัข ขนมหมา เนื้อไก่อัดแท่ง Jerky Treats Soft Snack รสตับย่าง,80 กรัม",1-3 วัน,฿,37.,00,฿ 59.00,-37%,ซื้ออย่างน้อย 349฿ ลดเพิ่ม 5%,,,
https://www.makro.pro/th/p/13hkSiG-860517590205135?info=JTdCJTIyaW5kZXhDbGlja2VkJTIyJTNBMTUwJTdE,https://images.mango-prod.siammakro.cloud/SOURCE/1214ac4349e64027b6a95fcb238e3530,คานิว่า อาหารสุนัข สําหรับสุนัขพันธุ์เล็ก สูตรสกินแอนด์โคท ขนาด 1.3 กก.,1-3 วัน,฿,264.,00,฿ 269.00,-1%,,,,
https://www.makro.pro/th/p/2bwrRIL-490690060955443?info=JTdCJTIyaW5kZXhDbGlja2VkJTIyJTNBMTUxJTdE,https://images.mango-prod.siammakro.cloud/SOURCE/809dc486ee2b4222a51d07b99c2ec8e0,"BEARING ขนมสุนัข ขนมหมา เนื้อไก่อัดแท่ง Jerky Treats Soft Snack รสบาร์บีคิว,80 กรัม",1-3 วัน,฿,37.,00,฿ 59.00,-37%,ซื้ออย่างน้อย 349฿ ลดเพิ่ม 5%,,,
https://www.makro.pro/th/p/UgGI8zG-841770057373766?info=JTdCJTIyaW5kZXhDbGlja2VkJTIyJTNBMTUyJTdE,https://images.mango-prod.siammakro.cloud/SOURCE/a32de17dfa9745129f54a7fedc29319a,สมาร์ทฮาร์ท พาวเวอร์แพ็ค อาหารลูกสุนัข ขนาด 10 กก.,1-3 วัน,฿,815.,00,฿ 980.00,-16%,"ซื้อ 1,299฿ ได้รับ 100 พอยท์",,,
https://www.makro.pro/th/p/R3It6ta-614263627305300?info=JTdCJTIyaW5kZXhDbGlja2VkJTIyJTNBMTUzJTdE,https://images.mango-prod.siammakro.cloud/SOURCE/59164bf79a0b45b0b469d59667f68982,คานิว่า อาหารสุนัข สูตรเนื้อปลาแซลมอน ทูน่าและข้าว ขนาด 3 กก.,1-3 วัน,฿,529.,00,฿ 540.00,-2%,,,,
https://www.makro.pro/th/p/9Pq9FqC-819333099322623?info=JTdCJTIyaW5kZXhDbGlja2VkJTIyJTNBMTU0JTdE,https://images.mango-prod.siammakro.cloud/SOURCE/8bb56a4b5f60474fbfeb3964988bdfc5,"BEARING ขนมสุนัข ขนมหมา เนื้อไก่อัดแท่ง Jerky Treats Soft Snack รสเนื้อและตับ,80 กรัม",1-3 วัน,฿,37.,00,฿ 59.00,-37%,ซื้ออย่างน้อย 349฿ ลดเพิ่ม 5%,,,
https://www.makro.pro/th/p/LXxqfUM-772621905669600?info=JTdCJTIyaW5kZXhDbGlja2VkJTIyJTNBMTU1JTdE,https://images.mango-prod.siammakro.cloud/SOURCE/5dc8eb05381347dda1a955d7d38bb33e,BEARING Happy Dog Treats แบร์ริ่ง แฮปปี้ ด็อก ทรีทส์ ขนมหมาเลีย ไม่เค็ม 15g ไก่ย่าง,1-3 วัน,฿,50.,00,฿ 64.00,-21%,ซื้ออย่างน้อย 349฿ ลดเพิ่ม 5%,,,
https://www.makro.pro/th/p/52xOcwt-994121609970846?info=JTdCJTIyaW5kZXhDbGlja2VkJTIyJTNBMTU2JTdE,https://images.mango-prod.siammakro.cloud/SOURCE/c6d2c8641ef947c3b0f3c5c7110cd805,BEARING MASSAGE & RELAXING SHOWER BRUSH,1-3 วัน,฿,82.,00,฿ 109.00,-24%,ซื้ออย่างน้อย 349฿ ลดเพิ่ม 5%,,,
https://www.makro.pro/th/p/s7nzc1q-534280089027436?info=JTdCJTIyaW5kZXhDbGlja2VkJTIyJTNBMTU3JTdE,https://images.mango-prod.siammakro.cloud/SOURCE/1dbb3bcecda0443e85aee4f510beb403,Prowild โปรไวลด์ ซีเล็คเต็ด ดีพ ซี สูตรปลาทูน่า อาหารสุนัขทุกสายพันธุ์/ทุกช่วงวัย 15 kg Deep Sea,2-4 วัน,฿,"1,460.",00,"฿ 1,490.00",-2%,ซื้ออย่างน้อย 1000฿ ลดเพิ่ม 5฿,+1,,
https://www.makro.pro/th/p/i0jfrTW-390826066663027?info=JTdCJTIyaW5kZXhDbGlja2VkJTIyJTNBMTU4JTdE,https://images.mango-prod.siammakro.cloud/SOURCE/2c5c7cf9eb6340eeb1ebea982e75600b,BEARING Happy Dog Treats แบร์ริ่ง แฮปปี้ ด็อก ทรีทส์ ขนมหมาเลีย ไม่เค็ม 15g นม,1-3 วัน,฿,50.,00,฿ 64.00,-21%,ซื้ออย่างน้อย 349฿ ลดเพิ่ม 5%,,,
https://www.makro.pro/th/p/4lwe77c-574838253283416?info=JTdCJTIyaW5kZXhDbGlja2VkJTIyJTNBMTU5JTdE,https://images.mango-prod.siammakro.cloud/SOURCE/61ab759f57be49928a5c25656b092260,"ดร.เลิฟแคร์ อาหารสุนัขโตพันธุ์เล็ก รสเนื้อ,นม,ผัก,ไข่ 9 กก.",1-3 วัน,฿,790.,00,"฿ 1,120.00",-29%,"ซื้อ 1,299฿ ได้รับ 100 พอยท์",,,
https://www.makro.pro/th/p/XpzyUgh-171522270364349?info=JTdCJTIyaW5kZXhDbGlja2VkJTIyJTNBMTYwJTdE,https://images.mango-prod.siammakro.cloud/SOURCE/b83668b5be1d4d3eaddf9eb355bbccee,คานิว่า อาหารสุนัข สูตรเนื้อแกะ ปลาทูน่าและข้าว ขนาด 3.2 กก.,1-3 วัน,฿,529.,00,฿ 540.00,-2%,,,,
https://www.makro.pro/th/p/ccXWr6v-860209042527794?info=JTdCJTIyaW5kZXhDbGlja2VkJTIyJTNBMTYxJTdE,https://images.mango-prod.siammakro.cloud/SOURCE/728984aa5e9f40698a1ace642e1dff2f,Lola&Co โลล่าแอนโค อาหารกระป๋องสําหรับสุนัข สูตร Complete and Balance ขนาด 400g LD07-รสปลาทูน่า,3-7 วัน,฿,48.,00,฿ 49.00,-2%,,,,
https://www.makro.pro/th/p/w93rvzF-354922511111718?info=JTdCJTIyaW5kZXhDbGlja2VkJTIyJTNBMTYyJTdE,https://images.mango-prod.siammakro.cloud/product-images/354922511111718-d3002dd7-f7f6-443a-8ad3-69df0cb03ac7.jpeg?imageMogr2/thumbnail/300x300,เจอร์ไฮ ฟรีดดรายรสเนื้อไก่ 40 ก.,3 วัน,฿,90.,00,฿ 98.00,-8%,,,,
https://www.makro.pro/th/p/YOD5VrH-112570705188790?info=JTdCJTIyaW5kZXhDbGlja2VkJTIyJTNBMTYzJTdE,https://images.mango-prod.siammakro.cloud/SOURCE/5f3808d3370349c4ba818bc574f7191b,Prowild โปรไวลด์ ซีเล็คเต็ด โอเพ่น ฟาร์ม สูตรเนื้อแกะ อาหารสุนัขทุกขนาดทุกช่วงวัย 3 kg Open Farm,2-4 วัน,฿,378.,00,฿ 390.00,-3%,ซื้ออย่างน้อย 1000฿ ลดเพิ่ม 5฿,+1,,
https://www.makro.pro/th/p/pqx333b-534145406378947?info=JTdCJTIyaW5kZXhDbGlja2VkJTIyJTNBMTY0JTdE,https://images.mango-prod.siammakro.cloud/SOURCE/914f8436c2a24b71ade5fbb92668bc10,เลิฟแคร์ สุนัขโตพันธุ์เล็ก 9 กก.,1-3 วัน,฿,840.,00,"฿ 1,050.00",-20%,"ซื้อ 1,299฿ ได้รับ 100 พอยท์",,,
https://www.makro.pro/th/p/bHVYOp_-203589504528206?info=JTdCJTIyaW5kZXhDbGlja2VkJTIyJTNBMTY1JTdE,https://images.mango-prod.siammakro.cloud/SOURCE/1dbb3bcecda0443e85aee4f510beb403,Prowild โปรไวลด์ ซีเล็คเต็ด ดีพ ซี สูตรปลาทูน่า อาหารสุนัขทุกสายพันธุ์/ทุกช่วงวัย 3 kg Deep Sea,2-4 วัน,฿,378.,00,฿ 390.00,-3%,ซื้ออย่างน้อย 1000฿ ลดเพิ่ม 5฿,+1,,
https://www.makro.pro/th/p/XzXlBT6-109714758144503?info=JTdCJTIyaW5kZXhDbGlja2VkJTIyJTNBMTY2JTdE,https://images.mango-prod.siammakro.cloud/SOURCE/40c544abc33844cf95862f012dc014c6,คานิว่า อาหารสุนัข สําหรับสุนัขพันธุ์เล็ก สูตรเลี้ยงในบ้าน ขนาด 2.8 กก.,1-3 วัน,฿,529.,00,฿ 540.00,-2%,,,,
https://www.makro.pro/th/p/0JljFn4-672216092166675?info=JTdCJTIyaW5kZXhDbGlja2VkJTIyJTNBMTY3JTdE,https://images.mango-prod.siammakro.cloud/SOURCE/92e1ba6365de482d862e52a19ee740f6,คานิว่า อาหารสุนัข สําหรับสุนัขพันธุ์เล็ก สูตรเลี้ยงในบ้าน ขนาด 370 ก.,1-3 วัน,฿,87.,00,฿ 89.00,-2%,,,,
https://www.makro.pro/th/p/K9ZsODx-340627860290701?info=JTdCJTIyaW5kZXhDbGlja2VkJTIyJTNBMTY4JTdE,https://images.mango-prod.siammakro.cloud/SOURCE/d698d126388d475ab509cea9fe3f40b7,Lola&Co โลล่าแอนโค อาหารกระป๋องสําหรับสุนัข สูตร Complete and Balance ขนาด 400g LD03-รสตับวัว,3-7 วัน,฿,48.,00,฿ 49.00,-2%,,,,
https://www.makro.pro/th/p/PVxBEnD-916194116561855?info=JTdCJTIyaW5kZXhDbGlja2VkJTIyJTNBMTY5JTdE,https://images.mango-prod.siammakro.cloud/SOURCE/75f502538ec440a58fb496f9932052e5,สมาร์ทฮาร์ท โกลด์ ปลาแซลมอนและข้าว สุนัขโตพันธุ์กลางถึงพันธุ์ใหญ่ 7.5กก.,1-3 วัน,฿,"1,235.",00,"฿ 1,350.00",-8%,"ซื้อ 1,299฿ ได้รับ 100 พอยท์",,,
https://www.makro.pro/th/p/4EiulO2-296651577632814?info=JTdCJTIyaW5kZXhDbGlja2VkJTIyJTNBMTcwJTdE,https://images.mango-prod.siammakro.cloud/SOURCE/6afa3b3dedf44cf49e93a2cbcc7e1a2a,BEARING Tick&Flea Soap For Dog สบู่ก้อนอาบน้ําสุนัข ป้องกันเห็บหมัด ใช้ได้นาน มีสูตรเฉพาะสําหรับเส้นขนทุกประเภท 100 g. สูตรดับกลิ่นสาบ,1-3 วัน,฿,33.,00,฿ 34.00,-2%,ซื้ออย่างน้อย 349฿ ลดเพิ่ม 5%,,,
https://www.makro.pro/th/p/pIbqT6B-613869190659667?info=JTdCJTIyaW5kZXhDbGlja2VkJTIyJTNBMTcxJTdE,https://images.mango-prod.siammakro.cloud/SOURCE/3f62fa98ec584270aab694b9fc798ff3,Lola&Co โลล่าแอนโค อาหารกระป๋องสําหรับสุนัข สูตร Complete and Balance ขนาด 400g LD05-รสแกะผสมมันเทศ,3-7 วัน,฿,48.,00,฿ 49.00,-2%,,,,
https://www.makro.pro/th/p/ODseJW2-254275781271407?info=JTdCJTIyaW5kZXhDbGlja2VkJTIyJTNBMTcyJTdE,https://images.mango-prod.siammakro.cloud/SOURCE/e92ed0fff2304e8eb47d4ca8f8592791,"BEARING ขนมสุนัข ขนมหมา เนื้อไก่อัดแท่ง Jerky Treats Soft Snack รสนม,300 กรัม",1-3 วัน,฿,117.,00,฿ 145.00,-19%,ซื้ออย่างน้อย 349฿ ลดเพิ่ม 5%,,,
https://www.makro.pro/th/p/XLtfLl4-592294082674329?info=JTdCJTIyaW5kZXhDbGlja2VkJTIyJTNBMTczJTdE,https://images.mango-prod.siammakro.cloud/SOURCE/314f4f260c5c47448f08a68758475174,เลิฟแคร์ อาหารสุนัข ลูกสุนัขพันธุ์ใหญ่ 15 กก.,1-3 วัน,฿,"1,310.",00,"฿ 1,735.00",-24%,"ซื้อ 1,299฿ ได้รับ 100 พอยท์",,,
https://www.makro.pro/th/p/5TgJo0V-863582030247324?info=JTdCJTIyaW5kZXhDbGlja2VkJTIyJTNBMTc0JTdE,https://images.mango-prod.siammakro.cloud/SOURCE/30754b1e90224b308dea52143aa4d468,Lola&Co โลล่าแอนโค อาหารกระป๋องสําหรับสุนัข สูตร Complete and Balance ขนาด 400g LD06-แกะแครอทฟักทอง,3-7 วัน,฿,48.,00,฿ 49.00,-2%,,,,
https://www.makro.pro/th/p/p9nBk5M-182464662952258?info=JTdCJTIyaW5kZXhDbGlja2VkJTIyJTNBMTc1JTdE,https://images.mango-prod.siammakro.cloud/SOURCE/6c3f54651ba04dc9936ea910c0eacbd4,Lola&Co โลล่าแอนโค อาหารกระป๋องสําหรับสุนัข สูตร Complete and Balance ขนาด 400g LD08-รสปลาทะเล,3-7 วัน,฿,48.,00,฿ 49.00,-2%,,,,
https://www.makro.pro/th/p/jn8UkUd-936814561663965?info=JTdCJTIyaW5kZXhDbGlja2VkJTIyJTNBMTc2JTdE,https://images.mango-prod.siammakro.cloud/SOURCE/7bce0ca3dc704b79bc260568a802330f,เลิฟแคร์ อาหารสุนัข ลูกสุนัขพันธุ์เล็ก 9 กก.,1-3 วัน,฿,810.,00,"฿ 1,055.00",-23%,,,,
https://www.makro.pro/th/p/04a-wMk-993315875823905?info=JTdCJTIyaW5kZXhDbGlja2VkJTIyJTNBMTc3JTdE,https://images.mango-prod.siammakro.cloud/SOURCE/45b13ce87bd84c7884343676b3c86891,BEARING Goat Milk Plus แบร์ริ่ง โกท มิลค์พลัส 200g,1-3 วัน,฿,260.,00,฿ 299.00,-13%,ซื้ออย่างน้อย 349฿ ลดเพิ่ม 5%,,,
https://www.makro.pro/th/p/10hTkl1-811522905894870?info=JTdCJTIyaW5kZXhDbGlja2VkJTIyJTNBMTc4JTdE,https://images.mango-prod.siammakro.cloud/SOURCE/22e48b525b2e438a94433969d1430a85,Lola&Co โลล่าแอนโค อาหารกระป๋องสําหรับสุนัข สูตร Complete and Balance ขนาด 400g LD04-รสวัวและผัก,3-7 วัน,฿,48.,00,฿ 49.00,-2%,,,,
https://www.makro.pro/th/p/k9-3G3s-770253671787388?info=JTdCJTIyaW5kZXhDbGlja2VkJTIyJTNBMTc5JTdE,https://images.mango-prod.siammakro.cloud/SOURCE/bef4c9d5b96642ef8671934cbdafbd73,คานิว่า อาหารสุนัข สูตรเนื้อปลาแซลมอน ทูน่าและข้าว ขนาด 11 กก.,1-3 วัน,฿,"1,754.",00,"฿ 1,790.00",-2%,,,,
https://www.makro.pro/th/p/jx0q_MY-806754255264479?info=JTdCJTIyaW5kZXhDbGlja2VkJTIyJTNBMTgwJTdE,https://images.mango-prod.siammakro.cloud/SOURCE/b3e21797a7b942ba986b4d58c3ae4ffa,คานิว่า อาหารสุนัข สําหรับสุนัขพันธุ์เล็ก สูตรสกินแอนด์โคท ขนาด 2.8 กก.,1-3 วัน,฿,529.,00,฿ 540.00,-2%,,,,
https://www.makro.pro/th/p/46AbP2x-479477710609483?info=JTdCJTIyaW5kZXhDbGlja2VkJTIyJTNBMTgxJTdE,https://images.mango-prod.siammakro.cloud/SOURCE/04ce1068b6ac4cf186739a6b2fce876d,BEARING Ear Care Lotion for Dog โลชั่นเช็ดหูสุนัข ลดการอักเสบ ดับกลิ่นหู ทําความสะอาด และฆ่าเชื้อแบคทีเรีย 100 ml,1-3 วัน,฿,81.,00,฿ 109.00,-25%,ซื้ออย่างน้อย 349฿ ลดเพิ่ม 5%,,,
https://www.makro.pro/th/p/YKUXIMC-193419756619289?info=JTdCJTIyaW5kZXhDbGlja2VkJTIyJTNBMTgyJTdE,https://images.mango-prod.siammakro.cloud/SOURCE/c468819ee3664441ad1f91a5acb78415,BEARING Beauty Lotion for Dog & Cat น้ํายาบํารุงขนสุนัขและแมว บํารุงขนสวย ให้ผิวแข็งแรง ขนนุ่ม ลื่น ไม่พันกัน 250ml,1-3 วัน,฿,145.,00,฿ 199.00,-27%,ซื้ออย่างน้อย 349฿ ลดเพิ่ม 5%,,,
https://www.makro.pro/th/p/80VAB6N-737082904558296?info=JTdCJTIyaW5kZXhDbGlja2VkJTIyJTNBMTgzJTdE,https://images.mango-prod.siammakro.cloud/SOURCE/bd0680b412c245b6b0aca0b4daba0718,สมาร์ทฮาร์ท โกลด์ ฟิตแอนด์เฟิร์ม สุนัขโตพันธุ์เล็ก 20กก.,1-3 วัน,฿,"1,499.",00,"฿ 1,840.00",-18%,"ซื้อ 1,299฿ ได้รับ 100 พอยท์",,,
https://www.makro.pro/th/p/EhhipQo-783681712948621?info=JTdCJTIyaW5kZXhDbGlja2VkJTIyJTNBMTg0JTdE,https://images.mango-prod.siammakro.cloud/SOURCE/f21e9b75aadd4e0cba28e92e25fd9575,Prama อาหารเปียกสุนัข สูตร Complete & Balanced โปรตีนสูง เนื้อสัตว์เน้นๆ ช่วยบํารุงสุขภาพ มี 6 สูตร ขนาด 120g. PD6-ไก่&โคลอสตรุ้ม,3-7 วัน,"฿

19.

00",฿,00,,,,,,
https://www.makro.pro/th/p/2vPwBtG-563664937426427?info=JTdCJTIyaW5kZXhDbGlja2VkJTIyJTNBMTg1JTdE,https://images.mango-prod.siammakro.cloud/SOURCE/0d93907ca4104d45a306438c5ffd33a4,คานิว่า อาหารสุนัข สูตรเนื้อไก่ ปลาทูน่าและข้าว ขนาด 3.2 กก.,1-3 วัน,฿,529.,00,฿ 540.00,-2%,,,,
https://www.makro.pro/th/p/6Em_nce-574528969654708?info=JTdCJTIyaW5kZXhDbGlja2VkJTIyJTNBMTg2JTdE,https://images.mango-prod.siammakro.cloud/SOURCE/9ba6c1863d7e4e94ab0079afdc14fbc9,BEARING Tick&Flea Soap For Dog สบู่ก้อนอาบน้ําสุนัข ป้องกันเห็บหมัด ใช้ได้นาน มีสูตรเฉพาะสําหรับเส้นขนทุกประเภท 100 g. สูตรช่วยลดการระคายเค,1-3 วัน,฿,33.,00,฿ 34.00,-2%,ซื้ออย่างน้อย 349฿ ลดเพิ่ม 5%,,,
https://www.makro.pro/th/p/WLA34eY-895862758874964?info=JTdCJTIyaW5kZXhDbGlja2VkJTIyJTNBMTg3JTdE,https://images.mango-prod.siammakro.cloud/SOURCE/6cefa7df46f246538dda07044e3d9acd,BEARING Tick&Flea Soap For Dog สบู่ก้อนอาบน้ําสุนัข ป้องกันเห็บหมัด ใช้ได้นาน มีสูตรเฉพาะสําหรับเส้นขนทุกประเภท 100 g. สูตรผสมคอนดิชั่นเนอร,1-3 วัน,฿,33.,00,฿ 34.00,-2%,ซื้ออย่างน้อย 349฿ ลดเพิ่ม 5%,,,
https://www.makro.pro/th/p/uAWHWuE-414844275464861?info=JTdCJTIyaW5kZXhDbGlja2VkJTIyJTNBMTg4JTdE,https://images.mango-prod.siammakro.cloud/SOURCE/8080495e8206428294b342f1f3b44c14,สมาร์ทฮาร์ท อาหารสุนัขพันธุ์เล็ก รสไก่และตับ 20 กก.,1-3 วัน,฿,"1,320.",00,"฿ 1,570.00",-15%,"ซื้อ 1,299฿ ได้รับ 100 พอยท์",,,
https://www.makro.pro/th/p/0-4FYh0-861204645187677?info=JTdCJTIyaW5kZXhDbGlja2VkJTIyJTNBMTg5JTdE,https://images.mango-prod.siammakro.cloud/SOURCE/9ccbce04115d47bda480d4c14c2b9188,Prowild โปรไวลด์ อีโวลูชั่น เกรนฟรี อาหารสุนัขทุกสายพันธุ์/ทุกช่วงวัย ขนาด 15 kg. Stream,2-4 วัน,฿,"1,635.",00,"฿ 1,670.00",-2%,ซื้ออย่างน้อย 1000฿ ลดเพิ่ม 5฿,+1,,
https://www.makro.pro/th/p/7Y2WMaL-406170732641307?info=JTdCJTIyaW5kZXhDbGlja2VkJTIyJTNBMTkwJTdE,https://images.mango-prod.siammakro.cloud/SOURCE/838ad8d998fd4c749dd28f0de09a86c9,"BEARING ขนมสุนัข ขนมหมา เนื้อไก่อัดแท่ง Jerky Treats Soft Snack รสไก่ย่าง,300 กรัม",1-3 วัน,฿,117.,00,฿ 145.00,-19%,ซื้ออย่างน้อย 349฿ ลดเพิ่ม 5%,,,
https://www.makro.pro/th/p/59ElDwK-214162381746129?info=JTdCJTIyaW5kZXhDbGlja2VkJTIyJTNBMTkxJTdE,https://images.mango-prod.siammakro.cloud/SOURCE/194aa77da57a43e189287a2c1aa8928b,Prowild โปรไวลด์ อีโวลูชั่น เกรนฟรี อาหารสุนัขทุกสายพันธุ์/ทุกช่วงวัย ขนาด 3 kg. Stream,2-4 วัน,฿,436.,00,฿ 450.00,-3%,ซื้ออย่างน้อย 1000฿ ลดเพิ่ม 5฿,+1,,
https://www.makro.pro/th/p/85TA_No-192017481416904?info=JTdCJTIyaW5kZXhDbGlja2VkJTIyJTNBMTkyJTdE,https://images.mango-prod.siammakro.cloud/SOURCE/86697915da1c43279fd3d6cd2b5e6c2e,Prowild โปรไวลด์ ซีเล็คเต็ด โอเพ่น ฟาร์ม สูตรเนื้อแกะ อาหารสุนัขทุกขนาด/ทุกช่วงวัย 15 kg Open Farm,2-4 วัน,฿,"1,460.",00,"฿ 1,490.00",-2%,ซื้ออย่างน้อย 1000฿ ลดเพิ่ม 5฿,+1,,
https://www.makro.pro/th/p/TKDLUSS-943459499822534?info=JTdCJTIyaW5kZXhDbGlja2VkJTIyJTNBMTkzJTdE,https://images.mango-prod.siammakro.cloud/SOURCE/0796e0ce1d0a4f4a991500c0cc8d4e8c,BEARING Tick&Flea Soap For Dog สบู่ก้อนอาบน้ําสุนัข ป้องกันเห็บหมัด ใช้ได้นาน มีสูตรเฉพาะสําหรับเส้นขนทุกประเภท 100 g. สูตรพันธุ์เล็ก,1-3 วัน,฿,33.,00,฿ 34.00,-2%,ซื้ออย่างน้อย 349฿ ลดเพิ่ม 5%,,,
https://www.makro.pro/th/p/5HbBcKL-522621154352907?info=JTdCJTIyaW5kZXhDbGlja2VkJTIyJTNBMTk0JTdE,https://images.mango-prod.siammakro.cloud/SOURCE/20759b0c221c43a98b4a9aff6d28d8ac,BEARING Cat Ear Care Lotion for Cat โลชั่นเช็ดหูแมว ทําความสะอาดหูสัตว์เลี้ยง ดับกลิ่น ลดอักเสบ ฆ่าเชื้อแบคทีเรีย 100ml eucalyptus,1-3 วัน,฿,81.,00,฿ 109.00,-25%,ซื้ออย่างน้อย 349฿ ลดเพิ่ม 5%,,,
https://www.makro.pro/th/p/J0fnK0c-288931021736154?info=JTdCJTIyaW5kZXhDbGlja2VkJTIyJTNBMTk1JTdE,https://images.mango-prod.siammakro.cloud/SOURCE/07b3ec00e2a441188a426a141613fb62,BEARING Tick&Flea Soap For Dog สบู่ก้อนอาบน้ําสุนัข ป้องกันเห็บหมัด ใช้ได้นาน มีสูตรเฉพาะสําหรับเส้นขนทุกประเภท 100 g. สูตรสมุนไพร,1-3 วัน,฿,33.,00,฿ 34.00,-2%,ซื้ออย่างน้อย 349฿ ลดเพิ่ม 5%,,,
https://www.makro.pro/th/p/1XO9X29-194540976283978?info=JTdCJTIyaW5kZXhDbGlja2VkJTIyJTNBMTk2JTdE,https://images.mango-prod.siammakro.cloud/SOURCE/8d36ad2142a0498a81754ec62bdfec31,BEARING Tick&Flea Soap For Dog สบู่ก้อนอาบน้ําสุนัข ป้องกันเห็บหมัด ใช้ได้นาน มีสูตรเฉพาะสําหรับเส้นขนทุกประเภท 100 g. สูตรสําหรับลูกสุนัข,1-3 วัน,฿,33.,00,฿ 34.00,-2%,ซื้ออย่างน้อย 349฿ ลดเพิ่ม 5%,,,
https://www.makro.pro/th/p/21Q4P_N-868051359102199?info=JTdCJTIyaW5kZXhDbGlja2VkJTIyJTNBMTk3JTdE,https://images.mango-prod.siammakro.cloud/SOURCE/f01a74f2c5ff44af9fda60b059c27915,[12 ซอง] Prama อาหารเปียกสุนัข สูตร Complete & Balanced โปรตีนสูง เนื้อสัตว์เน้นๆ ช่วยบํารุงสุขภาพ มี 6 สูตร ขนาด 120g. PD5-ไก่&มะเขือเทศ,3-7 วัน,฿,225.,00,฿ 228.00,-1%,,,,
https://www.makro.pro/th/p/0ndzWMY-770195398335693?info=JTdCJTIyaW5kZXhDbGlja2VkJTIyJTNBMTk4JTdE,https://images.mango-prod.siammakro.cloud/SOURCE/488a9455bf5544cb940259b858f1ad82,[1 ซอง] PRAMA Delicacy Snack พราม่า ขนมสุนัข ขนาด 60 กรัม / รสไข่ & เบคอน,3-7 วัน,฿,47.,00,฿ 49.00,-4%,,,,
https://www.makro.pro/th/p/E6Wioqe-359032712396532?info=JTdCJTIyaW5kZXhDbGlja2VkJTIyJTNBMTk5JTdE,https://images.mango-prod.siammakro.cloud/SOURCE/33bf752b84674c8dbc63dbdc3e19458e,คานิว่า อาหารสุนัข สูตรเนื้อไก่ ปลาทูน่าและข้าว ขนาด 12 กก.,1-3 วัน,฿,"1,754.",00,"฿ 1,790.00",-2%,,,,
https://www.makro.pro/th/p/UfOJaRE-843208650579323?info=JTdCJTIyaW5kZXhDbGlja2VkJTIyJTNBMjAwJTdE,https://images.mango-prod.siammakro.cloud/SOURCE/f0afdb2859374d0db57ce908ea65747a,[12 ซอง] Prama อาหารเปียกสุนัข สูตร Complete & Balanced โปรตีนสูง เนื้อสัตว์เน้นๆ ช่วยบํารุงสุขภาพ มี 6 สูตร ขนาด 120g. PD6-ไก่&โคลอสตรุ้ม,3-7 วัน,฿,225.,00,฿ 228.00,-1%,,,,
https://www.makro.pro/th/p/15Bi1zQ-604768928679783?info=JTdCJTIyaW5kZXhDbGlja2VkJTIyJTNBMjAxJTdE,https://images.mango-prod.siammakro.cloud/SOURCE/3a0b307e089c4108ac929a77906f06cb,Prowild โปรไวลด์ อีโวลูชั่น เกรนฟรี อาหารสุนัขทุกสายพันธุ์/ทุกช่วงวัย ขนาด 3 kg. Pasture,2-4 วัน,฿,436.,00,฿ 450.00,-3%,ซื้ออย่างน้อย 1000฿ ลดเพิ่ม 5฿,+1,,
https://www.makro.pro/th/p/K9S3Yt2-586825919686351?info=JTdCJTIyaW5kZXhDbGlja2VkJTIyJTNBMjAyJTdE,https://images.mango-prod.siammakro.cloud/SOURCE/b85945e1042049abb4ace5493aa0a4b8,Prowild โปรไวลด์ อีโวลูชั่น เกรนฟรี อาหารสุนัขทุกสายพันธุ์/ทุกช่วงวัย ขนาด 15 kg. Pasture,2-4 วัน,฿,"1,635.",00,"฿ 1,670.00",-2%,ซื้ออย่างน้อย 1000฿ ลดเพิ่ม 5฿,+1,,
https://www.makro.pro/th/p/tWW_Lkv-636936967034734?info=JTdCJTIyaW5kZXhDbGlja2VkJTIyJTNBMjAzJTdE,https://images.mango-prod.siammakro.cloud/SOURCE/37202843e2bd4b74b4a632e3322c08ff,คานิว่า อาหารสุนัข สําหรับสุนัขพันธุ์เล็ก สูตรเลี้ยงในบ้าน ขนาด 8 กก.,1-3 วัน,฿,"1,519.",00,"฿ 1,550.00",-2%,,,,
https://www.makro.pro/th/p/eEq7hNP-972776626196534?info=JTdCJTIyaW5kZXhDbGlja2VkJTIyJTNBMjA0JTdE,https://images.mango-prod.siammakro.cloud/SOURCE/3874fb6b48f74c21b4c6e3e9cd9bd678,BEARING Tick&Flea Soap For Dog สบู่ก้อนอาบน้ําสุนัข ป้องกันเห็บหมัด ใช้ได้นาน มีสูตรเฉพาะสําหรับเส้นขนทุกประเภท 100 g. สูตรให้ความชุ่มชื่น,1-3 วัน,฿,33.,00,฿ 34.00,-2%,ซื้ออย่างน้อย 349฿ ลดเพิ่ม 5%,,,
https://www.makro.pro/th/p/V_RjJas-342376549088970?info=JTdCJTIyaW5kZXhDbGlja2VkJTIyJTNBMjA1JTdE,https://images.mango-prod.siammakro.cloud/SOURCE/5947432198714dcfb3c22d41e8255d6a,[12 ซอง] Prama อาหารเปียกสุนัข สูตร Complete & Balanced โปรตีนสูง เนื้อสัตว์เน้นๆ ช่วยบํารุงสุขภาพ มี 6 สูตร ขนาด 120g. PD2-ปลา&มันฝรั่ง,3-7 วัน,฿,225.,00,฿ 228.00,-1%,,,,
https://www.makro.pro/th/p/1iT0w-f-440177184955176?info=JTdCJTIyaW5kZXhDbGlja2VkJTIyJTNBMjA2JTdE,https://images.mango-prod.siammakro.cloud/SOURCE/edd13985d0d740798f18ab4ab7fc9274,คานิว่า อาหารสุนัข สําหรับสุนัขพันธุ์เล็ก สูตรสกินแอนด์โคท ขนาด 8 กก.,1-3 วัน,฿,"1,519.",00,"฿ 1,550.00",-2%,,,,
https://www.makro.pro/th/p/-GKYajz-216324040108896?info=JTdCJTIyaW5kZXhDbGlja2VkJTIyJTNBMjA3JTdE,https://images.mango-prod.siammakro.cloud/SOURCE/fa066e0a9467456fa292b9de04028549,คานิว่า อาหารสุนัข สูตรควบคุมน้ําหนัก สําหรับสุนัขอายุ 1 ปีขึ้นไป ทุกสายพันธุ์ ขนาด 1.3 กก.,1-3 วัน,"฿

269.

00",฿,00,,,,,,
https://www.makro.pro/th/p/DtA7gYq-354967005283205?info=JTdCJTIyaW5kZXhDbGlja2VkJTIyJTNBMjA4JTdE,https://images.mango-prod.siammakro.cloud/SOURCE/b1715685b5b04dbe9e8510784353c84d,คานิว่า อาหารสุนัข สูตรควบคุมน้ําหนัก สําหรับสุนัขอายุ 1 ปีขึ้นไป ทุกสายพันธุ์ ขนาด 10 กก.,1-3 วัน,"฿

1,790.

00",฿,00,,,,,,
https://www.makro.pro/th/p/6srsgWw-524902349889428?info=JTdCJTIyaW5kZXhDbGlja2VkJTIyJTNBMjA5JTdE,https://images.mango-prod.siammakro.cloud/SOURCE/82923c5a235145f2a558a664873ecb99,เลิฟแคร์ อาหารลูกสุนัขพันธุ์เล็ก 15กก.,1-3 วัน,฿,"1,314.",00,"฿ 1,710.00",-23%,"ซื้อ 1,299฿ ได้รับ 100 พอยท์",,,
https://www.makro.pro/th/p/_7OZb_0-761635981915048?info=JTdCJTIyaW5kZXhDbGlja2VkJTIyJTNBMjEwJTdE,https://images.mango-prod.siammakro.cloud/SOURCE/6dc39ca5aab047b3ba26d5c356d5be90,BEARING Chic & Charm Leave On Lotion โลชั่นบํารุงขน สัตว์เลี้ยง บํารุงขนและผิวสุนัข บํารุงขนแมว อ่อนโยน ไม่ต้องล้างออก 150ml Polo SP,1-3 วัน,฿,208.,00,฿ 275.00,-24%,ซื้ออย่างน้อย 349฿ ลดเพิ่ม 5%,,,
https://www.makro.pro/th/p/BOgGkX2-605100449079893?info=JTdCJTIyaW5kZXhDbGlja2VkJTIyJTNBMjExJTdE,https://images.mango-prod.siammakro.cloud/SOURCE/e9b0df0b14ce4d37968584b418801bdd,[ขนาดใหม่ 400g.] PRAMA Delicacy Snack พราม่า เดลิคาซี่ สแน็ค ขนมสุนัข ผลิตจากเนื้อไก่สด / รสเนื้อ 400g,3-7 วัน,฿,245.,00,฿ 250.00,-2%,,,,
https://www.makro.pro/th/p/22ySJlC-885423754254064?info=JTdCJTIyaW5kZXhDbGlja2VkJTIyJTNBMjEyJTdE,https://images.mango-prod.siammakro.cloud/SOURCE/8a38109efbb64d1f95b2be527d204761,[12 ซอง] PRAMA Delicacy Snack พราม่า ขนมสุนัข รสคลาสสิค ขนาด 70 กรัม / รสซาลามี,3-7 วัน,฿,540.,00,฿ 588.00,-8%,,,,
https://www.makro.pro/th/p/BFUQe-I-459860591175505?info=JTdCJTIyaW5kZXhDbGlja2VkJTIyJTNBMjEzJTdE,https://images.mango-prod.siammakro.cloud/SOURCE/77c9d9858fdd4a4bb048fb1c2c079d0f,[ขนาดใหม่ 400g.] PRAMA Delicacy Snack พราม่า เดลิคาซี่ สแน็ค ขนมสุนัข ผลิตจากเนื้อไก่สด / รสเบคอน 400g,3-7 วัน,฿,245.,00,฿ 250.00,-2%,,,,
https://www.makro.pro/th/p/vQq1Cp0-187711067780607?info=JTdCJTIyaW5kZXhDbGlja2VkJTIyJTNBMjE0JTdE,https://images.mango-prod.siammakro.cloud/SOURCE/002442bddd404b3b94c7d34cb351b992,[12 ซอง] PRAMA Delicacy Snack พราม่า ขนมสุนัข รสคลาสสิค ขนาด 70 กรัม / รสเบคอน,3-7 วัน,฿,540.,00,฿ 588.00,-8%,,,,
https://www.makro.pro/th/p/B6ZPlte-482637742017852?info=JTdCJTIyaW5kZXhDbGlja2VkJTIyJTNBMjE1JTdE,https://images.mango-prod.siammakro.cloud/SOURCE/446b959ea82d431892dc17e9a6c55e67,Pramy อาหารเม็ดสุนัขพรามี่ สูตรเน้นเนื้อแท้ โปรตีนสูง เสริมสร้างสุขภาพแบบรอบด้าน ขนาด 1kg - 1.3kg SD02-ชมพูเข้ม 1.3 kg,3-7 วัน,"฿

165.

00",฿,00,,,,,,
https://www.makro.pro/th/p/vHtPBGM-425933162711972?info=JTdCJTIyaW5kZXhDbGlja2VkJTIyJTNBMjE2JTdE,https://images.mango-prod.siammakro.cloud/SOURCE/03344700ac04482db08372626d7370c1,[12 ซอง] Prama อาหารเปียกสุนัข สูตร Complete & Balanced โปรตีนสูง เนื้อสัตว์เน้นๆ ช่วยบํารุงสุขภาพ มี 6 สูตร ขนาด 120g. PD3-ปลาเนื้อขาว,3-7 วัน,฿,225.,00,฿ 228.00,-1%,,,,
https://www.makro.pro/th/p/Psnn3Id-986920216912518?info=JTdCJTIyaW5kZXhDbGlja2VkJTIyJTNBMjE3JTdE,https://images.mango-prod.siammakro.cloud/SOURCE/9598ae1e56124d1495dabe7e3f2b79af,[ขนาดใหม่ 400g.] PRAMA Delicacy Snack พราม่า เดลิคาซี่ สแน็ค ขนมสุนัข ผลิตจากเนื้อไก่สด / รสแซลมอน 400g,3-7 วัน,฿,245.,00,฿ 250.00,-2%,,,,
https://www.makro.pro/th/p/3JrwlaG-756329239239331?info=JTdCJTIyaW5kZXhDbGlja2VkJTIyJTNBMjE4JTdE,https://images.mango-prod.siammakro.cloud/SOURCE/17824d509318426684ec42f13da23014,สมาร์ทฮาร์ท โกลด์ ฟิตแอนด์เฟิร์ม 7+ อาหารสุนัขสูงอายุ พันธุ์กลาง-ใหญ่ 20 กก.,1-3 วัน,"฿

1,695.

00",฿,00,,,,,,
https://www.makro.pro/th/p/L9jodx7-814682379073656?info=JTdCJTIyaW5kZXhDbGlja2VkJTIyJTNBMjE5JTdE,https://images.mango-prod.siammakro.cloud/SOURCE/1a31382a09c54a2b8aa9298acfd41b32,คานิว่า อาหารสุนัข สูตรควบคุมน้ําหนัก สําหรับสุนัขอายุ 1 ปีขึ้นไป ทุกสายพันธุ์ ขนาด 2.8 กก.,1-3 วัน,"฿

540.

00",฿,00,,,,,,
https://www.makro.pro/th/p/gEMr1jn-621093540192280?info=JTdCJTIyaW5kZXhDbGlja2VkJTIyJTNBMjIwJTdE,https://images.mango-prod.siammakro.cloud/SOURCE/be4a35656c1d43c3b44e5034cf68f0b1,Readycare แชมพูอาบน้ําสุนัข สารสกัดธรรมชาติรับรองจาก USDA และ Vegan สําหรับสัตว์เลี้ยง 500 มล. คาโมไมล์(ดับกลิ่น),3-7 วัน,฿,199.,00,฿ 249.00,-20%,,,,
https://www.makro.pro/th/p/U805CXV-649391997401951?info=JTdCJTIyaW5kZXhDbGlja2VkJTIyJTNBMjIxJTdE,https://images.mango-prod.siammakro.cloud/SOURCE/d2ae23e4a6d445df9444d90eb7002801,Readycare แชมพูอาบน้ําสุนัข สารสกัดธรรมชาติรับรองจาก USDA และ Vegan สําหรับสัตว์เลี้ยง 500 มล ลาเวนเดอร์(ขนนุ่ม),3-7 วัน,฿,199.,00,฿ 249.00,-20%,,,,
https://www.makro.pro/th/p/Qx0h_pZ-773216527934615?info=JTdCJTIyaW5kZXhDbGlja2VkJTIyJTNBMjIyJTdE,https://images.mango-prod.siammakro.cloud/SOURCE/1317af9fd98d43908d2b5375ef662bdf,BEARING NATURE SERIES บาล์มน้ํามันเมล็ดธรรมชาติ สําหรับสุนัขและแมวทุกสายพันธุ์ BALM 15g.,1-3 วัน,฿,163.,00,฿ 239.00,-31%,ซื้ออย่างน้อย 349฿ ลดเพิ่ม 5%,,,
https://www.makro.pro/th/p/paPuxNZ-289565363158965?info=JTdCJTIyaW5kZXhDbGlja2VkJTIyJTNBMjIzJTdE,https://images.mango-prod.siammakro.cloud/SOURCE/70840315f93b4093a030b3e8d068cb97,BEARING NATURE SERIES เซรั่มน้ํามันเมล็ดธรรมชาติ สําหรับสุนัขและแมวทุกสายพันธุ์ 30 ml.,1-3 วัน,฿,244.,00,฿ 359.00,-32%,ซื้ออย่างน้อย 349฿ ลดเพิ่ม 5%,,,
https://www.makro.pro/th/p/W_XVF8l-870756383706580?info=JTdCJTIyaW5kZXhDbGlja2VkJTIyJTNBMjI0JTdE,https://images.mango-prod.siammakro.cloud/SOURCE/ec57de208a474781a38bca1468eff852,BEARING Chic & Charm Leave On Lotion โลชั่นบํารุงขน สัตว์เลี้ยง บํารุงขนและผิวสุนัข บํารุงขนแมว อ่อนโยน ไม่ต้องล้างออก 150ml Kenz Flower,1-3 วัน,฿,208.,00,฿ 275.00,-24%,ซื้ออย่างน้อย 349฿ ลดเพิ่ม 5%,,,
https://www.makro.pro/th/p/WgL1Aqv-509850174378669?info=JTdCJTIyaW5kZXhDbGlja2VkJTIyJTNBMjI1JTdE,https://images.mango-prod.siammakro.cloud/SOURCE/6a4a4dde704344d89c2eea2016d0b524,BEARING NATURE SERIES แบร์ริ่ง เนเจอร์ น้ํามันเมล็ดธรรมชาติ สําหรับสุนัขและแมวทุกสายพันธ์ 45 ml.,1-3 วัน,฿,190.,00,฿ 279.00,-31%,ซื้ออย่างน้อย 349฿ ลดเพิ่ม 5%,,,
https://www.makro.pro/th/p/0CbqURn-992612725117236?info=JTdCJTIyaW5kZXhDbGlja2VkJTIyJTNBMjI2JTdE,https://images.mango-prod.siammakro.cloud/SOURCE/419b10b305b14b63860c3783430723cf,BEARING NATURE SERIES บาล์มน้ํามันเมล็ดธรรมชาติ สําหรับสุนัขและแมวทุกสายพันธุ์ BALM STICK 6g.,1-3 วัน,฿,145.,00,฿ 229.00,-36%,ซื้ออย่างน้อย 349฿ ลดเพิ่ม 5%,,,
https://www.makro.pro/th/p/eAav_3--693396196767752?info=JTdCJTIyaW5kZXhDbGlja2VkJTIyJTNBMjI3JTdE,https://images.mango-prod.siammakro.cloud/SOURCE/d87123a55d7b4ebcb9fab76f402eb810,BEARING Chic & Charm Leave On Lotion โลชั่นบํารุงขน สัตว์เลี้ยง บํารุงขนและผิวสุนัข บํารุงขนแมว อ่อนโยน ไม่ต้องล้างออก 150ml C&K1,1-3 วัน,฿,208.,00,฿ 275.00,-24%,ซื้ออย่างน้อย 349฿ ลดเพิ่ม 5%,,,
https://www.makro.pro/th/p/UKwtME--589038766550738?info=JTdCJTIyaW5kZXhDbGlja2VkJTIyJTNBMjI4JTdE,https://images.mango-prod.siammakro.cloud/SOURCE/85df15a4fe134606ba38725fb62cec59,[กระสอบ] Pramy อาหารเม็ดสุนัขพรามี่ สูตรลูกสุนัข รสไก่และนมแพะ / SDP1-ชมพูอ่อน 8 kg,3-7 วัน,"฿

715.

00",฿,00,,,,,,
https://www.makro.pro/th/p/poSPFTp-334511501371537?info=JTdCJTIyaW5kZXhDbGlja2VkJTIyJTNBMjI5JTdE,https://images.mango-prod.siammakro.cloud/SOURCE/080cb9d1f1a945e3bab03abba2e1fdee,[กระสอบ] Pramy อาหารเม็ดสุนัขพรามี่ สูตรสุนัขโตพันธุ์กลาง-ใหญ่ รสเนื้อ / SD02-ชมพูเข้ม 10 kg,3-7 วัน,"฿

715.

00",฿,00,,,,,,
https://www.makro.pro/th/p/GHkUC2w-523669683510977?info=JTdCJTIyaW5kZXhDbGlja2VkJTIyJTNBMjMwJTdE,https://images.mango-prod.siammakro.cloud/SOURCE/4730131d0e1249d6826cd56fe6c844ab,[กระสอบ] Pramy อาหารเม็ดสุนัขพรามี่ สูตรสุนัขโตพันธุ์เล็ก รสเนื้อ / SD01-ส้ม 8 kg,3-7 วัน,"฿

700.

00",฿,00,,,,,,
https://www.makro.pro/th/p/9pZwPvS-604262628556802?info=JTdCJTIyaW5kZXhDbGlja2VkJTIyJTNBMjMxJTdE,https://images.mango-prod.siammakro.cloud/SOURCE/1e21cc8377c64d23aed1bf3127b6056d,[กระสอบ] Pramy อาหารเม็ดสุนัขพรามี่ สูตรสุนัขโตพันธุ์เล็ก รสแซลมอน / SD05-ฟ้า 8 kg,3-7 วัน,"฿

700.

00",฿,00,,,,,,
https://www.makro.pro/th/p/51R2tDB-191559641122843?info=JTdCJTIyaW5kZXhDbGlja2VkJTIyJTNBMjMyJTdE,https://images.mango-prod.siammakro.cloud/SOURCE/1ecc467f829d49b781a83f5a5d03cb02,[กระสอบ] Pramy อาหารเม็ดสุนัขพรามี่ สูตรสุนัขโตพันธุ์กลาง-ใหญ่ รสไก่และตับ / SD04-เหลือง 10 kg,3-7 วัน,"฿

715.

00",฿,00,,,,,,
https://www.makro.pro/th/p/6IpcfVo-359828538269766?info=JTdCJTIyaW5kZXhDbGlja2VkJTIyJTNBMjMzJTdE,https://images.mango-prod.siammakro.cloud/SOURCE/a38e6dff65ca452990b6f1f42254b2b5,[กระสอบ] Pramy อาหารเม็ดสุนัขพรามี่ สูตรสุนัขโตพันธุ์เล็ก รสไก่และตับ / SD03-เขียว 8 kg,3-7 วัน,"฿

700.

00",฿,00,,,,,,
https://www.makro.pro/th/p/7F6tsE8-980775326785555?info=JTdCJTIyaW5kZXhDbGlja2VkJTIyJTNBMjM0JTdE,https://images.mango-prod.siammakro.cloud/SOURCE/8ca1212a46f84923a1aed80fc2e576da,[กระสอบ] Pramy อาหารเม็ดสุนัขพรามี่ สูตรสุนัขโตพันธุ์กลาง-ใหญ่ รสแซลมอน / SD06-ม่วง 10 kg,3-7 วัน,"฿

715.

00",฿,00,,,,,,
https://www.makro.pro/th/p/nxTlZud-634641489812521?info=JTdCJTIyaW5kZXhDbGlja2VkJTIyJTNBMjM1JTdE,https://images.mango-prod.siammakro.cloud/SOURCE/ed83c8dd41dd4d6897e47077ea483b8c,Lola&Co โลล่าแอนโค อาหารกระป๋องสําหรับสุนัข สูตร Complete and Balance ขนาด 400g LD01-ไก่,3-7 วัน,฿,48.,00,฿ 49.00,-2%,,,,
https://www.makro.pro/th/p/SoZ2agZ-881920628413661?info=JTdCJTIyaW5kZXhDbGlja2VkJTIyJTNBMjM2JTdE,https://images.mango-prod.siammakro.cloud/SOURCE/b2b496f76abb4235a0047be5f879aad2,[12 ซอง] PRAMA Delicacy Snack พราม่า ขนมสุนัข รสคลาสสิค ขนาด 70 กรัม / รสนม,3-7 วัน,฿,540.,00,฿ 588.00,-8%,,,,
https://www.makro.pro/th/p/LMVuaDS-725776728070051?info=JTdCJTIyaW5kZXhDbGlja2VkJTIyJTNBMjM3JTdE,https://images.mango-prod.siammakro.cloud/SOURCE/5e3df8e046464780bf1497ba4680b46d,[ขนาดใหม่ 400g.] PRAMA Delicacy Snack พราม่า เดลิคาซี่ สแน็ค ขนมสุนัข ผลิตจากเนื้อไก่สด / รสนม 400g,3-7 วัน,฿,245.,00,฿ 250.00,-2%,,,,
https://www.makro.pro/th/p/EUDrOja-192162763937204?info=JTdCJTIyaW5kZXhDbGlja2VkJTIyJTNBMjM4JTdE,https://images.mango-prod.siammakro.cloud/SOURCE/08c2e4b84c67405b8edd3fb3151eceb2,Pramy อาหารเม็ดสุนัขพรามี่ สูตรเน้นเนื้อแท้ โปรตีนสูง เสริมสร้างสุขภาพแบบรอบด้าน ขนาด 1kg - 1.3kg SD05-ฟ้า 1 kg,3-7 วัน,"฿

135.

00",฿,00,,,,,,
https://www.makro.pro/th/p/eNst9Du-939163325663732?info=JTdCJTIyaW5kZXhDbGlja2VkJTIyJTNBMjM5JTdE,https://images.mango-prod.siammakro.cloud/SOURCE/312d8c6f0be84f1b91e7f57b31cb38f7,[12 ซอง] PRAMA Delicacy Snack พราม่า ขนมสุนัข รสคลาสสิค ขนาด 70 กรัม / รสเนื้อ,3-7 วัน,฿,540.,00,฿ 588.00,-8%,,,,
https://www.makro.pro/th/p/E1dU6d1-403898812632951?info=JTdCJTIyaW5kZXhDbGlja2VkJTIyJTNBMjQwJTdE,https://images.mango-prod.siammakro.cloud/SOURCE/7ce43b93d4934ef780ee9ee69e11ffe4,[1 ซอง] PRAMA Delicacy Snack พราม่า ขนมสุนัข ขนาด 60 กรัม / รสพุดดิ้ง & น้ําผึ้ง,3-7 วัน,฿,47.,00,฿ 49.00,-4%,,,,
https://www.makro.pro/th/p/5GAxS7D-307287757943152?info=JTdCJTIyaW5kZXhDbGlja2VkJTIyJTNBMjQxJTdE,https://images.mango-prod.siammakro.cloud/SOURCE/7f54a2840321474daeb0f2261ab40820,[12 ซอง] PRAMA Delicacy Snack พราม่า เดลิคาซี่ สแน็ค รสผลไม้ ขนมสําหรับสุนัข ขนาด 70 กรัม,3-7 วัน,฿,540.,00,฿ 588.00,-8%,,,,
https://www.makro.pro/th/p/1-rf5Wi-890183071972320?info=JTdCJTIyaW5kZXhDbGlja2VkJTIyJTNBMjQyJTdE,https://images.mango-prod.siammakro.cloud/SOURCE/e43a8df7c08c4d66a5d9f998ac846785,[12 ซอง] PRAMA Delicacy Snack พราม่า เดลิคาซี่ สแน็ค รสผลไม้ ขนมสําหรับสุนัข ขนาด 70 กรัม,3-7 วัน,฿,540.,00,฿ 588.00,-8%,,,,
https://www.makro.pro/th/p/8iOwEII-163018577000580?info=JTdCJTIyaW5kZXhDbGlja2VkJTIyJTNBMjQzJTdE,https://images.mango-prod.siammakro.cloud/SOURCE/02358d238f3e4608a07b275de71fd6a8,[12 ซอง] PRAMA Delicacy Snack พราม่า ขนมสุนัข ขนาด 60 กรัม / รสพุดดิ้ง & น้ําผึ้ง,3-7 วัน,฿,540.,00,฿ 588.00,-8%,,,,
https://www.makro.pro/th/p/xXYheEM-527338701884749?info=JTdCJTIyaW5kZXhDbGlja2VkJTIyJTNBMjQ0JTdE,https://images.mango-prod.siammakro.cloud/SOURCE/074722d0b43f4a949a446ec50db76fce,[12 ซอง] PRAMA Delicacy Snack พราม่า เดลิคาซี่ สแน็ค รสผลไม้ ขนมสําหรับสุนัข ขนาด 70 กรัม,3-7 วัน,฿,540.,00,฿ 588.00,-8%,,,,
https://www.makro.pro/th/p/RvMnCkv-524872864690547?info=JTdCJTIyaW5kZXhDbGlja2VkJTIyJTNBMjQ1JTdE,https://images.mango-prod.siammakro.cloud/SOURCE/e4932feb16754b31bd360d647b5bee1a,[12 ซอง] PRAMA Delicacy Snack พราม่า ขนมสุนัข ขนาด 60 กรัม / รสโยเกิร์ต,3-7 วัน,฿,540.,00,฿ 588.00,-8%,,,,
https://www.makro.pro/th/p/7mjiLtJ-448840262895542?info=JTdCJTIyaW5kZXhDbGlja2VkJTIyJTNBMjQ2JTdE,https://images.mango-prod.siammakro.cloud/SOURCE/7e8fdb3d5af0401ca8a32fe1f2655173,Pramy อาหารเม็ดสุนัขพรามี่ สูตรเน้นเนื้อแท้ โปรตีนสูง เสริมสร้างสุขภาพแบบรอบด้าน ขนาด 1kg - 1.3kg SD04-เหลือง 1.3 kg,3-7 วัน,"฿

165.

00",฿,00,,,,,,
https://www.makro.pro/th/p/AOl5DUt-790905807612478?info=JTdCJTIyaW5kZXhDbGlja2VkJTIyJTNBMjQ3JTdE,https://images.mango-prod.siammakro.cloud/SOURCE/6373b78d267649e1b2cd8b88d996a22d,[12 ซอง] PRAMA Delicacy Snack พราม่า ขนมสุนัข รสคลาสสิค ขนาด 70 กรัม / รสตับไก่,3-7 วัน,฿,540.,00,฿ 588.00,-8%,,,,
https://www.makro.pro/th/p/cIQKyvP-258608393212435?info=JTdCJTIyaW5kZXhDbGlja2VkJTIyJTNBMjQ4JTdE,https://images.mango-prod.siammakro.cloud/SOURCE/0676ce867cfa4c86953c622e1060d0be,Pramy อาหารเม็ดสุนัขพรามี่ สูตรเน้นเนื้อแท้ โปรตีนสูง เสริมสร้างสุขภาพแบบรอบด้าน ขนาด 1kg - 1.3kg SD06-ม่วง 1.3 kg,3-7 วัน,"฿

165.

00",฿,00,,,,,,
https://www.makro.pro/th/p/iL-DyxB-152774959781096?info=JTdCJTIyaW5kZXhDbGlja2VkJTIyJTNBMjQ5JTdE,https://images.mango-prod.siammakro.cloud/SOURCE/a7d65d5e918e47a4bfedc86996089bd5,[12 ซอง] Prama Japan series ขนมสุนัข ผลิตจากเนื้อปลาสด เหมาะสําหรับสุนัขแพ้ง่าย มี 3 รส ขนาด 50 กรัม Takoyaki / 12 ซอง,3-7 วัน,฿,540.,00,฿ 588.00,-8%,,,,
https://www.makro.pro/th/p/Y5WB2oZ-154191091830470?info=JTdCJTIyaW5kZXhDbGlja2VkJTIyJTNBMjUwJTdE,https://images.mango-prod.siammakro.cloud/SOURCE/89bfabe673884495a22c82320f03a9e1,[1 ซอง] PRAMA Delicacy Snack พราม่า ขนมสุนัข ขนาด 60 กรัม / รสโยเกิร์ต,3-7 วัน,฿,47.,00,฿ 49.00,-4%,,,,
https://www.makro.pro/th/p/Zrb9wYB-805561313693971?info=JTdCJTIyaW5kZXhDbGlja2VkJTIyJTNBMjUxJTdE,https://images.mango-prod.siammakro.cloud/SOURCE/c0303bc357574522a5a82fec0d607097,Lola&Co โลล่าแอนโค อาหารกระป๋องสําหรับสุนัข สูตร Complete and Balance ขนาด 400g LD02-ไก่แครอทฟักทอง,3-7 วัน,฿,48.,00,฿ 49.00,-2%,,,,
https://www.makro.pro/th/p/6MBoErR-655273766225727?info=JTdCJTIyaW5kZXhDbGlja2VkJTIyJTNBMjUyJTdE,https://images.mango-prod.siammakro.cloud/SOURCE/ab7dc781db1b44f2982215a92ffdad63,[12 ซอง] PRAMA Delicacy Snack พราม่า เดลิคาซี่ สแน็ค รสผลไม้ ขนมสําหรับสุนัข ขนาด 70 กรัม,3-7 วัน,฿,540.,00,฿ 588.00,-8%,,,,
https://www.makro.pro/th/p/C5UqP2N-766174091528345?info=JTdCJTIyaW5kZXhDbGlja2VkJTIyJTNBMjUzJTdE,https://images.mango-prod.siammakro.cloud/SOURCE/159bf9ed0cbb4d48a5e9473dbcd85337,Pramy อาหารเม็ดสุนัขพรามี่ สูตรเน้นเนื้อแท้ โปรตีนสูง เสริมสร้างสุขภาพแบบรอบด้าน ขนาด 1kg - 1.3kg SD01-ส้ม 1 kg,3-7 วัน,"฿

135.

00",฿,00,,,,,,
https://www.makro.pro/th/p/gIqfsx6-275191404203666?info=JTdCJTIyaW5kZXhDbGlja2VkJTIyJTNBMjU0JTdE,https://images.mango-prod.siammakro.cloud/SOURCE/1ec0b156953149e697ec8ee940be267b,[12 ซอง] PRAMA Delicacy Snack พราม่า เดลิคาซี่ สแน็ค รสผลไม้ ขนมสําหรับสุนัข ขนาด 70 กรัม,3-7 วัน,฿,540.,00,฿ 588.00,-8%,,,,
https://www.makro.pro/th/p/1RpJvZQ-351086773913450?info=JTdCJTIyaW5kZXhDbGlja2VkJTIyJTNBMjU1JTdE,https://images.mango-prod.siammakro.cloud/SOURCE/571b260159a543a39cc16c1c1ce94480,[12 ซอง] Prama Japan series ขนมสุนัข ผลิตจากเนื้อปลาสด เหมาะสําหรับสุนัขแพ้ง่าย มี 3 รส ขนาด 50 กรัม Makuro / 12 ซอง,3-7 วัน,฿,540.,00,฿ 588.00,-8%,,,,
https://www.makro.pro/th/p/9VHpvWp-587061910608538?info=JTdCJTIyaW5kZXhDbGlja2VkJTIyJTNBMjU2JTdE,https://images.mango-prod.siammakro.cloud/SOURCE/dba6b131644f4ec5ab777dee679f81de,Pramy อาหารเม็ดสุนัขพรามี่ สูตรเน้นเนื้อแท้ โปรตีนสูง เสริมสร้างสุขภาพแบบรอบด้าน ขนาด 1kg - 1.3kg SDP1-ชมพูอ่อน 1 kg,3-7 วัน,"฿

145.

00",฿,00,,,,,,
https://www.makro.pro/th/p/Mshdm7l-435716105106217?info=JTdCJTIyaW5kZXhDbGlja2VkJTIyJTNBMjU3JTdE,https://images.mango-prod.siammakro.cloud/SOURCE/1a3fcced1991484d9e0d9fe01335d6f0,[12 ซอง] Prama อาหารเปียกสุนัข สูตร Complete & Balanced โปรตีนสูง เนื้อสัตว์เน้นๆ ช่วยบํารุงสุขภาพ มี 6 สูตร ขนาด 120g. PD1-ไก่&ชีส,3-7 วัน,฿,225.,00,฿ 228.00,-1%,,,,
https://www.makro.pro/th/p/yApx310-797567697476354?info=JTdCJTIyaW5kZXhDbGlja2VkJTIyJTNBMjU4JTdE,https://images.mango-prod.siammakro.cloud/SOURCE/4405d0be03c341b8889d634ed6706fb5,Pramy อาหารเม็ดสุนัขพรามี่ สูตรเน้นเนื้อแท้ โปรตีนสูง เสริมสร้างสุขภาพแบบรอบด้าน ขนาด 1kg - 1.3kg SD03-เขียว 1 kg,3-7 วัน,"฿

135.

00",฿,00,,,,,,
https://www.makro.pro/th/p/CwyIa5Z-574491744266007?info=JTdCJTIyaW5kZXhDbGlja2VkJTIyJTNBMjU5JTdE,https://images.mango-prod.siammakro.cloud/SOURCE/7480dd97cdbc4974871934b9cc9ee148,[12ซอง] Pramy Sterilized Goat Milk With Colostrum นมแพะ สเตอริไลส์ เสริมนมน้ําเหลือง ขนาด 60g / GM03-นมแพะสีส้ม,3-7 วัน,฿,248.,00,฿ 264.00,-6%,,,,
https://www.makro.pro/th/p/fAcMYKv-823912065836406?info=JTdCJTIyaW5kZXhDbGlja2VkJTIyJTNBMjYwJTdE,https://images.mango-prod.siammakro.cloud/SOURCE/c6f20d64298143ec95290f9b8c6ceb4c,ด็อกฟู้ดส์ อาหารสุนัขแช่แข็ง รสตับบด 1 กิโลกรัม,สั่งเช้า ส่งเย็น,"฿

38.00",฿,,,,,,,สินค้าหมด
https://www.makro.pro/th/p/yCaOiX2-232294765044582?info=JTdCJTIyaW5kZXhDbGlja2VkJTIyJTNBMjYxJTdE,https://images.mango-prod.siammakro.cloud/SOURCE/f526bfc76d2c4b27acd43e2bec1733c6,สมาร์ทฮาร์ท พาวเวอร์แพ็ค อาหาสุนัขโต ขนาด 10 กก.,1-3 วัน,฿,774.,00,฿ 925.00,-16%,"ซื้อ 1,299฿ ได้รับ 100 พอยท์",,,สินค้าหมด
https://www.makro.pro/th/p/f9-gNK6-375675935728783?info=JTdCJTIyaW5kZXhDbGlja2VkJTIyJTNBMjYyJTdE,https://images.mango-prod.siammakro.cloud/SOURCE/7491667cbc1d43efb8bc171c2038959b,คานิว่า อาหารสุนัข สูตรเนื้อแกะ ปลาทูน่าและข้าว ขนาด 12 กก.,1-3 วัน,฿,"1,754.",00,"฿ 1,790.00",-2%,,,,สินค้าหมด
https://www.makro.pro/th/p/59_tJQ4-696351650446484?info=JTdCJTIyaW5kZXhDbGlja2VkJTIyJTNBMjYzJTdE,https://images.mango-prod.siammakro.cloud/SOURCE/87fd63aba18c41d79d01a2245db8d8c9,สมาร์ทฮาร์ท ไลฟ์ อาหารสุนัขโต 10 กก.,1-3 วัน,฿,648.,00,฿ 800.00,-19%,"ซื้อ 1,299฿ ได้รับ 100 พอยท์",,,สินค้าหมด
https://www.makro.pro/th/p/OYktlx4-804168691978967?info=JTdCJTIyaW5kZXhDbGlja2VkJTIyJTNBMjY0JTdE,https://images.mango-prod.siammakro.cloud/SOURCE/805fc182fe0f404d8d608b8db89ecd74,"ดร.เลิฟแคร์ สุนัขโตพันธุ์เล็ก รสตับ,นม,ผัก และไข่ 9 กก.",1-3 วัน,฿,790.,00,"฿ 1,120.00",-29%,"ซื้อ 1,299฿ ได้รับ 100 พอยท์",,,สินค้าหมด
https://www.makro.pro/th/p/aWv-Lhc-698838260135840?info=JTdCJTIyaW5kZXhDbGlja2VkJTIyJTNBMjY1JTdE,https://images.mango-prod.siammakro.cloud/SOURCE/ccd1b5f72d734a5199f7bd980cff17f1,Prama อาหารเปียกสุนัข สูตร Complete & Balanced โปรตีนสูง เนื้อสัตว์เน้นๆ ช่วยบํารุงสุขภาพ มี 6 สูตร ขนาด 120g. PD2-ปลา&มันฝรั่ง,3-7 วัน,"฿

19.00",฿,,,,,,,สินค้าหมด
https://www.makro.pro/th/p/RaK8jMe-951149925933061?info=JTdCJTIyaW5kZXhDbGlja2VkJTIyJTNBMjY2JTdE,https://images.mango-prod.siammakro.cloud/SOURCE/0b2b901056f0458da284d1434098a756,Prama อาหารเปียกสุนัข สูตร Complete & Balanced โปรตีนสูง เนื้อสัตว์เน้นๆ ช่วยบํารุงสุขภาพ มี 6 สูตร ขนาด 120g. PD5-ไก่&มะเขือเทศ,3-7 วัน,"฿

19.00",฿,,,,,,,สินค้าหมด
https://www.makro.pro/th/p/WaJqDn3-471162490173238?info=JTdCJTIyaW5kZXhDbGlja2VkJTIyJTNBMjY3JTdE,https://images.mango-prod.siammakro.cloud/SOURCE/7dcd8c4a8b504f3fb73c7291c6eba382,สมาร์ทฮาร์ท โกลด์ ปลาแซลมอนและข้าว สุนัขโตพันธุ์เล็ก 7.5 กก.,1-3 วัน,฿,900.,00,"฿ 1,350.00",-33%,"ซื้อ 1,299฿ ได้รับ 100 พอยท์",,,สินค้าหมด
https://www.makro.pro/th/p/HyVN9JS-579672086277361?info=JTdCJTIyaW5kZXhDbGlja2VkJTIyJTNBMjY4JTdE,https://images.mango-prod.siammakro.cloud/SOURCE/632142dc61f547e7917627f0d9141a19,[12 ซอง] Prama อาหารเปียกสุนัข สูตร Complete & Balanced โปรตีนสูง เนื้อสัตว์เน้นๆ ช่วยบํารุงสุขภาพ มี 6 สูตร ขนาด 120g. PD4-ไก่ แครอท ฟักทอง,3-7 วัน,฿,225.,00,฿ 228.00,-1%,,,,สินค้าหมด
https://www.makro.pro/th/p/nV4MxYZ-245952281739047?info=JTdCJTIyaW5kZXhDbGlja2VkJTIyJTNBMjY5JTdE,https://images.mango-prod.siammakro.cloud/SOURCE/04e18a33821145909eb78296adfd36c4,Prama อาหารเปียกสุนัข สูตร Complete & Balanced โปรตีนสูง เนื้อสัตว์เน้นๆ ช่วยบํารุงสุขภาพ มี 6 สูตร ขนาด 120g. PD3-ปลาเนื้อขาว,3-7 วัน,"฿

19.00",฿,,,,,,,สินค้าหมด
https://www.makro.pro/th/p/2uUfh6t-875977731226480?info=JTdCJTIyaW5kZXhDbGlja2VkJTIyJTNBMjcwJTdE,https://images.mango-prod.siammakro.cloud/SOURCE/26a2110382c04c739781edd90cf97835,Prama อาหารเปียกสุนัข สูตร Complete & Balanced โปรตีนสูง เนื้อสัตว์เน้นๆ ช่วยบํารุงสุขภาพ มี 6 สูตร ขนาด 120g. PD1-ไก่&ชีส,3-7 วัน,"฿

19.00",฿,,,,,,,สินค้าหมด
https://www.makro.pro/th/p/Nxgt3dc-632363967637104?info=JTdCJTIyaW5kZXhDbGlja2VkJTIyJTNBMjcxJTdE,https://images.mango-prod.siammakro.cloud/SOURCE/8ca2492dc6424688af2a8c106beebfe6,Prama อาหารเปียกสุนัข สูตร Complete & Balanced โปรตีนสูง เนื้อสัตว์เน้นๆ ช่วยบํารุงสุขภาพ มี 6 สูตร ขนาด 120g. PD4-ไก่ แครอท ฟักทอง,3-7 วัน,"฿

19.00",฿,,,,,,,สินค้าหมด
