MuiBox-root href,MuiBox-root src,css-1n8x1y2,MuiTypography-root,MuiTypography-root (2),MuiTypography-root (3),MuiBox-root,MuiTypography-root (5),MuiTypography-root (6),MuiBox-root (2)
https://www.makro.pro/th/p/9njkegh-7497586475203,https://images.mango-prod.siammakro.cloud/SOURCE/e7a5cf74b036488f98e4a9853c5d0371,ออพติมั่ม ไฮโปร อาหารปลาคาร์ฟ สูตรเร่งโต เร่งสี (สาหร่ายสไปรูไลน่า 6%) เม็ดกลาง 1.5กก.,สั่งเช้า ส่งเย็น,"฿

255.

00",฿,,,,
https://www.makro.pro/th/p/D71sr4R-462239084530241?info=JTdCJTIyaW5kZXhDbGlja2VkJTIyJTNBMSU3RA,https://images.mango-prod.siammakro.cloud/SOURCE/2689959eb45245a09253e068b28ecd3f,ออพติมั่ม ไฮโปร Wheat Germ อาหารปลาคาร์พ เม็ดกลาง ขนาด 15 กก.,1-3 วัน,฿,"1,500.","ซื้อ 1,299฿ ได้รับ 100 พอยท์","฿ 1,880.00",-20%,
https://www.makro.pro/th/p/aotaxzq-7416115593411?info=JTdCJTIyaW5kZXhDbGlja2VkJTIyJTNBMiU3RA,https://images.mango-prod.siammakro.cloud/product-images/7416115593411-a168dd12-accc-412e-ba75-0ac5dbeba434.jpeg?imageMogr2/thumbnail/300x300,เซพแพ็ค อาหารปลาชนิดเม็ด 10 กิโลกรัม,สั่งเช้า ส่งเย็น,฿,599.,"ซื้อ 1,500฿ ได้รับ 20 พอยท์",฿ 713.00,-15%,
https://www.makro.pro/th/p/2Q4-gVC-144872489290314?info=JTdCJTIyaW5kZXhDbGlja2VkJTIyJTNBMyU3RA,https://images.mango-prod.siammakro.cloud/SOURCE/982387d7454e43248890862b5e9e6b5e,ออพติมั่ม ไฮโปร Growth & Color อาหารปลาคาร์พ เม็ดกลาง ขนาด 15 กก.,1-3 วัน,฿,"1,600.","ซื้อ 1,299฿ ได้รับ 100 พอยท์","฿ 1,970.00",-18%,
https://www.makro.pro/th/p/QuE8gPL-472924707598929?info=JTdCJTIyaW5kZXhDbGlja2VkJTIyJTNBNCU3RA,https://images.mango-prod.siammakro.cloud/SOURCE/d94fbb2ea7474bbf85c474c52fb2181a,ออพติมั่ม อาหารปลาสวยงาม เม็ดกลางขนาด 1กก.x 2 ซอง,1-3 วัน,฿,350.,"ซื้อ 1,299฿ ได้รับ 100 พอยท์",฿ 510.00,-31%,
https://www.makro.pro/th/p/h5AKhj4-922841416504526?info=JTdCJTIyaW5kZXhDbGlja2VkJTIyJTNBNSU3RA,https://images.mango-prod.siammakro.cloud/SOURCE/2802e6b64b0945f5a46f1b87a484c9c4,ออพติมั่ม ไฮโปร Growth & Color อาหารปลาคาร์พ เม็ดใหญ่ ขนาด 15 กก.,1-3 วัน,฿,"1,600.","ซื้อ 1,299฿ ได้รับ 100 พอยท์","฿ 1,970.00",-18%,
https://www.makro.pro/th/p/1-RdaZf-740807509068205?info=JTdCJTIyaW5kZXhDbGlja2VkJTIyJTNBNiU3RA,https://images.mango-prod.siammakro.cloud/SOURCE/0c9315b3a7014795aa0a0758f7298e4c,ออพติมั่ม ไฮโปร สูตรมาตรฐาน อาหารปลาคาร์พ เม็ดกลาง ขนาด 15 กก.,1-3 วัน,฿,"1,410.","ซื้อ 1,299฿ ได้รับ 100 พอยท์","฿ 1,880.00",-25%,
https://www.makro.pro/th/p/03jeUUw-398323685406871?info=JTdCJTIyaW5kZXhDbGlja2VkJTIyJTNBNyU3RA,https://images.mango-prod.siammakro.cloud/SOURCE/b1bb91c6479f4b94a1710f8ec81161bb,ออพติมั่ม อาหารปลาสวยงาม เม็ดใหญ่ขนาด 1กก.x 2 ซอง,1-3 วัน,฿,350.,"ซื้อ 1,299฿ ได้รับ 100 พอยท์",฿ 510.00,-31%,
https://www.makro.pro/th/p/G6tjz-F-702296331893845?info=JTdCJTIyaW5kZXhDbGlja2VkJTIyJTNBOCU3RA,https://images.mango-prod.siammakro.cloud/SOURCE/3068fd8caee54438be995a9df80b4cfe,ออพติมั่ม ไฮโปร อาหารปลาคาร์พ (Silkworm) 1.5กก.,1-3 วัน,฿,365.,"ซื้อ 1,299฿ ได้รับ 100 พอยท์",฿ 500.00,-27%,
https://www.makro.pro/th/p/68pBG5w-279572604295615?info=JTdCJTIyaW5kZXhDbGlja2VkJTIyJTNBOSU3RA,https://images.mango-prod.siammakro.cloud/SOURCE/6d31268351124c49b2846a0cc5292cba,ออพติมั่ม ไฮโปร Wheat Germ อาหารปลาคาร์พ เม็ดใหญ่ ขนาด 15 กก.,1-3 วัน,฿,"1,500.","ซื้อ 1,299฿ ได้รับ 100 พอยท์","฿ 1,880.00",-20%,
https://www.makro.pro/th/p/hKjKLfG-391188708424288?info=JTdCJTIyaW5kZXhDbGlja2VkJTIyJTNBMTAlN0Q,https://images.mango-prod.siammakro.cloud/SOURCE/c9c85a3a219a43709bba864aafbe7f06,ออพติมั่ม อาหารปลาสวยงาม เม็ดจิ๋วขนาด 1kg x 2 ถุง,1-3 วัน,฿,390.,"ซื้อ 1,299฿ ได้รับ 100 พอยท์",฿ 450.00,-13%,สินค้าหมด
https://www.makro.pro/th/p/Gs6f9mx-160530300812158?info=JTdCJTIyaW5kZXhDbGlja2VkJTIyJTNBMTElN0Q,https://images.mango-prod.siammakro.cloud/SOURCE/7be53c7197f746789f87933447c5f0ac,ออพติมั่ม 3 in 1 สาหร่าย 6% อาหารปลา เม็ดเล็ก 800ก.,1-3 วัน,฿,180.,"ซื้อ 1,299฿ ได้รับ 100 พอยท์",฿ 290.00,-37%,สินค้าหมด
https://www.makro.pro/th/p/aScK9JV-871063241467422?info=JTdCJTIyaW5kZXhDbGlja2VkJTIyJTNBMTIlN0Q,https://images.mango-prod.siammakro.cloud/SOURCE/efcef2050cfb49f59be5987fb1b297ee,ออพติมั่ม ไฮโปร สูตรมาตรฐาน อาหารปลาคาร์พ เม็ดใหญ่ ขนาด 15 กก.,1-3 วัน,฿,"1,410.","ซื้อ 1,299฿ ได้รับ 100 พอยท์","฿ 1,880.00",-25%,สินค้าหมด
