MuiBox-root href,MuiBox-root src,MuiBox-root,css-1n8x1y2,MuiTypography-root,MuiTypography-root (2),MuiTypography-root (3),MuiTypography-root (4),MuiTypography-root (5),MuiTypography-root (6),MuiBox-root (2)
https://www.makro.pro/th/p/f7blrmv-6974682366147,https://images.mango-prod.siammakro.cloud/SOURCE/3404625f3d7248b4bfe008bef7cf7c36,"ซื้อ 1,500฿ ได้รับ 20 พอยท์",กาซู่ แก๊สกระป๋อง 250 ก. x 3,สั่งเช้า ส่งเย็น,฿,119.,00,฿ 139.00,-14%,
https://www.makro.pro/th/p/ash7snb-6974594121923?info=JTdCJTIyaW5kZXhDbGlja2VkJTIyJTNBMSU3RA,https://images.mango-prod.siammakro.cloud/product-images/6974594121923-6d3475e7-e87f-4c06-a357-8ece07d339a8.jpeg?imageMogr2/thumbnail/300x300,,ออตโต้ กาต้มน้ําไร้สาย รุ่น PT-104 1.8 ล.,สั่งเช้า ส่งเย็น,฿,159.,00,฿ 228.00,-30%,
https://www.makro.pro/th/p/RoZUCNT-887913389293162?info=JTdCJTIyaW5kZXhDbGlja2VkJTIyJTNBMiU3RA,https://images.mango-prod.siammakro.cloud/SOURCE/fe3329d0c3b544e4a03785714d797484,,SCE Vacuum Hepa Filter TC02 For XG1,3-7 วัน,"฿

99.

00",฿,00,,,
https://www.makro.pro/th/p/xkqLngZ-477025649947479?info=JTdCJTIyaW5kZXhDbGlja2VkJTIyJTNBMyU3RA,https://images.mango-prod.siammakro.cloud/SOURCE/b07fa92029594a2ca2ad4e7d751dd612,,[NEW] [มี 3 สี] Minimex PITCHER 450 ml. สีขาว,3-7 วัน,"฿

600.

00",฿,00,,,
https://www.makro.pro/th/p/DSzQize-822828676110594?info=JTdCJTIyaW5kZXhDbGlja2VkJTIyJTNBNCU3RA,https://images.mango-prod.siammakro.cloud/product-images/822828676110594-42e1f3fe-2e54-4d30-9d5f-1676136fe125.jpeg?imageMogr2/thumbnail/300x300,"ซื้อ 1,500฿ ได้รับ 20 พอยท์",เอโร่ หลอดคนกาแฟห่อฟิล์ม 400 ชิ้น,สั่งเช้า ส่งเย็น,฿,75.,00,฿ 79.00,-5%,
https://www.makro.pro/th/p/ukjquvk-7497513697475?info=JTdCJTIyaW5kZXhDbGlja2VkJTIyJTNBNSU3RA,https://images.mango-prod.siammakro.cloud/SOURCE/cfdd72b6e1f544aea522f4a6907f660b,,บอนกาแฟ กระดาษกรองกาแฟ ขนาด 1x2 นิ้ว x 40 ชิ้น,สั่งเช้า ส่งเย็น,"฿

76.

00",฿,00,,,
https://www.makro.pro/th/p/j6jpo3y-7499652497603?info=JTdCJTIyaW5kZXhDbGlja2VkJTIyJTNBNiU3RA,https://images.mango-prod.siammakro.cloud/SOURCE/c14f76d4096a47bdb89e6ddfc21140a5,,ตะแกรงปิ้งย่าง ใหญ่พิเศษ รุ่น SPL-185,สั่งเช้า ส่งเย็น,฿,116.,00,฿ 170.00,-31%,
https://www.makro.pro/th/p/prncvwa-7497597092035?info=JTdCJTIyaW5kZXhDbGlja2VkJTIyJTNBNyU3RA,https://images.mango-prod.siammakro.cloud/SOURCE/1fc79f0ce02848f2b223b1cd07832375,,ตราหัวม้าลาย อ่างอาหารสเตนเลส ขนาด 40 ซม.,สั่งเช้า ส่งเย็น,"฿

759.

00",฿,00,,,
https://www.makro.pro/th/p/0bnjoaj-7497381675203?info=JTdCJTIyaW5kZXhDbGlja2VkJTIyJTNBOCU3RA,https://images.mango-prod.siammakro.cloud/SOURCE/3a07126b258d42ad90a812fb8279301e,,ตราหัวม้าลาย อ่างอาหารสแตนเลส ขนาด 45 ซม.,สั่งเช้า ส่งเย็น,"฿

899.

00",฿,00,,,
https://www.makro.pro/th/p/jbVoZzTC-961245330752229?info=JTdCJTIyaW5kZXhDbGlja2VkJTIyJTNBOSU3RA,https://images.mango-prod.siammakro.cloud/product-images/961245330752229-1a5aec37-408a-459e-8926-44675cd25507.jpeg?imageMogr2/thumbnail/300x300,"ซื้อ 1,500฿ ได้รับ 20 พอยท์",เอโร่ X ซีกัล อ่างอาหาร 35 ซม.,สั่งเช้า ส่งเย็น,"฿

336.

00",฿,00,,,
https://www.makro.pro/th/p/ywigkmy-904540339442657?info=JTdCJTIyaW5kZXhDbGlja2VkJTIyJTNBMTAlN0Q,https://images.mango-prod.siammakro.cloud/SOURCE/880197d1e39d475883857bb7a27c5b02,,เฮเฟเล่ เครื่องบดเมล็ดกาแฟ,1-3 วัน,฿,529.,00,"฿ 1,320.00",-59%,
https://www.makro.pro/th/p/kb0O0S11-461759998523520?info=JTdCJTIyaW5kZXhDbGlja2VkJTIyJTNBMTElN0Q,https://images.mango-prod.siammakro.cloud/product-images/461759998523520-7b8afb7e-1dc5-4777-8a00-1e25be91a06c.jpeg?imageMogr2/thumbnail/300x300,"ซื้อ 1,500฿ ได้รับ 20 พอยท์",เอโร่ X ซีกัล อ่างอาหาร 40 ซม,สั่งเช้า ส่งเย็น,"฿

420.

00",฿,00,,,
https://www.makro.pro/th/p/0UOT4RT-132046564368791?info=JTdCJTIyaW5kZXhDbGlja2VkJTIyJTNBMTIlN0Q,https://images.mango-prod.siammakro.cloud/SOURCE/73156ce092a5408ca604d18ed9ff4f14,,ครุปส์ เครื่องชงกาแฟ รุ่น KP120H 800 มล.,สั่งเช้า ส่งเย็น,"฿

3,090.

00",฿,00,,,
https://www.makro.pro/th/p/CJrQaH4-929615409251383?info=JTdCJTIyaW5kZXhDbGlja2VkJTIyJTNBMTMlN0Q,https://images.mango-prod.siammakro.cloud/SOURCE/389a81fdceb4407f880c7ea0efd7190b,,[NEW] [มี 3 สี] Minimex PITCHER 450 ml. สเตนเลส,3-7 วัน,"฿

600.

00",฿,00,,,
https://www.makro.pro/th/p/oxqA71g-653500718989777?info=JTdCJTIyaW5kZXhDbGlja2VkJTIyJTNBMTQlN0Q,https://images.mango-prod.siammakro.cloud/SOURCE/1e918b6cf99d49a59a5835e3370c1fe8,,Minimex WTD Tamper แทมเปอร์พร้อมแปรงปัดกาแฟ (ในด้ามจับ),3-7 วัน,"฿

1,188.

00",฿,00,,,
https://www.makro.pro/th/p/x_Wdt56-964403463105878?info=JTdCJTIyaW5kZXhDbGlja2VkJTIyJTNBMTUlN0Q,https://images.mango-prod.siammakro.cloud/SOURCE/8eef0e13fc3743cd9e5c172a878d7d3f,,LotusFlow Filters 155 กรองกาแฟใบบัว 1–2 ถ้วย 30 แผ่น ฟิลเตอร์ Hydrophobic ลด Bypass สําหรับดริปเปอร์Origami Lotus Flows Filter,3-7 วัน,"฿

399.

00",฿,00,,,
https://www.makro.pro/th/p/yFb6Ufh-625009206772981?info=JTdCJTIyaW5kZXhDbGlja2VkJTIyJTNBMTYlN0Q,https://images.mango-prod.siammakro.cloud/SOURCE/dccb60865bf843359b68d3e3d2643c0c,,กระดาษกรองแบบเวฟ 155 กระดาษกรองกาแฟดริป Competition Wave Filters (50ชิ้น/แพค) by Wasin Kusakabe l Nana Coffee Roasters Filter 155,3-7 วัน,"฿

259.

00",฿,00,,,
https://www.makro.pro/th/p/D-kbLjO-425938089282333?info=JTdCJTIyaW5kZXhDbGlja2VkJTIyJTNBMTclN0Q,https://images.mango-prod.siammakro.cloud/SOURCE/0836b2d8f93449bfb015d5132d1c8fbc,,Nana Coffee Roasters x Fellow - Carter Cold Tumbler Size 16 0z. แก้วเก็บความเย็น ขนาด 16 ออนซ์ เขียว,3-7 วัน,"฿

1,590.

00",฿,00,,,
https://www.makro.pro/th/p/eL2By5o-962831818445346?info=JTdCJTIyaW5kZXhDbGlja2VkJTIyJTNBMTglN0Q,https://images.mango-prod.siammakro.cloud/SOURCE/0026004a69764eb5808714dcf4d4772d,,Nana Coffee Roasters x Fellow - Carter Cold Tumbler Size 16 0z. แก้วเก็บความเย็น ขนาด 16 ออนซ์ กรม,3-7 วัน,"฿

1,590.

00",฿,00,,,
https://www.makro.pro/th/p/Wp30VDb-978077977142226?info=JTdCJTIyaW5kZXhDbGlja2VkJTIyJTNBMTklN0Q,https://images.mango-prod.siammakro.cloud/SOURCE/c2237fb0dcbc4302a33b873050ea8033,,Nana Coffee Roasters x Fellow - Carter Cold Tumbler Size 16 0z. แก้วเก็บความเย็น ขนาด 16 ออนซ์ ส้ม,3-7 วัน,"฿

1,590.

00",฿,00,,,
https://www.makro.pro/th/p/fQx3UU0-691310327383633?info=JTdCJTIyaW5kZXhDbGlja2VkJTIyJTNBMjAlN0Q,https://images.mango-prod.siammakro.cloud/SOURCE/01f5de5e7f5e493a80623ba4543bc89f,,กระดาษกรองแบบเวฟ 185 กระดาษกรองกาแฟดริป Competition Wave Filters (50ชิ้น/แพค) by Wasin Kusakabe l Nana Coffee Roasters Filter 185,3-7 วัน,"฿

220.

00",฿,00,,,
https://www.makro.pro/th/p/41lCSTQ-910279359792263?info=JTdCJTIyaW5kZXhDbGlja2VkJTIyJTNBMjElN0Q,https://images.mango-prod.siammakro.cloud/SOURCE/b68682b8605e4afbbb30c3e60d830d4e,,Nana Coffee Roasters Nebula อุปกรณ์เสริมสําหรับการดริปกาแฟ,3-7 วัน,"฿

1,200.

00",฿,00,,,
https://www.makro.pro/th/p/D9la-X1-831507100717231?info=JTdCJTIyaW5kZXhDbGlja2VkJTIyJTNBMjIlN0Q,https://images.mango-prod.siammakro.cloud/SOURCE/a42949a48da645ee8f212fe810ea7957,,Homemi Portable Coffee Grinder เครื่องบดกาแฟแบบพกพา (HM0122),3-7 วัน,฿,890.,00,"฿ 1,590.00",-44%,
https://www.makro.pro/th/p/15cWr_G-795451131041668?info=JTdCJTIyaW5kZXhDbGlja2VkJTIyJTNBMjMlN0Q,https://images.mango-prod.siammakro.cloud/SOURCE/23d65c92583a4c21ade2dcdeaeff2be6,,[NEW] Minimex Electric Grinder รุ่น MEG1 - Exclusive online,3-7 วัน,"฿

1,900.

00",฿,00,,,
https://www.makro.pro/th/p/69XBMuc-519675896774985?info=JTdCJTIyaW5kZXhDbGlja2VkJTIyJTNBMjQlN0Q,https://images.mango-prod.siammakro.cloud/SOURCE/e560c349782e4f2598e94438b9301902,,"MiniMex ก้านชงกาแฟ Bottomless 58mm สำหรับเครื่องชงกาแฟรุ่น Barista X, Super Rich, Richman และ Richie Pro Series",3-7 วัน,"฿

2,500.

00",฿,00,,,
https://www.makro.pro/th/p/ECDd65i-327096374861894?info=JTdCJTIyaW5kZXhDbGlja2VkJTIyJTNBMjUlN0Q,https://images.mango-prod.siammakro.cloud/SOURCE/a237f03fa6244ec0a7e708decb579b33,,Minimex Mat black แผ่นยางรองแทมเปอร์,3-7 วัน,"฿

300.

00",฿,00,,,
https://www.makro.pro/th/p/wWZwcit-652353368395866?info=JTdCJTIyaW5kZXhDbGlja2VkJTIyJTNBMjYlN0Q,https://images.mango-prod.siammakro.cloud/SOURCE/c6dd4d88bfd845048b655a67a3019760,,[NEW] MiniMex Tamper Leveler ที่เกลี่ยผงกาแฟ ขนาด 58 มม. แทมเปอร์มาการอง,3-7 วัน,"฿

790.

00",฿,00,,,
https://www.makro.pro/th/p/4ywOpDh-673747638591680?info=JTdCJTIyaW5kZXhDbGlja2VkJTIyJTNBMjclN0Q,https://images.mango-prod.siammakro.cloud/SOURCE/39b041dd2b8c4818851fa8063a1f672d,,Minimex Hand Grinder รุ่น MHG3,3-7 วัน,"฿

1,400.

00",฿,00,,,
https://www.makro.pro/th/p/7KH3klz-389843198391849?info=JTdCJTIyaW5kZXhDbGlja2VkJTIyJTNBMjglN0Q,https://images.mango-prod.siammakro.cloud/SOURCE/6377575b97174edb935e8e4b56538419,,[NEW] [มี 3 สี] Minimex PITCHER 450 ml. สีดํา,3-7 วัน,"฿

600.

00",฿,00,,,
https://www.makro.pro/th/p/9737wv0-7196410118339?info=JTdCJTIyaW5kZXhDbGlja2VkJTIyJTNBMjklN0Q,https://images.mango-prod.siammakro.cloud/SOURCE/80c43c62b4484a59829950039e41b05f,,เอโร่ ไม้คนกาแฟ 14 ซม. 300 ชิ้น,สั่งเช้า ส่งเย็น,฿,36.,00,฿ 65.00,-44%,สินค้าหมด
https://www.makro.pro/th/p/p0zqvqs-7497491448003?info=JTdCJTIyaW5kZXhDbGlja2VkJTIyJTNBMzAlN0Q,https://images.mango-prod.siammakro.cloud/SOURCE/72b16201d54545ca93bb9a8f83b0aab1,,ตราจรวด อ่างอาหารสเตนเลส ขนาด 35 ซม.,สั่งเช้า ส่งเย็น,฿,376.,00,฿ 420.00,-10%,สินค้าหมด
https://www.makro.pro/th/p/79SM2ri-148114183070079?info=JTdCJTIyaW5kZXhDbGlja2VkJTIyJTNBMzElN0Q,https://images.mango-prod.siammakro.cloud/SOURCE/983eaab00ccc4ec2b49a80b8feb64e44,,Nana Coffee Roasters x Fellow - Carter Cold Tumbler Size 16 0z. แก้วเก็บความเย็น ขนาด 16 ออนซ์ ครีม,3-7 วัน,"฿

1,590.00",฿,,,,สินค้าหมด
https://www.makro.pro/th/p/lHN_xCG-827439325753467?info=JTdCJTIyaW5kZXhDbGlja2VkJTIyJTNBMzIlN0Q,https://images.mango-prod.siammakro.cloud/SOURCE/e3c5bcb4f26c47728e6140bf6394f54a,,Homemi Coffee Bean Grinder เครื่องบดเมล็ดกาแฟ (HM0099-P-WH),3-7 วัน,฿,"1,790.",00,"฿ 2,590.00",-30%,สินค้าหมด
https://www.makro.pro/th/p/1C0LMy8-893783444310569?info=JTdCJTIyaW5kZXhDbGlja2VkJTIyJTNBMzMlN0Q,https://images.mango-prod.siammakro.cloud/SOURCE/b82467c5d9da4f97bc24182332ac7e11,,Cocogu ขาตั้งเครื่องดูดฝุ่น ใช้ได้ทุกรุ่น ขาว,3-7 วัน,"฿

199.00",฿,,,,สินค้าหมด
https://www.makro.pro/th/p/tJCkzAP-694459798791017?info=JTdCJTIyaW5kZXhDbGlja2VkJTIyJTNBMzQlN0Q,https://images.mango-prod.siammakro.cloud/SOURCE/f9e2641f25254999b6a799b808ccddf1,,MiniMex เครื่องตีฟองนม รุ่น MF5 เครื่องปั่นฟองนมอัตโนมัติ 160 มล. (รับประกัน 1 ปี),3-7 วัน,"฿

2,190.00",฿,,,,สินค้าหมด
