MuiBox-root href,MuiBox-root src,css-1n8x1y2,MuiTypography-root,MuiTypography-root (2),MuiTypography-root (3),MuiTypography-root (4),MuiBox-root,MuiBox-root (2),MuiTypography-root (5),MuiTypography-root (6),MuiBox-root (3)
https://www.makro.pro/th/p/ekdkch4-6974742954179,https://images.mango-prod.siammakro.cloud/product-images/6974742954179-231e4ac3-f634-4212-9e3b-f7c19565064f.jpeg?imageMogr2/thumbnail/300x300,เฟอร์โน่ แอลกอฮอล์แข็ง 10 ก. 50 ก้อน,สั่งเช้า ส่งเย็น,"฿

109.

00",฿,00,,,,,
https://www.makro.pro/th/p/fr9BQbu-774735054369802?info=JTdCJTIyaW5kZXhDbGlja2VkJTIyJTNBMSU3RA,https://images.mango-prod.siammakro.cloud/SOURCE/e9e3fe3146d54d92bb26c19e9cae03e0,[3 กระป๋อง] แม็กไฟร์แก๊สกระป๋อง แก๊สปิคนิค พร้อมด้วยระบบป้องกันการระเบิด,1-3 วัน,฿,109.,00,ซื้ออย่างน้อย 2000฿ ลดเพิ่ม 20฿,+1,฿ 125.00,-12%,
https://www.makro.pro/th/p/BvlA2FP-996881383860456?info=JTdCJTIyaW5kZXhDbGlja2VkJTIyJTNBMiU3RA,https://images.mango-prod.siammakro.cloud/SOURCE/e40a75e863064d3cb6f492866d2206dd,แก๊สกระป๋อง NIKKO (แพ็ค3),1-3 วัน,฿,115.,00,ซื้ออย่างน้อย 2000฿ ลดเพิ่ม 20฿,+1,฿ 125.00,-8%,
https://www.makro.pro/th/p/2DU2lUr-622212930662296?info=JTdCJTIyaW5kZXhDbGlja2VkJTIyJTNBMyU3RA,https://images.mango-prod.siammakro.cloud/SOURCE/e36bc3963afb469c85f572f50568f001,กาซูแอลกอฮอล์อุ่นอาหารชนิดเจลบรรจุถัง 8 กิโลกรัม,1-3 วัน,"฿

899.

00",฿,00,ซื้ออย่างน้อย 2000฿ ลดเพิ่ม 20฿,+1,,,
https://www.makro.pro/th/p/vh1nyqg-6974604935363?info=JTdCJTIyaW5kZXhDbGlja2VkJTIyJTNBNCU3RA,https://images.mango-prod.siammakro.cloud/SOURCE/beeb6b613fe44b21ba503e4e0783d8ae,เฟอร์โน่ แอลกอฮอล์แข็ง 15 ก. 50 ก้อน,สั่งเช้า ส่งเย็น,"฿

165.

00",฿,00,,,,,
https://www.makro.pro/th/p/NLNI3GW-199495038788690?info=JTdCJTIyaW5kZXhDbGlja2VkJTIyJTNBNSU3RA,https://images.mango-prod.siammakro.cloud/product-images/199495038788690-7a9d61d1-e3d4-4c51-9f3e-2926d35e7c5c.jpeg?imageMogr2/thumbnail/300x300,แม็กซ์เซฟ แก๊สกระป๋อง ขนาด 250 ก. x 3,สั่งเช้า ส่งเย็น,฿,105.,00,"ซื้อ 1,500฿ ได้รับ 20 พอยท์",,฿ 125.00,-16%,
https://www.makro.pro/th/p/ogmlywe-6974742298819?info=JTdCJTIyaW5kZXhDbGlja2VkJTIyJTNBNiU3RA,https://images.mango-prod.siammakro.cloud/product-images/6974742298819-7e518163-59ff-4c3e-9307-17728f70ecc7.jpeg?imageMogr2/thumbnail/300x300,เอโร่ แอลกอฮอล์แข็ง ชนิดก้อน 12 ก. 50 ชิ้น,สั่งเช้า ส่งเย็น,฿,109.,00,"ซื้อ 1,500฿ ได้รับ 20 พอยท์",,฿ 145.00,-24%,
https://www.makro.pro/th/p/vyrel8l-6761211494595?info=JTdCJTIyaW5kZXhDbGlja2VkJTIyJTNBNyU3RA,https://images.mango-prod.siammakro.cloud/product-images/6761211494595-99e3e54f-993d-4a2c-bdcf-a006eed5a1c2.jpeg?imageMogr2/thumbnail/300x300,เอโร่ แอลกอฮอล์แข็ง ชนิดถ้วย 24 ก. 50 ถ้วย,สั่งเช้า ส่งเย็น,฿,169.,00,"ซื้อ 1,500฿ ได้รับ 20 พอยท์",,฿ 189.00,-10%,
https://www.makro.pro/th/p/p5szxnl-7542470639811?info=JTdCJTIyaW5kZXhDbGlja2VkJTIyJTNBOCU3RA,https://images.mango-prod.siammakro.cloud/product-images/7542470639811-764bfaf0-f58f-4a8b-ba02-4d32185510f6.jpeg?imageMogr2/thumbnail/300x300,เอโร่ เทียนอเนกประสงค์กล่อง 100 ชิ้น,สั่งเช้า ส่งเย็น,฿,129.,00,"ซื้อ 1,500฿ ได้รับ 20 พอยท์",,฿ 145.00,-11%,
https://www.makro.pro/th/p/60TlWYs-842521165686003?info=JTdCJTIyaW5kZXhDbGlja2VkJTIyJTNBOSU3RA,https://images.mango-prod.siammakro.cloud/product-images/842521165686003-739ca7a5-b762-462a-bc04-9448536e8ea4.jpeg?imageMogr2/thumbnail/300x300,อิวาตานิ แก๊สกระป๋อง 250 ก. x 3,สั่งเช้า ส่งเย็น,"฿

149.

00",฿,00,,,,,
https://www.makro.pro/th/p/hntibyl-7416045535427?info=JTdCJTIyaW5kZXhDbGlja2VkJTIyJTNBMTAlN0Q,https://images.mango-prod.siammakro.cloud/SOURCE/07397e0a95754b2782142f2a0dd72a9f,เอ็น.ที. ปืนจุดเตาแก๊ส แพ็ค 3 อัน คละสี,สั่งเช้า ส่งเย็น,฿,76.,00,,,฿ 102.00,-25%,
https://www.makro.pro/th/p/rkBcDhT-156701801404001?info=JTdCJTIyaW5kZXhDbGlja2VkJTIyJTNBMTElN0Q,https://images.mango-prod.siammakro.cloud/SOURCE/0dc66abf4c294ab68e1c3bb322d5b96a,[ยกลัง 24 กระป๋อง] แม็กไฟร์ แก๊สกระป๋อง แก๊สปิคนิค,1-3 วัน,฿,872.,00,ซื้ออย่างน้อย 2000฿ ลดเพิ่ม 20฿,+1,"฿ 1,000.00",-12%,
https://www.makro.pro/th/p/abHQbaY-164545390823017?info=JTdCJTIyaW5kZXhDbGlja2VkJTIyJTNBMTIlN0Q,https://images.mango-prod.siammakro.cloud/SOURCE/db3026b8dc3e4188808f6eadc40a5eed,[3 กระป๋อง] แม็กพาวเวอร์ ระบบป้องกันแก๊สระเบิด,1-3 วัน,฿,133.,00,ซื้ออย่างน้อย 2000฿ ลดเพิ่ม 20฿,+1,฿ 140.00,-5%,
https://www.makro.pro/th/p/ttIxfym-889249021691725?info=JTdCJTIyaW5kZXhDbGlja2VkJTIyJTNBMTMlN0Q,https://images.mango-prod.siammakro.cloud/SOURCE/886b6176bfbb40fb93b1ee7cc21f0fd8,เวสเทิร์น ไม้หอมรมควันบาร์บีคิว สโมกกิ้ง ชิป กลิ่นเชอรี่ ใช้ย่างรมควันอาหาร (ผลิตในสหรัฐอเมริกา) บรรจุ 549 ลูกบาศก์นิ้ว,1-3 วัน,"฿

1,690.

00",฿,00,"ซื้อ 3,000฿ ได้รับ 130 พอยท์",,,,
https://www.makro.pro/th/p/SjSvO4T-520708698619521?info=JTdCJTIyaW5kZXhDbGlja2VkJTIyJTNBMTQlN0Q,https://images.mango-prod.siammakro.cloud/SOURCE/c0f85bfec32b4450a88235c3b2b49e4d,เวสเทิร์น ไม้หอมรมควัน บาร์บีคิว สโมกกิ้ง ชิป กลิ่นพีแคน ใช้ย่างรมควันอาหาร (ผลิตในสหรัฐอเมริกา) บรรจุ 180 ลูกบาศก์นิ้ว x 3 ถุง,1-3 วัน,"฿

1,360.

00",฿,00,"ซื้อ 3,000฿ ได้รับ 130 พอยท์",,,,
https://www.makro.pro/th/p/5gbneay-6761210577091?info=JTdCJTIyaW5kZXhDbGlja2VkJTIyJTNBMTUlN0Q,https://images.mango-prod.siammakro.cloud/SOURCE/3ee631161bde41708c7a1707f21dcbc5,ถ่านอัดแท่ง เกรด A 10 กก.,สั่งเช้า ส่งเย็น,"฿

225.00",฿,,,,,,สินค้าหมด
https://www.makro.pro/th/p/dy842_2-6974755471555?info=JTdCJTIyaW5kZXhDbGlja2VkJTIyJTNBMTYlN0Q,https://images.mango-prod.siammakro.cloud/product-images/6974755471555-4742eb7e-32e0-4a89-9fe0-ec764e6b0af8.jpeg?imageMogr2/thumbnail/300x300,ปืนจุดเตาแก๊ส X 3+1 x 3+1,สั่งเช้า ส่งเย็น,฿,96.,00,,,฿ 131.00,-26%,สินค้าหมด
https://www.makro.pro/th/p/pa8nnwz-7196415918275?info=JTdCJTIyaW5kZXhDbGlja2VkJTIyJTNBMTclN0Q,https://images.mango-prod.siammakro.cloud/SOURCE/0d29558cbfed4edc90eb7780c31adaa2,ปืนจุดเตาแก๊ส,สั่งเช้า ส่งเย็น,฿,96.,00,,,฿ 129.00,-25%,สินค้าหมด
https://www.makro.pro/th/p/pfy_zfh-7497490006211?info=JTdCJTIyaW5kZXhDbGlja2VkJTIyJTNBMTglN0Q,https://images.mango-prod.siammakro.cloud/SOURCE/c97f404e7ca549b8ada890d22bdd3744,ปืนจุดแก๊สปลายงอได้ รุ่น ULG-1232,สั่งเช้า ส่งเย็น,฿,56.,00,,,฿ 80.00,-30%,สินค้าหมด
https://www.makro.pro/th/p/ronXsTe-117747430692955?info=JTdCJTIyaW5kZXhDbGlja2VkJTIyJTNBMTklN0Q,https://images.mango-prod.siammakro.cloud/SOURCE/05510b2263f541918eb9ea5932fdcf41,เวสเทิร์น ไม้หอมรมควัน บาร์บีคิว สโมกกิ้ง ชิป กลิ่นฮิคกอรี่ ใช้ย่างรมควันอาหาร (ผลิตในสหรัฐอเมริกา) บรรจุ 570 ลูกบาศก์นิ้ว,1-3 วัน,"฿

1,490.00",฿,,,,,,สินค้าหมด
