MuiBox-root href,MuiBox-root src,css-1n8x1y2,MuiTypography-root (2),MuiTypography-root (3),MuiTypography-root (4),MuiTypography-root (5),MuiTypography-root (6),MuiBox-root,MuiBox-root (2)
https://www.makro.pro/th/p/x8df9fw-6761210708163?info=JTdCJTIycGFnZVNsdWclMjIlM0ElMjJPZmZpY2UlMjAlN0MlMjBIb21lJTIwU3dlZXQlMjBIb21lJTIwRGVhbHMhJTJGMjMzNTglMjIlMkMlMjJjYXJvdXNlbE5hbWUlMjIlM0ElMjIlMjIlMkMlMjJjb2xsZWN0aW9uSWQlMjIlM0ElMjIyMzM1OCUyMiU3RA,https://images.mango-prod.siammakro.cloud/SOURCE/2d7322acfa594ecbbbc35ef25abc7d4f,ไทโย ไฟแช็กก๊าซ กล่องดํา 50 ชิ้น,฿,249.,00,฿ 299.00,-16%,,
https://www.makro.pro/th/p/hhzvfj-7350337011907?info=JTdCJTIycGFnZVNsdWclMjIlM0ElMjJPZmZpY2UlMjAlN0MlMjBIb21lJTIwU3dlZXQlMjBIb21lJTIwRGVhbHMhJTJGMjMzNTglMjIlMkMlMjJjYXJvdXNlbE5hbWUlMjIlM0ElMjIlMjIlMkMlMjJjb2xsZWN0aW9uSWQlMjIlM0ElMjIyMzM1OCUyMiUyQyUyMmluZGV4Q2xpY2tlZCUyMiUzQTElN0Q,https://images.mango-prod.siammakro.cloud/product-images/7350337011907-4581fbca-b9b6-42e4-b82e-25809aa48c27.jpeg?imageMogr2/thumbnail/300x300,โมเดิร์น ตู้ลิ้นชักอเนกประสงค์ 4 ชั้น รุ่น A58 C8,"฿

950.

00",฿,00,,,"ซื้อ 1,500฿ ได้รับ 20 พอยท์",
https://www.makro.pro/th/p/wjvs_wl-7497473687747?info=JTdCJTIycGFnZVNsdWclMjIlM0ElMjJPZmZpY2UlMjAlN0MlMjBIb21lJTIwU3dlZXQlMjBIb21lJTIwRGVhbHMhJTJGMjMzNTglMjIlMkMlMjJjYXJvdXNlbE5hbWUlMjIlM0ElMjIlMjIlMkMlMjJjb2xsZWN0aW9uSWQlMjIlM0ElMjIyMzM1OCUyMiUyQyUyMmluZGV4Q2xpY2tlZCUyMiUzQTIlN0Q,https://images.mango-prod.siammakro.cloud/SOURCE/ebeffb19b1c04da1909866f51727d4e2,ดีเคดับบลิว ตู้ลิ้นชักจัมโบ้ 4 ชั้น รุ่น HH420/400,"฿

659.

00",฿,00,,,"ซื้อ 1,500฿ ได้รับ 20 พอยท์",
https://www.makro.pro/th/p/fnhmb9l-6761210609859?info=JTdCJTIycGFnZVNsdWclMjIlM0ElMjJPZmZpY2UlMjAlN0MlMjBIb21lJTIwU3dlZXQlMjBIb21lJTIwRGVhbHMhJTJGMjMzNTglMjIlMkMlMjJjYXJvdXNlbE5hbWUlMjIlM0ElMjIlMjIlMkMlMjJjb2xsZWN0aW9uSWQlMjIlM0ElMjIyMzM1OCUyMiUyQyUyMmluZGV4Q2xpY2tlZCUyMiUzQTMlN0Q,https://images.mango-prod.siammakro.cloud/SOURCE/2731bf33c22942949f62375efdd983ab,ไทโย ไฟแช็คก๊าซ กล่องแดง 50 ชิ้น,฿,219.,00,฿ 299.00,-26%,,
https://www.makro.pro/th/p/ex213oi-7352582963395?info=JTdCJTIycGFnZVNsdWclMjIlM0ElMjJPZmZpY2UlMjAlN0MlMjBIb21lJTIwU3dlZXQlMjBIb21lJTIwRGVhbHMhJTJGMjMzNTglMjIlMkMlMjJjYXJvdXNlbE5hbWUlMjIlM0ElMjIlMjIlMkMlMjJjb2xsZWN0aW9uSWQlMjIlM0ElMjIyMzM1OCUyMiUyQyUyMmluZGV4Q2xpY2tlZCUyMiUzQTQlN0Q,https://images.mango-prod.siammakro.cloud/SOURCE/ebba7ab1f298438e888f95fb2e46de06,พานาโซนิค โกลด์ ถ่าน AA รุ่น R6GT/4SLM 4 ชิ้น x 10,"฿

330.

00",฿,00,,,,
https://www.makro.pro/th/p/khdkms-6761211789507?info=JTdCJTIycGFnZVNsdWclMjIlM0ElMjJPZmZpY2UlMjAlN0MlMjBIb21lJTIwU3dlZXQlMjBIb21lJTIwRGVhbHMhJTJGMjMzNTglMjIlMkMlMjJjYXJvdXNlbE5hbWUlMjIlM0ElMjIlMjIlMkMlMjJjb2xsZWN0aW9uSWQlMjIlM0ElMjIyMzM1OCUyMiUyQyUyMmluZGV4Q2xpY2tlZCUyMiUzQTUlN0Q,https://images.mango-prod.siammakro.cloud/SOURCE/adc559143c6948a888e2af621f72dfe7,เซพแพ็ค กล่องล้อเลื่อน พร้อมฝาล็อก ความจุ 100 ล.,฿,199.,00,฿ 299.00,-33%,"ซื้อ 1,500฿ ได้รับ 20 พอยท์",
https://www.makro.pro/th/p/lhi08y9-517368659845165?info=JTdCJTIycGFnZVNsdWclMjIlM0ElMjJPZmZpY2UlMjAlN0MlMjBIb21lJTIwU3dlZXQlMjBIb21lJTIwRGVhbHMhJTJGMjMzNTglMjIlMkMlMjJjYXJvdXNlbE5hbWUlMjIlM0ElMjIlMjIlMkMlMjJjb2xsZWN0aW9uSWQlMjIlM0ElMjIyMzM1OCUyMiUyQyUyMmluZGV4Q2xpY2tlZCUyMiUzQTYlN0Q,https://images.mango-prod.siammakro.cloud/SOURCE/4184e51aca0d4a6780b0bcafbbe4dd35,เก้าอี้เตี้ย 30 ซม. คละสี รุ่น NO.RC-622A,"฿

49.

00",฿,00,,,"ซื้อ 1,500฿ ได้รับ 20 พอยท์",
https://www.makro.pro/th/p/nfjs3t6-7167155077315?info=JTdCJTIycGFnZVNsdWclMjIlM0ElMjJPZmZpY2UlMjAlN0MlMjBIb21lJTIwU3dlZXQlMjBIb21lJTIwRGVhbHMhJTJGMjMzNTglMjIlMkMlMjJjYXJvdXNlbE5hbWUlMjIlM0ElMjIlMjIlMkMlMjJjb2xsZWN0aW9uSWQlMjIlM0ElMjIyMzM1OCUyMiUyQyUyMmluZGV4Q2xpY2tlZCUyMiUzQTclN0Q,https://images.mango-prod.siammakro.cloud/SOURCE/b8f9e72ed5d44d89b1a8471b4ad8ceb7,โต๊ะพับเมลามีนหน้าขาว รุ่น ST1245,฿,590.,00,฿ 990.00,-40%,,
https://www.makro.pro/th/p/7DuFubc-935536915281558?info=JTdCJTIycGFnZVNsdWclMjIlM0ElMjJPZmZpY2UlMjAlN0MlMjBIb21lJTIwU3dlZXQlMjBIb21lJTIwRGVhbHMhJTJGMjMzNTglMjIlMkMlMjJjYXJvdXNlbE5hbWUlMjIlM0ElMjIlMjIlMkMlMjJjb2xsZWN0aW9uSWQlMjIlM0ElMjIyMzM1OCUyMiUyQyUyMmluZGV4Q2xpY2tlZCUyMiUzQTglN0Q,https://images.mango-prod.siammakro.cloud/product-images/935536915281558-2c5636db-d31b-47e3-b231-555211e43ca6.jpeg?imageMogr2/thumbnail/300x300,กล่องอเนกประสงค์ 50 ล.,฿,79.,00,฿ 109.00,-27%,,
https://www.makro.pro/th/p/j8kkfho-7275671126211?info=JTdCJTIycGFnZVNsdWclMjIlM0ElMjJPZmZpY2UlMjAlN0MlMjBIb21lJTIwU3dlZXQlMjBIb21lJTIwRGVhbHMhJTJGMjMzNTglMjIlMkMlMjJjYXJvdXNlbE5hbWUlMjIlM0ElMjIlMjIlMkMlMjJjb2xsZWN0aW9uSWQlMjIlM0ElMjIyMzM1OCUyMiUyQyUyMmluZGV4Q2xpY2tlZCUyMiUzQTklN0Q,https://images.mango-prod.siammakro.cloud/SOURCE/89a8b0e9e98a4c3d90d05b38e5b39e74,พานาโซนิค ถ่านแมงกานีสโกลด์ นีโอ ถ่านไฟฉาย AAA 1.5V 4 ก้อน x 15,"฿

420.

00",฿,00,,,,
https://www.makro.pro/th/p/kmfukbz-6761211855043?info=JTdCJTIycGFnZVNsdWclMjIlM0ElMjJPZmZpY2UlMjAlN0MlMjBIb21lJTIwU3dlZXQlMjBIb21lJTIwRGVhbHMhJTJGMjMzNTglMjIlMkMlMjJjYXJvdXNlbE5hbWUlMjIlM0ElMjIlMjIlMkMlMjJjb2xsZWN0aW9uSWQlMjIlM0ElMjIyMzM1OCUyMiUyQyUyMmluZGV4Q2xpY2tlZCUyMiUzQTEwJTdE,https://images.mango-prod.siammakro.cloud/SOURCE/dae0c034681943da86fcf6cd057ff933,เซพแพ็ค กล่องล้อเลื่อน พร้อมฝาล็อก 42.5 ล.,฿,99.,00,฿ 149.00,-33%,"ซื้อ 1,500฿ ได้รับ 20 พอยท์",
https://www.makro.pro/th/p/va4tgo7-6761211723971?info=JTdCJTIycGFnZVNsdWclMjIlM0ElMjJPZmZpY2UlMjAlN0MlMjBIb21lJTIwU3dlZXQlMjBIb21lJTIwRGVhbHMhJTJGMjMzNTglMjIlMkMlMjJjYXJvdXNlbE5hbWUlMjIlM0ElMjIlMjIlMkMlMjJjb2xsZWN0aW9uSWQlMjIlM0ElMjIyMzM1OCUyMiUyQyUyMmluZGV4Q2xpY2tlZCUyMiUzQTExJTdE,https://images.mango-prod.siammakro.cloud/SOURCE/dd25fe9877444762b9fac7f92ef79ba1,เอโร่ กล่องล้อเลื่อน พร้อมฝาล็อก 70.5 l,฿,219.,00,฿ 329.00,-33%,"ซื้อ 1,500฿ ได้รับ 20 พอยท์",
https://www.makro.pro/th/p/prewev4-6761194029251?info=JTdCJTIycGFnZVNsdWclMjIlM0ElMjJPZmZpY2UlMjAlN0MlMjBIb21lJTIwU3dlZXQlMjBIb21lJTIwRGVhbHMhJTJGMjMzNTglMjIlMkMlMjJjYXJvdXNlbE5hbWUlMjIlM0ElMjIlMjIlMkMlMjJjb2xsZWN0aW9uSWQlMjIlM0ElMjIyMzM1OCUyMiUyQyUyMmluZGV4Q2xpY2tlZCUyMiUzQTEyJTdE,https://images.mango-prod.siammakro.cloud/SOURCE/453fe360abbd496db5308fcce288e4ff,ไดมอนด์ กล่องล้อเลื่อนพลาสติก เกรด A สีใส 100 ล.,฿,299.,00,฿ 359.00,-16%,"ซื้อ 1,500฿ ได้รับ 20 พอยท์",
https://www.makro.pro/th/p/2-kaxun-6761194356931?info=JTdCJTIycGFnZVNsdWclMjIlM0ElMjJPZmZpY2UlMjAlN0MlMjBIb21lJTIwU3dlZXQlMjBIb21lJTIwRGVhbHMhJTJGMjMzNTglMjIlMkMlMjJjYXJvdXNlbE5hbWUlMjIlM0ElMjIlMjIlMkMlMjJjb2xsZWN0aW9uSWQlMjIlM0ElMjIyMzM1OCUyMiUyQyUyMmluZGV4Q2xpY2tlZCUyMiUzQTEzJTdE,https://images.mango-prod.siammakro.cloud/product-images/6761194356931-ccbbc0dd-f3af-4f29-a432-5e7237c477c0.jpeg?imageMogr2/thumbnail/300x300,เอพีไอ กล่องล้อเลื่อนอเนกประสงค์ 51x74x44 ซม. รุ่น 3010B 120 ล.,฿,275.,00,฿ 359.00,-23%,"ซื้อ 1,500฿ ได้รับ 20 พอยท์",
https://www.makro.pro/th/p/tttp-ft-7352459788483?info=JTdCJTIycGFnZVNsdWclMjIlM0ElMjJPZmZpY2UlMjAlN0MlMjBIb21lJTIwU3dlZXQlMjBIb21lJTIwRGVhbHMhJTJGMjMzNTglMjIlMkMlMjJjYXJvdXNlbE5hbWUlMjIlM0ElMjIlMjIlMkMlMjJjb2xsZWN0aW9uSWQlMjIlM0ElMjIyMzM1OCUyMiUyQyUyMmluZGV4Q2xpY2tlZCUyMiUzQTE0JTdE,https://images.mango-prod.siammakro.cloud/product-images/7352459788483-70982a8c-3024-4fa9-be79-bf929974b783.jpeg?imageMogr2/thumbnail/300x300,โต๊ะอเนกประสงค์ หน้าเมลามีน 150x60 ซม.,฿,620.,00,฿ 690.00,-10%,,
https://www.makro.pro/th/p/14fqusw-7352475943107?info=JTdCJTIycGFnZVNsdWclMjIlM0ElMjJPZmZpY2UlMjAlN0MlMjBIb21lJTIwU3dlZXQlMjBIb21lJTIwRGVhbHMhJTJGMjMzNTglMjIlMkMlMjJjYXJvdXNlbE5hbWUlMjIlM0ElMjIlMjIlMkMlMjJjb2xsZWN0aW9uSWQlMjIlM0ElMjIyMzM1OCUyMiUyQyUyMmluZGV4Q2xpY2tlZCUyMiUzQTE1JTdE,https://images.mango-prod.siammakro.cloud/product-images/7352475943107-26e9ba61-a023-4041-b068-810637f7d61f.jpeg?imageMogr2/thumbnail/300x300,เอโร่ ไฟแช็คก๊าซ กล่องแดง 50 ชิ้น,"฿

175.

00",฿,00,,,"ซื้อ 1,500฿ ได้รับ 20 พอยท์",
https://www.makro.pro/th/p/enkti9l-7078739181763?info=JTdCJTIycGFnZVNsdWclMjIlM0ElMjJPZmZpY2UlMjAlN0MlMjBIb21lJTIwU3dlZXQlMjBIb21lJTIwRGVhbHMhJTJGMjMzNTglMjIlMkMlMjJjYXJvdXNlbE5hbWUlMjIlM0ElMjIlMjIlMkMlMjJjb2xsZWN0aW9uSWQlMjIlM0ElMjIyMzM1OCUyMiUyQyUyMmluZGV4Q2xpY2tlZCUyMiUzQTE2JTdE,https://images.mango-prod.siammakro.cloud/SOURCE/a77675fba3f14889b559d95bbb0d25aa,ฟ๊อกกี้ กระบอกฉีดน้ํา มัลติ x 2,"฿

139.

00",฿,00,,,,
https://www.makro.pro/th/p/jctjv80-7352839602371?info=JTdCJTIycGFnZVNsdWclMjIlM0ElMjJPZmZpY2UlMjAlN0MlMjBIb21lJTIwU3dlZXQlMjBIb21lJTIwRGVhbHMhJTJGMjMzNTglMjIlMkMlMjJjYXJvdXNlbE5hbWUlMjIlM0ElMjIlMjIlMkMlMjJjb2xsZWN0aW9uSWQlMjIlM0ElMjIyMzM1OCUyMiUyQyUyMmluZGV4Q2xpY2tlZCUyMiUzQTE3JTdE,https://images.mango-prod.siammakro.cloud/SOURCE/7a92ffd763fa4723b81baff0b3ea6376,ซาติน หมอนหนุนใยสังเคราะห์ ขนาด 19x29 นิ้ว,฿,159.,00,฿ 199.00,-20%,,
https://www.makro.pro/th/p/__ujnty-7416092623043?info=JTdCJTIycGFnZVNsdWclMjIlM0ElMjJPZmZpY2UlMjAlN0MlMjBIb21lJTIwU3dlZXQlMjBIb21lJTIwRGVhbHMhJTJGMjMzNTglMjIlMkMlMjJjYXJvdXNlbE5hbWUlMjIlM0ElMjIlMjIlMkMlMjJjb2xsZWN0aW9uSWQlMjIlM0ElMjIyMzM1OCUyMiUyQyUyMmluZGV4Q2xpY2tlZCUyMiUzQTE4JTdE,https://images.mango-prod.siammakro.cloud/SOURCE/14390f8492fb4bfd8db23607164ae268,ซุปเปอร์แวร์ เก้าอี้พนักพิง รุ่น CH-55 คละสี,฿,199.,00,฿ 249.00,-20%,,
https://www.makro.pro/th/p/c3FfZ4o-391996753046562?info=JTdCJTIycGFnZVNsdWclMjIlM0ElMjJPZmZpY2UlMjAlN0MlMjBIb21lJTIwU3dlZXQlMjBIb21lJTIwRGVhbHMhJTJGMjMzNTglMjIlMkMlMjJjYXJvdXNlbE5hbWUlMjIlM0ElMjIlMjIlMkMlMjJjb2xsZWN0aW9uSWQlMjIlM0ElMjIyMzM1OCUyMiUyQyUyMmluZGV4Q2xpY2tlZCUyMiUzQTE5JTdE,https://images.mango-prod.siammakro.cloud/SOURCE/79a7d2c366af4eda983bcbcdd3608e8f,ไพโอเนียร์ ถังขยะลายจีบขนาด 10 ล.,"฿

49.

00",฿,00,,,"ซื้อ 1,500฿ ได้รับ 20 พอยท์",
https://www.makro.pro/th/p/bkvsksb-7325010067651?info=JTdCJTIycGFnZVNsdWclMjIlM0ElMjJPZmZpY2UlMjAlN0MlMjBIb21lJTIwU3dlZXQlMjBIb21lJTIwRGVhbHMhJTJGMjMzNTglMjIlMkMlMjJjYXJvdXNlbE5hbWUlMjIlM0ElMjIlMjIlMkMlMjJjb2xsZWN0aW9uSWQlMjIlM0ElMjIyMzM1OCUyMiUyQyUyMmluZGV4Q2xpY2tlZCUyMiUzQTIwJTdE,https://images.mango-prod.siammakro.cloud/SOURCE/313c19394d1e44dcbdf887bb4468b79e,ดาต้า ปลั๊กไฟ 4 ช่อง 4 สวิทซ์ 5 เมตร รุ่น HM4496,฿,289.,00,฿ 369.00,-21%,,
https://www.makro.pro/th/p/odbqfsc-7352618254531?info=JTdCJTIycGFnZVNsdWclMjIlM0ElMjJPZmZpY2UlMjAlN0MlMjBIb21lJTIwU3dlZXQlMjBIb21lJTIwRGVhbHMhJTJGMjMzNTglMjIlMkMlMjJjYXJvdXNlbE5hbWUlMjIlM0ElMjIlMjIlMkMlMjJjb2xsZWN0aW9uSWQlMjIlM0ElMjIyMzM1OCUyMiUyQyUyMmluZGV4Q2xpY2tlZCUyMiUzQTIxJTdE,https://images.mango-prod.siammakro.cloud/product-images/7352618254531-e70afd91-d507-424f-bbfe-31236f30598b.jpeg?imageMogr2/thumbnail/300x300,ฟิลิปส์ หลอดไฟขั้ว E27 Essential 11 วัตต์ แสงขาว 3 ชิ้น,"฿

199.

00",฿,00,,,,
https://www.makro.pro/th/p/uH5HMoR-166294188553590?info=JTdCJTIycGFnZVNsdWclMjIlM0ElMjJPZmZpY2UlMjAlN0MlMjBIb21lJTIwU3dlZXQlMjBIb21lJTIwRGVhbHMhJTJGMjMzNTglMjIlMkMlMjJjYXJvdXNlbE5hbWUlMjIlM0ElMjIlMjIlMkMlMjJjb2xsZWN0aW9uSWQlMjIlM0ElMjIyMzM1OCUyMiUyQyUyMmluZGV4Q2xpY2tlZCUyMiUzQTIyJTdE,https://images.mango-prod.siammakro.cloud/SOURCE/364a4c7c6a2647ae9b36cc39d891b3b7,ซูการิ กระบอกฉีดน้ํา 550 มล. x 2,"฿

79.

00",฿,00,,,,
https://www.makro.pro/th/p/whr6icc-7497546662083?info=JTdCJTIycGFnZVNsdWclMjIlM0ElMjJPZmZpY2UlMjAlN0MlMjBIb21lJTIwU3dlZXQlMjBIb21lJTIwRGVhbHMhJTJGMjMzNTglMjIlMkMlMjJjYXJvdXNlbE5hbWUlMjIlM0ElMjIlMjIlMkMlMjJjb2xsZWN0aW9uSWQlMjIlM0ElMjIyMzM1OCUyMiUyQyUyMmluZGV4Q2xpY2tlZCUyMiUzQTIzJTdE,https://images.mango-prod.siammakro.cloud/product-images/7497546662083-6eb97d3f-0d25-4194-98f0-2476fddbf26f.jpeg?imageMogr2/thumbnail/300x300,เอเวอเรสต์ ถังแช่อเนกประสงค์ ขนาด 9 ล. รุ่น 2509,"฿

269.

00",฿,00,,,,
https://www.makro.pro/th/p/015xwou-7416104714435?info=JTdCJTIycGFnZVNsdWclMjIlM0ElMjJPZmZpY2UlMjAlN0MlMjBIb21lJTIwU3dlZXQlMjBIb21lJTIwRGVhbHMhJTJGMjMzNTglMjIlMkMlMjJjYXJvdXNlbE5hbWUlMjIlM0ElMjIlMjIlMkMlMjJjb2xsZWN0aW9uSWQlMjIlM0ElMjIyMzM1OCUyMiUyQyUyMmluZGV4Q2xpY2tlZCUyMiUzQTI0JTdE,https://images.mango-prod.siammakro.cloud/product-images/7416104714435-55fb1979-8e22-4054-95a5-a14f49075b0a.jpeg?imageMogr2/thumbnail/300x300,ทริปเปิ้ล-จี ไม้ตียุง ชาร์จไฟ ขนาด 9 นิ้ว,"฿

129.

00",฿,00,,,"ซื้อ 1,200฿ ได้รับ 50 พอยท์",
https://www.makro.pro/th/p/qepov2m-7416151933123?info=JTdCJTIycGFnZVNsdWclMjIlM0ElMjJPZmZpY2UlMjAlN0MlMjBIb21lJTIwU3dlZXQlMjBIb21lJTIwRGVhbHMhJTJGMjMzNTglMjIlMkMlMjJjYXJvdXNlbE5hbWUlMjIlM0ElMjIlMjIlMkMlMjJjb2xsZWN0aW9uSWQlMjIlM0ElMjIyMzM1OCUyMiUyQyUyMmluZGV4Q2xpY2tlZCUyMiUzQTI1JTdE,https://images.mango-prod.siammakro.cloud/SOURCE/71f3b002775046b399dc88d94f890408,สหชัย ถังน้ําชูเกอร์ แบบเหลี่ยม รุ่น 2535,"฿

119.

00",฿,00,,,"ซื้อ 1,500฿ ได้รับ 20 พอยท์",
https://www.makro.pro/th/p/fo7agzy-7352521883843?info=JTdCJTIycGFnZVNsdWclMjIlM0ElMjJPZmZpY2UlMjAlN0MlMjBIb21lJTIwU3dlZXQlMjBIb21lJTIwRGVhbHMhJTJGMjMzNTglMjIlMkMlMjJjYXJvdXNlbE5hbWUlMjIlM0ElMjIlMjIlMkMlMjJjb2xsZWN0aW9uSWQlMjIlM0ElMjIyMzM1OCUyMiUyQyUyMmluZGV4Q2xpY2tlZCUyMiUzQTI2JTdE,https://images.mango-prod.siammakro.cloud/SOURCE/164fb17dbf1c4311ae25a809b387b507,ดาต้า รางปลั๊กไฟ 3 ช่อง 1 สวิทช์ 5 เมตร รุ่น Ap3159-5M,฿,239.,00,฿ 299.00,-20%,,
https://www.makro.pro/th/p/0s2qise-7325024420035?info=JTdCJTIycGFnZVNsdWclMjIlM0ElMjJPZmZpY2UlMjAlN0MlMjBIb21lJTIwU3dlZXQlMjBIb21lJTIwRGVhbHMhJTJGMjMzNTglMjIlMkMlMjJjYXJvdXNlbE5hbWUlMjIlM0ElMjIlMjIlMkMlMjJjb2xsZWN0aW9uSWQlMjIlM0ElMjIyMzM1OCUyMiUyQyUyMmluZGV4Q2xpY2tlZCUyMiUzQTI3JTdE,https://images.mango-prod.siammakro.cloud/SOURCE/2d0897694fe54112b4ddff2caed1d768,ซาติน หมอนข้างใยสังเคราะห์,"฿

189.

00",฿,00,,,,
https://www.makro.pro/th/p/aykjqrn-7325022027971?info=JTdCJTIycGFnZVNsdWclMjIlM0ElMjJPZmZpY2UlMjAlN0MlMjBIb21lJTIwU3dlZXQlMjBIb21lJTIwRGVhbHMhJTJGMjMzNTglMjIlMkMlMjJjYXJvdXNlbE5hbWUlMjIlM0ElMjIlMjIlMkMlMjJjb2xsZWN0aW9uSWQlMjIlM0ElMjIyMzM1OCUyMiUyQyUyMmluZGV4Q2xpY2tlZCUyMiUzQTI4JTdE,https://images.mango-prod.siammakro.cloud/SOURCE/1d8aeb8379d043859f518780dec5a9b2,ซันฟอร์ด เครื่องชั่งดิจิตอลสเตนเลส 5 กก. รุ่น FEH5000,"฿

1,290.

00",฿,00,,,,
https://www.makro.pro/th/p/3zpxi-g-7350333472963?info=JTdCJTIycGFnZVNsdWclMjIlM0ElMjJPZmZpY2UlMjAlN0MlMjBIb21lJTIwU3dlZXQlMjBIb21lJTIwRGVhbHMhJTJGMjMzNTglMjIlMkMlMjJjYXJvdXNlbE5hbWUlMjIlM0ElMjIlMjIlMkMlMjJjb2xsZWN0aW9uSWQlMjIlM0ElMjIyMzM1OCUyMiUyQyUyMmluZGV4Q2xpY2tlZCUyMiUzQTI5JTdE,https://images.mango-prod.siammakro.cloud/SOURCE/ec2e59c21576497e9e65616c8803749f,แรนดี้ ปลั๊กไฟ A120 2 ช่อง 1 สวิตซ์ 3 เมตร,"฿

129.

00",฿,00,,,,
https://www.makro.pro/th/p/qeykwbh-7416111431875?info=JTdCJTIycGFnZVNsdWclMjIlM0ElMjJPZmZpY2UlMjAlN0MlMjBIb21lJTIwU3dlZXQlMjBIb21lJTIwRGVhbHMhJTJGMjMzNTglMjIlMkMlMjJjYXJvdXNlbE5hbWUlMjIlM0ElMjIlMjIlMkMlMjJjb2xsZWN0aW9uSWQlMjIlM0ElMjIyMzM1OCUyMiUyQyUyMmluZGV4Q2xpY2tlZCUyMiUzQTMwJTdE,https://images.mango-prod.siammakro.cloud/SOURCE/64955522859d494fbdbbd735b342af93,สหชัย ลังผลไม้พลาสติก รุ่น 516,"฿

219.

00",฿,00,,,"ซื้อ 1,500฿ ได้รับ 20 พอยท์",
https://www.makro.pro/th/p/wraf5c1-7497389605059?info=JTdCJTIycGFnZVNsdWclMjIlM0ElMjJPZmZpY2UlMjAlN0MlMjBIb21lJTIwU3dlZXQlMjBIb21lJTIwRGVhbHMhJTJGMjMzNTglMjIlMkMlMjJjYXJvdXNlbE5hbWUlMjIlM0ElMjIlMjIlMkMlMjJjb2xsZWN0aW9uSWQlMjIlM0ElMjIyMzM1OCUyMiUyQyUyMmluZGV4Q2xpY2tlZCUyMiUzQTMxJTdE,https://images.mango-prod.siammakro.cloud/product-images/7497389605059-6d05afa4-0dc9-49d7-a804-bbb4a481bd21.jpeg?imageMogr2/thumbnail/300x300,คิวไลน์ ถังน้ํา PET รุ่น PL-102/1 18.9 ล.,"฿

179.

00",฿,00,,,,
https://www.makro.pro/th/p/hl0ov3t-7416089477315?info=JTdCJTIycGFnZVNsdWclMjIlM0ElMjJPZmZpY2UlMjAlN0MlMjBIb21lJTIwU3dlZXQlMjBIb21lJTIwRGVhbHMhJTJGMjMzNTglMjIlMkMlMjJjYXJvdXNlbE5hbWUlMjIlM0ElMjIlMjIlMkMlMjJjb2xsZWN0aW9uSWQlMjIlM0ElMjIyMzM1OCUyMiUyQyUyMmluZGV4Q2xpY2tlZCUyMiUzQTMyJTdE,https://images.mango-prod.siammakro.cloud/product-images/7416089477315-a04beee3-6884-42ae-b9b1-a5f35a34c1a1.jpeg?imageMogr2/thumbnail/300x300,เก้าอี้เหลี่ยมหน้าไม้ รุ่น STRONG,"฿

169.

00",฿,00,,,,
https://www.makro.pro/th/p/5hQVTkOu-360790827680060?info=JTdCJTIycGFnZVNsdWclMjIlM0ElMjJPZmZpY2UlMjAlN0MlMjBIb21lJTIwU3dlZXQlMjBIb21lJTIwRGVhbHMhJTJGMjMzNTglMjIlMkMlMjJjYXJvdXNlbE5hbWUlMjIlM0ElMjIlMjIlMkMlMjJjb2xsZWN0aW9uSWQlMjIlM0ElMjIyMzM1OCUyMiUyQyUyMmluZGV4Q2xpY2tlZCUyMiUzQTMzJTdE,https://images.mango-prod.siammakro.cloud/product-images/360790827680060-82da9299-2f4b-4bc6-86fd-5bc5c88a19c1.jpeg?imageMogr2/thumbnail/300x300,บีแอลแอล ปลั๊กไฟพกพา 7 ช่อง 1 สวิตซ์ + USB รุ่น B23,฿,299.,00,฿ 599.00,-50%,,
https://www.makro.pro/th/p/6e8wk18-7416109596867?info=JTdCJTIycGFnZVNsdWclMjIlM0ElMjJPZmZpY2UlMjAlN0MlMjBIb21lJTIwU3dlZXQlMjBIb21lJTIwRGVhbHMhJTJGMjMzNTglMjIlMkMlMjJjYXJvdXNlbE5hbWUlMjIlM0ElMjIlMjIlMkMlMjJjb2xsZWN0aW9uSWQlMjIlM0ElMjIyMzM1OCUyMiUyQyUyMmluZGV4Q2xpY2tlZCUyMiUzQTM0JTdE,https://images.mango-prod.siammakro.cloud/product-images/7416109596867-183125d1-05b0-4403-a74f-b406c15984f0.jpeg?imageMogr2/thumbnail/300x300,ดีเคดับบลิว ถังขยะเหลี่ยมพื้นผ้า ขนาด 50 ลิตร รุ่น HH206P สีเทา,"฿

309.

00",฿,00,,,,
https://www.makro.pro/th/p/5ouxy06-7416070701251?info=JTdCJTIycGFnZVNsdWclMjIlM0ElMjJPZmZpY2UlMjAlN0MlMjBIb21lJTIwU3dlZXQlMjBIb21lJTIwRGVhbHMhJTJGMjMzNTglMjIlMkMlMjJjYXJvdXNlbE5hbWUlMjIlM0ElMjIlMjIlMkMlMjJjb2xsZWN0aW9uSWQlMjIlM0ElMjIyMzM1OCUyMiUyQyUyMmluZGV4Q2xpY2tlZCUyMiUzQTM1JTdE,https://images.mango-prod.siammakro.cloud/SOURCE/7dfb2f35f0ed4c04894c5408164f4dd8,โต๊ะญี่ปุ่นลายหินอ่อน 40 x 60 ซม. คละสี,"฿

109.

00",฿,00,,,,
https://www.makro.pro/th/p/7m8xhrw-7325084156099?info=JTdCJTIycGFnZVNsdWclMjIlM0ElMjJPZmZpY2UlMjAlN0MlMjBIb21lJTIwU3dlZXQlMjBIb21lJTIwRGVhbHMhJTJGMjMzNTglMjIlMkMlMjJjYXJvdXNlbE5hbWUlMjIlM0ElMjIlMjIlMkMlMjJjb2xsZWN0aW9uSWQlMjIlM0ElMjIyMzM1OCUyMiUyQyUyMmluZGV4Q2xpY2tlZCUyMiUzQTM2JTdE,https://images.mango-prod.siammakro.cloud/SOURCE/55df8fba97e84bcf962b0c36c23c228d,ซันฟอร์ด เครื่องชั่งคํานวณราคา 30 กก. รุ่น ACS-JC21,฿,"1,750.",00,"฿ 2,140.00",-18%,,
https://www.makro.pro/th/p/39VKfOZk-665612233501823?info=JTdCJTIycGFnZVNsdWclMjIlM0ElMjJPZmZpY2UlMjAlN0MlMjBIb21lJTIwU3dlZXQlMjBIb21lJTIwRGVhbHMhJTJGMjMzNTglMjIlMkMlMjJjYXJvdXNlbE5hbWUlMjIlM0ElMjIlMjIlMkMlMjJjb2xsZWN0aW9uSWQlMjIlM0ElMjIyMzM1OCUyMiUyQyUyMmluZGV4Q2xpY2tlZCUyMiUzQTM3JTdE,https://images.mango-prod.siammakro.cloud/product-images/665612233501823-d1f95375-8f3f-491d-9b6f-77d8a90276a0.jpeg?imageMogr2/thumbnail/300x300,โมเมนโต กระเป๋ากระสอบพลาสติก ลายเอเลี่ยน 52x36x19 ซม.,฿,26.,00,฿ 39.00,-33%,"ซื้อ 1,500฿ ได้รับ 20 พอยท์",
https://www.makro.pro/th/p/44byat7-7416145608899?info=JTdCJTIycGFnZVNsdWclMjIlM0ElMjJPZmZpY2UlMjAlN0MlMjBIb21lJTIwU3dlZXQlMjBIb21lJTIwRGVhbHMhJTJGMjMzNTglMjIlMkMlMjJjYXJvdXNlbE5hbWUlMjIlM0ElMjIlMjIlMkMlMjJjb2xsZWN0aW9uSWQlMjIlM0ElMjIyMzM1OCUyMiUyQyUyMmluZGV4Q2xpY2tlZCUyMiUzQTM4JTdE,https://images.mango-prod.siammakro.cloud/product-images/7416145608899-7ed8e292-37ec-461c-889b-887755a46588.jpeg?imageMogr2/thumbnail/300x300,เจซีเจ ที่คว่ําจาน รุ่น 2409,"฿

249.

00",฿,00,,,"ซื้อ 1,500฿ ได้รับ 20 พอยท์",
https://www.makro.pro/th/p/ilozkky-7416124309699?info=JTdCJTIycGFnZVNsdWclMjIlM0ElMjJPZmZpY2UlMjAlN0MlMjBIb21lJTIwU3dlZXQlMjBIb21lJTIwRGVhbHMhJTJGMjMzNTglMjIlMkMlMjJjYXJvdXNlbE5hbWUlMjIlM0ElMjIlMjIlMkMlMjJjb2xsZWN0aW9uSWQlMjIlM0ElMjIyMzM1OCUyMiUyQyUyMmluZGV4Q2xpY2tlZCUyMiUzQTM5JTdE,https://images.mango-prod.siammakro.cloud/SOURCE/57064f4cf3f248cc8fe4489a57533d1b,ไมครอน แวร์ ถาดคว่ําจานมีฝาครอบ รุ่น 5555,"฿

279.

00",฿,00,,,"ซื้อ 1,500฿ ได้รับ 20 พอยท์",
https://www.makro.pro/th/p/AEoaWgJ--415050265391119?info=JTdCJTIycGFnZVNsdWclMjIlM0ElMjJPZmZpY2UlMjAlN0MlMjBIb21lJTIwU3dlZXQlMjBIb21lJTIwRGVhbHMhJTJGMjMzNTglMjIlMkMlMjJjYXJvdXNlbE5hbWUlMjIlM0ElMjIlMjIlMkMlMjJjb2xsZWN0aW9uSWQlMjIlM0ElMjIyMzM1OCUyMiUyQyUyMmluZGV4Q2xpY2tlZCUyMiUzQTQwJTdE,https://images.mango-prod.siammakro.cloud/product-images/415050265391119-2b44cec7-5b28-47aa-93de-5fc6789fadf4.jpeg?imageMogr2/thumbnail/300x300,ซุปเปอร์ล็อค มินเนี่ยนแก้วเก็บความเย็นสแตนเลส 1.2 ล. คละสี,฿,206.,00,฿ 399.00,-48%,,
https://www.makro.pro/th/p/cmlktvt-7352592138435?info=JTdCJTIycGFnZVNsdWclMjIlM0ElMjJPZmZpY2UlMjAlN0MlMjBIb21lJTIwU3dlZXQlMjBIb21lJTIwRGVhbHMhJTJGMjMzNTglMjIlMkMlMjJjYXJvdXNlbE5hbWUlMjIlM0ElMjIlMjIlMkMlMjJjb2xsZWN0aW9uSWQlMjIlM0ElMjIyMzM1OCUyMiUyQyUyMmluZGV4Q2xpY2tlZCUyMiUzQTQxJTdE,https://images.mango-prod.siammakro.cloud/SOURCE/a15851fad9f841969a106c1fd0cb669a,รถเข็นลังอุตสาหกรรม,฿,950.,00,฿ 990.00,-4%,,
https://www.makro.pro/th/p/e_3uuag-7325000204483?info=JTdCJTIycGFnZVNsdWclMjIlM0ElMjJPZmZpY2UlMjAlN0MlMjBIb21lJTIwU3dlZXQlMjBIb21lJTIwRGVhbHMhJTJGMjMzNTglMjIlMkMlMjJjYXJvdXNlbE5hbWUlMjIlM0ElMjIlMjIlMkMlMjJjb2xsZWN0aW9uSWQlMjIlM0ElMjIyMzM1OCUyMiUyQyUyMmluZGV4Q2xpY2tlZCUyMiUzQTQyJTdE,https://images.mango-prod.siammakro.cloud/SOURCE/a3fb9d7f70734c1c9496b107c9e2ecc7,ซีเอสซี ปลั๊กไฟ 3 ช่อง 1 สวิตซ์ 3 ม. รุ่น AS531-3M,"฿

199.

00",฿,00,,,,
https://www.makro.pro/th/p/xfx2huy-7325010657475?info=JTdCJTIycGFnZVNsdWclMjIlM0ElMjJPZmZpY2UlMjAlN0MlMjBIb21lJTIwU3dlZXQlMjBIb21lJTIwRGVhbHMhJTJGMjMzNTglMjIlMkMlMjJjYXJvdXNlbE5hbWUlMjIlM0ElMjIlMjIlMkMlMjJjb2xsZWN0aW9uSWQlMjIlM0ElMjIyMzM1OCUyMiUyQyUyMmluZGV4Q2xpY2tlZCUyMiUzQTQzJTdE,https://images.mango-prod.siammakro.cloud/SOURCE/31a4c77b40584fc49647111555c32501,แรนดี้ ปลั๊กไฟ 5 ช่อง 5 สวิตช์ 3 ม. รุ่น 9995,"฿

299.

00",฿,00,,,,
https://www.makro.pro/th/p/0yHHfvj3-534553297219788?info=JTdCJTIycGFnZVNsdWclMjIlM0ElMjJPZmZpY2UlMjAlN0MlMjBIb21lJTIwU3dlZXQlMjBIb21lJTIwRGVhbHMhJTJGMjMzNTglMjIlMkMlMjJjYXJvdXNlbE5hbWUlMjIlM0ElMjIlMjIlMkMlMjJjb2xsZWN0aW9uSWQlMjIlM0ElMjIyMzM1OCUyMiUyQyUyMmluZGV4Q2xpY2tlZCUyMiUzQTQ0JTdE,https://images.mango-prod.siammakro.cloud/product-images/534553297219788-74cf9555-d61b-44e4-a441-0ce7629f6404.jpeg?imageMogr2/thumbnail/300x300,โมเมนโต ดิสนีย์ เสื้อกันฝนเด็ก คละลาย,฿,57.,00,฿ 159.00,-64%,"ซื้อ 1,500฿ ได้รับ 20 พอยท์",
https://www.makro.pro/th/p/7wpWTKa-586225917587508?info=JTdCJTIycGFnZVNsdWclMjIlM0ElMjJPZmZpY2UlMjAlN0MlMjBIb21lJTIwU3dlZXQlMjBIb21lJTIwRGVhbHMhJTJGMjMzNTglMjIlMkMlMjJjYXJvdXNlbE5hbWUlMjIlM0ElMjIlMjIlMkMlMjJjb2xsZWN0aW9uSWQlMjIlM0ElMjIyMzM1OCUyMiUyQyUyMmluZGV4Q2xpY2tlZCUyMiUzQTQ1JTdE,https://images.mango-prod.siammakro.cloud/product-images/586225917587508-a34bd9dd-61d6-4106-89c7-31d814a001e1.jpeg?imageMogr2/thumbnail/300x300,ถังขยะฝาสวิง 60 ลิตร,"฿

349.

00",฿,00,,,"ซื้อ 1,500฿ ได้รับ 20 พอยท์",
https://www.makro.pro/th/p/YKW64ZIJ-663654648568675?info=JTdCJTIycGFnZVNsdWclMjIlM0ElMjJPZmZpY2UlMjAlN0MlMjBIb21lJTIwU3dlZXQlMjBIb21lJTIwRGVhbHMhJTJGMjMzNTglMjIlMkMlMjJjYXJvdXNlbE5hbWUlMjIlM0ElMjIlMjIlMkMlMjJjb2xsZWN0aW9uSWQlMjIlM0ElMjIyMzM1OCUyMiUyQyUyMmluZGV4Q2xpY2tlZCUyMiUzQTQ2JTdE,https://images.mango-prod.siammakro.cloud/product-images/663654648568675-bb898d24-d96f-42be-a44c-9ea240aaaac5.jpeg?imageMogr2/thumbnail/300x300,โมเมนโต กาเกา กระเป๋ากระสอบพลาสติก 52x36x19 ซม. คละสี,"฿

29.

00",฿,00,,,"ซื้อ 1,500฿ ได้รับ 20 พอยท์",
https://www.makro.pro/th/p/48vscvC-302534506014038?info=JTdCJTIycGFnZVNsdWclMjIlM0ElMjJPZmZpY2UlMjAlN0MlMjBIb21lJTIwU3dlZXQlMjBIb21lJTIwRGVhbHMhJTJGMjMzNTglMjIlMkMlMjJjYXJvdXNlbE5hbWUlMjIlM0ElMjIlMjIlMkMlMjJjb2xsZWN0aW9uSWQlMjIlM0ElMjIyMzM1OCUyMiUyQyUyMmluZGV4Q2xpY2tlZCUyMiUzQTQ3JTdE,https://images.mango-prod.siammakro.cloud/SOURCE/a9f6bbc380bd454cb00c31eac5a27ff3,เพอร์เฟค สเตนเลส โต๊ะพับสเตนเลส เกรด 201 DT110-70S,"฿

2,500.

00",฿,00,,,,
https://www.makro.pro/th/p/zHnoBQh-104822851932462?info=JTdCJTIycGFnZVNsdWclMjIlM0ElMjJPZmZpY2UlMjAlN0MlMjBIb21lJTIwU3dlZXQlMjBIb21lJTIwRGVhbHMhJTJGMjMzNTglMjIlMkMlMjJjYXJvdXNlbE5hbWUlMjIlM0ElMjIlMjIlMkMlMjJjb2xsZWN0aW9uSWQlMjIlM0ElMjIyMzM1OCUyMiUyQyUyMmluZGV4Q2xpY2tlZCUyMiUzQTQ4JTdE,https://images.mango-prod.siammakro.cloud/SOURCE/3dab882171bf4f7d943a98cf607643c7,โต๊ะรองรีด 6 ระดับ หน้ากว้าง,"฿

279.

00",฿,00,,,"ซื้อ 1,500฿ ได้รับ 20 พอยท์",
https://www.makro.pro/th/p/0ncbof7-7499788878019?info=JTdCJTIycGFnZVNsdWclMjIlM0ElMjJPZmZpY2UlMjAlN0MlMjBIb21lJTIwU3dlZXQlMjBIb21lJTIwRGVhbHMhJTJGMjMzNTglMjIlMkMlMjJjYXJvdXNlbE5hbWUlMjIlM0ElMjIlMjIlMkMlMjJjb2xsZWN0aW9uSWQlMjIlM0ElMjIyMzM1OCUyMiUyQyUyMmluZGV4Q2xpY2tlZCUyMiUzQTQ5JTdE,https://images.mango-prod.siammakro.cloud/SOURCE/736851472de24ee09829a6ce092bb113,ซีเอสซี ปลั๊กไฟ 4 จุด 4 สวิตซ์ 3 ม. AS144,"฿

339.

00",฿,00,,,,
https://www.makro.pro/th/p/aqdphom-7325012558019?info=JTdCJTIycGFnZVNsdWclMjIlM0ElMjJPZmZpY2UlMjAlN0MlMjBIb21lJTIwU3dlZXQlMjBIb21lJTIwRGVhbHMhJTJGMjMzNTglMjIlMkMlMjJjYXJvdXNlbE5hbWUlMjIlM0ElMjIlMjIlMkMlMjJjb2xsZWN0aW9uSWQlMjIlM0ElMjIyMzM1OCUyMiUyQyUyMmluZGV4Q2xpY2tlZCUyMiUzQTUwJTdE,https://images.mango-prod.siammakro.cloud/product-images/7325012558019-c722c808-0c9f-4935-b3d0-b7dd75f92f40.jpeg?imageMogr2/thumbnail/300x300,เอเวอเรสต์ ถังแช่พร้อมล้อลาก รุ่น 550 คละสี 55 ล.,"฿

1,390.

00",฿,00,,,,
https://www.makro.pro/th/p/s722tjb-7416082104515?info=JTdCJTIycGFnZVNsdWclMjIlM0ElMjJPZmZpY2UlMjAlN0MlMjBIb21lJTIwU3dlZXQlMjBIb21lJTIwRGVhbHMhJTJGMjMzNTglMjIlMkMlMjJjYXJvdXNlbE5hbWUlMjIlM0ElMjIlMjIlMkMlMjJjb2xsZWN0aW9uSWQlMjIlM0ElMjIyMzM1OCUyMiUyQyUyMmluZGV4Q2xpY2tlZCUyMiUzQTUxJTdE,https://images.mango-prod.siammakro.cloud/SOURCE/f8c5581c687a4de4988efa400a78bb6a,ฟิลิปส์ หลอดไฟขั้ว E27 ทอร์นาโด 24 วัตต์ แสงขาว x 2,"฿

319.

00",฿,00,,,,
https://www.makro.pro/th/p/o8aj2uf-7416044421315?info=JTdCJTIycGFnZVNsdWclMjIlM0ElMjJPZmZpY2UlMjAlN0MlMjBIb21lJTIwU3dlZXQlMjBIb21lJTIwRGVhbHMhJTJGMjMzNTglMjIlMkMlMjJjYXJvdXNlbE5hbWUlMjIlM0ElMjIlMjIlMkMlMjJjb2xsZWN0aW9uSWQlMjIlM0ElMjIyMzM1OCUyMiUyQyUyMmluZGV4Q2xpY2tlZCUyMiUzQTUyJTdE,https://images.mango-prod.siammakro.cloud/SOURCE/1fbd541423744711a6bcb3d6988efa76,เอ็มโอซี ห่วงตากผ้าวงรี พร้อมกิ๊บหนีบ 14 คู่ รุ่น FB160,"฿

83.

00",฿,00,,,,
https://www.makro.pro/th/p/o6s7bae-7416076042435?info=JTdCJTIycGFnZVNsdWclMjIlM0ElMjJPZmZpY2UlMjAlN0MlMjBIb21lJTIwU3dlZXQlMjBIb21lJTIwRGVhbHMhJTJGMjMzNTglMjIlMkMlMjJjYXJvdXNlbE5hbWUlMjIlM0ElMjIlMjIlMkMlMjJjb2xsZWN0aW9uSWQlMjIlM0ElMjIyMzM1OCUyMiUyQyUyMmluZGV4Q2xpY2tlZCUyMiUzQTUzJTdE,https://images.mango-prod.siammakro.cloud/SOURCE/6c7ef4ec921d4469bb3747e7efee9265,อาร์ ซิมเพิล ชั้นวางอเนกประสงค์ 5 ชั้น รุ่น HARK,"฿

1,890.

00",฿,00,,,,
https://www.makro.pro/th/p/ppxahl8-7416124571843?info=JTdCJTIycGFnZVNsdWclMjIlM0ElMjJPZmZpY2UlMjAlN0MlMjBIb21lJTIwU3dlZXQlMjBIb21lJTIwRGVhbHMhJTJGMjMzNTglMjIlMkMlMjJjYXJvdXNlbE5hbWUlMjIlM0ElMjIlMjIlMkMlMjJjb2xsZWN0aW9uSWQlMjIlM0ElMjIyMzM1OCUyMiUyQyUyMmluZGV4Q2xpY2tlZCUyMiUzQTU0JTdE,https://images.mango-prod.siammakro.cloud/SOURCE/fe567ee93d6f477dbb2bce38e03ab868,ตู้แช่บานพับหูจับ สีนํ้าเงิน 40 ล.,฿,"1,290.",00,"฿ 1,390.00",-7%,,
https://www.makro.pro/th/p/4bogdng-7526578258115?info=JTdCJTIycGFnZVNsdWclMjIlM0ElMjJPZmZpY2UlMjAlN0MlMjBIb21lJTIwU3dlZXQlMjBIb21lJTIwRGVhbHMhJTJGMjMzNTglMjIlMkMlMjJjYXJvdXNlbE5hbWUlMjIlM0ElMjIlMjIlMkMlMjJjb2xsZWN0aW9uSWQlMjIlM0ElMjIyMzM1OCUyMiUyQyUyMmluZGV4Q2xpY2tlZCUyMiUzQTU1JTdE,https://images.mango-prod.siammakro.cloud/SOURCE/7eb5b5cbca2c4189ac23733bdcd98665,คิวไลน์ โต๊ะพับสเตนเลส รุ่น ST102,"฿

2,990.

00",฿,00,,,,
https://www.makro.pro/th/p/7yz4a4i-7416148623555?info=JTdCJTIycGFnZVNsdWclMjIlM0ElMjJPZmZpY2UlMjAlN0MlMjBIb21lJTIwU3dlZXQlMjBIb21lJTIwRGVhbHMhJTJGMjMzNTglMjIlMkMlMjJjYXJvdXNlbE5hbWUlMjIlM0ElMjIlMjIlMkMlMjJjb2xsZWN0aW9uSWQlMjIlM0ElMjIyMzM1OCUyMiUyQyUyMmluZGV4Q2xpY2tlZCUyMiUzQTU2JTdE,https://images.mango-prod.siammakro.cloud/SOURCE/ea152dd6b884487294bfd2fa0ff0062f,ตู้แช่ขาสูง บานพับหูจับ สีน้ําเงิน 150 ล.,"฿

2,950.

00",฿,00,,,,
https://www.makro.pro/th/p/onrfhnr-7325022912707?info=JTdCJTIycGFnZVNsdWclMjIlM0ElMjJPZmZpY2UlMjAlN0MlMjBIb21lJTIwU3dlZXQlMjBIb21lJTIwRGVhbHMhJTJGMjMzNTglMjIlMkMlMjJjYXJvdXNlbE5hbWUlMjIlM0ElMjIlMjIlMkMlMjJjb2xsZWN0aW9uSWQlMjIlM0ElMjIyMzM1OCUyMiUyQyUyMmluZGV4Q2xpY2tlZCUyMiUzQTU3JTdE,https://images.mango-prod.siammakro.cloud/SOURCE/e24d72d0e4604abcac26efedc0c9b63d,โนบุรุ โต๊ะอเนกประสงค์ ขนาด 60x120 ซม. สีโอ๊ค,"฿

790.

00",฿,00,,,,
https://www.makro.pro/th/p/FXxGFXZB-161374011249680?info=JTdCJTIycGFnZVNsdWclMjIlM0ElMjJPZmZpY2UlMjAlN0MlMjBIb21lJTIwU3dlZXQlMjBIb21lJTIwRGVhbHMhJTJGMjMzNTglMjIlMkMlMjJjYXJvdXNlbE5hbWUlMjIlM0ElMjIlMjIlMkMlMjJjb2xsZWN0aW9uSWQlMjIlM0ElMjIyMzM1OCUyMiUyQyUyMmluZGV4Q2xpY2tlZCUyMiUzQTU4JTdE,https://images.mango-prod.siammakro.cloud/product-images/161374011249680-0fb13a5e-9a3a-460e-9264-bba448af6254.jpeg?imageMogr2/thumbnail/300x300,โมเมนโต กาเกา กระเป๋ากระสอบพลาสติก 56x43x21 ซม. คละสี,"฿

39.

00",฿,00,,,"ซื้อ 1,500฿ ได้รับ 20 พอยท์",
https://www.makro.pro/th/p/T0yzghA-346595583565222?info=JTdCJTIycGFnZVNsdWclMjIlM0ElMjJPZmZpY2UlMjAlN0MlMjBIb21lJTIwU3dlZXQlMjBIb21lJTIwRGVhbHMhJTJGMjMzNTglMjIlMkMlMjJjYXJvdXNlbE5hbWUlMjIlM0ElMjIlMjIlMkMlMjJjb2xsZWN0aW9uSWQlMjIlM0ElMjIyMzM1OCUyMiUyQyUyMmluZGV4Q2xpY2tlZCUyMiUzQTU5JTdE,https://images.mango-prod.siammakro.cloud/product-images/346595583565222-24e40bb1-2564-43f6-9ba2-4b82fc3f0f34.jpeg?imageMogr2/thumbnail/300x300,เพอร์เฟค สเตนเลส โต๊ะพับสเตนเลส เกรด 201 TB90-60S,฿,"1,790.",00,"฿ 1,899.00",-5%,,
https://www.makro.pro/th/p/jj-T774P-710815889730603?info=JTdCJTIycGFnZVNsdWclMjIlM0ElMjJPZmZpY2UlMjAlN0MlMjBIb21lJTIwU3dlZXQlMjBIb21lJTIwRGVhbHMhJTJGMjMzNTglMjIlMkMlMjJjYXJvdXNlbE5hbWUlMjIlM0ElMjIlMjIlMkMlMjJjb2xsZWN0aW9uSWQlMjIlM0ElMjIyMzM1OCUyMiUyQyUyMmluZGV4Q2xpY2tlZCUyMiUzQTYwJTdE,https://images.mango-prod.siammakro.cloud/product-images/710815889730603-ce61cae3-7ff7-44c7-a7d0-fb561f62efa8.jpeg?imageMogr2/thumbnail/300x300,โมเมนโต กระเป๋ากระสอบพลาสติก เอเลี่ยน 36th 52x37x30 ซม.,"฿

46.

00",฿,00,,,"ซื้อ 1,500฿ ได้รับ 20 พอยท์",
https://www.makro.pro/th/p/04J7elFC-767058405330785?info=JTdCJTIycGFnZVNsdWclMjIlM0ElMjJPZmZpY2UlMjAlN0MlMjBIb21lJTIwU3dlZXQlMjBIb21lJTIwRGVhbHMhJTJGMjMzNTglMjIlMkMlMjJjYXJvdXNlbE5hbWUlMjIlM0ElMjIlMjIlMkMlMjJjb2xsZWN0aW9uSWQlMjIlM0ElMjIyMzM1OCUyMiUyQyUyMmluZGV4Q2xpY2tlZCUyMiUzQTYxJTdE,https://images.mango-prod.siammakro.cloud/product-images/767058405330785-b2569a6b-b26a-476b-b67b-1faf15e20801.jpeg?imageMogr2/thumbnail/300x300,เอโร่ x วิลแมน ผ้ากันเปื้อนเต็มตัว สีดํา,"฿

235.

00",฿,00,,,"ซื้อ 1,500฿ ได้รับ 20 พอยท์",
https://www.makro.pro/th/p/69rX8wBi-376187633580129?info=JTdCJTIycGFnZVNsdWclMjIlM0ElMjJPZmZpY2UlMjAlN0MlMjBIb21lJTIwU3dlZXQlMjBIb21lJTIwRGVhbHMhJTJGMjMzNTglMjIlMkMlMjJjYXJvdXNlbE5hbWUlMjIlM0ElMjIlMjIlMkMlMjJjb2xsZWN0aW9uSWQlMjIlM0ElMjIyMzM1OCUyMiUyQyUyMmluZGV4Q2xpY2tlZCUyMiUzQTYyJTdE,https://images.mango-prod.siammakro.cloud/product-images/376187633580129-bad94aed-da51-4fa4-a9a8-90399a9e81c2.jpeg?imageMogr2/thumbnail/300x300,เอโร่ มิ้กกี้ จานเมลามีนทรงลึก 9 นิ้ว แพ็ค 2 ชิ้น คละลาย,"฿

199.

00",฿,00,,,,
https://www.makro.pro/th/p/YMC4dHb-991813707817666?info=JTdCJTIycGFnZVNsdWclMjIlM0ElMjJPZmZpY2UlMjAlN0MlMjBIb21lJTIwU3dlZXQlMjBIb21lJTIwRGVhbHMhJTJGMjMzNTglMjIlMkMlMjJjYXJvdXNlbE5hbWUlMjIlM0ElMjIlMjIlMkMlMjJjb2xsZWN0aW9uSWQlMjIlM0ElMjIyMzM1OCUyMiUyQyUyMmluZGV4Q2xpY2tlZCUyMiUzQTYzJTdE,https://images.mango-prod.siammakro.cloud/SOURCE/d083a3142ee2433299078cd32ef12d76,ฟรอลิน่า ผ้าขนหนูคู่ เบจ 27x54 นิ้ว,"฿

359.

00",฿,00,,,,
https://www.makro.pro/th/p/U1W5Kvs2-572672923850430?info=JTdCJTIycGFnZVNsdWclMjIlM0ElMjJPZmZpY2UlMjAlN0MlMjBIb21lJTIwU3dlZXQlMjBIb21lJTIwRGVhbHMhJTJGMjMzNTglMjIlMkMlMjJjYXJvdXNlbE5hbWUlMjIlM0ElMjIlMjIlMkMlMjJjb2xsZWN0aW9uSWQlMjIlM0ElMjIyMzM1OCUyMiUyQyUyMmluZGV4Q2xpY2tlZCUyMiUzQTY0JTdE,https://images.mango-prod.siammakro.cloud/product-images/572672923850430-73e16c36-407a-461b-8277-8fe7c69a9dab.jpeg?imageMogr2/thumbnail/300x300,บริต้า เหยือกกรองน้ํา 3.5 ล.,"฿

599.

00",฿,00,,,,
https://www.makro.pro/th/p/QvwTbhYv-974257889509349?info=JTdCJTIycGFnZVNsdWclMjIlM0ElMjJPZmZpY2UlMjAlN0MlMjBIb21lJTIwU3dlZXQlMjBIb21lJTIwRGVhbHMhJTJGMjMzNTglMjIlMkMlMjJjYXJvdXNlbE5hbWUlMjIlM0ElMjIlMjIlMkMlMjJjb2xsZWN0aW9uSWQlMjIlM0ElMjIyMzM1OCUyMiUyQyUyMmluZGV4Q2xpY2tlZCUyMiUzQTY1JTdE,https://images.mango-prod.siammakro.cloud/product-images/974257889509349-6fd7ff53-1574-4326-acbb-aa6e8ce57d6e.jpeg?imageMogr2/thumbnail/300x300,เอโร่ มิ้กกี้ ชามเมลามีนทรงลึก 6 นิ้ว แพ็ค 2 ชิ้น คละลาย,"฿

199.

00",฿,00,,,,
https://www.makro.pro/th/p/5fgm61v-7078732562627?info=JTdCJTIycGFnZVNsdWclMjIlM0ElMjJPZmZpY2UlMjAlN0MlMjBIb21lJTIwU3dlZXQlMjBIb21lJTIwRGVhbHMhJTJGMjMzNTglMjIlMkMlMjJjYXJvdXNlbE5hbWUlMjIlM0ElMjIlMjIlMkMlMjJjb2xsZWN0aW9uSWQlMjIlM0ElMjIyMzM1OCUyMiUyQyUyMmluZGV4Q2xpY2tlZCUyMiUzQTY2JTdE,https://images.mango-prod.siammakro.cloud/SOURCE/9a8a159263a74d2da93b6f0200f46bc2,โต๊ะพับหน้าขาวอเนกประสงค์ 120x60x75 ซม.,฿,354.,00,฿ 935.00,-62%,,สินค้าหมด
https://www.makro.pro/th/p/-loKNnjy-261424389982983?info=JTdCJTIycGFnZVNsdWclMjIlM0ElMjJPZmZpY2UlMjAlN0MlMjBIb21lJTIwU3dlZXQlMjBIb21lJTIwRGVhbHMhJTJGMjMzNTglMjIlMkMlMjJjYXJvdXNlbE5hbWUlMjIlM0ElMjIlMjIlMkMlMjJjb2xsZWN0aW9uSWQlMjIlM0ElMjIyMzM1OCUyMiUyQyUyMmluZGV4Q2xpY2tlZCUyMiUzQTY3JTdE,https://images.mango-prod.siammakro.cloud/product-images/261424389982983-8a8e3a20-7ffc-483e-8f79-ccc592e96ac1.jpeg?imageMogr2/thumbnail/300x300,แก้วน้ําสแตนเลสบ้านสนูปปี้ 800 มล.,฿,216.,00,฿ 399.00,-45%,,สินค้าหมด
https://www.makro.pro/th/p/4fy3f7r-6761194553539?info=JTdCJTIycGFnZVNsdWclMjIlM0ElMjJPZmZpY2UlMjAlN0MlMjBIb21lJTIwU3dlZXQlMjBIb21lJTIwRGVhbHMhJTJGMjMzNTglMjIlMkMlMjJjYXJvdXNlbE5hbWUlMjIlM0ElMjIlMjIlMkMlMjJjb2xsZWN0aW9uSWQlMjIlM0ElMjIyMzM1OCUyMiUyQyUyMmluZGV4Q2xpY2tlZCUyMiUzQTY4JTdE,https://images.mango-prod.siammakro.cloud/SOURCE/11903db14b9b41c4b9ba39a9877148b2,โมเดิร์น กล่องล้อเลื่อนพลาสติก รุ่น S023 100 ล.,฿,199.,00,฿ 269.00,-26%,"ซื้อ 1,500฿ ได้รับ 20 พอยท์",สินค้าหมด
https://www.makro.pro/th/p/wbqJPwy-230475724093495?info=JTdCJTIycGFnZVNsdWclMjIlM0ElMjJPZmZpY2UlMjAlN0MlMjBIb21lJTIwU3dlZXQlMjBIb21lJTIwRGVhbHMhJTJGMjMzNTglMjIlMkMlMjJjYXJvdXNlbE5hbWUlMjIlM0ElMjIlMjIlMkMlMjJjb2xsZWN0aW9uSWQlMjIlM0ElMjIyMzM1OCUyMiUyQyUyMmluZGV4Q2xpY2tlZCUyMiUzQTY5JTdE,https://images.mango-prod.siammakro.cloud/SOURCE/75a09c8533b94ca793267b49b81668a5,คีย์เวย์ เก้าอี้เหลี่ยม รุ่น RC633 คละสี,฿,79.,00,฿ 99.00,-20%,"ซื้อ 1,500฿ ได้รับ 20 พอยท์",สินค้าหมด
https://www.makro.pro/th/p/xyz3czl-7193012338883?info=JTdCJTIycGFnZVNsdWclMjIlM0ElMjJPZmZpY2UlMjAlN0MlMjBIb21lJTIwU3dlZXQlMjBIb21lJTIwRGVhbHMhJTJGMjMzNTglMjIlMkMlMjJjYXJvdXNlbE5hbWUlMjIlM0ElMjIlMjIlMkMlMjJjb2xsZWN0aW9uSWQlMjIlM0ElMjIyMzM1OCUyMiUyQyUyMmluZGV4Q2xpY2tlZCUyMiUzQTcwJTdE,https://images.mango-prod.siammakro.cloud/SOURCE/c1f653fdb03e4baeae830987529de961,กล่องล้อเลื่อนพลาสติก ขนาด 51x74x44 ซม. 120 ล.,"฿

579.00",฿,,,,"ซื้อ 1,500฿ ได้รับ 20 พอยท์",สินค้าหมด
https://www.makro.pro/th/p/oqaypcv-7416092590275?info=JTdCJTIycGFnZVNsdWclMjIlM0ElMjJPZmZpY2UlMjAlN0MlMjBIb21lJTIwU3dlZXQlMjBIb21lJTIwRGVhbHMhJTJGMjMzNTglMjIlMkMlMjJjYXJvdXNlbE5hbWUlMjIlM0ElMjIlMjIlMkMlMjJjb2xsZWN0aW9uSWQlMjIlM0ElMjIyMzM1OCUyMiUyQyUyMmluZGV4Q2xpY2tlZCUyMiUzQTcxJTdE,https://images.mango-prod.siammakro.cloud/SOURCE/680b0cff7b5e4d40894ddaf4dd33b740,ซุปเปอร์แวร์ เก้าอี้เหลี่ยม รุ่น CH-68B คละสี,"฿

71.00",฿,,,,,สินค้าหมด
https://www.makro.pro/th/p/oVX0bS0--211736095761315?info=JTdCJTIycGFnZVNsdWclMjIlM0ElMjJPZmZpY2UlMjAlN0MlMjBIb21lJTIwU3dlZXQlMjBIb21lJTIwRGVhbHMhJTJGMjMzNTglMjIlMkMlMjJjYXJvdXNlbE5hbWUlMjIlM0ElMjIlMjIlMkMlMjJjb2xsZWN0aW9uSWQlMjIlM0ElMjIyMzM1OCUyMiUyQyUyMmluZGV4Q2xpY2tlZCUyMiUzQTcyJTdE,https://images.mango-prod.siammakro.cloud/product-images/211736095761315-1fcd1080-7d1a-4572-9b9d-1b6bf07b907e.jpeg?imageMogr2/thumbnail/300x300,แก้วน้ําสแตนเลสหัวสนูปปี้ 800 มล.,฿,216.,00,฿ 399.00,-45%,,สินค้าหมด
https://www.makro.pro/th/p/hgftj0z-7416070373571?info=JTdCJTIycGFnZVNsdWclMjIlM0ElMjJPZmZpY2UlMjAlN0MlMjBIb21lJTIwU3dlZXQlMjBIb21lJTIwRGVhbHMhJTJGMjMzNTglMjIlMkMlMjJjYXJvdXNlbE5hbWUlMjIlM0ElMjIlMjIlMkMlMjJjb2xsZWN0aW9uSWQlMjIlM0ElMjIyMzM1OCUyMiUyQyUyMmluZGV4Q2xpY2tlZCUyMiUzQTczJTdE,https://images.mango-prod.siammakro.cloud/SOURCE/9160426fb32742c487bba37b7362a27d,โต๊ะพับอเนกประสงค์ 75X180X75 ซม. ขาสีดํา,฿,"1,250.",00,"฿ 1,350.00",-7%,,สินค้าหมด
https://www.makro.pro/th/p/irfnamh-7196405727427?info=JTdCJTIycGFnZVNsdWclMjIlM0ElMjJPZmZpY2UlMjAlN0MlMjBIb21lJTIwU3dlZXQlMjBIb21lJTIwRGVhbHMhJTJGMjMzNTglMjIlMkMlMjJjYXJvdXNlbE5hbWUlMjIlM0ElMjIlMjIlMkMlMjJjb2xsZWN0aW9uSWQlMjIlM0ElMjIyMzM1OCUyMiUyQyUyMmluZGV4Q2xpY2tlZCUyMiUzQTc0JTdE,https://images.mango-prod.siammakro.cloud/SOURCE/5358a7ab20db456599199506eabf7a86,ฟ๊อกกี้ กระบอกฉีดน้ํา ดิวตี้ x 2,"฿

66.00",฿,,,,,สินค้าหมด
https://www.makro.pro/th/p/0lfuv8h-7416081711299?info=JTdCJTIycGFnZVNsdWclMjIlM0ElMjJPZmZpY2UlMjAlN0MlMjBIb21lJTIwU3dlZXQlMjBIb21lJTIwRGVhbHMhJTJGMjMzNTglMjIlMkMlMjJjYXJvdXNlbE5hbWUlMjIlM0ElMjIlMjIlMkMlMjJjb2xsZWN0aW9uSWQlMjIlM0ElMjIyMzM1OCUyMiUyQyUyMmluZGV4Q2xpY2tlZCUyMiUzQTc1JTdE,https://images.mango-prod.siammakro.cloud/SOURCE/57f5322e3e654d45a98e90207e7e3c15,ผ้าเช็ดมือห่วงแขวน คละสี 1 ชิ้น,฿,46.,00,฿ 49.00,-6%,,สินค้าหมด
https://www.makro.pro/th/p/vRRkm5m-82821662962837?info=JTdCJTIycGFnZVNsdWclMjIlM0ElMjJPZmZpY2UlMjAlN0MlMjBIb21lJTIwU3dlZXQlMjBIb21lJTIwRGVhbHMhJTJGMjMzNTglMjIlMkMlMjJjYXJvdXNlbE5hbWUlMjIlM0ElMjIlMjIlMkMlMjJjb2xsZWN0aW9uSWQlMjIlM0ElMjIyMzM1OCUyMiUyQyUyMmluZGV4Q2xpY2tlZCUyMiUzQTc2JTdE,https://images.mango-prod.siammakro.cloud/product-images/82821662962837-629e1868-4622-49d9-b5e6-7eeddab4d61e.jpeg?imageMogr2/thumbnail/300x300,ซูการิ กระบอกฉีดน้ํา 650 มล. x 2,"฿

50.00",฿,,,,,สินค้าหมด
https://www.makro.pro/th/p/zCKxXM07-127049336125836?info=JTdCJTIycGFnZVNsdWclMjIlM0ElMjJPZmZpY2UlMjAlN0MlMjBIb21lJTIwU3dlZXQlMjBIb21lJTIwRGVhbHMhJTJGMjMzNTglMjIlMkMlMjJjYXJvdXNlbE5hbWUlMjIlM0ElMjIlMjIlMkMlMjJjb2xsZWN0aW9uSWQlMjIlM0ElMjIyMzM1OCUyMiUyQyUyMmluZGV4Q2xpY2tlZCUyMiUzQTc3JTdE,https://images.mango-prod.siammakro.cloud/product-images/127049336125836-cd2db09d-a192-4fbf-99c5-cd91f87affa5.jpeg?imageMogr2/thumbnail/300x300,คลาเซ่ เสื้อกันฝน ผู้ใหญ่ คละสี,฿,29.,00,฿ 69.00,-57%,,สินค้าหมด
https://www.makro.pro/th/p/pfQVhsb-146543256210487?info=JTdCJTIycGFnZVNsdWclMjIlM0ElMjJPZmZpY2UlMjAlN0MlMjBIb21lJTIwU3dlZXQlMjBIb21lJTIwRGVhbHMhJTJGMjMzNTglMjIlMkMlMjJjYXJvdXNlbE5hbWUlMjIlM0ElMjIlMjIlMkMlMjJjb2xsZWN0aW9uSWQlMjIlM0ElMjIyMzM1OCUyMiUyQyUyMmluZGV4Q2xpY2tlZCUyMiUzQTc4JTdE,https://images.mango-prod.siammakro.cloud/SOURCE/01ee8e9c2f894cf2b206c8f942ec5852,ตะกร้าผ้าลายหวาย เบอร์. 4212,"฿

55.00",฿,,,,,สินค้าหมด
https://www.makro.pro/th/p/WbHmRq6-246880838878860?info=JTdCJTIycGFnZVNsdWclMjIlM0ElMjJPZmZpY2UlMjAlN0MlMjBIb21lJTIwU3dlZXQlMjBIb21lJTIwRGVhbHMhJTJGMjMzNTglMjIlMkMlMjJjYXJvdXNlbE5hbWUlMjIlM0ElMjIlMjIlMkMlMjJjb2xsZWN0aW9uSWQlMjIlM0ElMjIyMzM1OCUyMiUyQyUyMmluZGV4Q2xpY2tlZCUyMiUzQTc5JTdE,https://images.mango-prod.siammakro.cloud/SOURCE/c02f54309075472999323a188e6f8b22,ไม้แขวนผ้าสแตนเลต 10 ชิ้น,฿,79.,00,฿ 99.00,-20%,"ซื้อ 1,500฿ ได้รับ 20 พอยท์",สินค้าหมด
https://www.makro.pro/th/p/zlqsckp-7352467161283?info=JTdCJTIycGFnZVNsdWclMjIlM0ElMjJPZmZpY2UlMjAlN0MlMjBIb21lJTIwU3dlZXQlMjBIb21lJTIwRGVhbHMhJTJGMjMzNTglMjIlMkMlMjJjYXJvdXNlbE5hbWUlMjIlM0ElMjIlMjIlMkMlMjJjb2xsZWN0aW9uSWQlMjIlM0ElMjIyMzM1OCUyMiUyQyUyMmluZGV4Q2xpY2tlZCUyMiUzQTgwJTdE,https://images.mango-prod.siammakro.cloud/SOURCE/487e0c70a76344019ed7992827ff2c5e,โต๊ะพับพลาสติกอเนกประสงค์ ขนาด 120x60x72 ซม. รุ่น MC-120SP,"฿

1,350.00",฿,,,,,สินค้าหมด
https://www.makro.pro/th/p/rnlqqov-7497533784259?info=JTdCJTIycGFnZVNsdWclMjIlM0ElMjJPZmZpY2UlMjAlN0MlMjBIb21lJTIwU3dlZXQlMjBIb21lJTIwRGVhbHMhJTJGMjMzNTglMjIlMkMlMjJjYXJvdXNlbE5hbWUlMjIlM0ElMjIlMjIlMkMlMjJjb2xsZWN0aW9uSWQlMjIlM0ElMjIyMzM1OCUyMiUyQyUyMmluZGV4Q2xpY2tlZCUyMiUzQTgxJTdE,https://images.mango-prod.siammakro.cloud/SOURCE/066f7be2414840f887e2d51acaf3a683,เอ็มโอซี กิ๊บหนีบผ้าเล็ก รุ่น FCB77/2 แพ็ค 48 คู่,"฿

44.00",฿,,,,,สินค้าหมด
https://www.makro.pro/th/p/jzjo0cu-7497388851395?info=JTdCJTIycGFnZVNsdWclMjIlM0ElMjJPZmZpY2UlMjAlN0MlMjBIb21lJTIwU3dlZXQlMjBIb21lJTIwRGVhbHMhJTJGMjMzNTglMjIlMkMlMjJjYXJvdXNlbE5hbWUlMjIlM0ElMjIlMjIlMkMlMjJjb2xsZWN0aW9uSWQlMjIlM0ElMjIyMzM1OCUyMiUyQyUyMmluZGV4Q2xpY2tlZCUyMiUzQTgyJTdE,https://images.mango-prod.siammakro.cloud/SOURCE/4ff6af6ece434257b3478c16c7c6944c,ร่มสนาม ผ้าโพลีเอสเตอร์ 1.5 ม. (ไม่รวมขาตั้ง),"฿

129.00",฿,,,,,สินค้าหมด
https://www.makro.pro/th/p/uR10Fb2-3125555184762?info=JTdCJTIycGFnZVNsdWclMjIlM0ElMjJPZmZpY2UlMjAlN0MlMjBIb21lJTIwU3dlZXQlMjBIb21lJTIwRGVhbHMhJTJGMjMzNTglMjIlMkMlMjJjYXJvdXNlbE5hbWUlMjIlM0ElMjIlMjIlMkMlMjJjb2xsZWN0aW9uSWQlMjIlM0ElMjIyMzM1OCUyMiUyQyUyMmluZGV4Q2xpY2tlZCUyMiUzQTgzJTdE,https://images.mango-prod.siammakro.cloud/product-images/3125555184762-d040a18e-be22-40f6-a7dd-2dd780934f07.jpeg?imageMogr2/thumbnail/300x300,กล่องอเนกประสงค์มีล้อลากสนูปี้ เซ็ท 2 ใบ,฿,89.,00,฿ 499.00,-82%,"ซื้อ 1,500฿ ได้รับ 20 พอยท์",สินค้าหมด
https://www.makro.pro/th/p/wpd3c0v-7416076173507?info=JTdCJTIycGFnZVNsdWclMjIlM0ElMjJPZmZpY2UlMjAlN0MlMjBIb21lJTIwU3dlZXQlMjBIb21lJTIwRGVhbHMhJTJGMjMzNTglMjIlMkMlMjJjYXJvdXNlbE5hbWUlMjIlM0ElMjIlMjIlMkMlMjJjb2xsZWN0aW9uSWQlMjIlM0ElMjIyMzM1OCUyMiUyQyUyMmluZGV4Q2xpY2tlZCUyMiUzQTg0JTdE,https://images.mango-prod.siammakro.cloud/SOURCE/44390fdc6cd04564b089e6a0cbc0c19d,ชั้นเหล็กวางของขอบทึบ สีดํา ขนาด 90x45x160 ซม.,฿,"1,390.",00,"฿ 1,790.00",-22%,,สินค้าหมด
https://www.makro.pro/th/p/fersrzr-7497439215811?info=JTdCJTIycGFnZVNsdWclMjIlM0ElMjJPZmZpY2UlMjAlN0MlMjBIb21lJTIwU3dlZXQlMjBIb21lJTIwRGVhbHMhJTJGMjMzNTglMjIlMkMlMjJjYXJvdXNlbE5hbWUlMjIlM0ElMjIlMjIlMkMlMjJjb2xsZWN0aW9uSWQlMjIlM0ElMjIyMzM1OCUyMiUyQyUyMmluZGV4Q2xpY2tlZCUyMiUzQTg1JTdE,https://images.mango-prod.siammakro.cloud/SOURCE/899aec090c5a4608a78efa9aee2143f7,โตชิโน่ ปลั๊กแปลง 2 ขาแบน รุ่น PS-18E UNIVERSAL,"฿

59.00",฿,,,,,สินค้าหมด
https://www.makro.pro/th/p/zwzylvl-7416099209411?info=JTdCJTIycGFnZVNsdWclMjIlM0ElMjJPZmZpY2UlMjAlN0MlMjBIb21lJTIwU3dlZXQlMjBIb21lJTIwRGVhbHMhJTJGMjMzNTglMjIlMkMlMjJjYXJvdXNlbE5hbWUlMjIlM0ElMjIlMjIlMkMlMjJjb2xsZWN0aW9uSWQlMjIlM0ElMjIyMzM1OCUyMiUyQyUyMmluZGV4Q2xpY2tlZCUyMiUzQTg2JTdE,https://images.mango-prod.siammakro.cloud/SOURCE/d07fd9b0642c4763a5b2220929d53ea8,วีออส เครื่องชั่งสแตนเลส 20 กก.,"฿

401.00",฿,,,,,สินค้าหมด
https://www.makro.pro/th/p/m2h8e78-7416075681987?info=JTdCJTIycGFnZVNsdWclMjIlM0ElMjJPZmZpY2UlMjAlN0MlMjBIb21lJTIwU3dlZXQlMjBIb21lJTIwRGVhbHMhJTJGMjMzNTglMjIlMkMlMjJjYXJvdXNlbE5hbWUlMjIlM0ElMjIlMjIlMkMlMjJjb2xsZWN0aW9uSWQlMjIlM0ElMjIyMzM1OCUyMiUyQyUyMmluZGV4Q2xpY2tlZCUyMiUzQTg3JTdE,https://images.mango-prod.siammakro.cloud/SOURCE/0be5225234e347e0811e35f77a80780a,ชั้นเหล็ก 120x45x160 ซม. รุ่น LINEAR สีดํา,"฿

1,650.00",฿,,,,,สินค้าหมด
https://www.makro.pro/th/p/OtBrvIbo-938614707001556?info=JTdCJTIycGFnZVNsdWclMjIlM0ElMjJPZmZpY2UlMjAlN0MlMjBIb21lJTIwU3dlZXQlMjBIb21lJTIwRGVhbHMhJTJGMjMzNTglMjIlMkMlMjJjYXJvdXNlbE5hbWUlMjIlM0ElMjIlMjIlMkMlMjJjb2xsZWN0aW9uSWQlMjIlM0ElMjIyMzM1OCUyMiUyQyUyMmluZGV4Q2xpY2tlZCUyMiUzQTg4JTdE,https://images.mango-prod.siammakro.cloud/product-images/938614707001556-9c7974da-c787-4db7-bcc2-d6297f5c8bf6.jpeg?imageMogr2/thumbnail/300x300,โมเมนโต ดิสนีย์ เอเลี่ยน หมอนกอดไดคัท 24x24 นิ้ว,฿,129.,00,฿ 299.00,-56%,"ซื้อ 1,500฿ ได้รับ 20 พอยท์",สินค้าหมด
https://www.makro.pro/th/p/1iqsw9xl-214843235185233?info=JTdCJTIycGFnZVNsdWclMjIlM0ElMjJPZmZpY2UlMjAlN0MlMjBIb21lJTIwU3dlZXQlMjBIb21lJTIwRGVhbHMhJTJGMjMzNTglMjIlMkMlMjJjYXJvdXNlbE5hbWUlMjIlM0ElMjIlMjIlMkMlMjJjb2xsZWN0aW9uSWQlMjIlM0ElMjIyMzM1OCUyMiUyQyUyMmluZGV4Q2xpY2tlZCUyMiUzQTg5JTdE,https://images.mango-prod.siammakro.cloud/product-images/214843235185233-803ece83-9c16-4c29-8aa6-38d52e5c3dc2.jpeg?imageMogr2/thumbnail/300x300,โมเมนโต ดิสนีย์ หมอนกอดไดคัท 29x44 นิ้ว คละสี,"฿

189.00",฿,,,,,สินค้าหมด
https://www.makro.pro/th/p/s_kyet7-7416066146499?info=JTdCJTIycGFnZVNsdWclMjIlM0ElMjJPZmZpY2UlMjAlN0MlMjBIb21lJTIwU3dlZXQlMjBIb21lJTIwRGVhbHMhJTJGMjMzNTglMjIlMkMlMjJjYXJvdXNlbE5hbWUlMjIlM0ElMjIlMjIlMkMlMjJjb2xsZWN0aW9uSWQlMjIlM0ElMjIyMzM1OCUyMiUyQyUyMmluZGV4Q2xpY2tlZCUyMiUzQTkwJTdE,https://images.mango-prod.siammakro.cloud/SOURCE/f7a0cb28a0054a75a63b915cb8e1c455,โต๊ะพับพลาสติกอเนกประสงค์ ขนาด 90 x 60 x 74 ซม. รุ่น MC-90SP,฿,548.,00,฿ 980.00,-44%,,สินค้าหมด
https://www.makro.pro/th/p/Ty39nLAW-560871063775818?info=JTdCJTIycGFnZVNsdWclMjIlM0ElMjJPZmZpY2UlMjAlN0MlMjBIb21lJTIwU3dlZXQlMjBIb21lJTIwRGVhbHMhJTJGMjMzNTglMjIlMkMlMjJjYXJvdXNlbE5hbWUlMjIlM0ElMjIlMjIlMkMlMjJjb2xsZWN0aW9uSWQlMjIlM0ElMjIyMzM1OCUyMiUyQyUyMmluZGV4Q2xpY2tlZCUyMiUzQTkxJTdE,https://images.mango-prod.siammakro.cloud/product-images/560871063775818-a37f1668-b055-4a34-8350-d5ae28ca4aea.jpeg?imageMogr2/thumbnail/300x300,โมเมนโต มินเนี่ยน หมอนกอดไดคัท 29x44 นิ้ว คละแบบ,฿,199.,00,฿ 299.00,-33%,"ซื้อ 1,500฿ ได้รับ 20 พอยท์",สินค้าหมด
https://www.makro.pro/th/p/VT3mTa4z-525070849885728?info=JTdCJTIycGFnZVNsdWclMjIlM0ElMjJPZmZpY2UlMjAlN0MlMjBIb21lJTIwU3dlZXQlMjBIb21lJTIwRGVhbHMhJTJGMjMzNTglMjIlMkMlMjJjYXJvdXNlbE5hbWUlMjIlM0ElMjIlMjIlMkMlMjJjb2xsZWN0aW9uSWQlMjIlM0ElMjIyMzM1OCUyMiUyQyUyMmluZGV4Q2xpY2tlZCUyMiUzQTkyJTdE,https://images.mango-prod.siammakro.cloud/product-images/525070849885728-0cf73a9c-d575-40f6-9f34-2b48b9ada0d9.jpeg?imageMogr2/thumbnail/300x300,โมเมนโต กระเป๋าเดินทาง 20+24 นิ้ว เซ็ท 2 ใบ สีดํา,฿,899.,00,"฿ 1,990.00",-54%,"ซื้อ 1,500฿ ได้รับ 20 พอยท์",สินค้าหมด
https://www.makro.pro/th/p/9e_ro1t-7352490590403?info=JTdCJTIycGFnZVNsdWclMjIlM0ElMjJPZmZpY2UlMjAlN0MlMjBIb21lJTIwU3dlZXQlMjBIb21lJTIwRGVhbHMhJTJGMjMzNTglMjIlMkMlMjJjYXJvdXNlbE5hbWUlMjIlM0ElMjIlMjIlMkMlMjJjb2xsZWN0aW9uSWQlMjIlM0ElMjIyMzM1OCUyMiUyQyUyMmluZGV4Q2xpY2tlZCUyMiUzQTkzJTdE,https://images.mango-prod.siammakro.cloud/SOURCE/fec033c6af24475f91354f8aa9df5e2d,โต๊ะพับพลาสติกอเนกประสงค์ 182x75x74 ซม. รุ่น NST-180BF,฿,"1,139.",00,"฿ 2,990.00",-61%,,สินค้าหมด
https://www.makro.pro/th/p/khp8dlx-7325087826115?info=JTdCJTIycGFnZVNsdWclMjIlM0ElMjJPZmZpY2UlMjAlN0MlMjBIb21lJTIwU3dlZXQlMjBIb21lJTIwRGVhbHMhJTJGMjMzNTglMjIlMkMlMjJjYXJvdXNlbE5hbWUlMjIlM0ElMjIlMjIlMkMlMjJjb2xsZWN0aW9uSWQlMjIlM0ElMjIyMzM1OCUyMiUyQyUyMmluZGV4Q2xpY2tlZCUyMiUzQTk0JTdE,https://images.mango-prod.siammakro.cloud/SOURCE/17dbbb5d23c547698c54ff3c1291134a,โต๊ะพับสเตนเลส 50x80 ซม. รุ่น R-228,"฿

1,550.00",฿,,,,,สินค้าหมด
https://www.makro.pro/th/p/drxp7cn-7416086921411?info=JTdCJTIycGFnZVNsdWclMjIlM0ElMjJPZmZpY2UlMjAlN0MlMjBIb21lJTIwU3dlZXQlMjBIb21lJTIwRGVhbHMhJTJGMjMzNTglMjIlMkMlMjJjYXJvdXNlbE5hbWUlMjIlM0ElMjIlMjIlMkMlMjJjb2xsZWN0aW9uSWQlMjIlM0ElMjIyMzM1OCUyMiUyQyUyMmluZGV4Q2xpY2tlZCUyMiUzQTk1JTdE,https://images.mango-prod.siammakro.cloud/SOURCE/815c9e9ae11b441b9bd8b923b3ad8bb9,โต๊ะพับพลาสติกอเนกประสงค์ ขนาด 155x75x74 ซม. รุ่น NST-150B,฿,853.,00,"฿ 2,290.00",-62%,,สินค้าหมด
https://www.makro.pro/th/p/F3DP4oNt-121150085811388?info=JTdCJTIycGFnZVNsdWclMjIlM0ElMjJPZmZpY2UlMjAlN0MlMjBIb21lJTIwU3dlZXQlMjBIb21lJTIwRGVhbHMhJTJGMjMzNTglMjIlMkMlMjJjYXJvdXNlbE5hbWUlMjIlM0ElMjIlMjIlMkMlMjJjb2xsZWN0aW9uSWQlMjIlM0ElMjIyMzM1OCUyMiUyQyUyMmluZGV4Q2xpY2tlZCUyMiUzQTk2JTdE,https://images.mango-prod.siammakro.cloud/product-images/121150085811388-b75f298d-24d1-4fe9-9514-c758b6c1eff5.jpeg?imageMogr2/thumbnail/300x300,โมเมนโต x ลอร่า หมอนหนุนสุขภาพวินโลว์ 17x27 นิ้ว น้ําเงิน,฿,199.,00,฿ 599.00,-66%,"ซื้อ 1,500฿ ได้รับ 20 พอยท์",สินค้าหมด
https://www.makro.pro/th/p/t9ds8s7T-831505014733855?info=JTdCJTIycGFnZVNsdWclMjIlM0ElMjJPZmZpY2UlMjAlN0MlMjBIb21lJTIwU3dlZXQlMjBIb21lJTIwRGVhbHMhJTJGMjMzNTglMjIlMkMlMjJjYXJvdXNlbE5hbWUlMjIlM0ElMjIlMjIlMkMlMjJjb2xsZWN0aW9uSWQlMjIlM0ElMjIyMzM1OCUyMiUyQyUyMmluZGV4Q2xpY2tlZCUyMiUzQTk3JTdE,https://images.mango-prod.siammakro.cloud/product-images/831505014733855-da99b908-a8cb-41f5-bec6-295475db1e1b.jpeg?imageMogr2/thumbnail/300x300,โมเมนโต กระเป๋าเดินทาง 20+24 นิ้ว เซ็ท 2 ใบ สีเทา,฿,899.,00,"฿ 1,990.00",-54%,"ซื้อ 1,500฿ ได้รับ 20 พอยท์",สินค้าหมด
https://www.makro.pro/th/p/r3mcczd-7542462251203?info=JTdCJTIycGFnZVNsdWclMjIlM0ElMjJPZmZpY2UlMjAlN0MlMjBIb21lJTIwU3dlZXQlMjBIb21lJTIwRGVhbHMhJTJGMjMzNTglMjIlMkMlMjJjYXJvdXNlbE5hbWUlMjIlM0ElMjIlMjIlMkMlMjJjb2xsZWN0aW9uSWQlMjIlM0ElMjIyMzM1OCUyMiUyQyUyMmluZGV4Q2xpY2tlZCUyMiUzQTk4JTdE,https://images.mango-prod.siammakro.cloud/SOURCE/76fd9677ef23400e885b1b01ed2ca0dd,โปรช้อยส์ ไม้แขวนอลูมิเนียม 24 ชิ้น,฿,134.,00,฿ 279.00,-51%,"ซื้อ 1,500฿ ได้รับ 20 พอยท์",สินค้าหมด
https://www.makro.pro/th/p/ye3YuwhA-733687972253440?info=JTdCJTIycGFnZVNsdWclMjIlM0ElMjJPZmZpY2UlMjAlN0MlMjBIb21lJTIwU3dlZXQlMjBIb21lJTIwRGVhbHMhJTJGMjMzNTglMjIlMkMlMjJjYXJvdXNlbE5hbWUlMjIlM0ElMjIlMjIlMkMlMjJjb2xsZWN0aW9uSWQlMjIlM0ElMjIyMzM1OCUyMiUyQyUyMmluZGV4Q2xpY2tlZCUyMiUzQTk5JTdE,https://images.mango-prod.siammakro.cloud/product-images/733687972253440-3a0b1bf6-2845-4977-a021-6869a342c5d8.jpeg?imageMogr2/thumbnail/300x300,โมเมนโต หมอนอิง เอเลี่ยน 29x29 นิ้ว คละสี/ลาย,฿,129.,00,฿ 299.00,-56%,"ซื้อ 1,500฿ ได้รับ 20 พอยท์",สินค้าหมด
https://www.makro.pro/th/p/svmbjxz-7416099373251?info=JTdCJTIycGFnZVNsdWclMjIlM0ElMjJPZmZpY2UlMjAlN0MlMjBIb21lJTIwU3dlZXQlMjBIb21lJTIwRGVhbHMhJTJGMjMzNTglMjIlMkMlMjJjYXJvdXNlbE5hbWUlMjIlM0ElMjIlMjIlMkMlMjJjb2xsZWN0aW9uSWQlMjIlM0ElMjIyMzM1OCUyMiUyQyUyMmluZGV4Q2xpY2tlZCUyMiUzQTEwMCU3RA,https://images.mango-prod.siammakro.cloud/SOURCE/2cac6d0f1bc749af9ba0404d81205d30,วีออส เครื่องชั่งพร้อมถาดสแตนเลส 15 กก.,"฿

360.00",฿,,,,,สินค้าหมด
https://www.makro.pro/th/p/-cwzjcx-7497400975555?info=JTdCJTIycGFnZVNsdWclMjIlM0ElMjJPZmZpY2UlMjAlN0MlMjBIb21lJTIwU3dlZXQlMjBIb21lJTIwRGVhbHMhJTJGMjMzNTglMjIlMkMlMjJjYXJvdXNlbE5hbWUlMjIlM0ElMjIlMjIlMkMlMjJjb2xsZWN0aW9uSWQlMjIlM0ElMjIyMzM1OCUyMiUyQyUyMmluZGV4Q2xpY2tlZCUyMiUzQTEwMSU3RA,https://images.mango-prod.siammakro.cloud/SOURCE/9e6f14723e2e449eb3b16680283dec1b,โตชิโน ปลั๊กแปลง 2 ช่อง 1 สวิทช์ รุ่น TW-2 UNIVERSAL,"฿

79.00",฿,,,,,สินค้าหมด
https://www.makro.pro/th/p/B7jFM_m-884519886991984?info=JTdCJTIycGFnZVNsdWclMjIlM0ElMjJPZmZpY2UlMjAlN0MlMjBIb21lJTIwU3dlZXQlMjBIb21lJTIwRGVhbHMhJTJGMjMzNTglMjIlMkMlMjJjYXJvdXNlbE5hbWUlMjIlM0ElMjIlMjIlMkMlMjJjb2xsZWN0aW9uSWQlMjIlM0ElMjIyMzM1OCUyMiUyQyUyMmluZGV4Q2xpY2tlZCUyMiUzQTEwMiU3RA,https://images.mango-prod.siammakro.cloud/SOURCE/691d9249aa4c4a6a9cd8f185bb3185bf,โปรช้อยส์ ไม้แขวนหุ้ม+หนีบ 18 ชิ้น,฿,86.,00,฿ 199.00,-56%,"ซื้อ 1,500฿ ได้รับ 20 พอยท์",สินค้าหมด
https://www.makro.pro/th/p/wmeaMhU_-176311909147653?info=JTdCJTIycGFnZVNsdWclMjIlM0ElMjJPZmZpY2UlMjAlN0MlMjBIb21lJTIwU3dlZXQlMjBIb21lJTIwRGVhbHMhJTJGMjMzNTglMjIlMkMlMjJjYXJvdXNlbE5hbWUlMjIlM0ElMjIlMjIlMkMlMjJjb2xsZWN0aW9uSWQlMjIlM0ElMjIyMzM1OCUyMiUyQyUyMmluZGV4Q2xpY2tlZCUyMiUzQTEwMyU3RA,https://images.mango-prod.siammakro.cloud/product-images/176311909147653-3a6b166a-741d-42c5-8b69-7c3362ca5f76.jpeg?imageMogr2/thumbnail/300x300,โมเมนโต ชุดผ้าปู มินเนี่ยน 6 ฟุต+ผ้านวม 70x90 นิ้ว,฿,556.,00,฿ 699.00,-20%,"ซื้อ 1,500฿ ได้รับ 20 พอยท์",สินค้าหมด
https://www.makro.pro/th/p/YGB8YHbp-663103261977000?info=JTdCJTIycGFnZVNsdWclMjIlM0ElMjJPZmZpY2UlMjAlN0MlMjBIb21lJTIwU3dlZXQlMjBIb21lJTIwRGVhbHMhJTJGMjMzNTglMjIlMkMlMjJjYXJvdXNlbE5hbWUlMjIlM0ElMjIlMjIlMkMlMjJjb2xsZWN0aW9uSWQlMjIlM0ElMjIyMzM1OCUyMiUyQyUyMmluZGV4Q2xpY2tlZCUyMiUzQTEwNCU3RA,https://images.mango-prod.siammakro.cloud/product-images/663103261977000-926f1d43-7382-4947-8826-5e390ec75980.jpeg?imageMogr2/thumbnail/300x300,ซานริโอ จานเซรามิกมีขอบ 8 นิ้ว คละลาย 2 ชิ้น,฿,86.,00,฿ 129.00,-33%,,สินค้าหมด
https://www.makro.pro/th/p/Y3l_OWAc-825423192650487?info=JTdCJTIycGFnZVNsdWclMjIlM0ElMjJPZmZpY2UlMjAlN0MlMjBIb21lJTIwU3dlZXQlMjBIb21lJTIwRGVhbHMhJTJGMjMzNTglMjIlMkMlMjJjYXJvdXNlbE5hbWUlMjIlM0ElMjIlMjIlMkMlMjJjb2xsZWN0aW9uSWQlMjIlM0ElMjIyMzM1OCUyMiUyQyUyMmluZGV4Q2xpY2tlZCUyMiUzQTEwNSU3RA,https://images.mango-prod.siammakro.cloud/product-images/825423192650487-dae2fd49-fbf5-49ab-9078-7cd60d2de209.jpeg?imageMogr2/thumbnail/300x300,ซานริโอ ชามเซรามิกมีขอบ 6 นิ้ว คละลาย 3 ชิ้น,฿,96.,00,฿ 159.00,-39%,,สินค้าหมด
https://www.makro.pro/th/p/8Un2I0hU-172041445245482?info=JTdCJTIycGFnZVNsdWclMjIlM0ElMjJPZmZpY2UlMjAlN0MlMjBIb21lJTIwU3dlZXQlMjBIb21lJTIwRGVhbHMhJTJGMjMzNTglMjIlMkMlMjJjYXJvdXNlbE5hbWUlMjIlM0ElMjIlMjIlMkMlMjJjb2xsZWN0aW9uSWQlMjIlM0ElMjIyMzM1OCUyMiUyQyUyMmluZGV4Q2xpY2tlZCUyMiUzQTEwNiU3RA,https://images.mango-prod.siammakro.cloud/product-images/172041445245482-99b21985-e378-4c6f-9a49-aaad2ad85432.jpeg?imageMogr2/thumbnail/300x300,โมเมนโต เอเลี่ยน เบาะรองนั่ง 24x24 นิ้ว คละสี/ลาย,฿,129.,00,฿ 299.00,-56%,"ซื้อ 1,500฿ ได้รับ 20 พอยท์",สินค้าหมด
https://www.makro.pro/th/p/G3X9hacv-261913945452484?info=JTdCJTIycGFnZVNsdWclMjIlM0ElMjJPZmZpY2UlMjAlN0MlMjBIb21lJTIwU3dlZXQlMjBIb21lJTIwRGVhbHMhJTJGMjMzNTglMjIlMkMlMjJjYXJvdXNlbE5hbWUlMjIlM0ElMjIlMjIlMkMlMjJjb2xsZWN0aW9uSWQlMjIlM0ElMjIyMzM1OCUyMiUyQyUyMmluZGV4Q2xpY2tlZCUyMiUzQTEwNyU3RA,https://images.mango-prod.siammakro.cloud/product-images/261913945452484-31a0e9ab-50a9-46c6-940e-6aa2d3f0b27a.jpeg?imageMogr2/thumbnail/300x300,ซานริโอ้ ชามเซรามิกมีขอบ 6 นิ้ว คละลาย 2 ชิ้น,฿,86.,00,฿ 129.00,-33%,,สินค้าหมด
https://www.makro.pro/th/p/uQbMxqkl-825111691406968?info=JTdCJTIycGFnZVNsdWclMjIlM0ElMjJPZmZpY2UlMjAlN0MlMjBIb21lJTIwU3dlZXQlMjBIb21lJTIwRGVhbHMhJTJGMjMzNTglMjIlMkMlMjJjYXJvdXNlbE5hbWUlMjIlM0ElMjIlMjIlMkMlMjJjb2xsZWN0aW9uSWQlMjIlM0ElMjIyMzM1OCUyMiUyQyUyMmluZGV4Q2xpY2tlZCUyMiUzQTEwOCU3RA,https://images.mango-prod.siammakro.cloud/product-images/825111691406968-2bd019df-7528-42c1-bbd9-d59710295b31.jpeg?imageMogr2/thumbnail/300x300,ซุปเปอร์ล็อค มินเนี่ยนกล่องอาหาร 1.25 ล. รุ่น 6504 สีฟ้า 2 ชิ้น,฿,96.,00,฿ 109.00,-11%,,สินค้าหมด
https://www.makro.pro/th/p/IgEz7Dwb-634591549808946?info=JTdCJTIycGFnZVNsdWclMjIlM0ElMjJPZmZpY2UlMjAlN0MlMjBIb21lJTIwU3dlZXQlMjBIb21lJTIwRGVhbHMhJTJGMjMzNTglMjIlMkMlMjJjYXJvdXNlbE5hbWUlMjIlM0ElMjIlMjIlMkMlMjJjb2xsZWN0aW9uSWQlMjIlM0ElMjIyMzM1OCUyMiUyQyUyMmluZGV4Q2xpY2tlZCUyMiUzQTEwOSU3RA,https://images.mango-prod.siammakro.cloud/product-images/634591549808946-447b9cae-b92c-412f-b50c-8a90078f5d6a.jpeg?imageMogr2/thumbnail/300x300,ซุปเปอร์ล็อค มินเนี่ยนกล่องอาหาร 750 มล. รุ่น 6500 สีเหลือง 3 ชิ้น,฿,96.,00,฿ 109.00,-11%,,สินค้าหมด
https://www.makro.pro/th/p/QLjGvUjj-763271250836358?info=JTdCJTIycGFnZVNsdWclMjIlM0ElMjJPZmZpY2UlMjAlN0MlMjBIb21lJTIwU3dlZXQlMjBIb21lJTIwRGVhbHMhJTJGMjMzNTglMjIlMkMlMjJjYXJvdXNlbE5hbWUlMjIlM0ElMjIlMjIlMkMlMjJjb2xsZWN0aW9uSWQlMjIlM0ElMjIyMzM1OCUyMiUyQyUyMmluZGV4Q2xpY2tlZCUyMiUzQTExMCU3RA,https://images.mango-prod.siammakro.cloud/product-images/763271250836358-dd3c3467-6cce-46e0-af27-6c09d77386f4.jpeg?imageMogr2/thumbnail/300x300,ซุปเปอร์ล็อค มินเนี่ยนกล่องอาหารสีฟ้า 48 ชิ้น,฿,246.,00,฿ 299.00,-17%,,สินค้าหมด
https://www.makro.pro/th/p/loNtpyT6-572970006688994?info=JTdCJTIycGFnZVNsdWclMjIlM0ElMjJPZmZpY2UlMjAlN0MlMjBIb21lJTIwU3dlZXQlMjBIb21lJTIwRGVhbHMhJTJGMjMzNTglMjIlMkMlMjJjYXJvdXNlbE5hbWUlMjIlM0ElMjIlMjIlMkMlMjJjb2xsZWN0aW9uSWQlMjIlM0ElMjIyMzM1OCUyMiUyQyUyMmluZGV4Q2xpY2tlZCUyMiUzQTExMSU3RA,https://images.mango-prod.siammakro.cloud/product-images/572970006688994-ba933d60-8e64-477d-90f0-5e2f298424d2.jpeg?imageMogr2/thumbnail/300x300,โมเมนโต x ลอร่า หมอนหนุนสุขภาพวินโลว์ 17x27 นิ้ว สีเทา,฿,199.,00,฿ 599.00,-66%,"ซื้อ 1,500฿ ได้รับ 20 พอยท์",สินค้าหมด
https://www.makro.pro/th/p/u9ay-vSR-276197322693226?info=JTdCJTIycGFnZVNsdWclMjIlM0ElMjJPZmZpY2UlMjAlN0MlMjBIb21lJTIwU3dlZXQlMjBIb21lJTIwRGVhbHMhJTJGMjMzNTglMjIlMkMlMjJjYXJvdXNlbE5hbWUlMjIlM0ElMjIlMjIlMkMlMjJjb2xsZWN0aW9uSWQlMjIlM0ElMjIyMzM1OCUyMiUyQyUyMmluZGV4Q2xpY2tlZCUyMiUzQTExMiU3RA,https://images.mango-prod.siammakro.cloud/product-images/276197322693226-558a6734-4cb8-4283-9105-ea7fd2be87a5.jpeg?imageMogr2/thumbnail/300x300,ซานริโอ จานเซรามิกมีขอบ 8 นิ้ว คละลาย 3 ชิ้น,฿,96.,00,฿ 164.00,-41%,,สินค้าหมด
https://www.makro.pro/th/p/awRBzQdO-538257155824425?info=JTdCJTIycGFnZVNsdWclMjIlM0ElMjJPZmZpY2UlMjAlN0MlMjBIb21lJTIwU3dlZXQlMjBIb21lJTIwRGVhbHMhJTJGMjMzNTglMjIlMkMlMjJjYXJvdXNlbE5hbWUlMjIlM0ElMjIlMjIlMkMlMjJjb2xsZWN0aW9uSWQlMjIlM0ElMjIyMzM1OCUyMiUyQyUyMmluZGV4Q2xpY2tlZCUyMiUzQTExMyU3RA,https://images.mango-prod.siammakro.cloud/product-images/538257155824425-5025ba8d-a778-4787-9e6c-014d75bc11db.jpeg?imageMogr2/thumbnail/300x300,โมเมนโต ชุดแก้วน้ําลายมิคกี้แอนด์เฟรน 290 มล. 4 ชิ้น,฿,166.,00,฿ 411.00,-59%,,สินค้าหมด
https://www.makro.pro/th/p/9zjGHzog-265945186393571?info=JTdCJTIycGFnZVNsdWclMjIlM0ElMjJPZmZpY2UlMjAlN0MlMjBIb21lJTIwU3dlZXQlMjBIb21lJTIwRGVhbHMhJTJGMjMzNTglMjIlMkMlMjJjYXJvdXNlbE5hbWUlMjIlM0ElMjIlMjIlMkMlMjJjb2xsZWN0aW9uSWQlMjIlM0ElMjIyMzM1OCUyMiUyQyUyMmluZGV4Q2xpY2tlZCUyMiUzQTExNCU3RA,https://images.mango-prod.siammakro.cloud/product-images/265945186393571-3f4196d5-8396-406e-99e2-90b65e7f71f0.jpeg?imageMogr2/thumbnail/300x300,โมเมนโต มินเนี่ยน หมอนหนุนสุขภาพ 17x27 นิ้ว,฿,186.,00,฿ 239.00,-22%,"ซื้อ 1,500฿ ได้รับ 20 พอยท์",สินค้าหมด
https://www.makro.pro/th/p/gfwku-Fv-212339382369494?info=JTdCJTIycGFnZVNsdWclMjIlM0ElMjJPZmZpY2UlMjAlN0MlMjBIb21lJTIwU3dlZXQlMjBIb21lJTIwRGVhbHMhJTJGMjMzNTglMjIlMkMlMjJjYXJvdXNlbE5hbWUlMjIlM0ElMjIlMjIlMkMlMjJjb2xsZWN0aW9uSWQlMjIlM0ElMjIyMzM1OCUyMiUyQyUyMmluZGV4Q2xpY2tlZCUyMiUzQTExNSU3RA,https://images.mango-prod.siammakro.cloud/product-images/212339382369494-38d8d917-a5e6-471e-857a-750a25f4b7fc.jpeg?imageMogr2/thumbnail/300x300,โอเชียนกลาส ชุดเหยือกน้ําพร้อมแก้วลายดิสนีย์ซัมเมอร์,฿,229.,00,฿ 399.00,-42%,,สินค้าหมด
https://www.makro.pro/th/p/ns71A9d2-526095772990431?info=JTdCJTIycGFnZVNsdWclMjIlM0ElMjJPZmZpY2UlMjAlN0MlMjBIb21lJTIwU3dlZXQlMjBIb21lJTIwRGVhbHMhJTJGMjMzNTglMjIlMkMlMjJjYXJvdXNlbE5hbWUlMjIlM0ElMjIlMjIlMkMlMjJjb2xsZWN0aW9uSWQlMjIlM0ElMjIyMzM1OCUyMiUyQyUyMmluZGV4Q2xpY2tlZCUyMiUzQTExNiU3RA,https://images.mango-prod.siammakro.cloud/product-images/526095772990431-33f80e70-66f4-4ac2-8f06-ae8fbe116faa.jpeg?imageMogr2/thumbnail/300x300,สเปซคราวน์ หมวกกันน็อค สีดํา,"฿

299.00",฿,,,,,สินค้าหมด
https://www.makro.pro/th/p/5HHDEB2p-330163006685724?info=JTdCJTIycGFnZVNsdWclMjIlM0ElMjJPZmZpY2UlMjAlN0MlMjBIb21lJTIwU3dlZXQlMjBIb21lJTIwRGVhbHMhJTJGMjMzNTglMjIlMkMlMjJjYXJvdXNlbE5hbWUlMjIlM0ElMjIlMjIlMkMlMjJjb2xsZWN0aW9uSWQlMjIlM0ElMjIyMzM1OCUyMiUyQyUyMmluZGV4Q2xpY2tlZCUyMiUzQTExNyU3RA,https://images.mango-prod.siammakro.cloud/product-images/330163006685724-08e743f7-fba8-4212-af87-de1c527bec56.jpeg?imageMogr2/thumbnail/300x300,เอสบี ชั้นไม้วางทีวี 30x80-120 ซม.,฿,253.,00,"฿ 1,139.00",-77%,,สินค้าหมด
https://www.makro.pro/th/p/pUtYNfiW-376297660095577?info=JTdCJTIycGFnZVNsdWclMjIlM0ElMjJPZmZpY2UlMjAlN0MlMjBIb21lJTIwU3dlZXQlMjBIb21lJTIwRGVhbHMhJTJGMjMzNTglMjIlMkMlMjJjYXJvdXNlbE5hbWUlMjIlM0ElMjIlMjIlMkMlMjJjb2xsZWN0aW9uSWQlMjIlM0ElMjIyMzM1OCUyMiUyQyUyMmluZGV4Q2xpY2tlZCUyMiUzQTExOCU3RA,https://images.mango-prod.siammakro.cloud/product-images/376297660095577-21a24625-ded6-4534-8547-e045aa1ef479.jpeg?imageMogr2/thumbnail/300x300,ดิสนีย์ แก้วสเตนเลส หมีล็อตโซ่ หัวพีพี 350 มล.,฿,199.,00,฿ 205.00,-2%,"ซื้อ 1,500฿ ได้รับ 20 พอยท์",สินค้าหมด
https://www.makro.pro/th/p/_Y8VFNg9-382695663613903?info=JTdCJTIycGFnZVNsdWclMjIlM0ElMjJPZmZpY2UlMjAlN0MlMjBIb21lJTIwU3dlZXQlMjBIb21lJTIwRGVhbHMhJTJGMjMzNTglMjIlMkMlMjJjYXJvdXNlbE5hbWUlMjIlM0ElMjIlMjIlMkMlMjJjb2xsZWN0aW9uSWQlMjIlM0ElMjIyMzM1OCUyMiUyQyUyMmluZGV4Q2xpY2tlZCUyMiUzQTExOSU3RA,https://images.mango-prod.siammakro.cloud/product-images/382695663613903-ebdcbe55-42f6-4d55-9f93-2b8d5d00a23a.jpeg?imageMogr2/thumbnail/300x300,ดิสนีย์ แก้วสเตนเลสเอเลี่ยน 40 ออนซ์ รุ่น HC6876,"฿

299.00",฿,,,,"ซื้อ 1,500฿ ได้รับ 20 พอยท์",สินค้าหมด
https://www.makro.pro/th/p/bM-zk8UX-779855183104547?info=JTdCJTIycGFnZVNsdWclMjIlM0ElMjJPZmZpY2UlMjAlN0MlMjBIb21lJTIwU3dlZXQlMjBIb21lJTIwRGVhbHMhJTJGMjMzNTglMjIlMkMlMjJjYXJvdXNlbE5hbWUlMjIlM0ElMjIlMjIlMkMlMjJjb2xsZWN0aW9uSWQlMjIlM0ElMjIyMzM1OCUyMiUyQyUyMmluZGV4Q2xpY2tlZCUyMiUzQTEyMCU3RA,https://images.mango-prod.siammakro.cloud/product-images/779855183104547-39ade72d-1573-4252-8521-46e57ec9d39b.jpeg?imageMogr2/thumbnail/300x300,เอสซีจี สายยางอ่อนพีวีซี แฟนซี 5/8 x 15 ม. สีเขียว,฿,169.,00,฿ 179.00,-5%,,สินค้าหมด
https://www.makro.pro/th/p/_6neiEJ4-637435971160760?info=JTdCJTIycGFnZVNsdWclMjIlM0ElMjJPZmZpY2UlMjAlN0MlMjBIb21lJTIwU3dlZXQlMjBIb21lJTIwRGVhbHMhJTJGMjMzNTglMjIlMkMlMjJjYXJvdXNlbE5hbWUlMjIlM0ElMjIlMjIlMkMlMjJjb2xsZWN0aW9uSWQlMjIlM0ElMjIyMzM1OCUyMiUyQyUyMmluZGV4Q2xpY2tlZCUyMiUzQTEyMSU3RA,https://images.mango-prod.siammakro.cloud/product-images/637435971160760-664a5a6b-bf2d-40c5-bea1-b52655d58662.jpeg?imageMogr2/thumbnail/300x300,มีสไตล์ มิกกี้มวยไทย กางเกงขายาว ฟรีไซส์ สีกรม,"฿

159.00",฿,,,,"ซื้อ 1,500฿ ได้รับ 20 พอยท์",สินค้าหมด
https://www.makro.pro/th/p/HLwhMt1D-665553248517224?info=JTdCJTIycGFnZVNsdWclMjIlM0ElMjJPZmZpY2UlMjAlN0MlMjBIb21lJTIwU3dlZXQlMjBIb21lJTIwRGVhbHMhJTJGMjMzNTglMjIlMkMlMjJjYXJvdXNlbE5hbWUlMjIlM0ElMjIlMjIlMkMlMjJjb2xsZWN0aW9uSWQlMjIlM0ElMjIyMzM1OCUyMiUyQyUyMmluZGV4Q2xpY2tlZCUyMiUzQTEyMiU3RA,https://images.mango-prod.siammakro.cloud/product-images/665553248517224-1f466893-ae73-4a6d-b26c-da4a779dd688.jpeg?imageMogr2/thumbnail/300x300,ดิสนีย์ แก้วสเตนเลส บัซ ไลท์เยียร์ 40 ออนซ์ รุ่น HC6876,"฿

299.00",฿,,,,,สินค้าหมด
https://www.makro.pro/th/p/8EffActM-263542911111270?info=JTdCJTIycGFnZVNsdWclMjIlM0ElMjJPZmZpY2UlMjAlN0MlMjBIb21lJTIwU3dlZXQlMjBIb21lJTIwRGVhbHMhJTJGMjMzNTglMjIlMkMlMjJjYXJvdXNlbE5hbWUlMjIlM0ElMjIlMjIlMkMlMjJjb2xsZWN0aW9uSWQlMjIlM0ElMjIyMzM1OCUyMiUyQyUyMmluZGV4Q2xpY2tlZCUyMiUzQTEyMyU3RA,https://images.mango-prod.siammakro.cloud/product-images/263542911111270-bb142fe9-9bfb-44e8-afa3-5c0bacfe00d2.jpeg?imageMogr2/thumbnail/300x300,สเปซคราวน์ หมวกกันน็อค สีดําด้าน,"฿

299.00",฿,,,,,สินค้าหมด
https://www.makro.pro/th/p/xCpFe_jr-938236140591969?info=JTdCJTIycGFnZVNsdWclMjIlM0ElMjJPZmZpY2UlMjAlN0MlMjBIb21lJTIwU3dlZXQlMjBIb21lJTIwRGVhbHMhJTJGMjMzNTglMjIlMkMlMjJjYXJvdXNlbE5hbWUlMjIlM0ElMjIlMjIlMkMlMjJjb2xsZWN0aW9uSWQlMjIlM0ElMjIyMzM1OCUyMiUyQyUyMmluZGV4Q2xpY2tlZCUyMiUzQTEyNCU3RA,https://images.mango-prod.siammakro.cloud/product-images/938236140591969-be91d44b-23a1-48c3-b447-c66854f810c0.jpeg?imageMogr2/thumbnail/300x300,ดิสนีย์ แก้วสเตนเลส บัซ ไลท์เยียร์ หัวพีพี 350 มล.,"฿

199.00",฿,,,,"ซื้อ 1,500฿ ได้รับ 20 พอยท์",สินค้าหมด
https://www.makro.pro/th/p/m43KVc7e-693306706910269?info=JTdCJTIycGFnZVNsdWclMjIlM0ElMjJPZmZpY2UlMjAlN0MlMjBIb21lJTIwU3dlZXQlMjBIb21lJTIwRGVhbHMhJTJGMjMzNTglMjIlMkMlMjJjYXJvdXNlbE5hbWUlMjIlM0ElMjIlMjIlMkMlMjJjb2xsZWN0aW9uSWQlMjIlM0ElMjIyMzM1OCUyMiUyQyUyMmluZGV4Q2xpY2tlZCUyMiUzQTEyNSU3RA,https://images.mango-prod.siammakro.cloud/product-images/693306706910269-4b58e90c-7ecf-483b-8124-64090445a4e4.jpeg?imageMogr2/thumbnail/300x300,เก้าอี้สตูลพับได้ รุ่น HS7638-E301,"฿

202.00",฿,,,,,สินค้าหมด
https://www.makro.pro/th/p/PQvtYYtK-636139201628622?info=JTdCJTIycGFnZVNsdWclMjIlM0ElMjJPZmZpY2UlMjAlN0MlMjBIb21lJTIwU3dlZXQlMjBIb21lJTIwRGVhbHMhJTJGMjMzNTglMjIlMkMlMjJjYXJvdXNlbE5hbWUlMjIlM0ElMjIlMjIlMkMlMjJjb2xsZWN0aW9uSWQlMjIlM0ElMjIyMzM1OCUyMiUyQyUyMmluZGV4Q2xpY2tlZCUyMiUzQTEyNiU3RA,https://images.mango-prod.siammakro.cloud/product-images/636139201628622-82887c4a-0bf5-423d-bf9a-45d2b17ea6e3.jpeg?imageMogr2/thumbnail/300x300,โซลิด ผ้าใบพลาสติก 2x3 หลา สีบรอนซ์เงิน,฿,159.,00,฿ 175.00,-9%,,สินค้าหมด
https://www.makro.pro/th/p/_v5Gj9VN-260253035414717?info=JTdCJTIycGFnZVNsdWclMjIlM0ElMjJPZmZpY2UlMjAlN0MlMjBIb21lJTIwU3dlZXQlMjBIb21lJTIwRGVhbHMhJTJGMjMzNTglMjIlMkMlMjJjYXJvdXNlbE5hbWUlMjIlM0ElMjIlMjIlMkMlMjJjb2xsZWN0aW9uSWQlMjIlM0ElMjIyMzM1OCUyMiUyQyUyMmluZGV4Q2xpY2tlZCUyMiUzQTEyNyU3RA,https://images.mango-prod.siammakro.cloud/product-images/260253035414717-e34254ea-a73c-46fd-bad9-b6e074771356.jpeg?imageMogr2/thumbnail/300x300,แก้วสเตนเลส บัซ ไลท์เยียร์ 380 มล.,"฿

308.00",฿,,,,,สินค้าหมด
