MuiBox-root href,MuiBox-root src,css-1n8x1y2,MuiTypography-root,MuiTypography-root (2),MuiTypography-root (3),MuiTypography-root (4),MuiTypography-root (5),MuiTypography-root (6),MuiBox-root,MuiBox-root (2),MuiBox-root (3)
https://www.makro.pro/th/p/pnyqr-v-7352587387075,https://images.mango-prod.siammakro.cloud/product-images/7352587387075-7ce1c700-bf2d-461d-b605-d360c61eb6a0.jpeg?imageMogr2/thumbnail/300x300,ควอนตั้ม ปากกากดเจลลูลอยด์ รุ่น 007 Hitz หมึกสีดํา 0.7 มม. 50 ด้าม,สั่งเช้า ส่งเย็น,฿,120.,00,฿ 229.00,-47%,,,
https://www.makro.pro/th/p/96dY2bH-811355610958843?info=JTdCJTIyaW5kZXhDbGlja2VkJTIyJTNBMSU3RA,https://images.mango-prod.siammakro.cloud/product-images/811355610958843-116aa8af-74e4-45bc-8cd1-dadb1d2a057b.jpeg?imageMogr2/thumbnail/300x300,มินามิ ปากกาเจล 0.5 น้ําเงิน รุ่น MI-08,สั่งเช้า ส่งเย็น,฿,14.,00,฿ 23.00,-39%,,,
https://www.makro.pro/th/p/z5F4qdk-915167498055831?info=JTdCJTIyaW5kZXhDbGlja2VkJTIyJTNBMiU3RA,https://images.mango-prod.siammakro.cloud/SOURCE/4d2ad8a0cc6f4bef8cda3a7e3fba98e7,โมนามิ ปากกาเขียนกระจก 1 ชิ้น สีขาว,1-3 วัน,"฿

65.

00",฿,00,,,,,
https://www.makro.pro/th/p/su5nzy3-6974595170499?info=JTdCJTIyaW5kZXhDbGlja2VkJTIyJTNBMyU3RA,https://images.mango-prod.siammakro.cloud/SOURCE/c62a12f24ccb45e09500d5aef07f40af,ตราม้า ปากกาลูกลื่น 0.5 มม. รุ่น H888 หมึกสีน้ําเงิน 50 ด้าม,สั่งเช้า ส่งเย็น,฿,129.,00,฿ 149.00,-13%,,,
https://www.makro.pro/th/p/xd3_bv7-7416100061379?info=JTdCJTIyaW5kZXhDbGlja2VkJTIyJTNBNCU3RA,https://images.mango-prod.siammakro.cloud/SOURCE/dea15de68fa14e7394195de653e66ae6,ตราม้า ปากกาเคมี 2 หัว สีน้ําเงิน x 14+14,สั่งเช้า ส่งเย็น,"฿

319.

00",฿,00,,,,,
https://www.makro.pro/th/p/h-dfxtx-6761217196227?info=JTdCJTIyaW5kZXhDbGlja2VkJTIyJTNBNSU3RA,https://images.mango-prod.siammakro.cloud/product-images/6761217196227-bce04ceb-5544-4016-8f97-d2468bc99213.jpeg?imageMogr2/thumbnail/300x300,ตราม้า ปากกาเคมี 2 หัว สีน้ําเงิน x 12,สั่งเช้า ส่งเย็น,"฿

179.

00",฿,00,,,,,
https://www.makro.pro/th/p/yyogjec-6761217065155?info=JTdCJTIyaW5kZXhDbGlja2VkJTIyJTNBNiU3RA,https://images.mango-prod.siammakro.cloud/SOURCE/17a88efc1d754963a90d036f1c5d5cf5,แลนเซอร์ ปากกาปลอก 0.5 มม. รุ่น สไปรัล 825 หมึกสีน้ําเงิน 50 ด้าม,สั่งเช้า ส่งเย็น,"฿

269.

00",฿,00,,,,,
https://www.makro.pro/th/p/uz_3wq-7352547049667?info=JTdCJTIyaW5kZXhDbGlja2VkJTIyJTNBNyU3RA,https://images.mango-prod.siammakro.cloud/SOURCE/7fed47c635cd490a928fd5aad45d3746,ตราม้า ปากกาลูกลื่น รุ่น H999 0.7 มม. หมึกสีน้ําเงิน ด้ามคละสี x 50,สั่งเช้า ส่งเย็น,฿,129.,00,฿ 149.00,-13%,,,
https://www.makro.pro/th/p/x-f_xkr-7352582373571?info=JTdCJTIyaW5kZXhDbGlja2VkJTIyJTNBOCU3RA,https://images.mango-prod.siammakro.cloud/product-images/7352582373571-ce272a4c-cf1a-4a4d-bd17-9b28b6f369b5.jpeg?imageMogr2/thumbnail/300x300,ควอนตั้ม ปากกาปลอกลูกลื่น 0.5 มม. รุ่น SKATE111/117 หมึกสีน้ําเงิน 50 ด้าม,สั่งเช้า ส่งเย็น,"฿

149.

00",฿,00,,,,,
https://www.makro.pro/th/p/uzhwulj-7352583127235?info=JTdCJTIyaW5kZXhDbGlja2VkJTIyJTNBOSU3RA,https://images.mango-prod.siammakro.cloud/SOURCE/07c8c1d6bc1b424092ae846a746fd257,มาสเตอร์อาร์ต ดินสอไม้ 2B 50 แท่ง,สั่งเช้า ส่งเย็น,"฿

139.

00",฿,00,,,,,
https://www.makro.pro/th/p/tbx_aya-7352577622211?info=JTdCJTIyaW5kZXhDbGlja2VkJTIyJTNBMTAlN0Q,https://images.mango-prod.siammakro.cloud/SOURCE/d662f959b7f148da8f38098a02ce1f21,ตราม้า ปากกาเมจิก สีน้ําเงิน รุ่น H-110 x 12,สั่งเช้า ส่งเย็น,"฿

79.

00",฿,00,,,,,
https://www.makro.pro/th/p/-kqgnvb-7352582734019?info=JTdCJTIyaW5kZXhDbGlja2VkJTIyJTNBMTElN0Q,https://images.mango-prod.siammakro.cloud/product-images/7352582734019-c2acb5a3-80aa-47f5-bbe6-337cf172a4bb.jpeg?imageMogr2/thumbnail/300x300,ควอนตั้ม ปากกากดเจลลูลอยด์ 0.7 มม. เบอร์ 007 กริป หมึกสีน้ําเงิน 50 ด้าม,สั่งเช้า ส่งเย็น,"฿

259.

00",฿,00,,,,,
https://www.makro.pro/th/p/lhhexwv-7416101109955?info=JTdCJTIyaW5kZXhDbGlja2VkJTIyJTNBMTIlN0Q,https://images.mango-prod.siammakro.cloud/product-images/7416101109955-0173b720-ab40-4932-aa49-76346910ee1e.jpeg?imageMogr2/thumbnail/300x300,ARO ปากกาไวท์บอร์ด สีน้ําเงิน 1X12,สั่งเช้า ส่งเย็น,"฿

165.

00",฿,00,,,"ซื้อ 1,500฿ ได้รับ 20 พอยท์",,
https://www.makro.pro/th/p/hj3yn8z-7350347038915?info=JTdCJTIyaW5kZXhDbGlja2VkJTIyJTNBMTMlN0Q,https://images.mango-prod.siammakro.cloud/SOURCE/db9b5ec3a3de4edd80a6e1c3e9504537,ควอนตั้ม ปากกาสเก็ต รุ่น 116เวฟ สีน้ําเงิน 50+50 ด้าม,สั่งเช้า ส่งเย็น,฿,179.,00,฿ 219.00,-18%,,,
https://www.makro.pro/th/p/jhf0jra-7416098750659?info=JTdCJTIyaW5kZXhDbGlja2VkJTIyJTNBMTQlN0Q,https://images.mango-prod.siammakro.cloud/SOURCE/de9ddee3a2b44835b557d0d171721555,ควอนตั้ม ปากกาลูกลื่น #Skate111 หมึกสีแดง 0.5 มม. แพ็ค 50 ด้าม,สั่งเช้า ส่งเย็น,฿,85.,00,฿ 149.00,-42%,,,
https://www.makro.pro/th/p/agm6rwy-7352585978051?info=JTdCJTIyaW5kZXhDbGlja2VkJTIyJTNBMTUlN0Q,https://images.mango-prod.siammakro.cloud/SOURCE/17e66234fe7848bdb30fe265d2c8f570,ควอนตั้ม ปากกากดลูกลื่น 0.5 มม. รุ่น SKATE555 หมึกสีน้ําเงิน 50 ด้าม,สั่งเช้า ส่งเย็น,"฿

219.

00",฿,00,,,,,
https://www.makro.pro/th/p/oxemuju-7416096948419?info=JTdCJTIyaW5kZXhDbGlja2VkJTIyJTNBMTYlN0Q,https://images.mango-prod.siammakro.cloud/product-images/7416096948419-a749133d-5a9d-4d4e-8421-6f0420128938.jpeg?imageMogr2/thumbnail/300x300,มาสเตอร์อาร์ต สีไม้ แท่งสั้น 12 สี x 12 กล่อง,สั่งเช้า ส่งเย็น,"฿

279.

00",฿,00,,,,,
https://www.makro.pro/th/p/wq3kvg2-7497610297539?info=JTdCJTIyaW5kZXhDbGlja2VkJTIyJTNBMTclN0Q,https://images.mango-prod.siammakro.cloud/SOURCE/f2a591e88b634287ac0a9017bc130acf,ควอนตั้ม ปากกากดเจลลูลอยด์ #007กริป หมึกสีน้ําเงิน 0.7 มม. แพ็ค 12 ด้าม,สั่งเช้า ส่งเย็น,"฿

65.

00",฿,00,,,,,
https://www.makro.pro/th/p/n_gctqs-7416101929155?info=JTdCJTIyaW5kZXhDbGlja2VkJTIyJTNBMTglN0Q,https://images.mango-prod.siammakro.cloud/SOURCE/c9318b435beb4924b388341b09571803,ARO ปากกาเน้นข้อความ คละสี 1X6,สั่งเช้า ส่งเย็น,฿,64.,00,฿ 99.00,-35%,"ซื้อ 1,500฿ ได้รับ 20 พอยท์",,
https://www.makro.pro/th/p/ljysn4k-7416100815043?info=JTdCJTIyaW5kZXhDbGlja2VkJTIyJTNBMTklN0Q,https://images.mango-prod.siammakro.cloud/SOURCE/272992a56ebf4af1a705a2989c521ba5,ARO ปากกาเน้นข้อความ สีเหลือง 1X6,สั่งเช้า ส่งเย็น,฿,64.,00,฿ 99.00,-35%,"ซื้อ 1,500฿ ได้รับ 20 พอยท์",,
https://www.makro.pro/th/p/ffi1e-m-7416104124611?info=JTdCJTIyaW5kZXhDbGlja2VkJTIyJTNBMjAlN0Q,https://images.mango-prod.siammakro.cloud/SOURCE/c047dfddd67546a8a4993086cbb9401c,ควอนตั้ม ปากกากดลูกลื่น 0.5 มม. รุ่น SKATE555 หมึกสีแดง 50 ด้าม,สั่งเช้า ส่งเย็น,฿,125.,00,฿ 219.00,-42%,,,
https://www.makro.pro/th/p/_cr_cg6-7416095408323?info=JTdCJTIyaW5kZXhDbGlja2VkJTIyJTNBMjElN0Q,https://images.mango-prod.siammakro.cloud/SOURCE/4f771d8fb98843c5b3f3492aa4295720,โยย่า ปากกา 2 หัว หมึกสีน้ําเงิน/แดง 0.5 มม. แพ็ค 50 ด้าม,สั่งเช้า ส่งเย็น,"฿

219.

00",฿,00,,,,,
https://www.makro.pro/th/p/wrftbxt-7497423716547?info=JTdCJTIyaW5kZXhDbGlja2VkJTIyJTNBMjIlN0Q,https://images.mango-prod.siammakro.cloud/SOURCE/97df19b27157464ba2003e121c7ebf4d,มาสเตอร์อาร์ต สีไม้ แท่งยาว 24 สี,สั่งเช้า ส่งเย็น,฿,95.,00,฿ 99.00,-4%,,,
https://www.makro.pro/th/p/hzuy8tt-7416104779971?info=JTdCJTIyaW5kZXhDbGlja2VkJTIyJTNBMjMlN0Q,https://images.mango-prod.siammakro.cloud/product-images/7416104779971-9908d70c-0e35-4a55-8f42-93f09f3ff671.jpeg?imageMogr2/thumbnail/300x300,มาสเตอร์อาร์ต ดินสอสี แท่งยาว 12 สี x 12 กล่อง,สั่งเช้า ส่งเย็น,"฿

549.

00",฿,00,,,,,
https://www.makro.pro/th/p/0f5knjf-7497456287939?info=JTdCJTIyaW5kZXhDbGlja2VkJTIyJTNBMjQlN0Q,https://images.mango-prod.siammakro.cloud/product-images/7497456287939-2f6482a9-fbfd-4549-8fc7-3fea8f16412b.jpeg?imageMogr2/thumbnail/300x300,เอโร่ ไม้บรรทัดพีวีซีใส 12 นิ้ว 36 ชิ้น,สั่งเช้า ส่งเย็น,"฿

105.

00",฿,00,,,"ซื้อ 1,500฿ ได้รับ 20 พอยท์",,
https://www.makro.pro/th/p/pyhogjn-7416104878275?info=JTdCJTIyaW5kZXhDbGlja2VkJTIyJTNBMjUlN0Q,https://images.mango-prod.siammakro.cloud/SOURCE/5bfa0875402a4543973430688371ec6c,แลนเซอร์ ปากกาปลอก #Spiral 825 0.5 มม. หมึกสีแดง x 50 ด้าม,สั่งเช้า ส่งเย็น,฿,173.,00,฿ 269.00,-35%,,,
https://www.makro.pro/th/p/bcdefpk-7416097571011?info=JTdCJTIyaW5kZXhDbGlja2VkJTIyJTNBMjYlN0Q,https://images.mango-prod.siammakro.cloud/product-images/7416097571011-574d973e-532a-4f5a-833d-eba936190171.jpeg?imageMogr2/thumbnail/300x300,มาสเตอร์อาร์ต สีไม้ แท่งยาว 12 สี แพ็ค 12 กล่อง,สั่งเช้า ส่งเย็น,"฿

579.

00",฿,00,,,,,
https://www.makro.pro/th/p/qyryjfw-7497496166595?info=JTdCJTIyaW5kZXhDbGlja2VkJTIyJTNBMjclN0Q,https://images.mango-prod.siammakro.cloud/SOURCE/6f386b88be6a4e51af36738d852376dc,ตราม้า ปากกาลูกลื่นสีน้ําเงิน 0.7 มม. รุ่น H-206 แพ็ค 50 ด้าม,สั่งเช้า ส่งเย็น,"฿

149.

00",฿,00,,,,,
https://www.makro.pro/th/p/hqe7zlg-7416101437635?info=JTdCJTIyaW5kZXhDbGlja2VkJTIyJTNBMjglN0Q,https://images.mango-prod.siammakro.cloud/SOURCE/c178e338cf2f488cb514e77b89cb5bb6,ARO ปากกาไวท์บอร์ด สีดํา 1X12,สั่งเช้า ส่งเย็น,฿,101.,00,฿ 159.00,-36%,"ซื้อ 1,500฿ ได้รับ 20 พอยท์",,
https://www.makro.pro/th/p/48tojzh-7352548294851?info=JTdCJTIyaW5kZXhDbGlja2VkJTIyJTNBMjklN0Q,https://images.mango-prod.siammakro.cloud/product-images/7352548294851-b606ef7f-58b1-49ce-bddd-cc6b9ff25df0.jpeg?imageMogr2/thumbnail/300x300,คิวบิซ ปากกาเคมี 2 หัว คละสี 12 ด้าม,สั่งเช้า ส่งเย็น,"฿

139.

00",฿,00,,,"ซื้อ 1,500฿ ได้รับ 20 พอยท์",,
https://www.makro.pro/th/p/qvaokxk-7416101798083?info=JTdCJTIyaW5kZXhDbGlja2VkJTIyJTNBMzAlN0Q,https://images.mango-prod.siammakro.cloud/SOURCE/b74169b0e9eb48f4bdc249daf052ed8a,ARO ปากกาไวท์บอร์ด สีแดง 1X12,สั่งเช้า ส่งเย็น,฿,101.,00,฿ 159.00,-36%,"ซื้อ 1,500฿ ได้รับ 20 พอยท์",,
https://www.makro.pro/th/p/u1imlnt-7416098685123?info=JTdCJTIyaW5kZXhDbGlja2VkJTIyJTNBMzElN0Q,https://images.mango-prod.siammakro.cloud/SOURCE/09a4e4e1260144248959d6c5687c5bda,โยยา ปากกากด #1026 0.7 มม. หมึกน้ําเงิน แพ็ค 50 ด้าม,สั่งเช้า ส่งเย็น,"฿

219.

00",฿,00,,,,,
https://www.makro.pro/th/p/olzku_t-7497449177283?info=JTdCJTIyaW5kZXhDbGlja2VkJTIyJTNBMzIlN0Q,https://images.mango-prod.siammakro.cloud/SOURCE/4e59b367fee94fa282554065010452fa,มาสเตอร์อาร์ต สีไม้ แท่งยาว 24 สี มาสเตอร์ซีรี่ส์,สั่งเช้า ส่งเย็น,"฿

119.

00",฿,00,,,,,
https://www.makro.pro/th/p/ua7ff9m-7416100716739?info=JTdCJTIyaW5kZXhDbGlja2VkJTIyJTNBMzMlN0Q,https://images.mango-prod.siammakro.cloud/product-images/7416100716739-bd475a04-1bce-4825-a199-729d08bdf375.jpeg?imageMogr2/thumbnail/300x300,คิวบิซ ปากกาเคมี 2 หัว สีน้ําเงิน x 5 ด้าม,สั่งเช้า ส่งเย็น,฿,52.,00,฿ 79.00,-34%,"ซื้อ 1,500฿ ได้รับ 20 พอยท์",,
https://www.makro.pro/th/p/7hlzc3s-7416103895235?info=JTdCJTIyaW5kZXhDbGlja2VkJTIyJTNBMzQlN0Q,https://images.mango-prod.siammakro.cloud/SOURCE/a3e622de8fe749b7bb01d6aacb631a77,แลนเซอร์ ปากกาปลอก Spiral 825 0.5 มม. หมึกสีน้ําเงิน แพ็ค 12 ด้าม,สั่งเช้า ส่งเย็น,"฿

69.

00",฿,00,,,,,
https://www.makro.pro/th/p/qqrzpt7-7416096817347?info=JTdCJTIyaW5kZXhDbGlja2VkJTIyJTNBMzUlN0Q,https://images.mango-prod.siammakro.cloud/product-images/7416096817347-a4550b5c-b99c-4fd2-bed0-b85bab206c2d.jpeg?imageMogr2/thumbnail/300x300,เอโร่ ดินสอ HB แท่งเหลี่ยม x 50 แท่ง,สั่งเช้า ส่งเย็น,"฿

119.

00",฿,00,,,"ซื้อ 1,500฿ ได้รับ 20 พอยท์",,
https://www.makro.pro/th/p/p8hgvob-7497611542723?info=JTdCJTIyaW5kZXhDbGlja2VkJTIyJTNBMzYlN0Q,https://images.mango-prod.siammakro.cloud/product-images/7497611542723-1cc9a1b4-3837-4a8d-b547-ff9cd5283cc0.jpeg?imageMogr2/thumbnail/300x300,ไม้บรรทัด ลายฉลุแฟนซี 12 นิ้ว แพ็ค 36 อัน,สั่งเช้า ส่งเย็น,฿,66.,00,฿ 115.00,-42%,,,
https://www.makro.pro/th/p/0p5gmpe-7416097734851?info=JTdCJTIyaW5kZXhDbGlja2VkJTIyJTNBMzclN0Q,https://images.mango-prod.siammakro.cloud/SOURCE/6c0a6c6cf4c3488fa2fcf506e45b8b69,โยยา ปากกากด #1017 1.0 มม. หมึกน้ําเงิน แพ็ค 50 ด้าม,สั่งเช้า ส่งเย็น,"฿

219.

00",฿,00,,,,,
https://www.makro.pro/th/p/ofwn0bs-7416097931459?info=JTdCJTIyaW5kZXhDbGlja2VkJTIyJTNBMzglN0Q,https://images.mango-prod.siammakro.cloud/SOURCE/9dd70f7e33504212b54947874bcba525,ตราม้า สีไม้ 12 สี แท่งสั้น แพ็ค 12 กล่อง,สั่งเช้า ส่งเย็น,฿,179.,00,฿ 279.00,-35%,,,
https://www.makro.pro/th/p/5h6htzl-7497381118147?info=JTdCJTIyaW5kZXhDbGlja2VkJTIyJTNBMzklN0Q,https://images.mango-prod.siammakro.cloud/SOURCE/0199f5b9b22e43708d2ff215781e5297,แลนเซอร์ ปากกาปลอก Spiral 825 0.5 มม. หมึกสีแดง แพ็ค 12 ด้าม,สั่งเช้า ส่งเย็น,฿,45.,00,฿ 69.00,-34%,,,
https://www.makro.pro/th/p/ktmgn_2-7497614524611?info=JTdCJTIyaW5kZXhDbGlja2VkJTIyJTNBNDAlN0Q,https://images.mango-prod.siammakro.cloud/SOURCE/b4033686cd464547a7e8d5c06ae75960,ดินสอ HB แพ็ค 50 แท่ง คละแบบ,สั่งเช้า ส่งเย็น,฿,59.,00,฿ 99.00,-40%,,,
https://www.makro.pro/th/p/hr9xnmv-7497541124291?info=JTdCJTIyaW5kZXhDbGlja2VkJTIyJTNBNDElN0Q,https://images.mango-prod.siammakro.cloud/product-images/7497541124291-1619b3ee-0b03-4c71-85fe-e69d44e1fa74.jpeg?imageMogr2/thumbnail/300x300,ไม้บรรทัด PVC ใส แพ็ค 36 อัน คละสี,สั่งเช้า ส่งเย็น,฿,64.,00,฿ 115.00,-44%,,,
https://www.makro.pro/th/p/B_ZJcbX-404853518950402?info=JTdCJTIyaW5kZXhDbGlja2VkJTIyJTNBNDIlN0Q,https://images.mango-prod.siammakro.cloud/product-images/404853518950402-7dea80fa-5410-405f-beca-63d46ae4a5b6.jpeg?imageMogr2/thumbnail/300x300,มินามิ คัตเตอร์ คละสี 2 ชิ้น,สั่งเช้า ส่งเย็น,฿,15.,00,฿ 30.00,-50%,,,
https://www.makro.pro/th/p/3ocbqef-7416043831491?info=JTdCJTIyaW5kZXhDbGlja2VkJTIyJTNBNDMlN0Q,https://images.mango-prod.siammakro.cloud/SOURCE/e5ebf1f3a5d948bda989d22c8054d019,HORSEดินสอไม้HB 50ด.ฟรี50ด.,สั่งเช้า ส่งเย็น,฿,133.,00,฿ 229.00,-41%,,,
https://www.makro.pro/th/p/8ji3wh-7542473130179?info=JTdCJTIyaW5kZXhDbGlja2VkJTIyJTNBNDQlN0Q,https://images.mango-prod.siammakro.cloud/product-images/7542473130179-d6d9c226-5678-4bda-969a-7eb5596cfce4.jpeg?imageMogr2/thumbnail/300x300,มาสเตอร์อาร์ต สีไม้ แท่งสั้น x 18,สั่งเช้า ส่งเย็น,"฿

389.

00",฿,00,,,,,
https://www.makro.pro/th/p/fsg0ntd-7497555673283?info=JTdCJTIyaW5kZXhDbGlja2VkJTIyJTNBNDUlN0Q,https://images.mango-prod.siammakro.cloud/product-images/7497555673283-8d75fd0f-05df-4676-95e9-89bce7bfd1db.jpeg?imageMogr2/thumbnail/300x300,คิวบิซ ปากกาเคมี 2 หัว สีแดง/ดํา แพ็ค 5 ด้าม,สั่งเช้า ส่งเย็น,฿,47.,00,฿ 79.00,-40%,"ซื้อ 1,500฿ ได้รับ 20 พอยท์",,
https://www.makro.pro/th/p/w9AnosO-838925543586328?info=JTdCJTIyaW5kZXhDbGlja2VkJTIyJTNBNDYlN0Q,https://images.mango-prod.siammakro.cloud/SOURCE/980f0d31085b4999ba4d168c470c218a,มาสเตอร์อาร์ต ดินสอ 2B 12 แท่ง,สั่งเช้า ส่งเย็น,฿,43.,00,฿ 69.00,-37%,,,
https://www.makro.pro/th/p/QmPulIR-113460314464731?info=JTdCJTIyaW5kZXhDbGlja2VkJTIyJTNBNDclN0Q,https://images.mango-prod.siammakro.cloud/SOURCE/045fc17ee34f4017b56d67d8ce4288b0,สตาบิโล Plan 641 ปากกาไวท์บอร์ดหัวกลม แพ็ค 6 สี,1-3 วัน,฿,121.,00,฿ 139.00,-12%,ซื้ออย่างน้อย 499฿ ลดเพิ่ม 25฿,,
https://www.makro.pro/th/p/O4x2HLZ-112569020774321?info=JTdCJTIyaW5kZXhDbGlja2VkJTIyJTNBNDglN0Q,https://images.mango-prod.siammakro.cloud/SOURCE/d76a91478cf14e5f89c003b2c78d113b,กระดาษความร้อน 80x80mm (2ม้วน/1Pack) - A0116308,3-7 วัน,"฿

90.

00",฿,00,,,,,
https://www.makro.pro/th/p/B3SsYCwi-472737931594908?info=JTdCJTIyaW5kZXhDbGlja2VkJTIyJTNBNDklN0Q,https://images.mango-prod.siammakro.cloud/product-images/472737931594908-7716dbaa-a167-4a99-9c49-99e3bb8c56c4.jpeg?imageMogr2/thumbnail/300x300,#MINION กล่องพวงกุญแจ #30019 1X1,สั่งเช้า ส่งเย็น,฿,129.,00,฿ 259.00,-50%,,,
https://www.makro.pro/th/p/1P7WlfC-155437625773370?info=JTdCJTIyaW5kZXhDbGlja2VkJTIyJTNBNTAlN0Q,https://images.mango-prod.siammakro.cloud/SOURCE/d2c4fd1590cc47dca6aff2b98ca5a787,โมนามิ ปากกามาร์คเกอร์ รุ่น แอคคู ไลน์เนอร์ 12 ด้าม สีดํา,1-3 วัน,"฿

240.

00",฿,00,,,,,
https://www.makro.pro/th/p/kECnuRS-741211561351366?info=JTdCJTIyaW5kZXhDbGlja2VkJTIyJTNBNTElN0Q,https://images.mango-prod.siammakro.cloud/SOURCE/9499c17bab224d6fb061fa74030b1fe3,สตาบิโล ดินสอสี สีไม้พรีเมี่ยม SWANS ARTY 12 สี,1-3 วัน,฿,83.,00,฿ 95.00,-12%,ซื้ออย่างน้อย 499฿ ลดเพิ่ม 25฿,+1,
https://www.makro.pro/th/p/D9DrQ87-793975349411559?info=JTdCJTIyaW5kZXhDbGlja2VkJTIyJTNBNTIlN0Q,https://images.mango-prod.siammakro.cloud/SOURCE/eadcddd6baf249feb05fe098943aa0d6,โมนามิ ปากกามาร์คเกอร์อเนกประสงค์ รุ่น ทวินเนมเพน 12 ด้าม สีดํา,1-3 วัน,"฿

456.

00",฿,00,,,,,
https://www.makro.pro/th/p/oY6Bwdx-540885021745388?info=JTdCJTIyaW5kZXhDbGlja2VkJTIyJTNBNTMlN0Q,https://images.mango-prod.siammakro.cloud/SOURCE/94768fc8e8d5486698bfc324998e0215,โมนามิ ปากกามาร์คเกอร์ รุ่น แอคคู ไลน์เนอร์ 12 ด้าม สีน้ําเงิน,1-3 วัน,"฿

240.

00",฿,00,,,,,
https://www.makro.pro/th/p/PF6hN8O-998813144344061?info=JTdCJTIyaW5kZXhDbGlja2VkJTIyJTNBNTQlN0Q,https://images.mango-prod.siammakro.cloud/SOURCE/a04ec5269f024051bf95449143d336d7,สตาบิโล ดินสอสี สีไม้พรีเมี่ยม SWANS ARTY 24 สี,1-3 วัน,฿,171.,00,฿ 196.00,-12%,ซื้ออย่างน้อย 499฿ ลดเพิ่ม 25฿,+1,
https://www.makro.pro/th/p/qzd29Xt-61084049464366?info=JTdCJTIyaW5kZXhDbGlja2VkJTIyJTNBNTUlN0Q,https://images.mango-prod.siammakro.cloud/SOURCE/a9a1a98842784e18abc3390989d40468,สตาบิโล ปากกาลูกลื่น รุ่น Liner 308 สีน้ําเงิน 10 ด้าม,1-3 วัน,฿,122.,00,฿ 140.00,-12%,ซื้ออย่างน้อย 499฿ ลดเพิ่ม 25฿,+1,
https://www.makro.pro/th/p/08wvAVt-271939364897596?info=JTdCJTIyaW5kZXhDbGlja2VkJTIyJTNBNTYlN0Q,https://images.mango-prod.siammakro.cloud/SOURCE/106db7c5cd7f4a3791bcc24811e1c05d,สตาบิโล Swing Cool ปากกาไฮไลท์ สี Yellow รุ่น 275/24 x 10 ด้าม,1-3 วัน,฿,305.,00,฿ 350.00,-12%,ซื้ออย่างน้อย 499฿ ลดเพิ่ม 25฿,,
https://www.makro.pro/th/p/d5BQYSs-398636242334391?info=JTdCJTIyaW5kZXhDbGlja2VkJTIyJTNBNTclN0Q,https://images.mango-prod.siammakro.cloud/SOURCE/977d666188fa45cf869ecf1a44617c4f,โมนามิ ปากกาไวท์บอร์ด รุ่น มินิบอร์ด 12 แท่ง สีน้ําเงิน,1-3 วัน,"฿

180.

00",฿,00,,,,,
https://www.makro.pro/th/p/5m9O3Qf-632188804110577?info=JTdCJTIyaW5kZXhDbGlja2VkJTIyJTNBNTglN0Q,https://images.mango-prod.siammakro.cloud/SOURCE/e7c8f0e9a8b342f99d44e854e158fc55,สตาบิโล ปากกาไฮไลท์ รุ่น Boss สีส้ม 10 ด้าม,1-3 วัน,฿,339.,00,฿ 390.00,-13%,ซื้ออย่างน้อย 499฿ ลดเพิ่ม 25฿,,
https://www.makro.pro/th/p/TDM1Uyv-523935249177443?info=JTdCJTIyaW5kZXhDbGlja2VkJTIyJTNBNTklN0Q,https://images.mango-prod.siammakro.cloud/SOURCE/237f145e81ba47ea9184b333b15787d1,โมนามิ สเปรย์ทำความสะอาดไวท์บอร์ด 100 มล.,1-3 วัน,"฿

100.

00",฿,00,,,,,
https://www.makro.pro/th/p/1gFl2PQ-682068621449898?info=JTdCJTIyaW5kZXhDbGlja2VkJTIyJTNBNjAlN0Q,https://images.mango-prod.siammakro.cloud/SOURCE/0104303c92064643a803303ec55412a3,สตาบิโล Plan 641 ปากกาไวท์บอร์ดหัวกลม สีแดง รุ่น 641-40 x 10 ด้าม,1-3 วัน,฿,191.,00,฿ 220.00,-13%,ซื้ออย่างน้อย 499฿ ลดเพิ่ม 25฿,,
https://www.makro.pro/th/p/IvtlxGu-895461653139434?info=JTdCJTIyaW5kZXhDbGlja2VkJTIyJTNBNjElN0Q,https://images.mango-prod.siammakro.cloud/SOURCE/451269fb87d64b598d1ecd7b4d28b9f4,โมนามิ ปากกาไวท์บอร์ด รุ่น มินิบอร์ด 12 ด้าม สีดํา,1-3 วัน,"฿

180.

00",฿,00,,,,,
https://www.makro.pro/th/p/LaiVwhV-236805327993895?info=JTdCJTIyaW5kZXhDbGlja2VkJTIyJTNBNjIlN0Q,https://images.mango-prod.siammakro.cloud/SOURCE/e3560524d1b34f5bb1c8de50cb4b5bc4,โมนามิ ปากกามาร์คเกอร์เขียนผ้า รุ่น FABRIC MARKER 470 เซ็ต 8 สี,1-3 วัน,"฿

240.

00",฿,00,,,,,
https://www.makro.pro/th/p/3Od8Lgr-897324177437837?info=JTdCJTIyaW5kZXhDbGlja2VkJTIyJTNBNjMlN0Q,https://images.mango-prod.siammakro.cloud/SOURCE/c4005cc4f69b4cc99a7a1cc2cfa63029,โมนามิ ปากกาสีน้ำ รุ่น พลัสเพน 3000 ชุด 6 สี เซ็ตซันไรส์,1-3 วัน,"฿

69.

00",฿,00,,,,,
https://www.makro.pro/th/p/L6W8r9S-504935136828817?info=JTdCJTIyaW5kZXhDbGlja2VkJTIyJTNBNjQlN0Q,https://images.mango-prod.siammakro.cloud/SOURCE/6c5040ce3b8140598ea704acec6d0c98,สตาบิโล Plan 643 ปากกาไวท์บอร์ดหัวตัด สีดํา รุ่น 643-46 x 10 ด้าม,1-3 วัน,฿,191.,00,฿ 220.00,-13%,ซื้ออย่างน้อย 499฿ ลดเพิ่ม 25฿,,
https://www.makro.pro/th/p/mtMcRxc-980124348854840?info=JTdCJTIyaW5kZXhDbGlja2VkJTIyJTNBNjUlN0Q,https://images.mango-prod.siammakro.cloud/SOURCE/7e08ca66c0db42ebb7975f7e62f4667f,สตาบิโล Boss Original ปากกาไฮไลท์ สี Pink รุ่น 70/56 x 10 ด้าม,1-3 วัน,฿,339.,00,฿ 390.00,-13%,ซื้ออย่างน้อย 499฿ ลดเพิ่ม 25฿,+1,
https://www.makro.pro/th/p/a7ii9el-480642823202041?info=JTdCJTIyaW5kZXhDbGlja2VkJTIyJTNBNjYlN0Q,https://images.mango-prod.siammakro.cloud/SOURCE/cede12822fb04c8894126097ac2ee0e0,โมนามิ ปากกาสีน้ำ รุ่น พลัสเพน 3000 ชุด 6 สี เซ็ตโอเชี่ยน,1-3 วัน,"฿

69.

00",฿,00,,,,,
https://www.makro.pro/th/p/pK97jb5-476882682081640?info=JTdCJTIyaW5kZXhDbGlja2VkJTIyJTNBNjclN0Q,https://images.mango-prod.siammakro.cloud/SOURCE/1b98c8c481354a1aaf7651e11dbcbefa,MAGIC TECH Barcode Scanner Bluetooth / 2.4G / Wire 3IN1 YHD-6200D+ - A0141419,3-7 วัน,"฿

1,550.

00",฿,00,,,,,
https://www.makro.pro/th/p/GSfqvbe-441917180816340?info=JTdCJTIyaW5kZXhDbGlja2VkJTIyJTNBNjglN0Q,https://images.mango-prod.siammakro.cloud/SOURCE/729b625a6e0e4201b7a2ca33cbe8e530,สตาบิโล ดินสอสี สีไม้พรีเมี่ยม SWANS ARTY 36 สี,1-3 วัน,฿,255.,00,฿ 293.00,-12%,ซื้ออย่างน้อย 499฿ ลดเพิ่ม 25฿,+1,
https://www.makro.pro/th/p/fYczk1_-387075059860195?info=JTdCJTIyaW5kZXhDbGlja2VkJTIyJTNBNjklN0Q,https://images.mango-prod.siammakro.cloud/SOURCE/8ca3f38fe69b4a48a342749698c7dd99,สตาบิโล Plan 641 ปากกาไวท์บอร์ดหัวกลม สีเขียว รุ่น 641-36 x 10 ด้าม,1-3 วัน,฿,191.,00,฿ 220.00,-13%,ซื้ออย่างน้อย 499฿ ลดเพิ่ม 25฿,,
https://www.makro.pro/th/p/ja0E6XX-140436737309373?info=JTdCJTIyaW5kZXhDbGlja2VkJTIyJTNBNzAlN0Q,https://images.mango-prod.siammakro.cloud/SOURCE/f40734d293dd44438c2cdb4dbc9f932e,สตาบิโล Plan 643 ปากกาไวท์บอร์ดหัวตัด สีน้ําเงิน รุ่น 643-41 x 10 ด้าม,1-3 วัน,฿,191.,00,฿ 220.00,-13%,ซื้ออย่างน้อย 499฿ ลดเพิ่ม 25฿,,
https://www.makro.pro/th/p/EmDLxI--267010842439291?info=JTdCJTIyaW5kZXhDbGlja2VkJTIyJTNBNzElN0Q,https://images.mango-prod.siammakro.cloud/SOURCE/6bdfbb8ad23d46ba9208ddc9892f8bcf,โมนามิ ปากกาไวท์บอร์ด รุ่น มินิบอร์ด 12 แท่ง สีแดง,1-3 วัน,"฿

180.

00",฿,00,,,,,
https://www.makro.pro/th/p/5iwmOkm-172010395568936?info=JTdCJTIyaW5kZXhDbGlja2VkJTIyJTNBNzIlN0Q,https://images.mango-prod.siammakro.cloud/SOURCE/9554b9bd70a146b7952c03599d9e9b22,โมนามิ ปากกามาร์คเกอร์เขียนกระจกลบได้ รุ่น WINDOW MARKER เซ็ต 6 สี,1-3 วัน,"฿

390.

00",฿,00,,,,,
https://www.makro.pro/th/p/pERfPpQ-252444904599199?info=JTdCJTIyaW5kZXhDbGlja2VkJTIyJTNBNzMlN0Q,https://images.mango-prod.siammakro.cloud/SOURCE/8b5b116a6ce5496395e6c76b9496283c,สตาบิโล ปากกาเคมี หัวตัด สีดํา 10 ด้าม,1-3 วัน,฿,218.,00,฿ 250.00,-12%,ซื้ออย่างน้อย 499฿ ลดเพิ่ม 25฿,,
https://www.makro.pro/th/p/NyDOBLF-156071793875102?info=JTdCJTIyaW5kZXhDbGlja2VkJTIyJTNBNzQlN0Q,https://images.mango-prod.siammakro.cloud/SOURCE/aecf7a3a56d64c3dada6ef0d2fe379b6,สตาบิโล Swing Cool ปากกาไฮไลท์ สี Orange รุ่น 275/54 x 10 ด้าม,1-3 วัน,฿,305.,00,฿ 350.00,-12%,ซื้ออย่างน้อย 499฿ ลดเพิ่ม 25฿,+1,
https://www.makro.pro/th/p/5VBLgN6-913899263809554?info=JTdCJTIyaW5kZXhDbGlja2VkJTIyJTNBNzUlN0Q,https://images.mango-prod.siammakro.cloud/SOURCE/bbc18e8fc78347ed8a14042dd08c074d,สตาบิโล Swing Cool ปากกาไฮไลท์ สี Creamy Peach รุ่น 275/126 x 10 ด้าม,1-3 วัน,฿,305.,00,฿ 350.00,-12%,ซื้ออย่างน้อย 499฿ ลดเพิ่ม 25฿,+1,
https://www.makro.pro/th/p/P682Nq0-355912411471911?info=JTdCJTIyaW5kZXhDbGlja2VkJTIyJTNBNzYlN0Q,https://images.mango-prod.siammakro.cloud/SOURCE/164b826dc2ba4b44940f6008e8ed33d6,สตาบิโล Swing Cool ปากกาไฮไลท์ สี Pink รุ่น 275/56 x 10 ด้าม,1-3 วัน,฿,305.,00,฿ 350.00,-12%,ซื้ออย่างน้อย 499฿ ลดเพิ่ม 25฿,+1,
https://www.makro.pro/th/p/c-U4HPs-596549564333749?info=JTdCJTIyaW5kZXhDbGlja2VkJTIyJTNBNzclN0Q,https://images.mango-prod.siammakro.cloud/SOURCE/c284f8c86d43435d844d2614b8e51fba,สตาบิโล Swing Cool ปากกาไฮไลท์ สี Red รุ่น 275/40 x 10 ด้าม,1-3 วัน,฿,305.,00,฿ 350.00,-12%,ซื้ออย่างน้อย 499฿ ลดเพิ่ม 25฿,+1,
https://www.makro.pro/th/p/W8BdmXM-794381754854904?info=JTdCJTIyaW5kZXhDbGlja2VkJTIyJTNBNzglN0Q,https://images.mango-prod.siammakro.cloud/SOURCE/004cda0ba73c4b20a535c18f4b36373a,โมนามิ ปากกาสีน้ำ รุ่น พลัสเพน 3000 6 สี (เซ็ตฟอเรส),1-3 วัน,"฿

69.

00",฿,00,,,,,
https://www.makro.pro/th/p/h38Hc0c-349944523176022?info=JTdCJTIyaW5kZXhDbGlja2VkJTIyJTNBNzklN0Q,https://images.mango-prod.siammakro.cloud/SOURCE/4058a3a6f23c447c875fc1cec26fafd4,โมนามิ ปากกามาร์คเกอร์อเนกประสงค์ รุ่นเนมเพน เอ็ม 12 แท่ง สีขาว,1-3 วัน,"฿

468.

00",฿,00,,,,,
https://www.makro.pro/th/p/9r85gRr-136178636286552?info=JTdCJTIyaW5kZXhDbGlja2VkJTIyJTNBODAlN0Q,https://images.mango-prod.siammakro.cloud/SOURCE/db5f50591d2c4ad29ceddf062a6ef205,โมนามิ ปากกาสีน้ํา รุ่น พลัสเพน 3000 ชุด 6 สี เซ็ตไอซ์เบิร์ก,1-3 วัน,"฿

69.

00",฿,00,,,,,
https://www.makro.pro/th/p/en9ZyiD-486934323838706?info=JTdCJTIyaW5kZXhDbGlja2VkJTIyJTNBODElN0Q,https://images.mango-prod.siammakro.cloud/SOURCE/7e598ed7347e49c290ce1ba29804f478,สตาบิโล Boss Original ปากกาไฮไลท์ สี Lilac รุ่น 70/58 x 10 ด้าม,1-3 วัน,฿,339.,00,฿ 390.00,-13%,ซื้ออย่างน้อย 499฿ ลดเพิ่ม 25฿,+1,
https://www.makro.pro/th/p/3aEH9Be-139261370048622?info=JTdCJTIyaW5kZXhDbGlja2VkJTIyJTNBODIlN0Q,https://images.mango-prod.siammakro.cloud/SOURCE/fa185ba99fab4f5fb89908ae798abc48,สตาบิโล Swing Cool ปากกาไฮไลท์ สี Milky Yellow รุ่น 275/144 x 10 ด้าม,1-3 วัน,฿,305.,00,฿ 350.00,-12%,ซื้ออย่างน้อย 499฿ ลดเพิ่ม 25฿,,
https://www.makro.pro/th/p/0LVuhsX-7450748376378?info=JTdCJTIyaW5kZXhDbGlja2VkJTIyJTNBODMlN0Q,https://images.mango-prod.siammakro.cloud/SOURCE/07453cd6b1c0413aacc9b833b792ae27,สตาบิโล Swing Cool ปากกาไฮไลท์ สี Pink Blush รุ่น 275/129 x 10 ด้าม,1-3 วัน,฿,305.,00,฿ 350.00,-12%,ซื้ออย่างน้อย 499฿ ลดเพิ่ม 25฿,+1,
https://www.makro.pro/th/p/7G6GKea-162373196061086?info=JTdCJTIyaW5kZXhDbGlja2VkJTIyJTNBODQlN0Q,https://images.mango-prod.siammakro.cloud/SOURCE/109526df55434cf99975d7bacca8fc33,สตาบิโล Swing Cool ปากกาไฮไลท์ สี Lilac Haze รุ่น 275/155 x 10 ด้าม,1-3 วัน,฿,305.,00,฿ 350.00,-12%,ซื้ออย่างน้อย 499฿ ลดเพิ่ม 25฿,+1,
https://www.makro.pro/th/p/Lqhgjml-661655371617040?info=JTdCJTIyaW5kZXhDbGlja2VkJTIyJTNBODUlN0Q,https://images.mango-prod.siammakro.cloud/SOURCE/38f69c23ba0146b696785cdeae60b15a,โมนามิ ปากกาสีน้ํา รุ่น พลัสเพน 3000 ชุด 6 สี เซ็ตการ์เด้น,1-3 วัน,"฿

69.

00",฿,00,,,,,
https://www.makro.pro/th/p/WIivRvA-776448003434781?info=JTdCJTIyaW5kZXhDbGlja2VkJTIyJTNBODYlN0Q,https://images.mango-prod.siammakro.cloud/SOURCE/f8c4b403d9564990b8ba9f5330f7f75b,โมนามิ ปากกาสีน้ํา รุ่น พลัสเพน 3000 6 สี (เซ็ตเดสเซิร์ท),1-3 วัน,"฿

69.

00",฿,00,,,,,
https://www.makro.pro/th/p/CZlmlo4-810034244471686?info=JTdCJTIyaW5kZXhDbGlja2VkJTIyJTNBODclN0Q,https://images.mango-prod.siammakro.cloud/SOURCE/3eea0b33a0c44d3d93e43cd5f3e6ce20,สตาบิโล Swing Cool ปากกาไฮไลท์ สี Hint Mint รุ่น 275/116 x 10 ด้าม,1-3 วัน,฿,305.,00,฿ 350.00,-12%,ซื้ออย่างน้อย 499฿ ลดเพิ่ม 25฿,+1,
https://www.makro.pro/th/p/uKMaWfS-229398718277947?info=JTdCJTIyaW5kZXhDbGlja2VkJTIyJTNBODglN0Q,https://images.mango-prod.siammakro.cloud/SOURCE/ca62129cec614b0a902a31bf1c48c50d,สตาบิโล Plan 643 ปากกาไวท์บอร์ดหัวตัด สีแดง รุ่น 643-40 x 10 ด้าม,1-3 วัน,฿,191.,00,฿ 220.00,-13%,ซื้ออย่างน้อย 499฿ ลดเพิ่ม 25฿,+1,
https://www.makro.pro/th/p/z_Oo6LB-821840165560943?info=JTdCJTIyaW5kZXhDbGlja2VkJTIyJTNBODklN0Q,https://images.mango-prod.siammakro.cloud/SOURCE/7311ca742ab94c85b553925e8a310b13,สตาบิโล Plan 643 ปากกาไวท์บอร์ดหัวตัด สีเขียว รุ่น 643-36 x 10 ด้าม,1-3 วัน,฿,191.,00,฿ 220.00,-13%,ซื้ออย่างน้อย 499฿ ลดเพิ่ม 25฿,+1,
https://www.makro.pro/th/p/PXZH-qi-519753962426163?info=JTdCJTIyaW5kZXhDbGlja2VkJTIyJTNBOTAlN0Q,https://images.mango-prod.siammakro.cloud/SOURCE/c7367567f5be4744bd08f5e4d27fbef3,สตาบิโล ปากกาไวท์บอร์ด หัวกลม รุ่น PLAN 641/54 สีส้ม 10 ด้าม,1-3 วัน,฿,191.,00,฿ 220.00,-13%,ซื้ออย่างน้อย 499฿ ลดเพิ่ม 25฿,,
https://www.makro.pro/th/p/cQWsQv2-184355577718091?info=JTdCJTIyaW5kZXhDbGlja2VkJTIyJTNBOTElN0Q,https://images.mango-prod.siammakro.cloud/SOURCE/ab1a436ec4db4ca987428fad5e5303ff,สตาบิโล ปากกาไวท์บอร์ด หัวกลม รุ่น PLAN 641/54 สีน้ําตาล 10 ด้าม,1-3 วัน,฿,191.,00,฿ 220.00,-13%,ซื้ออย่างน้อย 499฿ ลดเพิ่ม 25฿,,
https://www.makro.pro/th/p/603vI8tN-178131188690597?info=JTdCJTIyaW5kZXhDbGlja2VkJTIyJTNBOTIlN0Q,https://images.mango-prod.siammakro.cloud/product-images/178131188690597-6240d331-5f97-43ae-b56c-cb7a649b880c.jpeg?imageMogr2/thumbnail/300x300,ฮ็อตวีลส์ โมเดลรถของเล่น คละแบบ,สั่งเช้า ส่งเย็น,฿,259.,00,฿ 350.00,-26%,,,
https://www.makro.pro/th/p/97zxetj-102825750669946?info=JTdCJTIyaW5kZXhDbGlja2VkJTIyJTNBOTMlN0Q,https://images.mango-prod.siammakro.cloud/SOURCE/6d0f0b2ffde44c2eb54f7328fe17a395,เพนเทล ปากกาลูกลื่น B811W-C 0.8 มม. ด้ามสีงาช้าง หมึกสีน้ําเงิน,1-3 วัน,"฿

430.

00",฿,00,,,,,
https://www.makro.pro/th/p/1WtzZmU-198439623023947?info=JTdCJTIyaW5kZXhDbGlja2VkJTIyJTNBOTQlN0Q,https://images.mango-prod.siammakro.cloud/SOURCE/51e372479c124f3e852ca207d212c759,เพนเทล ปากกาลูกลื่น B811A-C 0.8 มม. ด้ามสีดํา หมึกสีน้ําเงิน,1-3 วัน,"฿

430.

00",฿,00,,,,,
https://www.makro.pro/th/p/FonjMzW-456738269375423?info=JTdCJTIyaW5kZXhDbGlja2VkJTIyJTNBOTUlN0Q,https://images.mango-prod.siammakro.cloud/SOURCE/edfaccfe41bd4353ac867dd5a5c14b45,เพนเทล ปากกาหมึกเจล Sterling K600-C 0.7 มม. ด้ามสีเงิน หมึกสีน้ําเงิน,1-3 วัน,"฿

450.

00",฿,00,,,,,
https://www.makro.pro/th/p/9_MZKJd-357901507158027?info=JTdCJTIyaW5kZXhDbGlja2VkJTIyJTNBOTYlN0Q,https://images.mango-prod.siammakro.cloud/SOURCE/800d68d2cb434cffa467366a44d2b5f0,สตาบิโล Boss Original ปากกาไฮไลท์ สี Blue รุ่น 70/31 x 10 ด้าม,1-3 วัน,฿,339.,00,฿ 390.00,-13%,ซื้ออย่างน้อย 499฿ ลดเพิ่ม 25฿,+1,
https://www.makro.pro/th/p/NEo2TA4-982130168969574?info=JTdCJTIyaW5kZXhDbGlja2VkJTIyJTNBOTclN0Q,https://images.mango-prod.siammakro.cloud/SOURCE/7b48df682e034758aff78440d355639f,โมนามิ ปากกามาร์คเกอร์เขียนผ้า รุ่น FABRIC MARKER 470 เซ็ต 16 สี,1-3 วัน,"฿

480.

00",฿,00,,,,,
https://www.makro.pro/th/p/fkBI0hx-480013628214188?info=JTdCJTIyaW5kZXhDbGlja2VkJTIyJTNBOTglN0Q,https://images.mango-prod.siammakro.cloud/SOURCE/180c934c825b4b6cad8e483872009594,สตาบิโล Swing Cool ปากกาไฮไลท์ สี Blue รุ่น 275/31 x 10 ด้าม,1-3 วัน,฿,305.,00,฿ 350.00,-12%,ซื้ออย่างน้อย 499฿ ลดเพิ่ม 25฿,+1,
https://www.makro.pro/th/p/eZNX8pE-72390872390355?info=JTdCJTIyaW5kZXhDbGlja2VkJTIyJTNBOTklN0Q,https://images.mango-prod.siammakro.cloud/SOURCE/e7bcbe54acc14c9e8200c06c40ac96d9,สตาบิโล Boss Original ปากกาไฮไลท์ สี Turquoise รุ่น 70/51 x 10 ด้าม,1-3 วัน,฿,339.,00,฿ 390.00,-13%,ซื้ออย่างน้อย 499฿ ลดเพิ่ม 25฿,+1,
https://www.makro.pro/th/p/VC1N398-82355131193047?info=JTdCJTIyaW5kZXhDbGlja2VkJTIyJTNBMTAwJTdE,https://images.mango-prod.siammakro.cloud/SOURCE/92342d92de5a4cbfb0f5b9eb63443457,สตาบิโล ปากกาไฮไลท์ รุ่น Boss สีดํา x 10 ด้าม,1-3 วัน,฿,339.,00,฿ 390.00,-13%,ซื้ออย่างน้อย 499฿ ลดเพิ่ม 25฿,+1,
https://www.makro.pro/th/p/RE6-15e-330255035353076?info=JTdCJTIyaW5kZXhDbGlja2VkJTIyJTNBMTAxJTdE,https://images.mango-prod.siammakro.cloud/SOURCE/afc31a8e4a4243fbacdcbad379122e4f,สตาบิโล Swing Cool ปากกาไฮไลท์ สี Green รุ่น 275/33 x 10 ด้าม,1-3 วัน,฿,305.,00,฿ 350.00,-12%,ซื้ออย่างน้อย 499฿ ลดเพิ่ม 25฿,+1,
https://www.makro.pro/th/p/JmwyvXl-929494443666103?info=JTdCJTIyaW5kZXhDbGlja2VkJTIyJTNBMTAyJTdE,https://images.mango-prod.siammakro.cloud/SOURCE/57a72b7581844d8398220a22a231df99,สตาบิโล ปากกาไฮไลท์ ปากกาเน้นข้อความ รุ่น BOSS ORIGINAL ARTY DESK เซ็ต 23 สี,1-3 วัน,฿,779.,00,฿ 895.00,-12%,ซื้ออย่างน้อย 499฿ ลดเพิ่ม 25฿,+1,
https://www.makro.pro/th/p/y0OFKbZ-895160231020324?info=JTdCJTIyaW5kZXhDbGlja2VkJTIyJTNBMTAzJTdE,https://images.mango-prod.siammakro.cloud/SOURCE/7cf3a9a30eff44b6aa7c1bdbf81bb937,โมนามิ ปากกามาร์คเกอร์เขียนผ้า รุ่น FABRIC MARKER 470 เซ็ต 24 สี,1-3 วัน,"฿

720.

00",฿,00,,,,,
https://www.makro.pro/th/p/2b9Ehv--841809051099006?info=JTdCJTIyaW5kZXhDbGlja2VkJTIyJTNBMTA0JTdE,https://images.mango-prod.siammakro.cloud/SOURCE/1de6d58d3a8f4256b3d561ca2274e302,FO-GELB022 ปากกาลูกลื่น 0.7 น้ําเงิน กล่อง 36 ด้าม,3-5 วัน,฿,235.,00,฿ 365.00,-35%,,,
https://www.makro.pro/th/p/9vyPaoX-763599858101227?info=JTdCJTIyaW5kZXhDbGlja2VkJTIyJTNBMTA1JTdE,https://images.mango-prod.siammakro.cloud/SOURCE/35390eb4ff0b4307850535c11ec97af5,เพนเทล ปากกาเจล Energel Hexagon BL667A-C 0.7 มม. ด้ามสีดํา หมึกสีน้ําเงิน,1-3 วัน,"฿

590.

00",฿,00,,,,,
https://www.makro.pro/th/p/dqsAsoa-780169593224256?info=JTdCJTIyaW5kZXhDbGlja2VkJTIyJTNBMTA2JTdE,https://images.mango-prod.siammakro.cloud/SOURCE/b9501190caf8488cb4375e4fb5be62cf,เพนเทล ปากกาหมึกเจล Sterling K611A-C 0.7 มม. ด้ามสีดํา หมึกสีน้ําเงิน,1-3 วัน,"฿

470.

00",฿,00,,,,,
https://www.makro.pro/th/p/S2URWOG-756344564088119?info=JTdCJTIyaW5kZXhDbGlja2VkJTIyJTNBMTA3JTdE,https://images.mango-prod.siammakro.cloud/SOURCE/67e9bb30e13545b89a0d3a167b86779b,เพนเทล ปากกาเจล Sterling Twist BL2007S-C 0.7 มม. ด้ามสีฟ้าเทอร์ควอยซ์ หมึกสีน้ําเงิน,1-3 วัน,"฿

520.

00",฿,00,,,,,
https://www.makro.pro/th/p/63lWg71-921084610980482?info=JTdCJTIyaW5kZXhDbGlja2VkJTIyJTNBMTA4JTdE,https://images.mango-prod.siammakro.cloud/SOURCE/ef68573528d142a3b9ca6e87ac8615de,เพนเทล ปากกาหมึกเจล Sterling K600PG-C 0.7 มม. ด้ามสีเงิน ทองชมพู หมึกสีน้ําเงิน,1-3 วัน,"฿

650.

00",฿,00,,,,,
https://www.makro.pro/th/p/ux6mzYC-215010796781405?info=JTdCJTIyaW5kZXhDbGlja2VkJTIyJTNBMTA5JTdE,https://images.mango-prod.siammakro.cloud/SOURCE/018d0bf1fe9c45de82760df277f9f3d3,เพนเทล ปากกาหมึกเจล BL625A-C 0.5 มม. ด้ามสีเงิน หมึกสีน้ําเงิน,1-3 วัน,"฿

430.

00",฿,00,,,,,
https://www.makro.pro/th/p/_R_ZTbc-929098693907644?info=JTdCJTIyaW5kZXhDbGlja2VkJTIyJTNBMTEwJTdE,https://images.mango-prod.siammakro.cloud/SOURCE/b62a5e41ea004242aed283912531f991,SYMBOL Barcode Scanner LS2208 - A0077122,3-7 วัน,"฿

2,720.

00",฿,00,,,,,
https://www.makro.pro/th/p/1ZU98O0-983425178854110?info=JTdCJTIyaW5kZXhDbGlja2VkJTIyJTNBMTExJTdE,https://images.mango-prod.siammakro.cloud/SOURCE/e1185cb442794d768e7dd7c9950f6fc6,MAGIC TECH Barcode Scanner 2D YHD-6200D+ - A0141418,3-7 วัน,"฿

990.

00",฿,00,,,,,
https://www.makro.pro/th/p/Mc4oqoh-864952135616071?info=JTdCJTIyaW5kZXhDbGlja2VkJTIyJTNBMTEyJTdE,https://images.mango-prod.siammakro.cloud/SOURCE/e4b53fd7495c406ab688a8b84eaefe10,สตาบิโล ปากกาไวท์บอร์ด หัวตัด รุ่น PLAN 643/54 สีน้ําตาล 10 ด้าม,1-3 วัน,฿,191.,00,฿ 220.00,-13%,ซื้ออย่างน้อย 499฿ ลดเพิ่ม 25฿,+1,
https://www.makro.pro/th/p/HsonpEQ-768251534494757?info=JTdCJTIyaW5kZXhDbGlja2VkJTIyJTNBMTEzJTdE,https://images.mango-prod.siammakro.cloud/SOURCE/e67c15299dd94d828b5011b0ae808d83,สตาบิโล Boss Original ปากกาไฮไลท์ สี Lavender รุ่น 70/55 x 10 ด้าม,1-3 วัน,฿,339.,00,฿ 390.00,-13%,ซื้ออย่างน้อย 499฿ ลดเพิ่ม 25฿,+1,
https://www.makro.pro/th/p/taHix_9-625325556434558?info=JTdCJTIyaW5kZXhDbGlja2VkJTIyJTNBMTE0JTdE,https://images.mango-prod.siammakro.cloud/SOURCE/4b0cef1fb2c94a23a7ea89be395e10b2,STABILO Boss Original ปากกาไฮไลท์ ปากกาเน้นข้อความ แพ็ค 15 สี,1-3 วัน,฿,535.,00,฿ 615.00,-13%,ซื้ออย่างน้อย 499฿ ลดเพิ่ม 25฿,,
https://www.makro.pro/th/p/jLyjiy--87791194744980?info=JTdCJTIyaW5kZXhDbGlja2VkJTIyJTNBMTE1JTdE,https://images.mango-prod.siammakro.cloud/SOURCE/a87eb172d9364885811873d5f5934f62,สตาบิโล Swing Cool ปากกาไฮไลท์ สี Turquoise รุ่น 275/51 x 10 ด้าม,1-3 วัน,฿,305.,00,฿ 350.00,-12%,ซื้ออย่างน้อย 499฿ ลดเพิ่ม 25฿,+1,
https://www.makro.pro/th/p/TxgOE7i-156337525122406?info=JTdCJTIyaW5kZXhDbGlja2VkJTIyJTNBMTE2JTdE,https://images.mango-prod.siammakro.cloud/SOURCE/64702a0430e2457192fcdd449c030fc6,สตาบิโล Plan 643 ปากกาไวท์บอร์ดหัวตัด สีชมพู รุ่น 643-56 x 10 ด้าม,1-3 วัน,฿,191.,00,฿ 220.00,-13%,ซื้ออย่างน้อย 499฿ ลดเพิ่ม 25฿,+1,
https://www.makro.pro/th/p/BfMow9T-568057024356880?info=JTdCJTIyaW5kZXhDbGlja2VkJTIyJTNBMTE3JTdE,https://images.mango-prod.siammakro.cloud/SOURCE/4e932b0606d24ff181e7db2b4d9a541b,สตาบิโล ดินสอสี สีชอล์ค สีน้ํา WOODY 3IN1 DUO (แบบ 2 สีในแท่งเดียว) 6 แท่ง,1-3 วัน,฿,566.,00,฿ 650.00,-12%,ซื้ออย่างน้อย 499฿ ลดเพิ่ม 25฿,+1,
https://www.makro.pro/th/p/XJDau6X-706889897075723?info=JTdCJTIyaW5kZXhDbGlja2VkJTIyJTNBMTE4JTdE,https://images.mango-prod.siammakro.cloud/SOURCE/fe09d3b05ce64908a0bba2bffdca0349,สตาบิโล Plan 643 ปากกาไวท์บอร์ดหัวตัด สีม่วง รุ่น 643-55 x 10 ด้าม,1-3 วัน,฿,191.,00,฿ 220.00,-13%,ซื้ออย่างน้อย 499฿ ลดเพิ่ม 25฿,+1,
https://www.makro.pro/th/p/SPzkPda-758102888916358?info=JTdCJTIyaW5kZXhDbGlja2VkJTIyJTNBMTE5JTdE,https://images.mango-prod.siammakro.cloud/SOURCE/63b348760b3e40dfafea3c21acf09d74,สตาบิโล ดินสอสี สีไม้พรีเมี่ยม Swans ARTY 48 สี,1-3 วัน,฿,358.,00,฿ 412.00,-13%,ซื้ออย่างน้อย 499฿ ลดเพิ่ม 25฿,,
https://www.makro.pro/th/p/u3qZJn68-377040114057268?info=JTdCJTIyaW5kZXhDbGlja2VkJTIyJTNBMTIwJTdE,https://images.mango-prod.siammakro.cloud/product-images/377040114057268-5599266b-06c3-4b7f-8923-4ec1075fe181.jpeg?imageMogr2/thumbnail/300x300,บันได ทามาก็อทจิ พาราไดซ์ คละสี,สั่งเช้า ส่งเย็น,฿,"1,349.",00,"฿ 1,499.00",-10%,,,
https://www.makro.pro/th/p/_cunbXu-179037265124009?info=JTdCJTIyaW5kZXhDbGlja2VkJTIyJTNBMTIxJTdE,https://images.mango-prod.siammakro.cloud/SOURCE/61656ee284a643ed808872b39e27d168,"MICROSOFT OFFICE HOME & BUSINESS 2024 (FPP,EP2-06630) - A0163822",3-7 วัน,"฿

8,030.

00",฿,00,,,,,
https://www.makro.pro/th/p/7CdtJz0r-296348779923127?info=JTdCJTIyaW5kZXhDbGlja2VkJTIyJTNBMTIyJTdE,https://images.mango-prod.siammakro.cloud/product-images/296348779923127-b7308417-2466-4486-a9d1-5e5ac07681f4.jpeg?imageMogr2/thumbnail/300x300,#PEANUTS โอมาโมริ ถุงนําโชคพร้อมการ์ดคําอวยพร ขนาด 6.4 X 5.0 ซม. 1X1,สั่งเช้า ส่งเย็น,฿,177.,50,฿ 199.00,-10%,,,
https://www.makro.pro/th/p/MXBFCtY-87117511396739?info=JTdCJTIyaW5kZXhDbGlja2VkJTIyJTNBMTIzJTdE,https://images.mango-prod.siammakro.cloud/SOURCE/c72139aaac094bbf99329e7040f4cbd9,เพนเทล ปากกาเจล Sterling Twist BL2007B-C 0.7 มม. ด้ามสีแดง หมึกสีน้ําเงิน,1-3 วัน,"฿

520.

00",฿,00,,,,,
https://www.makro.pro/th/p/0pbDI6Y-998123941458367?info=JTdCJTIyaW5kZXhDbGlja2VkJTIyJTNBMTI0JTdE,https://images.mango-prod.siammakro.cloud/SOURCE/ef7abc4b7d7a40a98e40761ae78876a3,เพนเทล ปากกาเจล Sterling Twist BL2007C-C 0.7 มม. ด้ามสีกรม หมึกสีน้ําเงิน,1-3 วัน,"฿

520.

00",฿,00,,,,,
https://www.makro.pro/th/p/8Oke-St-513781549965678?info=JTdCJTIyaW5kZXhDbGlja2VkJTIyJTNBMTI1JTdE,https://images.mango-prod.siammakro.cloud/SOURCE/8895cacadf714788aae1590be07e5ce4,เพนเทล ปากกาเจล Energel Hexagon BL667Z-C 0.7 มม. ด้ามสีเงิน หมึกสีน้ําเงิน,1-3 วัน,"฿

590.

00",฿,00,,,,,
https://www.makro.pro/th/p/KnS9HZF-240243709098856?info=JTdCJTIyaW5kZXhDbGlja2VkJTIyJTNBMTI2JTdE,https://images.mango-prod.siammakro.cloud/SOURCE/eb1310e8396c4aa3bd636e8175e40f5b,เพนเทล ปากกาเจล Sterling Twist BL2007Z-C 0.7 มม. ด้ามสีเงิน หมึกสีน้ําเงิน,1-3 วัน,"฿

520.

00",฿,00,,,,,
https://www.makro.pro/th/p/FBRYLlE-777173119143866?info=JTdCJTIyaW5kZXhDbGlja2VkJTIyJTNBMTI3JTdE,https://images.mango-prod.siammakro.cloud/SOURCE/4a75a0a663e44de3bbc8df499b4642e4,เพนเทล ปากกาเจล Sterling Twist BL2007A-C 0.7 มม. ด้ามสีดํา หมึกสีน้ําเงิน,1-3 วัน,"฿

520.

00",฿,00,,,,,
https://www.makro.pro/th/p/-AFJ32f-334577440250086?info=JTdCJTIyaW5kZXhDbGlja2VkJTIyJTNBMTI4JTdE,https://images.mango-prod.siammakro.cloud/SOURCE/4d037dac6ce648069674eefa3377d094,เพนเทล ปากกาเจล Energel Hexagon BL667E-C 0.7 มม. ด้ามสีน้ําตาล หมึกสีน้ําเงิน,1-3 วัน,"฿

590.

00",฿,00,,,,,
https://www.makro.pro/th/p/3MuRWY5-302097000446966?info=JTdCJTIyaW5kZXhDbGlja2VkJTIyJTNBMTI5JTdE,https://images.mango-prod.siammakro.cloud/SOURCE/66e537e2d7b542c2af92707544a70cba,เพนเทล ปากกาหมึกเจล Sterling K611W-C 0.7 มม. ด้ามสีงาช้าง หมึกสีน้ําเงิน,1-3 วัน,"฿

470.

00",฿,00,,,,,
https://www.makro.pro/th/p/7gGco2q-933013285903919?info=JTdCJTIyaW5kZXhDbGlja2VkJTIyJTNBMTMwJTdE,https://images.mango-prod.siammakro.cloud/SOURCE/10b3d73e8ee343a2aef39c84bdd9d0a6,เพนเทล ปากกาเจล Sterling Twist BL2007W-C 0.7 มม. ด้ามสีขาว หมึกสีน้ําเงิน,1-3 วัน,"฿

520.

00",฿,00,,,,,
https://www.makro.pro/th/p/RV4BVQx-644180102836977?info=JTdCJTIyaW5kZXhDbGlja2VkJTIyJTNBMTMxJTdE,https://images.mango-prod.siammakro.cloud/SOURCE/a87137063bf547768dfcb38d1784438f,Scanner Barcode 2D ZEBRA DS4608 - A0130676,3-7 วัน,"฿

4,900.

00",฿,00,,,,,
https://www.makro.pro/th/p/9PyhHFR-552572595429927?info=JTdCJTIyaW5kZXhDbGlja2VkJTIyJTNBMTMyJTdE,https://images.mango-prod.siammakro.cloud/SOURCE/240ed9809bc44c7c8efe70fe0bc14778,MAGIC TECH Barcode Scanner 2D YHD1100D+ - A0140237,3-7 วัน,"฿

790.

00",฿,00,,,,,
https://www.makro.pro/th/p/c2np_zG-127727349346344?info=JTdCJTIyaW5kZXhDbGlja2VkJTIyJTNBMTMzJTdE,https://images.mango-prod.siammakro.cloud/SOURCE/89aec6414fd046cc901753715c2ed4a4,MAGIC TECH Barcode Scanner Wireless YHD1100DW - A0140238,3-7 วัน,"฿

1,150.

00",฿,00,,,,,
https://www.makro.pro/th/p/HdWCyfp-486529555549139?info=JTdCJTIyaW5kZXhDbGlja2VkJTIyJTNBMTM0JTdE,https://images.mango-prod.siammakro.cloud/SOURCE/f7e63778167e43508a7434b79801c920,HONEYWELL Barcode Scanner 1250G - A0075345,3-7 วัน,"฿

2,270.

00",฿,00,,,,,
https://www.makro.pro/th/p/1kuKD4k-216967292501671?info=JTdCJTIyaW5kZXhDbGlja2VkJTIyJTNBMTM1JTdE,https://images.mango-prod.siammakro.cloud/SOURCE/adee5295f8164c459d7ab68d26bbedf1,Barcode Scanner HONEYWELL HF680 - A0161219,3-7 วัน,"฿

4,000.

00",฿,00,,,,,
https://www.makro.pro/th/p/SmRQKfy-913424635722082?info=JTdCJTIyaW5kZXhDbGlja2VkJTIyJTNBMTM2JTdE,https://images.mango-prod.siammakro.cloud/SOURCE/2aa720ad728047329aac548a49866552,สตาบิโล ดินสอสี สีชอล์ค สีน้ํา WOODY 3IN1 DUO (แบบ 2 สีในแท่งเดียว) 5 แท่ง,1-3 วัน,฿,522.,00,฿ 600.00,-13%,ซื้ออย่างน้อย 499฿ ลดเพิ่ม 25฿,+1,
https://www.makro.pro/th/p/ZlDfMwB-453603178505337?info=JTdCJTIyaW5kZXhDbGlja2VkJTIyJTNBMTM3JTdE,https://images.mango-prod.siammakro.cloud/SOURCE/24bcc01af23f4e688412f3c9b49a1cce,ดินสอสี STABILO รุ่นSwans Arty F/L 100 สี,1-3 วัน,฿,"1,122.",00,"฿ 1,290.00",-13%,ซื้ออย่างน้อย 499฿ ลดเพิ่ม 25฿,+1,
https://www.makro.pro/th/p/7uQdSQv-727001185879604?info=JTdCJTIyaW5kZXhDbGlja2VkJTIyJTNBMTM4JTdE,https://images.mango-prod.siammakro.cloud/SOURCE/238861969e684b5c94281a08ef2276ba,สตาบิโล Swing Cool ปากกาไฮไลท์ สี Lavender รุ่น 275/55 x 10 ด้าม,1-3 วัน,฿,305.,00,฿ 350.00,-12%,ซื้ออย่างน้อย 499฿ ลดเพิ่ม 25฿,+1,
https://www.makro.pro/th/p/JIDaRU5-620884516596522?info=JTdCJTIyaW5kZXhDbGlja2VkJTIyJTNBMTM5JTdE,https://images.mango-prod.siammakro.cloud/SOURCE/fd8bcb6df90649f6bc44640e0819c7d0,สตาบิโล ปากกาไวท์บอร์ด หัวตัด รุ่น PLAN 643/54 สีส้ม 10 ด้าม,1-3 วัน,฿,191.,00,฿ 220.00,-13%,ซื้ออย่างน้อย 499฿ ลดเพิ่ม 25฿,+1,
https://www.makro.pro/th/p/YXkIspP-250252336870591?info=JTdCJTIyaW5kZXhDbGlja2VkJTIyJTNBMTQwJTdE,https://images.mango-prod.siammakro.cloud/SOURCE/ee84c1f1e2ea47368539990ceeba63e9,สตาบิโล Swing Cool ปากกาไฮไลท์ สี Touch Turquois รุ่น 275/113 x 10 ด้าม,1-3 วัน,฿,305.,00,฿ 350.00,-12%,ซื้ออย่างน้อย 499฿ ลดเพิ่ม 25฿,+1,
https://www.makro.pro/th/p/xZaCd5a-221570754187414?info=JTdCJTIyaW5kZXhDbGlja2VkJTIyJTNBMTQxJTdE,https://images.mango-prod.siammakro.cloud/SOURCE/33929b77fd1a4d3cacb8d0a1355a7dfd,สตาบิโล ดินสอสี สีชอล์ค สีน้ํา Woody 3in1 Duo (แบบ 2 สีในแท่งเดียว) 10 แท่ง,1-3 วัน,฿,844.,00,฿ 970.00,-12%,ซื้ออย่างน้อย 499฿ ลดเพิ่ม 25฿,+1,
https://www.makro.pro/th/p/43bT6iW-162387343839417?info=JTdCJTIyaW5kZXhDbGlja2VkJTIyJTNBMTQyJTdE,https://images.mango-prod.siammakro.cloud/SOURCE/b330bc62cd5d4d44b489c2485dd5280f,FO-GEL033 Quick dry 0.5 น้ําเงิน กล่อง 10 ด้าม,3-5 วัน,฿,176.,00,฿ 200.00,-12%,,,
https://www.makro.pro/th/p/YXiMIjT-756678694377295?info=JTdCJTIyaW5kZXhDbGlja2VkJTIyJTNBMTQzJTdE,https://images.mango-prod.siammakro.cloud/SOURCE/6aa2cea6868c4f77a9ac4a23c2cec529,FO-GEL033 Quick dry 0.5 แดง กล่อง 10 ด้าม,3-5 วัน,฿,176.,00,฿ 200.00,-12%,,,
https://www.makro.pro/th/p/WxN2iOB-396205003036400?info=JTdCJTIyaW5kZXhDbGlja2VkJTIyJTNBMTQ0JTdE,https://images.mango-prod.siammakro.cloud/SOURCE/c066c599d48a474f819de21ac0977605,FO-GELB046 ปากกาลูกลื่น 0.5 น้ําเงิน กล่อง 36 ด้าม,3-5 วัน,฿,235.,00,฿ 365.00,-35%,,,
https://www.makro.pro/th/p/u5E2kQH-695850614266828?info=JTdCJTIyaW5kZXhDbGlja2VkJTIyJTNBMTQ1JTdE,https://images.mango-prod.siammakro.cloud/SOURCE/d807c8104c524ca2be8360c38904f9e6,FO-GELB022 ปากกาลูกลื่น 0.7 ดํา กล่อง 36 ด้าม,3-5 วัน,฿,235.,00,฿ 365.00,-35%,,,
https://www.makro.pro/th/p/o4uqb9-7416104648899?info=JTdCJTIyaW5kZXhDbGlja2VkJTIyJTNBMTQ2JTdE,https://images.mango-prod.siammakro.cloud/SOURCE/8bd6b46b50244e77ba7a650062358352,เอลเฟ่น ดินสอHB #2002 แพ็ค 50 แท่ง,สั่งเช้า ส่งเย็น,฿,129.,00,฿ 149.00,-13%,,,สินค้าหมด
https://www.makro.pro/th/p/3on8lvn-7416044060867?info=JTdCJTIyaW5kZXhDbGlja2VkJTIyJTNBMTQ3JTdE,https://images.mango-prod.siammakro.cloud/product-images/7416044060867-31c78f1d-e27c-4969-98c8-5e859a705815.jpeg?imageMogr2/thumbnail/300x300,เอโร่ ไม้บรรทัด PVC ใส ชนิดแข็ง 12 นิ้ว x 36,สั่งเช้า ส่งเย็น,"฿

115.00",฿,,,,"ซื้อ 1,500฿ ได้รับ 20 พอยท์",,สินค้าหมด
https://www.makro.pro/th/p/14rhiac-7352563269827?info=JTdCJTIyaW5kZXhDbGlja2VkJTIyJTNBMTQ4JTdE,https://images.mango-prod.siammakro.cloud/SOURCE/6e7c98f264604248805bae8e44636e1a,ตราม้า เครื่องตีป้ายราคา 8 หลัก รุ่น H-979,สั่งเช้า ส่งเย็น,"฿

535.00",฿,,,,,,สินค้าหมด
https://www.makro.pro/th/p/IGXPYE97-566222492243161?info=JTdCJTIyaW5kZXhDbGlja2VkJTIyJTNBMTQ5JTdE,https://images.mango-prod.siammakro.cloud/product-images/566222492243161-a59e449a-6f76-47eb-a98c-7562b6c523a2.jpeg?imageMogr2/thumbnail/300x300,#กล่องพวงกุญแจโฟรเซ่นโอลาฟ สีขาว ขนาด 4 นิ้ว 1X1,สั่งเช้า ส่งเย็น,"฿

199.00",฿,,,,,,สินค้าหมด
https://www.makro.pro/th/p/T2ddC9PT-565718413666531?info=JTdCJTIyaW5kZXhDbGlja2VkJTIyJTNBMTUwJTdE,https://images.mango-prod.siammakro.cloud/product-images/565718413666531-dddc79ee-4ba9-43ce-9654-8bd2443b110d.jpeg?imageMogr2/thumbnail/300x300,เอเลี่ยน รีมิกส์ กล่องสุ่มพวงกุญแจเอเลี่ยน,สั่งเช้า ส่งเย็น,฿,159.,00,฿ 339.00,-53%,"ซื้อ 1,500฿ ได้รับ 20 พอยท์",,สินค้าหมด
https://www.makro.pro/th/p/BvpRHYUb-627654051204687?info=JTdCJTIyaW5kZXhDbGlja2VkJTIyJTNBMTUxJTdE,https://images.mango-prod.siammakro.cloud/product-images/627654051204687-007e75c3-c2a6-4486-83c0-d59bd2ba0fb1.jpeg?imageMogr2/thumbnail/300x300,กล่องสุ่มโมเดลมิกกี้เม้าส์ 15 ซม.,สั่งเช้า ส่งเย็น,"฿

259.00",฿,,,,,,สินค้าหมด
https://www.makro.pro/th/p/4yxwzlVm-367131070923321?info=JTdCJTIyaW5kZXhDbGlja2VkJTIyJTNBMTUyJTdE,https://images.mango-prod.siammakro.cloud/product-images/367131070923321-2f522393-e2f0-4452-8f48-2f8bae6412d5.jpeg?imageMogr2/thumbnail/300x300,กล่องสุ่มพวงกุญแจมังกรเขี้ยวกุด,สั่งเช้า ส่งเย็น,฿,259.,00,฿ 359.00,-27%,,,สินค้าหมด
https://www.makro.pro/th/p/1Gz8tPUI-768758371359752?info=JTdCJTIyaW5kZXhDbGlja2VkJTIyJTNBMTUzJTdE,https://images.mango-prod.siammakro.cloud/product-images/768758371359752-478afa1a-4361-4442-90d1-4930652bf8fc.jpeg?imageMogr2/thumbnail/300x300,กล่องสุ่มพวงกุญแจกระเป๋า Zootopia ขนาด 6 นิ้ว,สั่งเช้า ส่งเย็น,฿,199.,00,฿ 299.00,-33%,,,สินค้าหมด
https://www.makro.pro/th/p/3_bQNay-456576734527173?info=JTdCJTIyaW5kZXhDbGlja2VkJTIyJTNBMTU0JTdE,https://images.mango-prod.siammakro.cloud/SOURCE/eaa7517dfcda4ee7b9220a62c149641f,สตาบิโล Boss Original ปากกาไฮไลท์ ปากกาเน้นข้อความ รุ่น 70/4 แพ็ค 4 สี,1-3 วัน,฿,143.,00,฿ 164.00,-12%,ซื้ออย่างน้อย 499฿ ลดเพิ่ม 25฿,,สินค้าหมด
https://www.makro.pro/th/p/eHVAjwH-862506484502605?info=JTdCJTIyaW5kZXhDbGlja2VkJTIyJTNBMTU1JTdE,https://images.mango-prod.siammakro.cloud/SOURCE/7db8231ac0db4abebaeb3ad486bfbba3,สตาบิโล Boss Original ปากกาไฮไลท์ สี Yellow รุ่น 70/24 x 10 ด้าม,1-3 วัน,฿,339.,00,฿ 390.00,-13%,ซื้ออย่างน้อย 499฿ ลดเพิ่ม 25฿,,สินค้าหมด
https://www.makro.pro/th/p/4jLVT7k-356471718480288?info=JTdCJTIyaW5kZXhDbGlja2VkJTIyJTNBMTU2JTdE,https://images.mango-prod.siammakro.cloud/SOURCE/c99a46c3b71d413c80e1ad7ffddc67e2,สตาบิโล Plan 641 ปากกาไวท์บอร์ดหัวกลม สีน้ําเงิน รุ่น 641-41 x 10 ด้าม,1-3 วัน,฿,191.,00,฿ 220.00,-13%,ซื้ออย่างน้อย 499฿ ลดเพิ่ม 25฿,,สินค้าหมด
https://www.makro.pro/th/p/DKjlNt1-719106091920457?info=JTdCJTIyaW5kZXhDbGlja2VkJTIyJTNBMTU3JTdE,https://images.mango-prod.siammakro.cloud/SOURCE/5533deb207224948b3e4cc83906bc7a4,โมนามิ ปากกามาร์คเกอร์อเนกประสงค์ รุ่น เนมเพน เอ็ม 2 แท่ง สีเงินและสีทอง,1-3 วัน,"฿

78.00",฿,,,,,,สินค้าหมด
https://www.makro.pro/th/p/bMz_Ljj-158133354479868?info=JTdCJTIyaW5kZXhDbGlja2VkJTIyJTNBMTU4JTdE,https://images.mango-prod.siammakro.cloud/SOURCE/f7889ee618a34fe5b8af6f0de4419b24,โมนามิ ปากกาลูกลื่น รุ่น 153 คลิป ขนาดหัว 0.5 มม. 12 ด้าม สีน้ําเงิน,1-3 วัน,"฿

180.00",฿,,,,,,สินค้าหมด
https://www.makro.pro/th/p/Qqwnsfr-285034059462684?info=JTdCJTIyaW5kZXhDbGlja2VkJTIyJTNBMTU5JTdE,https://images.mango-prod.siammakro.cloud/SOURCE/ba8e10688d4340d0a3e97e89db277a7f,สตาบิโล Plan 641 ปากกาไวท์บอร์ดหัวกลม สีดํา รุ่น 641-46) x 10 ด้าม,1-3 วัน,฿,191.,00,฿ 220.00,-13%,ซื้ออย่างน้อย 499฿ ลดเพิ่ม 25฿,,สินค้าหมด
https://www.makro.pro/th/p/-3L-XLP-438772359207084?info=JTdCJTIyaW5kZXhDbGlja2VkJTIyJTNBMTYwJTdE,https://images.mango-prod.siammakro.cloud/SOURCE/08c87e4f413a4ef9aca23e1d55888f34,สตาบิโล ปากกาไฮไลท์ รุ่น Boss สีเขียว 10 ด้าม (70/33),1-3 วัน,฿,339.,00,฿ 390.00,-13%,ซื้ออย่างน้อย 499฿ ลดเพิ่ม 25฿,,สินค้าหมด
https://www.makro.pro/th/p/4gMeVf8-283052817250724?info=JTdCJTIyaW5kZXhDbGlja2VkJTIyJTNBMTYxJTdE,https://images.mango-prod.siammakro.cloud/SOURCE/08211a551d8f44399ab8ddb3fb831212,สตาบิโล Plan 641 ปากกาไวท์บอร์ดหัวกลม สีม่วง รุ่น 641-55 x 10 ด้าม,1-3 วัน,฿,191.,00,฿ 220.00,-13%,ซื้ออย่างน้อย 499฿ ลดเพิ่ม 25฿,,สินค้าหมด
https://www.makro.pro/th/p/V05g4qE-183400313195694?info=JTdCJTIyaW5kZXhDbGlja2VkJTIyJTNBMTYyJTdE,https://images.mango-prod.siammakro.cloud/SOURCE/c9e387be69924510a7acf8af007ee6e6,โมนามิ ปากกาลูกลื่น รุ่น Triffis ขนาด หัว 1.0 มม. 12 ด้าม สีน้ําเงิน,1-3 วัน,"฿

120.00",฿,,,,,,สินค้าหมด
https://www.makro.pro/th/p/WcfPQRB-561421913878059?info=JTdCJTIyaW5kZXhDbGlja2VkJTIyJTNBMTYzJTdE,https://images.mango-prod.siammakro.cloud/SOURCE/24f1ef1e74244e3492381736f216d867,โมนามิ ปากกาลูกลื่น รุ่น 153 คลิป ขนาดหัว 1.0 มม. 12 ด้าม สีน้ําเงิน,1-3 วัน,"฿

180.00",฿,,,,,,สินค้าหมด
https://www.makro.pro/th/p/6J1E7uJ-459905638922133?info=JTdCJTIyaW5kZXhDbGlja2VkJTIyJTNBMTY0JTdE,https://images.mango-prod.siammakro.cloud/SOURCE/8a8caed37372438ba0b87d79b96c536a,โมนามิ ปากกาสีน้ํา รุ่น ไซน์เพน 351 กล่อง 12 แท่ง สีดํา,1-3 วัน,"฿

84.00",฿,,,,,,สินค้าหมด
https://www.makro.pro/th/p/37nkp54-994925159214542?info=JTdCJTIyaW5kZXhDbGlja2VkJTIyJTNBMTY1JTdE,https://images.mango-prod.siammakro.cloud/SOURCE/ec0bb2238eb346f9a404e6741dd50b54,สตาบิโล Plan 641 ปากกาไวท์บอร์ดหัวกลม สีชมพู รุ่น 641-56 x 10 ด้าม,1-3 วัน,฿,191.,00,฿ 220.00,-13%,ซื้ออย่างน้อย 499฿ ลดเพิ่ม 25฿,,สินค้าหมด
https://www.makro.pro/th/p/ft0U55CB-571820405873218?info=JTdCJTIyaW5kZXhDbGlja2VkJTIyJTNBMTY2JTdE,https://images.mango-prod.siammakro.cloud/product-images/571820405873218-f1220d78-b484-4f1a-9a5b-769cf81861eb.jpeg?imageMogr2/thumbnail/300x300,ฮ็อตวีลส์ รถรางของเล่น,สั่งเช้า ส่งเย็น,฿,699.,00,"฿ 1,395.00",-49%,,,สินค้าหมด
https://www.makro.pro/th/p/ZSZqsBM-406110615898691?info=JTdCJTIyaW5kZXhDbGlja2VkJTIyJTNBMTY3JTdE,https://images.mango-prod.siammakro.cloud/SOURCE/7408497e2c73460d82b852939472798a,เพนเทล ปากกาลูกลื่น B810-C 0.8 มม. ด้ามสีเงิน หมึกสีน้ําเงิน,1-3 วัน,"฿

400.00",฿,,,,,,สินค้าหมด
https://www.makro.pro/th/p/KLgikVu-556430347159151?info=JTdCJTIyaW5kZXhDbGlja2VkJTIyJTNBMTY4JTdE,https://images.mango-prod.siammakro.cloud/SOURCE/ffff71a0163644c6aa544e3d41acc34a,โมนามิ ปากกาสีน้ํา รุ่น PLUS PEN 3000 เซ็ต 6 ชุด 36 สี,1-3 วัน,"฿

414.00",฿,,,,,,สินค้าหมด
https://www.makro.pro/th/p/336PMyz-503214181958002?info=JTdCJTIyaW5kZXhDbGlja2VkJTIyJTNBMTY5JTdE,https://images.mango-prod.siammakro.cloud/SOURCE/9c91e35b87fa4073a56220227fd73504,ตุ๊กตามาสคอต - SEA GAME,3-7 วัน,"฿

770.00",฿,,,,,,สินค้าหมด
https://www.makro.pro/th/p/9Cf5VvG-597435438287683?info=JTdCJTIyaW5kZXhDbGlja2VkJTIyJTNBMTcwJTdE,https://images.mango-prod.siammakro.cloud/SOURCE/931ade0602c64c95ab38053093507d69,โมนามิ ปากกาลูกลื่น รุ่น FX 153 0.5 ปากกาน้ําเงิน 12 แท่ง,1-3 วัน,"฿

312.00",฿,,,,,,สินค้าหมด
https://www.makro.pro/th/p/hiCgmEt-709325170466509?info=JTdCJTIyaW5kZXhDbGlja2VkJTIyJTNBMTcxJTdE,https://images.mango-prod.siammakro.cloud/SOURCE/9cec3c0f2321403fa2d9145826a58679,สตาบิโล ยางลบ รุ่น CONQUEROR 1193C30 แพ็ค 30 ชิ้น,1-3 วัน,฿,209.,00,฿ 240.00,-12%,ซื้ออย่างน้อย 499฿ ลดเพิ่ม 25฿,,สินค้าหมด
https://www.makro.pro/th/p/vRSXGzG-52291976675770?info=JTdCJTIyaW5kZXhDbGlja2VkJTIyJTNBMTcyJTdE,https://images.mango-prod.siammakro.cloud/SOURCE/26205698f03946de97121c4386255ee6,สตาบิโล Boss Original ปากกาไฮไลท์ สี Red รุ่น 70/40 x 10 ด้าม,1-3 วัน,฿,339.,00,฿ 390.00,-13%,ซื้ออย่างน้อย 499฿ ลดเพิ่ม 25฿,+1,สินค้าหมด
https://www.makro.pro/th/p/OICGYGg-266528487503179?info=JTdCJTIyaW5kZXhDbGlja2VkJTIyJTNBMTczJTdE,https://images.mango-prod.siammakro.cloud/SOURCE/f55ffa6f8bb9470f8b9b3acc1c703d2b,ตุ๊กตามาสคอต - พฤหัสบดี (PAHUT),3-7 วัน,"฿

770.00",฿,,,,,,สินค้าหมด
https://www.makro.pro/th/p/JIqemej-785556007035964?info=JTdCJTIyaW5kZXhDbGlja2VkJTIyJTNBMTc0JTdE,https://images.mango-prod.siammakro.cloud/SOURCE/1996430fe1bf49779242329f32948ee3,ตุ๊กตามาสคอต - อาทิตย์ (ARTHIT),3-7 วัน,"฿

770.00",฿,,,,,,สินค้าหมด
https://www.makro.pro/th/p/p3zx7wM-846703824540140?info=JTdCJTIyaW5kZXhDbGlja2VkJTIyJTNBMTc1JTdE,https://images.mango-prod.siammakro.cloud/SOURCE/41155982eeed4c979c3ad0319e4a8118,ตุ๊กตามาสคอต - อังคาร (ANGKAN),3-7 วัน,"฿

770.00",฿,,,,,,สินค้าหมด
https://www.makro.pro/th/p/J59OXBR-172316207831882?info=JTdCJTIyaW5kZXhDbGlja2VkJTIyJTNBMTc2JTdE,https://images.mango-prod.siammakro.cloud/SOURCE/924e78129ee947a8bd6d121ec1bf85e6,ตุ๊กตามาสคอต - ศุกร์ (SUK),3-7 วัน,"฿

770.00",฿,,,,,,สินค้าหมด
https://www.makro.pro/th/p/4VnNyD3-812371996763113?info=JTdCJTIyaW5kZXhDbGlja2VkJTIyJTNBMTc3JTdE,https://images.mango-prod.siammakro.cloud/SOURCE/b6d8d832b2e24433a4401dab4cb21b3f,ตุ๊กตามาสคอต - พุธ (PUT),3-7 วัน,"฿

770.00",฿,,,,,,สินค้าหมด
https://www.makro.pro/th/p/0FCcsU6-610315234226697?info=JTdCJTIyaW5kZXhDbGlja2VkJTIyJTNBMTc4JTdE,https://images.mango-prod.siammakro.cloud/SOURCE/555e07326fc84ed2970e5abbebe5c6aa,ตุ๊กตามาสคอต - PARALYMPIC,3-7 วัน,"฿

770.00",฿,,,,,,สินค้าหมด
https://www.makro.pro/th/p/j30ujCqY-778371951163797?info=JTdCJTIyaW5kZXhDbGlja2VkJTIyJTNBMTc5JTdE,https://images.mango-prod.siammakro.cloud/product-images/778371951163797-5a0774d0-1300-4d30-9226-fbab86de710a.jpeg?imageMogr2/thumbnail/300x300,กล่องสุ่มพวงกุญแจสนูปี้,สั่งเช้า ส่งเย็น,"฿

199.00",฿,,,,,,สินค้าหมด
https://www.makro.pro/th/p/nmweWUR-348634707179978?info=JTdCJTIyaW5kZXhDbGlja2VkJTIyJTNBMTgwJTdE,https://images.mango-prod.siammakro.cloud/SOURCE/17a1957615c54989a0e341fc20ea7a85,NEWLAND Barcode Scanner NLSHR1070 - A0138931,3-7 วัน,"฿

890.00",฿,,,,,,สินค้าหมด
https://www.makro.pro/th/p/pBgtwbM-691234218131854?info=JTdCJTIyaW5kZXhDbGlja2VkJTIyJTNBMTgxJTdE,https://images.mango-prod.siammakro.cloud/SOURCE/97a6a9d1211144a899a0900e824a3dfb,Barcode Scanner Bluetooth VENUS AV2078 - A0143377,3-7 วัน,"฿

4,460.00",฿,,,,,,สินค้าหมด
https://www.makro.pro/th/p/fyhyoLz-637909278703135?info=JTdCJTIyaW5kZXhDbGlja2VkJTIyJTNBMTgyJTdE,https://images.mango-prod.siammakro.cloud/SOURCE/34b7f1a053534c599dd9d7704e974051,Barcode Scanner 2D HONEYWELL XENON 1950GSR - A0136279 - A0136279,3-7 วัน,"฿

4,660.00",฿,,,,,,สินค้าหมด
https://www.makro.pro/th/p/JH7dmdh-506660193390787?info=JTdCJTIyaW5kZXhDbGlja2VkJTIyJTNBMTgzJTdE,https://images.mango-prod.siammakro.cloud/SOURCE/8646deaf650846e79c2dc00d4da4bdcb,FO-GEL033 Quick dry 0.5 ดํา กล่อง 10 ด้าม,3-5 วัน,฿,176.,00,฿ 200.00,-12%,,,สินค้าหมด
https://www.makro.pro/th/p/mGlmD3t-760692882069497?info=JTdCJTIyaW5kZXhDbGlja2VkJTIyJTNBMTg0JTdE,https://images.mango-prod.siammakro.cloud/SOURCE/a3aec22461924dfcb6d4d507a78efcba,FO-GELB022 ปากกาลูกลื่น 0.7 แดง กล่อง 36 ด้าม,3-5 วัน,฿,235.,00,฿ 365.00,-35%,,,สินค้าหมด
https://www.makro.pro/th/p/6gdponm1-231190649368924?info=JTdCJTIyaW5kZXhDbGlja2VkJTIyJTNBMTg1JTdE,https://images.mango-prod.siammakro.cloud/product-images/231190649368924-d1d82506-9110-4776-be1c-d3e22ae24add.jpeg?imageMogr2/thumbnail/300x300,ตุ๊กตาสนูปปี้ 40 นิ้ว สีขาว 1X1,สั่งเช้า ส่งเย็น,"฿

999.00",฿,,,,,,สินค้าหมด
