MuiBox-root href,MuiBox-root src,MuiBox-root,css-1n8x1y2,MuiTypography-root (2),MuiTypography-root (3),MuiBox-root (2),MuiTypography-root (5),MuiTypography-root (6),MuiTypography-root (7)
https://www.makro.pro/th/p/9zs7e6i-7499745231043?info=JTdCJTIycGFnZVNsdWclMjIlM0ElMjJNb20lMjBhbmQlMjBCYWJ5JTIwJTdDJTIwTWlsayUyMFBvd2RlciUyRjIzMDc4JTIyJTJDJTIyY2Fyb3VzZWxOYW1lJTIyJTNBJTIyJTIyJTJDJTIyY29sbGVjdGlvbklkJTIyJTNBJTIyMjMwNzglMjIlN0Q,https://images.mango-prod.siammakro.cloud/SOURCE/5a52685c5e7b436b83b5da00a9a9e8d8,"ซื้อ 1,200฿ ได้รับ 50 พอยท์",ดูเม็กซ์ ดูแลค ผลิตภัณฑ์นมผง สูตร 1 550 ก. x 3,"฿

786.

00",฿,,,,
https://www.makro.pro/th/p/sukyk9d-7497423782083?info=JTdCJTIycGFnZVNsdWclMjIlM0ElMjJNb20lMjBhbmQlMjBCYWJ5JTIwJTdDJTIwTWlsayUyMFBvd2RlciUyRjIzMDc4JTIyJTJDJTIyY2Fyb3VzZWxOYW1lJTIyJTNBJTIyJTIyJTJDJTIyY29sbGVjdGlvbklkJTIyJTNBJTIyMjMwNzglMjIlMkMlMjJpbmRleENsaWNrZWQlMjIlM0ExJTdE,https://images.mango-prod.siammakro.cloud/product-images/7497423782083-28755048-a0bd-4aed-9455-a009b92043ba.jpeg?imageMogr2/thumbnail/300x300,"ซื้อ 1,200฿ ได้รับ 120 พอยท์",คาร์เนชัน ทรีพลัส สมาร์ทโก ผลิตภัณฑ์นมผง รสน้ําผึ้ง 500 ก. x 3,฿,345.,+2,฿ 381.00,3+ units,-9%
https://www.makro.pro/th/p/ogwzwma-7499758239939?info=JTdCJTIycGFnZVNsdWclMjIlM0ElMjJNb20lMjBhbmQlMjBCYWJ5JTIwJTdDJTIwTWlsayUyMFBvd2RlciUyRjIzMDc4JTIyJTJDJTIyY2Fyb3VzZWxOYW1lJTIyJTNBJTIyJTIyJTJDJTIyY29sbGVjdGlvbklkJTIyJTNBJTIyMjMwNzglMjIlMkMlMjJpbmRleENsaWNrZWQlMjIlM0EyJTdE,https://images.mango-prod.siammakro.cloud/product-images/7499758239939-ce2946dd-ec12-427b-add7-2606433693b3.jpeg?imageMogr2/thumbnail/300x300,"ซื้อ 1,200฿ ได้รับ 50 พอยท์",ไฮคิว ซูเปอร์โกลด์ ซินไบโอโพรเทก นมผงสําหรับเด็กเล็กอายุ 6 เดือน - 3 ปี ช่วงวัยที่ 2 2.85 กก.,"฿

2,210.

00",฿,,,,
https://www.makro.pro/th/p/0oj2s_x-7352889082051?info=JTdCJTIycGFnZVNsdWclMjIlM0ElMjJNb20lMjBhbmQlMjBCYWJ5JTIwJTdDJTIwTWlsayUyMFBvd2RlciUyRjIzMDc4JTIyJTJDJTIyY2Fyb3VzZWxOYW1lJTIyJTNBJTIyJTIyJTJDJTIyY29sbGVjdGlvbklkJTIyJTNBJTIyMjMwNzglMjIlMkMlMjJpbmRleENsaWNrZWQlMjIlM0EzJTdE,https://images.mango-prod.siammakro.cloud/product-images/7352889082051-a67221d1-84a7-4285-899e-1a548baf6f2c.jpeg?imageMogr2/thumbnail/300x300,"ซื้อ 1,200฿ ได้รับ 120 พอยท์",ซีรีแล็ค อาหารเสริมธัญพืชสําหรับเด็กเล็ก สูตรผลไม้รวม 200 ก. x 3,฿,239.,+2,฿ 261.00,2+ units,-8%
https://www.makro.pro/th/p/sfoipcq-7352881578179?info=JTdCJTIycGFnZVNsdWclMjIlM0ElMjJNb20lMjBhbmQlMjBCYWJ5JTIwJTdDJTIwTWlsayUyMFBvd2RlciUyRjIzMDc4JTIyJTJDJTIyY2Fyb3VzZWxOYW1lJTIyJTNBJTIyJTIyJTJDJTIyY29sbGVjdGlvbklkJTIyJTNBJTIyMjMwNzglMjIlMkMlMjJpbmRleENsaWNrZWQlMjIlM0E0JTdE,https://images.mango-prod.siammakro.cloud/product-images/7352881578179-f220f536-eada-4222-94f7-0c5cf1eded03.jpeg?imageMogr2/thumbnail/300x300,"ซื้อ 1,200฿ ได้รับ 120 พอยท์",ซีรีแล็ค อินแฟนท์ อาหารเสริมธัญพืช สูตรเริ่มต้น ข้าวสาลี และนม 200 ก. x 3,฿,239.,+2,฿ 261.00,2+ units,-8%
https://www.makro.pro/th/p/71yu1uq-7352925782211?info=JTdCJTIycGFnZVNsdWclMjIlM0ElMjJNb20lMjBhbmQlMjBCYWJ5JTIwJTdDJTIwTWlsayUyMFBvd2RlciUyRjIzMDc4JTIyJTJDJTIyY2Fyb3VzZWxOYW1lJTIyJTNBJTIyJTIyJTJDJTIyY29sbGVjdGlvbklkJTIyJTNBJTIyMjMwNzglMjIlMkMlMjJpbmRleENsaWNrZWQlMjIlM0E1JTdE,https://images.mango-prod.siammakro.cloud/product-images/7352925782211-9eabe83e-e55a-4930-b984-0c8b0d907aae.jpeg?imageMogr2/thumbnail/300x300,"ซื้อ 1,200฿ ได้รับ 120 พอยท์",ซีรีแล็ค อาหารเสริมธัญพืชสําหรับเด็กเล็ก ผสมกล้วยบด 250 ก. x 3,฿,239.,+2,฿ 261.00,2+ units,-8%
https://www.makro.pro/th/p/stsqvrj-7497619800259?info=JTdCJTIycGFnZVNsdWclMjIlM0ElMjJNb20lMjBhbmQlMjBCYWJ5JTIwJTdDJTIwTWlsayUyMFBvd2RlciUyRjIzMDc4JTIyJTJDJTIyY2Fyb3VzZWxOYW1lJTIyJTNBJTIyJTIyJTJDJTIyY29sbGVjdGlvbklkJTIyJTNBJTIyMjMwNzglMjIlMkMlMjJpbmRleENsaWNrZWQlMjIlM0E2JTdE,https://images.mango-prod.siammakro.cloud/product-images/7497619800259-3ad9a64f-21e4-417a-a066-dab1d3e4fbaf.jpeg?imageMogr2/thumbnail/300x300,"ซื้อ 1,200฿ ได้รับ 120 พอยท์",คาร์เนชัน ทรีพลัส สมาร์ทโก ผลิตภัณฑ์นมผง กลิ่นวานิลลา 500 ก. x 3,฿,345.,+2,฿ 381.00,3+ units,-9%
https://www.makro.pro/th/p/qfzmlec-7497452650691?info=JTdCJTIycGFnZVNsdWclMjIlM0ElMjJNb20lMjBhbmQlMjBCYWJ5JTIwJTdDJTIwTWlsayUyMFBvd2RlciUyRjIzMDc4JTIyJTJDJTIyY2Fyb3VzZWxOYW1lJTIyJTNBJTIyJTIyJTJDJTIyY29sbGVjdGlvbklkJTIyJTNBJTIyMjMwNzglMjIlMkMlMjJpbmRleENsaWNrZWQlMjIlM0E3JTdE,https://images.mango-prod.siammakro.cloud/SOURCE/1c72a7ee23ef4d26be61a1f0d082a9c8,"ซื้อ 1,200฿ ได้รับ 120 พอยท์",คาร์เนชั่น วันพลัส สมาร์ทโก ผลิตภัณฑ์นมผง กลิ่นวานิลลา 550 กรัม แพ็ค 3 ถุง,฿,345.,+2,฿ 381.00,3+ units,-9%
https://www.makro.pro/th/p/i7al-38-7352938365123?info=JTdCJTIycGFnZVNsdWclMjIlM0ElMjJNb20lMjBhbmQlMjBCYWJ5JTIwJTdDJTIwTWlsayUyMFBvd2RlciUyRjIzMDc4JTIyJTJDJTIyY2Fyb3VzZWxOYW1lJTIyJTNBJTIyJTIyJTJDJTIyY29sbGVjdGlvbklkJTIyJTNBJTIyMjMwNzglMjIlMkMlMjJpbmRleENsaWNrZWQlMjIlM0E4JTdE,https://images.mango-prod.siammakro.cloud/product-images/7352938365123-bd963aec-4ae9-4109-b8b1-7fc87eccd7d0.jpeg?imageMogr2/thumbnail/300x300,"ซื้อ 1,200฿ ได้รับ 120 พอยท์",คาร์เนชัน วันพลัส สมาร์ทโก ผลิตภัณฑ์นมผง รสจืด 500 ก. x 3,฿,345.,+2,฿ 381.00,3+ units,-9%
https://www.makro.pro/th/p/50zlr4a-7499714166979?info=JTdCJTIycGFnZVNsdWclMjIlM0ElMjJNb20lMjBhbmQlMjBCYWJ5JTIwJTdDJTIwTWlsayUyMFBvd2RlciUyRjIzMDc4JTIyJTJDJTIyY2Fyb3VzZWxOYW1lJTIyJTNBJTIyJTIyJTJDJTIyY29sbGVjdGlvbklkJTIyJTNBJTIyMjMwNzglMjIlMkMlMjJpbmRleENsaWNrZWQlMjIlM0E5JTdE,https://images.mango-prod.siammakro.cloud/product-images/7499714166979-ceaff44f-7533-4c86-a953-a52739cade39.jpeg?imageMogr2/thumbnail/300x300,"ซื้อ 1,200฿ ได้รับ 50 พอยท์",ไฮคิว สูตร 2 พรีไบโอโพรเทค นมผงดัดแปลง สําหรับทารกและเด็กเล็กวัย 6 เดือน-3 ปี 550 ก.,"฿

315.

00",฿,,,,
https://www.makro.pro/th/p/6a_ug1j-7499749589187?info=JTdCJTIycGFnZVNsdWclMjIlM0ElMjJNb20lMjBhbmQlMjBCYWJ5JTIwJTdDJTIwTWlsayUyMFBvd2RlciUyRjIzMDc4JTIyJTJDJTIyY2Fyb3VzZWxOYW1lJTIyJTNBJTIyJTIyJTJDJTIyY29sbGVjdGlvbklkJTIyJTNBJTIyMjMwNzglMjIlMkMlMjJpbmRleENsaWNrZWQlMjIlM0ExMCU3RA,https://images.mango-prod.siammakro.cloud/SOURCE/176071f7625041ea9bc757d4a5f02c02,"ซื้อ 1,200฿ ได้รับ 50 พอยท์",ดูเม็กซ์ ดูมิลค์ 1 พลัส ผลิตภัณฑ์นมผง สูตร 3 รสจืด 550 ก. x 3,"฿

406.

00",฿,,,,
https://www.makro.pro/th/p/zpyh8jj-7497544335555?info=JTdCJTIycGFnZVNsdWclMjIlM0ElMjJNb20lMjBhbmQlMjBCYWJ5JTIwJTdDJTIwTWlsayUyMFBvd2RlciUyRjIzMDc4JTIyJTJDJTIyY2Fyb3VzZWxOYW1lJTIyJTNBJTIyJTIyJTJDJTIyY29sbGVjdGlvbklkJTIyJTNBJTIyMjMwNzglMjIlMkMlMjJpbmRleENsaWNrZWQlMjIlM0ExMSU3RA,https://images.mango-prod.siammakro.cloud/product-images/7497544335555-6fff5064-4108-4b7b-8d49-0d3bbc59f895.jpeg?imageMogr2/thumbnail/300x300,"ซื้อ 1,200฿ ได้รับ 50 พอยท์",เอนฟาแล็ค สมาร์ทพลัส สูตร 2 สําหรับเด็กตั้งแต่ 6 เดือน - 3 ปี 550 กรัม,"฿

272.

00",฿,,,,
https://www.makro.pro/th/p/7v0pol9-7497603612867?info=JTdCJTIycGFnZVNsdWclMjIlM0ElMjJNb20lMjBhbmQlMjBCYWJ5JTIwJTdDJTIwTWlsayUyMFBvd2RlciUyRjIzMDc4JTIyJTJDJTIyY2Fyb3VzZWxOYW1lJTIyJTNBJTIyJTIyJTJDJTIyY29sbGVjdGlvbklkJTIyJTNBJTIyMjMwNzglMjIlMkMlMjJpbmRleENsaWNrZWQlMjIlM0ExMiU3RA,https://images.mango-prod.siammakro.cloud/product-images/7497603612867-62f3fa8b-ce1a-4fa5-8fb4-7cdee4470078.jpeg?imageMogr2/thumbnail/300x300,"ซื้อ 1,200฿ ได้รับ 120 พอยท์",เนสท์เล่ ซีรีแล็ค โจ๊ก สูตรไก่ผักและแครอท 200 ก. x 3,฿,239.,+2,฿ 261.00,2+ units,-8%
https://www.makro.pro/th/p/6dw4j5t-7497409102019?info=JTdCJTIycGFnZVNsdWclMjIlM0ElMjJNb20lMjBhbmQlMjBCYWJ5JTIwJTdDJTIwTWlsayUyMFBvd2RlciUyRjIzMDc4JTIyJTJDJTIyY2Fyb3VzZWxOYW1lJTIyJTNBJTIyJTIyJTJDJTIyY29sbGVjdGlvbklkJTIyJTNBJTIyMjMwNzglMjIlMkMlMjJpbmRleENsaWNrZWQlMjIlM0ExMyU3RA,https://images.mango-prod.siammakro.cloud/product-images/7497409102019-a14aa1be-4e5a-43d4-8600-363619b5f751.jpeg?imageMogr2/thumbnail/300x300,"ซื้อ 1,200฿ ได้รับ 50 พอยท์",เอนฟาแล็ค เอพลัส 360 ดีเอชเอ พลัส นมผงดัดแปลงสําหรับเด็ก สูตร2 550กรัม,"฿

500.

00",฿,,,,
https://www.makro.pro/th/p/uf28gpi-7499648172227?info=JTdCJTIycGFnZVNsdWclMjIlM0ElMjJNb20lMjBhbmQlMjBCYWJ5JTIwJTdDJTIwTWlsayUyMFBvd2RlciUyRjIzMDc4JTIyJTJDJTIyY2Fyb3VzZWxOYW1lJTIyJTNBJTIyJTIyJTJDJTIyY29sbGVjdGlvbklkJTIyJTNBJTIyMjMwNzglMjIlMkMlMjJpbmRleENsaWNrZWQlMjIlM0ExNCU3RA,https://images.mango-prod.siammakro.cloud/SOURCE/5b065d4133dd498b9a75cddc81aa652a,"ซื้อ 1,200฿ ได้รับ 50 พอยท์",ดูเม็กซ์ ดูแลค ผลิตภัณฑ์นมผง สูตร 1 250 ก. x 6,"฿

603.

00",฿,,,,
https://www.makro.pro/th/p/26p8b6q-7352943214787?info=JTdCJTIycGFnZVNsdWclMjIlM0ElMjJNb20lMjBhbmQlMjBCYWJ5JTIwJTdDJTIwTWlsayUyMFBvd2RlciUyRjIzMDc4JTIyJTJDJTIyY2Fyb3VzZWxOYW1lJTIyJTNBJTIyJTIyJTJDJTIyY29sbGVjdGlvbklkJTIyJTNBJTIyMjMwNzglMjIlMkMlMjJpbmRleENsaWNrZWQlMjIlM0ExNSU3RA,https://images.mango-prod.siammakro.cloud/SOURCE/41b711d60890491d98f0b2a1868408b4,"ซื้อ 1,200฿ ได้รับ 50 พอยท์",ดูเม็กซ์ ดูโปร นมผงสูตร 2 500 ก. x 3,"฿

728.

00",฿,,,,
https://www.makro.pro/th/p/0s2qhrv-7497364537539?info=JTdCJTIycGFnZVNsdWclMjIlM0ElMjJNb20lMjBhbmQlMjBCYWJ5JTIwJTdDJTIwTWlsayUyMFBvd2RlciUyRjIzMDc4JTIyJTJDJTIyY2Fyb3VzZWxOYW1lJTIyJTNBJTIyJTIyJTJDJTIyY29sbGVjdGlvbklkJTIyJTNBJTIyMjMwNzglMjIlMkMlMjJpbmRleENsaWNrZWQlMjIlM0ExNiU3RA,https://images.mango-prod.siammakro.cloud/product-images/7497364537539-b5b47308-c5d3-481e-8dc5-9f2450962674.jpeg?imageMogr2/thumbnail/300x300,"ซื้อ 1,200฿ ได้รับ 50 พอยท์",เอนฟาแล็ค A+สูตร1 500/550กรัมX1,"฿

567.

00",฿,,,,
https://www.makro.pro/th/p/32YX5yxD-993301946234719?info=JTdCJTIycGFnZVNsdWclMjIlM0ElMjJNb20lMjBhbmQlMjBCYWJ5JTIwJTdDJTIwTWlsayUyMFBvd2RlciUyRjIzMDc4JTIyJTJDJTIyY2Fyb3VzZWxOYW1lJTIyJTNBJTIyJTIyJTJDJTIyY29sbGVjdGlvbklkJTIyJTNBJTIyMjMwNzglMjIlMkMlMjJpbmRleENsaWNrZWQlMjIlM0ExNyU3RA,https://images.mango-prod.siammakro.cloud/product-images/993301946234719-7d275f9d-83ba-4938-91d7-bc0777d10d74.jpeg?imageMogr2/thumbnail/300x300,"ซื้อ 1,200฿ ได้รับ 120 พอยท์",ซีรีแล็ค โจ๊กผัก 3 สี (ผักโขม ฟักทอง และแครอท) 200 ก. x 3,฿,239.,+2,฿ 261.00,2+ units,-8%
https://www.makro.pro/th/p/mqd38z4-7497552134339?info=JTdCJTIycGFnZVNsdWclMjIlM0ElMjJNb20lMjBhbmQlMjBCYWJ5JTIwJTdDJTIwTWlsayUyMFBvd2RlciUyRjIzMDc4JTIyJTJDJTIyY2Fyb3VzZWxOYW1lJTIyJTNBJTIyJTIyJTJDJTIyY29sbGVjdGlvbklkJTIyJTNBJTIyMjMwNzglMjIlMkMlMjJpbmRleENsaWNrZWQlMjIlM0ExOCU3RA,https://images.mango-prod.siammakro.cloud/SOURCE/2322f87e420b42e3b53b8df0639e9a6b,"ซื้อ 1,200฿ ได้รับ 120 พอยท์",คาร์เนชัน วันพลัส สมาร์ทโก ผลิตภัณฑ์นมผง รสน้ําผึ้ง 500 ก. x 3,฿,345.,+2,฿ 381.00,3+ units,-9%
https://www.makro.pro/th/p/n8cpys7-7499664883907?info=JTdCJTIycGFnZVNsdWclMjIlM0ElMjJNb20lMjBhbmQlMjBCYWJ5JTIwJTdDJTIwTWlsayUyMFBvd2RlciUyRjIzMDc4JTIyJTJDJTIyY2Fyb3VzZWxOYW1lJTIyJTNBJTIyJTIyJTJDJTIyY29sbGVjdGlvbklkJTIyJTNBJTIyMjMwNzglMjIlMkMlMjJpbmRleENsaWNrZWQlMjIlM0ExOSU3RA,https://images.mango-prod.siammakro.cloud/product-images/7499664883907-feb2c93e-cf8f-4e21-8c73-02975cf3dd0f.jpeg?imageMogr2/thumbnail/300x300,"ซื้อ 1,200฿ ได้รับ 50 พอยท์",ดูเม็กซ์ ดูโปร นมผงสูตร 2 250 ก. x 6,"฿

603.

00",฿,,,,
https://www.makro.pro/th/p/8cAUq5B-533925591427221?info=JTdCJTIycGFnZVNsdWclMjIlM0ElMjJNb20lMjBhbmQlMjBCYWJ5JTIwJTdDJTIwTWlsayUyMFBvd2RlciUyRjIzMDc4JTIyJTJDJTIyY2Fyb3VzZWxOYW1lJTIyJTNBJTIyJTIyJTJDJTIyY29sbGVjdGlvbklkJTIyJTNBJTIyMjMwNzglMjIlMkMlMjJpbmRleENsaWNrZWQlMjIlM0EyMCU3RA,https://images.mango-prod.siammakro.cloud/SOURCE/0974ed018aaf4d039907832a61e6f57c,"ซื้อ 1,200฿ ได้รับ 50 พอยท์",เอส-26 โกลด์เอสเอ็มเอ 500 ก.,"฿

489.

00",฿,,,,
https://www.makro.pro/th/p/q-edsmz-7499774165187?info=JTdCJTIycGFnZVNsdWclMjIlM0ElMjJNb20lMjBhbmQlMjBCYWJ5JTIwJTdDJTIwTWlsayUyMFBvd2RlciUyRjIzMDc4JTIyJTJDJTIyY2Fyb3VzZWxOYW1lJTIyJTNBJTIyJTIyJTJDJTIyY29sbGVjdGlvbklkJTIyJTNBJTIyMjMwNzglMjIlMkMlMjJpbmRleENsaWNrZWQlMjIlM0EyMSU3RA,https://images.mango-prod.siammakro.cloud/SOURCE/33f42bcdac474584a1f44ee2106b1214,"ซื้อ 1,200฿ ได้รับ 50 พอยท์",ดูเม็กซ์ ดูโกร ผลิตภัณฑ์นมผง สูตร 3 รสจืด 550 กรัม,฿,205.,,฿ 231.00,,-11%
https://www.makro.pro/th/p/aZwSWfu-933652867095345?info=JTdCJTIycGFnZVNsdWclMjIlM0ElMjJNb20lMjBhbmQlMjBCYWJ5JTIwJTdDJTIwTWlsayUyMFBvd2RlciUyRjIzMDc4JTIyJTJDJTIyY2Fyb3VzZWxOYW1lJTIyJTNBJTIyJTIyJTJDJTIyY29sbGVjdGlvbklkJTIyJTNBJTIyMjMwNzglMjIlMkMlMjJpbmRleENsaWNrZWQlMjIlM0EyMiU3RA,https://images.mango-prod.siammakro.cloud/product-images/933652867095345-1a88a49d-1f87-4e89-ac42-57e30a655b5b.jpeg?imageMogr2/thumbnail/300x300,"ซื้อ 1,200฿ ได้รับ 50 พอยท์",เอนฟาโกร สมาร์ทพลัส สูตร 1 600 ก.,"฿

343.

00",฿,,,,
https://www.makro.pro/th/p/2fejqgc-7499774853315?info=JTdCJTIycGFnZVNsdWclMjIlM0ElMjJNb20lMjBhbmQlMjBCYWJ5JTIwJTdDJTIwTWlsayUyMFBvd2RlciUyRjIzMDc4JTIyJTJDJTIyY2Fyb3VzZWxOYW1lJTIyJTNBJTIyJTIyJTJDJTIyY29sbGVjdGlvbklkJTIyJTNBJTIyMjMwNzglMjIlMkMlMjJpbmRleENsaWNrZWQlMjIlM0EyMyU3RA,https://images.mango-prod.siammakro.cloud/SOURCE/5398648f4c7a4e8cb86558b793594fcb,"ซื้อ 1,200฿ ได้รับ 50 พอยท์",นมผงดูเม็กซ์2ดูโปร 2750/3000ก.X1,"฿

1,087.

00",฿,,,,
https://www.makro.pro/th/p/Fk-0b1D-684053869602145?info=JTdCJTIycGFnZVNsdWclMjIlM0ElMjJNb20lMjBhbmQlMjBCYWJ5JTIwJTdDJTIwTWlsayUyMFBvd2RlciUyRjIzMDc4JTIyJTJDJTIyY2Fyb3VzZWxOYW1lJTIyJTNBJTIyJTIyJTJDJTIyY29sbGVjdGlvbklkJTIyJTNBJTIyMjMwNzglMjIlMkMlMjJpbmRleENsaWNrZWQlMjIlM0EyNCU3RA,https://images.mango-prod.siammakro.cloud/product-images/684053869602145-44b690e1-33ec-4acb-92d1-d74c6ab5b27c.jpeg?imageMogr2/thumbnail/300x300,"ซื้อ 1,200฿ ได้รับ 50 พอยท์",ตราหมี เบบี นมผงดัดแปลงสูตรต่อเนื่องสําหรับทารกและเด็กเล็ก สูตร 2 2.5 กก.,"฿

922.

00",฿,,,,
https://www.makro.pro/th/p/AsO1m50-429749564357069?info=JTdCJTIycGFnZVNsdWclMjIlM0ElMjJNb20lMjBhbmQlMjBCYWJ5JTIwJTdDJTIwTWlsayUyMFBvd2RlciUyRjIzMDc4JTIyJTJDJTIyY2Fyb3VzZWxOYW1lJTIyJTNBJTIyJTIyJTJDJTIyY29sbGVjdGlvbklkJTIyJTNBJTIyMjMwNzglMjIlMkMlMjJpbmRleENsaWNrZWQlMjIlM0EyNSU3RA,https://images.mango-prod.siammakro.cloud/SOURCE/361b0dad83b54818bbe64458bcc96fb5,"ซื้อ 1,200฿ ได้รับ 50 พอยท์",เอส-26 เอสเอ็มเอ นมผงดัดแปลงสําหรับทารก 2.5 กก.,"฿

1,169.

00",฿,,,,
https://www.makro.pro/th/p/vj05xy6-7325088022723?info=JTdCJTIycGFnZVNsdWclMjIlM0ElMjJNb20lMjBhbmQlMjBCYWJ5JTIwJTdDJTIwTWlsayUyMFBvd2RlciUyRjIzMDc4JTIyJTJDJTIyY2Fyb3VzZWxOYW1lJTIyJTNBJTIyJTIyJTJDJTIyY29sbGVjdGlvbklkJTIyJTNBJTIyMjMwNzglMjIlMkMlMjJpbmRleENsaWNrZWQlMjIlM0EyNiU3RA,https://images.mango-prod.siammakro.cloud/product-images/7325088022723-e9e3e1e0-db4f-4437-aa22-c5b22a25a0d7.jpeg?imageMogr2/thumbnail/300x300,"ซื้อ 1,200฿ ได้รับ 50 พอยท์",ไฮคิว ดูเม็กซ์ ไฮคิวพรีไบโอโพรเทก นมผง สูตร 2 2.75 กก.,"฿

1,453.

00",฿,,,,
https://www.makro.pro/th/p/kjo-zg0-7499781210307?info=JTdCJTIycGFnZVNsdWclMjIlM0ElMjJNb20lMjBhbmQlMjBCYWJ5JTIwJTdDJTIwTWlsayUyMFBvd2RlciUyRjIzMDc4JTIyJTJDJTIyY2Fyb3VzZWxOYW1lJTIyJTNBJTIyJTIyJTJDJTIyY29sbGVjdGlvbklkJTIyJTNBJTIyMjMwNzglMjIlMkMlMjJpbmRleENsaWNrZWQlMjIlM0EyNyU3RA,https://images.mango-prod.siammakro.cloud/product-images/7499781210307-53b18511-d1a6-464b-86f4-0a031fadae12.jpeg?imageMogr2/thumbnail/300x300,"ซื้อ 1,200฿ ได้รับ 50 พอยท์",ไฮคิว ซูเปอร์โกลด์ ซินไบโอโพรเทก นมผงสําหรับเด็กเล็กอายุ 6 เดือน - 3 ปี ช่วงวัยที่ 2 3.42 กก.,"฿

2,493.

00",฿,,,,
https://www.makro.pro/th/p/2c0synf-7499791139011?info=JTdCJTIycGFnZVNsdWclMjIlM0ElMjJNb20lMjBhbmQlMjBCYWJ5JTIwJTdDJTIwTWlsayUyMFBvd2RlciUyRjIzMDc4JTIyJTJDJTIyY2Fyb3VzZWxOYW1lJTIyJTNBJTIyJTIyJTJDJTIyY29sbGVjdGlvbklkJTIyJTNBJTIyMjMwNzglMjIlMkMlMjJpbmRleENsaWNrZWQlMjIlM0EyOCU3RA,https://images.mango-prod.siammakro.cloud/SOURCE/b570d86d743f400ba73a17c598ca58b6,"ซื้อ 1,200฿ ได้รับ 50 พอยท์",ดูแลค ซูเปอร์มิกซ์ นมผงดัดแปลง 2200 กรัม,"฿

915.

00",฿,,,,
https://www.makro.pro/th/p/BBX70Gj-795240350985845?info=JTdCJTIycGFnZVNsdWclMjIlM0ElMjJNb20lMjBhbmQlMjBCYWJ5JTIwJTdDJTIwTWlsayUyMFBvd2RlciUyRjIzMDc4JTIyJTJDJTIyY2Fyb3VzZWxOYW1lJTIyJTNBJTIyJTIyJTJDJTIyY29sbGVjdGlvbklkJTIyJTNBJTIyMjMwNzglMjIlMkMlMjJpbmRleENsaWNrZWQlMjIlM0EyOSU3RA,https://images.mango-prod.siammakro.cloud/product-images/795240350985845-48352212-1620-41a1-9842-f64681bdc679.jpeg?imageMogr2/thumbnail/300x300,"ซื้อ 1,200฿ ได้รับ 50 พอยท์",เอนฟาแล็ค เอพลัส นมผงเอนฟาแล็ค เจนเทิลแคร์ สูตร 2 2.85 กก.,"฿

3,650.

00",฿,,,,
https://www.makro.pro/th/p/XD1ze-p-553323612677160?info=JTdCJTIycGFnZVNsdWclMjIlM0ElMjJNb20lMjBhbmQlMjBCYWJ5JTIwJTdDJTIwTWlsayUyMFBvd2RlciUyRjIzMDc4JTIyJTJDJTIyY2Fyb3VzZWxOYW1lJTIyJTNBJTIyJTIyJTJDJTIyY29sbGVjdGlvbklkJTIyJTNBJTIyMjMwNzglMjIlMkMlMjJpbmRleENsaWNrZWQlMjIlM0EzMCU3RA,https://images.mango-prod.siammakro.cloud/product-images/553323612677160-8aa60bd3-0fc3-49a0-b205-92b1aecaff78.jpeg?imageMogr2/thumbnail/300x300,"ซื้อ 1,200฿ ได้รับ 50 พอยท์",เอนฟาแล็ค เอพลัส นมผงเอนฟาแล็ค สูตร 2 3.8 กก.,"฿

3,202.

00",฿,,,,
https://www.makro.pro/th/p/0zy6t4n-7352943050947?info=JTdCJTIycGFnZVNsdWclMjIlM0ElMjJNb20lMjBhbmQlMjBCYWJ5JTIwJTdDJTIwTWlsayUyMFBvd2RlciUyRjIzMDc4JTIyJTJDJTIyY2Fyb3VzZWxOYW1lJTIyJTNBJTIyJTIyJTJDJTIyY29sbGVjdGlvbklkJTIyJTNBJTIyMjMwNzglMjIlMkMlMjJpbmRleENsaWNrZWQlMjIlM0EzMSU3RA,https://images.mango-prod.siammakro.cloud/product-images/7352943050947-8751a230-12a3-4506-8dd6-6b4cccdfc176.jpeg?imageMogr2/thumbnail/300x300,"ซื้อ 1,200฿ ได้รับ 50 พอยท์",เอนฟาแล็ค เอพลัส 360 ดีเอชเอ พลัส สูตร 1 2.85 กก.,"฿

2,989.

00",฿,,,,
https://www.makro.pro/th/p/0x9w1jw-7352936857795?info=JTdCJTIycGFnZVNsdWclMjIlM0ElMjJNb20lMjBhbmQlMjBCYWJ5JTIwJTdDJTIwTWlsayUyMFBvd2RlciUyRjIzMDc4JTIyJTJDJTIyY2Fyb3VzZWxOYW1lJTIyJTNBJTIyJTIyJTJDJTIyY29sbGVjdGlvbklkJTIyJTNBJTIyMjMwNzglMjIlMkMlMjJpbmRleENsaWNrZWQlMjIlM0EzMiU3RA,https://images.mango-prod.siammakro.cloud/product-images/7352936857795-4622f534-6e33-4d65-b9f5-c9a38a0779de.jpeg?imageMogr2/thumbnail/300x300,"ซื้อ 1,200฿ ได้รับ 50 พอยท์",ไฮคิว พรีไบโอโพรเทก ผลิตภัณฑ์นมผง สูตร 1 2.75 กก.,"฿

1,681.

00",฿,,,,
https://www.makro.pro/th/p/xb2c33c-7497353134275?info=JTdCJTIycGFnZVNsdWclMjIlM0ElMjJNb20lMjBhbmQlMjBCYWJ5JTIwJTdDJTIwTWlsayUyMFBvd2RlciUyRjIzMDc4JTIyJTJDJTIyY2Fyb3VzZWxOYW1lJTIyJTNBJTIyJTIyJTJDJTIyY29sbGVjdGlvbklkJTIyJTNBJTIyMjMwNzglMjIlMkMlMjJpbmRleENsaWNrZWQlMjIlM0EzMyU3RA,https://images.mango-prod.siammakro.cloud/product-images/7497353134275-6456ed9e-a34d-47dc-be27-6b6cfcedfc53.jpeg?imageMogr2/thumbnail/300x300,"ซื้อ 1,200฿ ได้รับ 50 พอยท์",เอส-26 โกลด์ โปรมิล นมผงดัดแปลงสูตรต่อเนื่อง 500 ก.,"฿

438.

00",฿,,,,
https://www.makro.pro/th/p/3zAw7Oy-743677621693606?info=JTdCJTIycGFnZVNsdWclMjIlM0ElMjJNb20lMjBhbmQlMjBCYWJ5JTIwJTdDJTIwTWlsayUyMFBvd2RlciUyRjIzMDc4JTIyJTJDJTIyY2Fyb3VzZWxOYW1lJTIyJTNBJTIyJTIyJTJDJTIyY29sbGVjdGlvbklkJTIyJTNBJTIyMjMwNzglMjIlMkMlMjJpbmRleENsaWNrZWQlMjIlM0EzNCU3RA,https://images.mango-prod.siammakro.cloud/product-images/743677621693606-a6216f2a-edaa-4983-9fc7-60546970f0ef.jpeg?imageMogr2/thumbnail/300x300,"ซื้อ 1,200฿ ได้รับ 50 พอยท์",เอนฟาแล็ค สมาร์ทพลัส มายด์โปร เจนเทิล แคร์ ดีเอชเอพลัส เอ็มเอฟจีเอ็ม โปร สูตร 1 2.85 กก.,"฿

3,919.

00",฿,,,,
https://www.makro.pro/th/p/fbungju-7499675533507?info=JTdCJTIycGFnZVNsdWclMjIlM0ElMjJNb20lMjBhbmQlMjBCYWJ5JTIwJTdDJTIwTWlsayUyMFBvd2RlciUyRjIzMDc4JTIyJTJDJTIyY2Fyb3VzZWxOYW1lJTIyJTNBJTIyJTIyJTJDJTIyY29sbGVjdGlvbklkJTIyJTNBJTIyMjMwNzglMjIlMkMlMjJpbmRleENsaWNrZWQlMjIlM0EzNSU3RA,https://images.mango-prod.siammakro.cloud/SOURCE/3ed611c3d1b045aeb82cbe88c06d85f5,"ซื้อ 1,200฿ ได้รับ 50 พอยท์",ดูโกร ผลิตภัณฑ์นมผง สูตร 3 รสจืด ขนาด 2750 กรัม,฿,943.,,"฿ 1,049.00",,-10%
https://www.makro.pro/th/p/IOt6FfZ-24309828987379?info=JTdCJTIycGFnZVNsdWclMjIlM0ElMjJNb20lMjBhbmQlMjBCYWJ5JTIwJTdDJTIwTWlsayUyMFBvd2RlciUyRjIzMDc4JTIyJTJDJTIyY2Fyb3VzZWxOYW1lJTIyJTNBJTIyJTIyJTJDJTIyY29sbGVjdGlvbklkJTIyJTNBJTIyMjMwNzglMjIlMkMlMjJpbmRleENsaWNrZWQlMjIlM0EzNiU3RA,https://images.mango-prod.siammakro.cloud/product-images/24309828987379-8a77dbc2-0770-4e97-b04c-00ef23e25c58.jpeg?imageMogr2/thumbnail/300x300,"ซื้อ 1,200฿ ได้รับ 50 พอยท์",เอนฟาโกร สมาร์ทพลัส สูตร 2 3 กก.,"฿

1,490.

00",฿,,,,
https://www.makro.pro/th/p/q-dkd4o-7497605054659?info=JTdCJTIycGFnZVNsdWclMjIlM0ElMjJNb20lMjBhbmQlMjBCYWJ5JTIwJTdDJTIwTWlsayUyMFBvd2RlciUyRjIzMDc4JTIyJTJDJTIyY2Fyb3VzZWxOYW1lJTIyJTNBJTIyJTIyJTJDJTIyY29sbGVjdGlvbklkJTIyJTNBJTIyMjMwNzglMjIlMkMlMjJpbmRleENsaWNrZWQlMjIlM0EzNyU3RA,https://images.mango-prod.siammakro.cloud/product-images/7497605054659-611a3f29-a04a-4e64-a92c-fb630f00fda9.jpeg?imageMogr2/thumbnail/300x300,"ซื้อ 1,200฿ ได้รับ 120 พอยท์",ตราหมี โพรเทกซ์ชัน 3 ผลิตภัณฑ์นมผง รสจืด 2.5 กก.,฿,899.,+2,฿ 965.00,,-6%
https://www.makro.pro/th/p/jxzeyqs-7352908185795?info=JTdCJTIycGFnZVNsdWclMjIlM0ElMjJNb20lMjBhbmQlMjBCYWJ5JTIwJTdDJTIwTWlsayUyMFBvd2RlciUyRjIzMDc4JTIyJTJDJTIyY2Fyb3VzZWxOYW1lJTIyJTNBJTIyJTIyJTJDJTIyY29sbGVjdGlvbklkJTIyJTNBJTIyMjMwNzglMjIlMkMlMjJpbmRleENsaWNrZWQlMjIlM0EzOCU3RA,https://images.mango-prod.siammakro.cloud/product-images/7352908185795-0c9b8448-5206-4dba-84f2-64cd2e14e2bd.jpeg?imageMogr2/thumbnail/300x300,"ซื้อ 1,200฿ ได้รับ 50 พอยท์",เอนฟาแล็ค เอพลัส 360 ดีเอชเอ พลัส สูตร 2 2.85 กก.,"฿

2,531.

00",฿,,,,
https://www.makro.pro/th/p/2noaafa-7497486631107?info=JTdCJTIycGFnZVNsdWclMjIlM0ElMjJNb20lMjBhbmQlMjBCYWJ5JTIwJTdDJTIwTWlsayUyMFBvd2RlciUyRjIzMDc4JTIyJTJDJTIyY2Fyb3VzZWxOYW1lJTIyJTNBJTIyJTIyJTJDJTIyY29sbGVjdGlvbklkJTIyJTNBJTIyMjMwNzglMjIlMkMlMjJpbmRleENsaWNrZWQlMjIlM0EzOSU3RA,https://images.mango-prod.siammakro.cloud/product-images/7497486631107-73f69793-3d5e-4e4c-9b6f-6cf27d5d011a.jpeg?imageMogr2/thumbnail/300x300,"ซื้อ 1,200฿ ได้รับ 50 พอยท์",เอนฟาโกร สมาร์ทพลัส 3 ผลิตภัณฑ์นมผง รสจืด 550 ก.,"฿

283.

00",฿,,,,
https://www.makro.pro/th/p/_hpQZns-578991647959733?info=JTdCJTIycGFnZVNsdWclMjIlM0ElMjJNb20lMjBhbmQlMjBCYWJ5JTIwJTdDJTIwTWlsayUyMFBvd2RlciUyRjIzMDc4JTIyJTJDJTIyY2Fyb3VzZWxOYW1lJTIyJTNBJTIyJTIyJTJDJTIyY29sbGVjdGlvbklkJTIyJTNBJTIyMjMwNzglMjIlMkMlMjJpbmRleENsaWNrZWQlMjIlM0E0MCU3RA,https://images.mango-prod.siammakro.cloud/product-images/578991647959733-3d981054-d8fc-4068-bb0a-52ac275601eb.jpeg?imageMogr2/thumbnail/300x300,"ซื้อ 1,200฿ ได้รับ 50 พอยท์",เอนฟาโกร สมาร์ทพลัส สูตร 3 รสจืด 3.8 กก.,฿,"1,445.",,"฿ 1,700.00",,-15%
https://www.makro.pro/th/p/2aya6rv-7497491579075?info=JTdCJTIycGFnZVNsdWclMjIlM0ElMjJNb20lMjBhbmQlMjBCYWJ5JTIwJTdDJTIwTWlsayUyMFBvd2RlciUyRjIzMDc4JTIyJTJDJTIyY2Fyb3VzZWxOYW1lJTIyJTNBJTIyJTIyJTJDJTIyY29sbGVjdGlvbklkJTIyJTNBJTIyMjMwNzglMjIlMkMlMjJpbmRleENsaWNrZWQlMjIlM0E0MSU3RA,https://images.mango-prod.siammakro.cloud/product-images/7497491579075-58016f28-1de2-4c57-b9a9-565bdc647614.jpeg?imageMogr2/thumbnail/300x300,"ซื้อ 1,200฿ ได้รับ 50 พอยท์",เอนฟาโกร เอพลัส มายด์โปร ดีเอชเอ พลัส เอ็มเอฟจีเอ็ม โปร 3 วิท ทู-เอฟแอล นมผง รสจืด 2.55 กก.,"฿

1,486.

00",฿,,,,
https://www.makro.pro/th/p/gjyz1fp-7497479553219?info=JTdCJTIycGFnZVNsdWclMjIlM0ElMjJNb20lMjBhbmQlMjBCYWJ5JTIwJTdDJTIwTWlsayUyMFBvd2RlciUyRjIzMDc4JTIyJTJDJTIyY2Fyb3VzZWxOYW1lJTIyJTNBJTIyJTIyJTJDJTIyY29sbGVjdGlvbklkJTIyJTNBJTIyMjMwNzglMjIlMkMlMjJpbmRleENsaWNrZWQlMjIlM0E0MiU3RA,https://images.mango-prod.siammakro.cloud/product-images/7497479553219-d4f1a5fe-a4ad-448c-a650-9a2499f41f4d.jpeg?imageMogr2/thumbnail/300x300,"ซื้อ 1,200฿ ได้รับ 50 พอยท์",เนสท์เล่ เฮลท์ ไซเอนซ์ บูสท์ ออปติมัม กลิ่นวานิลลา 800 ก.,฿,914.,+1,"฿ 1,020.00",,-10%
https://www.makro.pro/th/p/89ivqpf-7499723800771?info=JTdCJTIycGFnZVNsdWclMjIlM0ElMjJNb20lMjBhbmQlMjBCYWJ5JTIwJTdDJTIwTWlsayUyMFBvd2RlciUyRjIzMDc4JTIyJTJDJTIyY2Fyb3VzZWxOYW1lJTIyJTNBJTIyJTIyJTJDJTIyY29sbGVjdGlvbklkJTIyJTNBJTIyMjMwNzglMjIlMkMlMjJpbmRleENsaWNrZWQlMjIlM0E0MyU3RA,https://images.mango-prod.siammakro.cloud/product-images/7499723800771-bb1e58be-c9e8-418e-b5da-24cca3ce68eb.jpeg?imageMogr2/thumbnail/300x300,"ซื้อ 1,200฿ ได้รับ 50 พอยท์",เอนฟาโกร เอพลัส มายด์โปร ดีเอชเอ พลัส นมผงสําหรับเด็ก สูตร 3 รสจืด 4.2 กก.,฿,"1,686.",,"฿ 1,984.00",,-15%
