MuiBox-root href,MuiBox-root src,css-1n8x1y2,MuiTypography-root,MuiTypography-root (2),MuiTypography-root (3),MuiTypography-root (4),MuiTypography-root (5),MuiTypography-root (6),MuiTypography-root (7),MuiBox-root,MuiBox-root (2),MuiBox-root (3)
https://www.makro.pro/th/p/tdV5wKYU-572032800328355,https://images.mango-prod.siammakro.cloud/product-images/572032800328355-53cdbfdd-cba8-451a-8719-119154ca405e.jpeg?imageMogr2/thumbnail/300x300,ไมเดีย พัดลมตั้งโต๊ะ 12 นิ้ว รุ่น MFT123M0CMB สีขาวฟ้า,สั่งเช้า ส่งเย็น,฿,359.,00,฿ 699.00,-48%,,,,
https://www.makro.pro/th/p/Yt5l2H5F-878348813120895?info=JTdCJTIyaW5kZXhDbGlja2VkJTIyJTNBMSU3RA,https://images.mango-prod.siammakro.cloud/product-images/878348813120895-cba14de3-8b47-4ada-96e9-f16bae4489f5.jpeg?imageMogr2/thumbnail/300x300,ไมเดีย พัดลมตั้งโต๊ะ 16 นิ้ว 3 ใบพัด รุ่น MFT163M0BDW สีขาวฟ้า,สั่งเช้า ส่งเย็น,฿,429.,00,฿ 799.00,-46%,,,,
https://www.makro.pro/th/p/6H7U1VLA-862031534318533?info=JTdCJTIyaW5kZXhDbGlja2VkJTIyJTNBMiU3RA,https://images.mango-prod.siammakro.cloud/product-images/862031534318533-ebdbab17-4790-4c10-8da3-438d9ef1e992.jpeg?imageMogr2/thumbnail/300x300,ชาร์ป พัดลมตั้งโต๊ะ 16 นิ้ว รุ่น PJ-TA165 สีเทาหม่น,สั่งเช้า ส่งเย็น,฿,788.,00,฿ 869.00,-9%,1 Option,,,
https://www.makro.pro/th/p/zZ9JrOgU-260067780806998?info=JTdCJTIyaW5kZXhDbGlja2VkJTIyJTNBMyU3RA,https://images.mango-prod.siammakro.cloud/product-images/260067780806998-3c7ff2c2-228f-4353-b746-dbb1859cd60b.jpeg?imageMogr2/thumbnail/300x300,ชาร์ป พัดลมสไลด์ 16 นิ้ว รุ่น PJ-SL165 สีสโนว์,สั่งเช้า ส่งเย็น,฿,888.,00,฿ 969.00,-8%,1 Option,,,
https://www.makro.pro/th/p/rIZEOP4h-624996389916218?info=JTdCJTIyaW5kZXhDbGlja2VkJTIyJTNBNCU3RA,https://images.mango-prod.siammakro.cloud/product-images/624996389916218-255c316f-f2c7-495a-abda-7eb775dc0c2a.jpeg?imageMogr2/thumbnail/300x300,ไมเดีย พัดลมตั้งพื้น 7 นิ้ว 5 ใบพัด รุ่น MFS070M0BPW สีขาว,สั่งเช้า ส่งเย็น,฿,590.,00,฿ 840.00,-29%,,,,
https://www.makro.pro/th/p/16cNhR-B-965472457938342?info=JTdCJTIyaW5kZXhDbGlja2VkJTIyJTNBNSU3RA,https://images.mango-prod.siammakro.cloud/product-images/965472457938342-a100f401-043b-422c-8813-91a6e7515775.jpeg?imageMogr2/thumbnail/300x300,ชาร์ป พัดลมตั้งโต๊ะ 16 นิ้ว รุ่น PJ-TA165 สีสโนว์,สั่งเช้า ส่งเย็น,฿,848.,00,฿ 869.00,-2%,1 Option,,,
https://www.makro.pro/th/p/5H_QWDCZ-563125743217020?info=JTdCJTIyaW5kZXhDbGlja2VkJTIyJTNBNiU3RA,https://images.mango-prod.siammakro.cloud/product-images/563125743217020-fdbc6be7-1347-4792-8360-1c4eec970b87.jpeg?imageMogr2/thumbnail/300x300,MIDEA (ไมเดีย) พัดลมตั้งพืน รุ่น MFS160M0ADWH,3 วัน,฿,690.,00,"฿ 1,390.00",-50%,,ซื้อ 1 หน่วย ได้รับ 10 พอยท์,,
https://www.makro.pro/th/p/flBwZNom-414166875565727?info=JTdCJTIyaW5kZXhDbGlja2VkJTIyJTNBNyU3RA,https://images.mango-prod.siammakro.cloud/product-images/414166875565727-cd79357e-72c7-41a4-8866-8cd9c910c2b7.jpeg?imageMogr2/thumbnail/300x300,ไมเดีย พัดลมตั้งพื้น 30 วัตต์ รุ่น MFS180D0BPW สีขาว,3 วัน,฿,"2,390.",00,"฿ 2,590.00",-7%,,ซื้อ 1 หน่วย ได้รับ 20 พอยท์,,
https://www.makro.pro/th/p/8o-wyn7Q-521726105799556?info=JTdCJTIyaW5kZXhDbGlja2VkJTIyJTNBOCU3RA,https://images.mango-prod.siammakro.cloud/product-images/521726105799556-b62b1e93-876f-47ee-9bfc-e52c38c54c33.jpeg?imageMogr2/thumbnail/300x300,ชาร์ป พัดลมสไลด์รุ่นPJ-SL163 สีฟ้า,สั่งเช้า ส่งเย็น,฿,918.,00,฿ 969.00,-5%,1 Option,ซื้อ 1 หน่วย รับส่วนลด 50฿,,
https://www.makro.pro/th/p/7O6et1v-881574761130213?info=JTdCJTIyaW5kZXhDbGlja2VkJTIyJTNBOSU3RA,https://images.mango-prod.siammakro.cloud/SOURCE/01df25401e87432f968041421fb21f7c,อิมาร์เฟล็กซ์ พัดลมตั้งโต๊ะ 10 นิ้ว 40 วัตต์ รุ่น IF-192 สีเทา,1-3 วัน,฿,405.,00,฿ 459.00,-11%,6+ units,ซื้ออย่างน้อย 1 ชิ้น ลดเพิ่ม 2%,+1,
https://www.makro.pro/th/p/9JdrY2y-928837399805516?info=JTdCJTIyaW5kZXhDbGlja2VkJTIyJTNBMTAlN0Q,https://images.mango-prod.siammakro.cloud/SOURCE/a21f9af2b8774440a0426645040539a0,สมาร์ทโฮม พัดลมปรับระดับ สไลด์ 16 นิ้ว รุ่น SF16A สีขาวเทา,1-3 วัน,฿,799.,00,"฿ 1,590.00",-49%,10+ units,ซื้ออย่างน้อย 1000฿ ลดเพิ่ม 100฿,,
https://www.makro.pro/th/p/6-9n-mw-7275668897987?info=JTdCJTIyaW5kZXhDbGlja2VkJTIyJTNBMTElN0Q,https://images.mango-prod.siammakro.cloud/SOURCE/c85426f0289241f6bc1af38c97a211e1,อิมาร์เฟล็กซ์ พัดลมอุตสาหกรรมตั้งพื้น 18 นิ้ว รุ่น IF-S450,สั่งเช้า ส่งเย็น,฿,890.,00,"฿ 1,190.00",-25%,,,,
https://www.makro.pro/th/p/zT9lkgCE-968512393415544?info=JTdCJTIyaW5kZXhDbGlja2VkJTIyJTNBMTIlN0Q,https://images.mango-prod.siammakro.cloud/product-images/968512393415544-978d45d0-3b69-40d9-a239-bc92904c54cb.jpeg?imageMogr2/thumbnail/300x300,ชาร์ป พัดลมสไลด์ 16 นิ้ว รุ่น PJ-SL165 สีวานิลลา,สั่งเช้า ส่งเย็น,฿,948.,00,฿ 969.00,-2%,,,,สินค้าหมด
https://www.makro.pro/th/p/iewfD0pc-631827579633821?info=JTdCJTIyaW5kZXhDbGlja2VkJTIyJTNBMTMlN0Q,https://images.mango-prod.siammakro.cloud/product-images/631827579633821-a19b3298-e38a-4982-bdec-8f2f05ee372d.jpeg?imageMogr2/thumbnail/300x300,อิมาร์เฟล็กซ์ พัดลมอุตสาหกรรมตั้งโต๊ะ 16 นิ้ว รุ่น IF-163 สีดํา,สั่งเช้า ส่งเย็น,"฿

739.

00",฿,00,,,,,,
https://www.makro.pro/th/p/lLH26o_c-465815984616823?info=JTdCJTIyaW5kZXhDbGlja2VkJTIyJTNBMTQlN0Q,https://images.mango-prod.siammakro.cloud/product-images/465815984616823-c56126a8-1854-4212-b87b-9b87538ae4bf.jpeg?imageMogr2/thumbnail/300x300,ชาร์ป พัดลมสไลด์ รุ่น PJ-SL163 สีเทา,สั่งเช้า ส่งเย็น,฿,918.,00,฿ 969.00,-5%,1 Option,ซื้อ 1 หน่วย รับส่วนลด 50฿,,
https://www.makro.pro/th/p/XCD7Be6-364488513638561?info=JTdCJTIyaW5kZXhDbGlja2VkJTIyJTNBMTUlN0Q,https://images.mango-prod.siammakro.cloud/SOURCE/d6006b5a31514bc897a431256b028587,อิมาร์เฟล็กซ์ พัดลมติดผนัง 1 เชือก ขนาด 18 นิ้ว รุ่น IF-955 สีขาว,1-3 วัน,฿,990.,00,"฿ 1,090.00",-9%,,ซื้ออย่างน้อย 1 ชิ้น ลดเพิ่ม 2%,+1,
https://www.makro.pro/th/p/z1bOk1AP-287779917884184?info=JTdCJTIyaW5kZXhDbGlja2VkJTIyJTNBMTYlN0Q,https://images.mango-prod.siammakro.cloud/product-images/287779917884184-91af7632-35aa-4aa0-be62-bd5e985843b9.jpeg?imageMogr2/thumbnail/300x300,ชาร์ป พัดลมสไลด์ 18 นิ้ว รุ่น PJ-SL182 สีสโนว์,สั่งเช้า ส่งเย็น,฿,"1,248.",00,"฿ 1,449.00",-13%,1 Option,,,
https://www.makro.pro/th/p/HiUIJeO-397092082478652?info=JTdCJTIyaW5kZXhDbGlja2VkJTIyJTNBMTclN0Q,https://images.mango-prod.siammakro.cloud/SOURCE/0615a5985018444b8efd5e49758ccd53,SONAR พัดลมอุตสาหกรรม 18 นิ้ว พัดลม พัดลมตั้งพื้น รุ่น EF-D252 ระบายอากาศ ตั้งพื้น ปรับระดับได้,3-7 วัน,฿,890.,00,"฿ 2,990.00",-70%,,"ซื้อ 2,200฿ ได้รับ 90 พอยท์",,
https://www.makro.pro/th/p/eFFaw_I-181229400434380?info=JTdCJTIyaW5kZXhDbGlja2VkJTIyJTNBMTglN0Q,https://images.mango-prod.siammakro.cloud/SOURCE/a3c7341a62064883aeb2a6e4ac943451,Anitech พัดลมชาร์จไฟ รุ่น SMF-09 ปรับระดับแรงลมได้ 3 ปรับส่าย ซ้าย-ขวาได้สูงสุด 150 องศา,1-3 วัน,฿,399.,00,฿ 550.00,-27%,,ซื้ออย่างน้อย 999฿ ลดเพิ่ม 99฿,+1,
https://www.makro.pro/th/p/lvjmh3x-7275670143171?info=JTdCJTIyaW5kZXhDbGlja2VkJTIyJTNBMTklN0Q,https://images.mango-prod.siammakro.cloud/product-images/7275670143171-a8c89358-d26f-4394-986a-b79b348ab31e.jpeg?imageMogr2/thumbnail/300x300,อิมาร์เฟล็กซ์ พัดลมตั้งโต๊ะ 16 นิ้ว รุ่น IF-966 คละสี,สั่งเช้า ส่งเย็น,฿,509.,00,฿ 529.00,-3%,,,,
https://www.makro.pro/th/p/nWvp0oi--487900393685730?info=JTdCJTIyaW5kZXhDbGlja2VkJTIyJTNBMjAlN0Q,https://images.mango-prod.siammakro.cloud/product-images/487900393685730-abd7ea3f-aa1e-4340-9c10-c30d7aa4ffb8.jpeg?imageMogr2/thumbnail/300x300,อิมาร์เฟล็กซ์ พัดลมตั้งโต๊ะ 12 นิ้ว รุ่น IF- S12 คละสี,สั่งเช้า ส่งเย็น,฿,369.,00,฿ 459.00,-19%,,,,
https://www.makro.pro/th/p/3eBZng6c-288454013273962?info=JTdCJTIyaW5kZXhDbGlja2VkJTIyJTNBMjElN0Q,https://images.mango-prod.siammakro.cloud/product-images/288454013273962-37b02333-4ab9-4d2e-99bb-4ce8cdb5b332.jpeg?imageMogr2/thumbnail/300x300,อิมาร์เฟล็กซ์ พัดลมตั้งโต๊ะ 16 นิ้ว รุ่น IF- M16 คละสี,สั่งเช้า ส่งเย็น,฿,499.,00,฿ 539.00,-7%,,,,
https://www.makro.pro/th/p/37d3X8k4-173868133024890?info=JTdCJTIyaW5kZXhDbGlja2VkJTIyJTNBMjIlN0Q,https://images.mango-prod.siammakro.cloud/product-images/173868133024890-3af2cc4f-1f72-474e-8630-f6bb509caff2.jpeg?imageMogr2/thumbnail/300x300,อิมาร์เฟล็กซ์ พัดลมปรับระดับ (สไลด์) 16 นิ้ว รุ่น IF-781 คละสี,สั่งเช้า ส่งเย็น,฿,699.,00,฿ 990.00,-29%,,,,
https://www.makro.pro/th/p/YJ0s1aSD-760492383942337?info=JTdCJTIyaW5kZXhDbGlja2VkJTIyJTNBMjMlN0Q,https://images.mango-prod.siammakro.cloud/product-images/760492383942337-d25526a8-1b01-485d-a509-88d20890b406.jpeg?imageMogr2/thumbnail/300x300,ฮาตาริ พัดลมตั้งโต๊ะ 16 นิ้ว รุ่น T16M1 สีขาว,สั่งเช้า ส่งเย็น,"฿

848.

00",฿,00,,,1 Option,,,
https://www.makro.pro/th/p/goLz1pHM-613431322400660?info=JTdCJTIyaW5kZXhDbGlja2VkJTIyJTNBMjQlN0Q,https://images.mango-prod.siammakro.cloud/product-images/613431322400660-fb966c7a-4824-4ebf-ac69-233390d079ad.jpeg?imageMogr2/thumbnail/300x300,ฮาตาริ พัดลมสไลด์ 16 นิ้ว รุ่น S16M1 สีขาว,สั่งเช้า ส่งเย็น,"฿

948.

00",฿,00,,,1 Option,ซื้อ 1 หน่วย รับส่วนลด 50฿,,
https://www.makro.pro/th/p/lg9pc0p-7416096194755?info=JTdCJTIyaW5kZXhDbGlja2VkJTIyJTNBMjUlN0Q,https://images.mango-prod.siammakro.cloud/product-images/7416096194755-678c6663-1f60-4c75-a162-fbb378593ad1.jpeg?imageMogr2/thumbnail/300x300,ชาร์ป พัดลมอุตสาหกรรม 18 นิ้ว รุ่น PJC-A18,สั่งเช้า ส่งเย็น,"฿

1,948.

00",฿,00,,,,,,
https://www.makro.pro/th/p/17KbR-g4-972314030698985?info=JTdCJTIyaW5kZXhDbGlja2VkJTIyJTNBMjYlN0Q,https://images.mango-prod.siammakro.cloud/product-images/972314030698985-3d49f742-7471-4d71-abdf-cc9e229ac4b4.jpeg?imageMogr2/thumbnail/300x300,ฮาตาริ พัดลมสไลด์ 16 นิ้ว รุ่น S16M1 สีฟ้า,สั่งเช้า ส่งเย็น,฿,948.,00,฿ 958.00,-1%,1 Option,ซื้อ 1 หน่วย รับส่วนลด 50฿,,
https://www.makro.pro/th/p/0dZ7Mvgb-296532399613671?info=JTdCJTIyaW5kZXhDbGlja2VkJTIyJTNBMjclN0Q,https://images.mango-prod.siammakro.cloud/product-images/296532399613671-e87f6568-c132-4cb0-9193-cf7492569d02.jpeg?imageMogr2/thumbnail/300x300,ฮาตาริ พัดลมสไลด์ 16 นิ้ว รุ่น HT-S16D4 คละสี,สั่งเช้า ส่งเย็น,฿,978.,00,"฿ 1,148.00",-14%,,,,
https://www.makro.pro/th/p/TvsG21Mb-613121315895136?info=JTdCJTIyaW5kZXhDbGlja2VkJTIyJTNBMjglN0Q,https://images.mango-prod.siammakro.cloud/product-images/613121315895136-8b1850b3-fd97-4260-b95f-70011e980191.jpeg?imageMogr2/thumbnail/300x300,ฮาตาริ พัดลมสไลด์ 16 นิ้ว รุ่น S16M1 สีชมพู,สั่งเช้า ส่งเย็น,"฿

948.

00",฿,00,,,1 Option,ซื้อ 1 หน่วย รับส่วนลด 50฿,,
https://www.makro.pro/th/p/U8qQVPvO-334243565697282?info=JTdCJTIyaW5kZXhDbGlja2VkJTIyJTNBMjklN0Q,https://images.mango-prod.siammakro.cloud/product-images/334243565697282-df613572-2934-4331-bbde-e1be244b88c9.jpeg?imageMogr2/thumbnail/300x300,ฮาตาริ พัดลมสไลด์ 16 นิ้ว รุ่น S16M1 สีเขียว,สั่งเช้า ส่งเย็น,฿,948.,00,฿ 958.00,-1%,1 Option,ซื้อ 1 หน่วย รับส่วนลด 50฿,,
https://www.makro.pro/th/p/q_9o9KY1-862766294070700?info=JTdCJTIyaW5kZXhDbGlja2VkJTIyJTNBMzAlN0Q,https://images.mango-prod.siammakro.cloud/product-images/862766294070700-7bca2989-6aac-4c58-ae89-2a82d329d138.jpeg?imageMogr2/thumbnail/300x300,ชาร์ป พัดลมสไลด์ 18 นิ้ว รุ่น PJ-SL182 สีมัจฉะ,สั่งเช้า ส่งเย็น,฿,"1,248.",00,"฿ 1,449.00",-13%,,,,สินค้าหมด
https://www.makro.pro/th/p/O5PKUIIe-237194261872450?info=JTdCJTIyaW5kZXhDbGlja2VkJTIyJTNBMzElN0Q,https://images.mango-prod.siammakro.cloud/product-images/237194261872450-c30f9dba-e3ca-4925-8876-3dad76f2b693.jpeg?imageMogr2/thumbnail/300x300,ฮาตาริ พัดลมตั้งโต๊ะ 16 นิ้ว รุ่น T16M1 สีเขียว,สั่งเช้า ส่งเย็น,"฿

848.

00",฿,00,,,1 Option,,,
https://www.makro.pro/th/p/APqxrRwA-698199372659597?info=JTdCJTIyaW5kZXhDbGlja2VkJTIyJTNBMzIlN0Q,https://images.mango-prod.siammakro.cloud/product-images/698199372659597-cf3b0e1b-64ed-49f0-8ff7-cc65d6e4ecfd.jpeg?imageMogr2/thumbnail/300x300,ชาร์ป พัดลมตั้งโต๊ะ 16 นิ้ว รุ่น PJ-TA165 สีเบบี้บลู,สั่งเช้า ส่งเย็น,฿,788.,00,฿ 869.00,-9%,1 Option,,,
https://www.makro.pro/th/p/LGg5sQW-558750055566031?info=JTdCJTIyaW5kZXhDbGlja2VkJTIyJTNBMzMlN0Q,https://images.mango-prod.siammakro.cloud/SOURCE/268357c8eef4408c80b2dfdbc99d4265,ฮาตาริ พัดลมไอเย็น 42 ล. รุ่น AC GIANT,สั่งเช้า ส่งเย็น,฿,"4,488.",00,"฿ 4,988.00",-10%,,,,
https://www.makro.pro/th/p/a1ZjZrG7-297904079303012?info=JTdCJTIyaW5kZXhDbGlja2VkJTIyJTNBMzQlN0Q,https://images.mango-prod.siammakro.cloud/product-images/297904079303012-b1c62ef4-6d31-4073-924c-6366cd91944d.jpeg?imageMogr2/thumbnail/300x300,ฮาตาริ พัดลมสไลด์ 18 นิ้ว รุ่น S18M1 สีขาว,สั่งเช้า ส่งเย็น,"฿

1,248.

00",฿,00,,,1 Option,,,
https://www.makro.pro/th/p/jZbP0E_s-716335897403203?info=JTdCJTIyaW5kZXhDbGlja2VkJTIyJTNBMzUlN0Q,https://images.mango-prod.siammakro.cloud/product-images/716335897403203-4c1e4cca-fa36-48fb-a050-7d0ecd495ec7.jpeg?imageMogr2/thumbnail/300x300,ฮาตาริ พัดลมติดผนัง 16 นิ้ว รุ่น W16R1 คละสี,สั่งเช้า ส่งเย็น,"฿

1,498.

00",฿,00,,,,,,
https://www.makro.pro/th/p/LNFEOb2_-775643951357694?info=JTdCJTIyaW5kZXhDbGlja2VkJTIyJTNBMzYlN0Q,https://images.mango-prod.siammakro.cloud/product-images/775643951357694-ddf48ad1-554c-4ccf-9261-1a286ea83edb.jpeg?imageMogr2/thumbnail/300x300,ฮาตาริ พัดลมตั้งโต๊ะ 16 นิ้ว รุ่น T16M1 สีฟ้า,สั่งเช้า ส่งเย็น,"฿

848.

00",฿,00,,,1 Option,,,
https://www.makro.pro/th/p/RWzGk6gR-976986678437542?info=JTdCJTIyaW5kZXhDbGlja2VkJTIyJTNBMzclN0Q,https://images.mango-prod.siammakro.cloud/product-images/976986678437542-4b245df9-6bad-40fa-8c7e-389939f31eb1.jpeg?imageMogr2/thumbnail/300x300,ฮาตาริ พัดลมตั้งโต๊ะ 16 นิ้ว รุ่น T16M1 สีชมพู,สั่งเช้า ส่งเย็น,"฿

848.

00",฿,00,,,1 Option,,,
https://www.makro.pro/th/p/Y8m9iag-770418841734620?info=JTdCJTIyaW5kZXhDbGlja2VkJTIyJTNBMzglN0Q,https://images.mango-prod.siammakro.cloud/SOURCE/18b398ad3fae4a29bcd0cf50d4cdd68f,อิมาร์เฟล็กซ์ พัดลมติดผนัง 1 เชือก ขนาด 16 นิ้ว รุ่น IE-161 สีขาว,1-3 วัน,฿,799.,00,฿ 990.00,-19%,,ซื้ออย่างน้อย 1 ชิ้น ลดเพิ่ม 2%,+1,
https://www.makro.pro/th/p/t8sckQK9-861961336665799?info=JTdCJTIyaW5kZXhDbGlja2VkJTIyJTNBMzklN0Q,https://images.mango-prod.siammakro.cloud/product-images/861961336665799-51c092c3-ba57-49ff-9dd5-b09a5d9465f9.jpeg?imageMogr2/thumbnail/300x300,ฮาตาริ พัดลมตั้งโต๊ะ 14 นิ้ว รุ่น T14M1 สีขาว,สั่งเช้า ส่งเย็น,"฿

748.

00",฿,00,,,1 Option,,,
https://www.makro.pro/th/p/bih25mn-7526581534915?info=JTdCJTIyaW5kZXhDbGlja2VkJTIyJTNBNDAlN0Q,https://images.mango-prod.siammakro.cloud/product-images/7526581534915-abec611b-5962-43c9-afb7-d783d4b88dca.jpeg?imageMogr2/thumbnail/300x300,มิตซูบิชิ พัดลมสไลด์ 16 นิ้ว รุ่น R16A-GB,สั่งเช้า ส่งเย็น,฿,"1,250.",00,"฿ 1,290.00",-3%,,,,
https://www.makro.pro/th/p/divGnA0x-513717126208892?info=JTdCJTIyaW5kZXhDbGlja2VkJTIyJTNBNDElN0Q,https://images.mango-prod.siammakro.cloud/product-images/513717126208892-7b679294-be89-49dd-860b-ade82139da88.jpeg?imageMogr2/thumbnail/300x300,ฮาตาริ พัดลมตั้งโต๊ะ 14 นิ้ว รุ่น T14M1 สีชมพู,สั่งเช้า ส่งเย็น,"฿

748.

00",฿,00,,,1 Option,,,
https://www.makro.pro/th/p/lDuyFfXZ-767166713051744?info=JTdCJTIyaW5kZXhDbGlja2VkJTIyJTNBNDIlN0Q,https://images.mango-prod.siammakro.cloud/product-images/767166713051744-369a5fa0-8a5d-4427-9ccc-061b38730a3b.jpeg?imageMogr2/thumbnail/300x300,ฮาตาริ พัดลมสไลด์ 18 นิ้ว รุ่น S18M1 สีฟ้า,สั่งเช้า ส่งเย็น,"฿

1,248.

00",฿,00,,,1 Option,,,
https://www.makro.pro/th/p/7utI4zRE-120417388867614?info=JTdCJTIyaW5kZXhDbGlja2VkJTIyJTNBNDMlN0Q,https://images.mango-prod.siammakro.cloud/product-images/120417388867614-cce7e2d9-748e-476f-9f04-5bf241bf03cf.jpeg?imageMogr2/thumbnail/300x300,ชาร์ป พัดลมสไลด์ 16 นิ้ว รุ่น PJ-SL165 สีเบบี้บลู,สั่งเช้า ส่งเย็น,฿,948.,00,฿ 969.00,-2%,1 Option,,,
https://www.makro.pro/th/p/w75wJs4-970019097930434?info=JTdCJTIyaW5kZXhDbGlja2VkJTIyJTNBNDQlN0Q,https://images.mango-prod.siammakro.cloud/SOURCE/11471def86564cea8320a88cdd1fb433,สมาร์ทโฮม พัดลมปรับระดับ สไลด์ 16 นิ้ว รุ่น SF16A สีเขียว,1-3 วัน,฿,799.,00,"฿ 1,590.00",-49%,10+ units,ซื้ออย่างน้อย 1000฿ ลดเพิ่ม 100฿,,
https://www.makro.pro/th/p/NAzs4sl-646362749369126?info=JTdCJTIyaW5kZXhDbGlja2VkJTIyJTNBNDUlN0Q,https://images.mango-prod.siammakro.cloud/SOURCE/8e5eb41ba59f44839c9e042f68ae207b,อิมาร์เฟล็กซ์ พัดลมอุตสาหกรรมตั้งพื้น ขนาด 12 นิ้ว รุ่น IF-JD12 สีดํา,1-3 วัน,฿,625.,00,฿ 699.00,-10%,2+ units,ซื้ออย่างน้อย 1 ชิ้น ลดเพิ่ม 2%,,
https://www.makro.pro/th/p/16R85mzK-625645004284579?info=JTdCJTIyaW5kZXhDbGlja2VkJTIyJTNBNDYlN0Q,https://images.mango-prod.siammakro.cloud/product-images/625645004284579-6226ed5d-db97-4851-b1e8-f66e9ccd8752.jpeg?imageMogr2/thumbnail/300x300,ชาร์ป พัดลมสไลด์ 18 นิ้ว รุ่น PJ-SL182 สีชาร์โคล,สั่งเช้า ส่งเย็น,฿,"1,248.",00,"฿ 1,449.00",-13%,1 Option,,,
https://www.makro.pro/th/p/56s2dlD1-377675767823351?info=JTdCJTIyaW5kZXhDbGlja2VkJTIyJTNBNDclN0Q,https://images.mango-prod.siammakro.cloud/product-images/377675767823351-130b5f47-0dc5-4a61-8c22-a3d72e49d167.jpeg?imageMogr2/thumbnail/300x300,ฮาตาริ พัดลมตั้งโต๊ะ 14 นิ้ว รุ่น T14M1 สีเขียว,สั่งเช้า ส่งเย็น,"฿

748.

00",฿,00,,,1 Option,,,
https://www.makro.pro/th/p/Eqj4CGdq-738260987887613?info=JTdCJTIyaW5kZXhDbGlja2VkJTIyJTNBNDglN0Q,https://images.mango-prod.siammakro.cloud/product-images/738260987887613-85644a7e-f6af-45e4-8396-7c665b10090a.jpeg?imageMogr2/thumbnail/300x300,ฮาตาริ พัดลมตั้งโต๊ะ 14 นิ้ว รุ่น T14M1 สีฟ้า,สั่งเช้า ส่งเย็น,"฿

748.

00",฿,00,,,1 Option,,,
https://www.makro.pro/th/p/1wxmvDpp-824332776044111?info=JTdCJTIyaW5kZXhDbGlja2VkJTIyJTNBNDklN0Q,https://images.mango-prod.siammakro.cloud/product-images/824332776044111-2ebd3139-504c-4323-94af-d7d29b167649.jpeg?imageMogr2/thumbnail/300x300,ชาร์ป พัดลมสไลด์ 18 นิ้ว รุ่น PJ-SL182 สีเทาหม่น,สั่งเช้า ส่งเย็น,฿,"1,248.",00,"฿ 1,449.00",-13%,1 Option,,,
https://www.makro.pro/th/p/mBgKTB3C-737065938635974?info=JTdCJTIyaW5kZXhDbGlja2VkJTIyJTNBNTAlN0Q,https://images.mango-prod.siammakro.cloud/product-images/737065938635974-bfcc8a55-6739-499b-b687-b22f83c2c0cb.jpeg?imageMogr2/thumbnail/300x300,ชาร์ป พัดลมตั้งโต๊ะ 18 นิ้ว รุ่น PJ-TA182 สีเทาหม่น,สั่งเช้า ส่งเย็น,฿,"1,098.",00,"฿ 1,289.00",-14%,1 Option,,,
https://www.makro.pro/th/p/w3tF1ZRC-811414367177121?info=JTdCJTIyaW5kZXhDbGlja2VkJTIyJTNBNTElN0Q,https://images.mango-prod.siammakro.cloud/product-images/811414367177121-22f292bd-ca12-4f2f-a096-d48fe01a494e.jpeg?imageMogr2/thumbnail/300x300,ชาร์ป พัดลมสไลด์ รุ่น PJ-SL163 สีเทาเข้ม,สั่งเช้า ส่งเย็น,฿,918.,00,฿ 969.00,-5%,1 Option,ซื้อ 1 หน่วย รับส่วนลด 50฿,,
https://www.makro.pro/th/p/6O5JyrRZ-732061875944812?info=JTdCJTIyaW5kZXhDbGlja2VkJTIyJTNBNTIlN0Q,https://images.mango-prod.siammakro.cloud/product-images/732061875944812-80adf6fc-fbb7-4c22-a027-1f02dd7454bc.jpeg?imageMogr2/thumbnail/300x300,ชาร์ป พัดลมติดผนัง 16 นิ้ว รุ่น PJ-WA163 สีเทา,สั่งเช้า ส่งเย็น,฿,998.,00,"฿ 1,229.00",-18%,1 Option,,,
https://www.makro.pro/th/p/UN5Rfx5K-629116819604890?info=JTdCJTIyaW5kZXhDbGlja2VkJTIyJTNBNTMlN0Q,https://images.mango-prod.siammakro.cloud/product-images/629116819604890-46fd5734-d9d8-43f6-ba5e-c2e4fb7445f7.jpeg?imageMogr2/thumbnail/300x300,ชาร์ป พัดลมสไลด์ 16 นิ้ว รุ่น PJ-SL165 สีเทาหม่น,สั่งเช้า ส่งเย็น,฿,948.,00,฿ 969.00,-2%,1 Option,,,
https://www.makro.pro/th/p/p8K6OpgX-534991245837019?info=JTdCJTIyaW5kZXhDbGlja2VkJTIyJTNBNTQlN0Q,https://images.mango-prod.siammakro.cloud/product-images/534991245837019-c14ff2c8-5d43-4a18-a787-bcdb2fcef6b6.jpeg?imageMogr2/thumbnail/300x300,ชาร์ป พัดลมสไลด์ 18 นิ้ว รุ่น PJ-SL182 สีเบบี้บลู,สั่งเช้า ส่งเย็น,฿,"1,248.",00,"฿ 1,449.00",-13%,1 Option,,,
https://www.makro.pro/th/p/6sZE9eP-416787798952195?info=JTdCJTIyaW5kZXhDbGlja2VkJTIyJTNBNTUlN0Q,https://images.mango-prod.siammakro.cloud/SOURCE/d8ac5c0c18ec4867bc15c33ee03fc334,อิมาร์เฟล็กซ์ พัดลมตั้งโต๊ะ 10 นิ้ว 40 วัตต์ รุ่น IF-192 สีชมพู,1-3 วัน,฿,379.,00,฿ 459.00,-17%,,ซื้ออย่างน้อย 1 ชิ้น ลดเพิ่ม 2%,+1,
https://www.makro.pro/th/p/ppDKkWD_-622609501017553?info=JTdCJTIyaW5kZXhDbGlja2VkJTIyJTNBNTYlN0Q,https://images.mango-prod.siammakro.cloud/product-images/622609501017553-c815b245-6c76-4215-9c3b-67d7dc77d1c4.jpeg?imageMogr2/thumbnail/300x300,ฮาตาริ พัดลมตั้งโต๊ะ 18 นิ้ว รุ่น T18M1 สีครีม,สั่งเช้า ส่งเย็น,"฿

1,098.

00",฿,00,,,1 Option,,,
https://www.makro.pro/th/p/Ktajh12-374666001169838?info=JTdCJTIyaW5kZXhDbGlja2VkJTIyJTNBNTclN0Q,https://images.mango-prod.siammakro.cloud/SOURCE/e678ee8a30d34669b0daf52d096900a3,อิมาร์เฟล็กซ์ พัดลมติดผนัง 2 เชือก ขนาด 18 นิ้ว รุ่น IF-956 สีขาว,1-3 วัน,฿,"1,125.",00,"฿ 1,390.00",-19%,2+ units,ซื้ออย่างน้อย 1 ชิ้น ลดเพิ่ม 2%,+1,
https://www.makro.pro/th/p/eoaatR57-266961103714354?info=JTdCJTIyaW5kZXhDbGlja2VkJTIyJTNBNTglN0Q,https://images.mango-prod.siammakro.cloud/product-images/266961103714354-908f30e3-be10-481f-af4d-1b6968e87d95.jpeg?imageMogr2/thumbnail/300x300,ฮาตาริ พัดลมสไลด์ 18 นิ้ว รุ่น S18M1 สีครีม,สั่งเช้า ส่งเย็น,"฿

1,248.

00",฿,00,,,1 Option,,,
https://www.makro.pro/th/p/r0PL_aU-909198691909429?info=JTdCJTIyaW5kZXhDbGlja2VkJTIyJTNBNTklN0Q,https://images.mango-prod.siammakro.cloud/SOURCE/fce29647e41649128101d2af34a6cbc9,อิมาร์เฟล็กซ์ พัดลมสไลด์ 16 นิ้ว 57 วัตต์ รุ่น IF-888X สีเทา,1-3 วัน,฿,859.,00,฿ 979.00,-12%,,ซื้ออย่างน้อย 1 ชิ้น ลดเพิ่ม 2%,+1,
https://www.makro.pro/th/p/2TEFwav-456319298847755?info=JTdCJTIyaW5kZXhDbGlja2VkJTIyJTNBNjAlN0Q,https://images.mango-prod.siammakro.cloud/SOURCE/d770d103fdbc4c629cfa396d94df9adf,อิมาร์เฟล็กซ์ พัดลมติดผนัง 2 เชือก ขนาด 16 นิ้ว รุ่น IE-162 สีขาว,1-3 วัน,฿,890.,00,"฿ 1,090.00",-18%,,ซื้ออย่างน้อย 1 ชิ้น ลดเพิ่ม 2%,+1,
https://www.makro.pro/th/p/Nrzqh5h2-268289956101116?info=JTdCJTIyaW5kZXhDbGlja2VkJTIyJTNBNjElN0Q,https://images.mango-prod.siammakro.cloud/product-images/268289956101116-3b4303d3-a191-4cb9-8e75-eed43cf0d19c.jpeg?imageMogr2/thumbnail/300x300,ชาร์ป พัดลมติดผนัง 18 นิ้ว รุ่น PJ-WA181 สีขาว,สั่งเช้า ส่งเย็น,฿,"1,498.",00,"฿ 1,649.00",-9%,1 Option,,,
https://www.makro.pro/th/p/2UXNVT2-493386212658907?info=JTdCJTIyaW5kZXhDbGlja2VkJTIyJTNBNjIlN0Q,https://images.mango-prod.siammakro.cloud/SOURCE/ff06b435b6b949ed851ff75a9b0ac27d,อิมาร์เฟล็กซ์ พัดลมตั้งโต๊ะ ขนาด 14 นิ้ว รุ่น IF-448 สีเทา,1-3 วัน,฿,589.,00,฿ 679.00,-13%,,ซื้ออย่างน้อย 1 ชิ้น ลดเพิ่ม 2%,+1,
https://www.makro.pro/th/p/YZeJIich-728357860192292?info=JTdCJTIyaW5kZXhDbGlja2VkJTIyJTNBNjMlN0Q,https://images.mango-prod.siammakro.cloud/product-images/728357860192292-bf017728-2b37-40e4-a7d9-b62a56bf0f41.jpeg?imageMogr2/thumbnail/300x300,ชาร์ป พัดลมสไลด์ 16 นิ้ว รุ่น PJ-SL165 สีมัจฉะ,สั่งเช้า ส่งเย็น,฿,948.,00,฿ 969.00,-2%,1 Option,,,
https://www.makro.pro/th/p/0ZERrA3d-436490262700830?info=JTdCJTIyaW5kZXhDbGlja2VkJTIyJTNBNjQlN0Q,https://images.mango-prod.siammakro.cloud/product-images/436490262700830-24e9fb80-b2ce-4ce8-ba2e-484a09dc9b72.jpeg?imageMogr2/thumbnail/300x300,ไมเดีย พัดลมตั้งโต๊ะ 12 นิ้ว 7 ใบพัด รุ่น MFT123M0CMW สีขาว,สั่งเช้า ส่งเย็น,฿,529.,00,฿ 890.00,-40%,,,,
https://www.makro.pro/th/p/YqFPNkz-108605100362134?info=JTdCJTIyaW5kZXhDbGlja2VkJTIyJTNBNjUlN0Q,https://images.mango-prod.siammakro.cloud/SOURCE/77c6cfda0e2a419192416ae15ab81555,อิมาร์เฟล็กซ์ พัดลมตั้งโต๊ะ 10 นิ้ว 40 วัตต์ รุ่น IF-192 สีฟ้า,1-3 วัน,฿,379.,00,฿ 459.00,-17%,,ซื้ออย่างน้อย 1 ชิ้น ลดเพิ่ม 2%,+1,
https://www.makro.pro/th/p/Wy7fKNDe-226880994366493?info=JTdCJTIyaW5kZXhDbGlja2VkJTIyJTNBNjYlN0Q,https://images.mango-prod.siammakro.cloud/product-images/226880994366493-7208aa03-ea21-4045-84d5-80f36e0242f9.jpeg?imageMogr2/thumbnail/300x300,ฮาตาริ พัดลมตั้งโต๊ะ 18 นิ้ว รุ่น T18M1 สีเขียว,สั่งเช้า ส่งเย็น,"฿

1,098.

00",฿,00,,,1 Option,,,
https://www.makro.pro/th/p/n5O2E3aF-826233725392731?info=JTdCJTIyaW5kZXhDbGlja2VkJTIyJTNBNjclN0Q,https://images.mango-prod.siammakro.cloud/product-images/826233725392731-f1caae0d-5588-4f28-af69-37a74a808b51.jpeg?imageMogr2/thumbnail/300x300,ชาร์ป พัดลมตั้งโต๊ะ 18 นิ้ว รุ่น PJ-TA182 สีสโนว์,สั่งเช้า ส่งเย็น,฿,877.,00,"฿ 1,289.00",-31%,1 Option,,,
https://www.makro.pro/th/p/EQxbM9B-241825453588475?info=JTdCJTIyaW5kZXhDbGlja2VkJTIyJTNBNjglN0Q,https://images.mango-prod.siammakro.cloud/SOURCE/bb2f5a1a84654b3a8b3968b6b14381ae,อิมาร์เฟล็กซ์ พัดลมตั้งโต๊ะ ขนาด 12 นิ้ว รุ่น IF-165 สีฟ้าพาสเทล,1-3 วัน,฿,509.,00,฿ 699.00,-27%,,ซื้ออย่างน้อย 1 ชิ้น ลดเพิ่ม 2%,+1,
https://www.makro.pro/th/p/d_p_Y1R-896100012547212?info=JTdCJTIyaW5kZXhDbGlja2VkJTIyJTNBNjklN0Q,https://images.mango-prod.siammakro.cloud/SOURCE/66531c8a3d4040aa9d52c8f52fcfd3b3,อิมาร์เฟล็กซ์ พัดลมอุตสาหกรรมตั้งพื้น ขนาด 12 นิ้ว รุ่น IF-JD12 สีเทา,1-3 วัน,฿,625.,00,฿ 699.00,-10%,2+ units,ซื้ออย่างน้อย 1 ชิ้น ลดเพิ่ม 2%,,
https://www.makro.pro/th/p/0ANY6vN-254067523453466?info=JTdCJTIyaW5kZXhDbGlja2VkJTIyJTNBNzAlN0Q,https://images.mango-prod.siammakro.cloud/SOURCE/a2060eaf5fe34b3cb289006a907ee316,อิมาร์เฟล็กซ์ พัดลมตั้งโต๊ะ ขนาด 12 นิ้ว รุ่น IF-165 สีชมพูพาสเทล,1-3 วัน,฿,509.,00,฿ 699.00,-27%,,ซื้ออย่างน้อย 1 ชิ้น ลดเพิ่ม 2%,+1,
https://www.makro.pro/th/p/97hu0eq-480173969505755?info=JTdCJTIyaW5kZXhDbGlja2VkJTIyJTNBNzElN0Q,https://images.mango-prod.siammakro.cloud/SOURCE/0e2c4fddbd714298baf0acfc47e4a4cc,อิมาร์เฟล็กซ์ พัดลมอุตสาหกรรม 16 นิ้ว 5 ใบพัด รุ่น IF-163,1-3 วัน,฿,859.,00,฿ 990.00,-13%,,ซื้ออย่างน้อย 1 ชิ้น ลดเพิ่ม 2%,+1,
https://www.makro.pro/th/p/CAO_KI-_-662525488211677?info=JTdCJTIyaW5kZXhDbGlja2VkJTIyJTNBNzIlN0Q,https://images.mango-prod.siammakro.cloud/product-images/662525488211677-5c78f766-fd50-4393-b2fc-b425c22a38f0.jpeg?imageMogr2/thumbnail/300x300,ชาร์ป พัดลมตั้งโต๊ะ 18 นิ้ว รุ่น PJ-TA182 สีเบบี้บลู,สั่งเช้า ส่งเย็น,฿,"1,098.",00,"฿ 1,289.00",-14%,1 Option,,,
https://www.makro.pro/th/p/sz5tJwC-538896727875800?info=JTdCJTIyaW5kZXhDbGlja2VkJTIyJTNBNzMlN0Q,https://images.mango-prod.siammakro.cloud/SOURCE/4d19d7e767eb4388b4b55c28675c88d6,อิมาร์เฟล็กซ์ พัดลมตั้งโต๊ะ ขนาด 16 นิ้ว รุ่น IF-952A สีฟ้าพาสเทล,1-3 วัน,฿,659.,00,฿ 759.00,-13%,,ซื้ออย่างน้อย 1 ชิ้น ลดเพิ่ม 2%,,
https://www.makro.pro/th/p/9EvXLS_-219521356175480?info=JTdCJTIyaW5kZXhDbGlja2VkJTIyJTNBNzQlN0Q,https://images.mango-prod.siammakro.cloud/SOURCE/ccd34f7da4134734bbf2ec49a1169383,มาสเตอร์คูล พัดลมDC แบบตั้งพื้น 16 นิ้ว รุ่น MDSF-16,1-3 วัน,฿,"1,690.",00,"฿ 2,890.00",-41%,,,,
https://www.makro.pro/th/p/yg3MB455-475348503274484?info=JTdCJTIyaW5kZXhDbGlja2VkJTIyJTNBNzUlN0Q,https://images.mango-prod.siammakro.cloud/product-images/475348503274484-2749a642-aae4-47a1-9d59-a455dffcca78.jpeg?imageMogr2/thumbnail/300x300,ฮาตาริ พัดลมตั้งโต๊ะ 18 นิ้ว รุ่น T18M1 สีขาว,สั่งเช้า ส่งเย็น,"฿

1,098.

00",฿,00,,,1 Option,,,
https://www.makro.pro/th/p/58NYAic-265786730830290?info=JTdCJTIyaW5kZXhDbGlja2VkJTIyJTNBNzYlN0Q,https://images.mango-prod.siammakro.cloud/SOURCE/3c70ec77fd784fc290896ddeb0efee3a,MASTERKOOL มาสเตอร์คูล พัดลมไอเย็น รุ่น MIK-14EX สีขาว,1-3 วัน,฿,"2,890.",00,"฿ 4,990.00",-42%,,,,
https://www.makro.pro/th/p/keEs5JB-965156668652979?info=JTdCJTIyaW5kZXhDbGlja2VkJTIyJTNBNzclN0Q,https://images.mango-prod.siammakro.cloud/SOURCE/47e0b6e5356e43bdab137220ce9a4a59,อิมาร์เฟล็กซ์ พัดลมตั้งโต๊ะ ขนาด 14 นิ้ว รุ่น IF-448 สีฟ้า,1-3 วัน,฿,589.,00,฿ 679.00,-13%,,ซื้ออย่างน้อย 1 ชิ้น ลดเพิ่ม 2%,+1,
https://www.makro.pro/th/p/Qk9AU8l-556501006857725?info=JTdCJTIyaW5kZXhDbGlja2VkJTIyJTNBNzglN0Q,https://images.mango-prod.siammakro.cloud/SOURCE/b6622685ebf64fae91ae678d59e0e930,อิมาร์เฟล็กซ์ พัดลมสไลด์ 16 นิ้ว 57 วัตต์ รุ่น IF-888X สีเขียว,1-3 วัน,฿,859.,00,฿ 979.00,-12%,,ซื้ออย่างน้อย 1 ชิ้น ลดเพิ่ม 2%,+1,
https://www.makro.pro/th/p/wR569Pd-510907074573337?info=JTdCJTIyaW5kZXhDbGlja2VkJTIyJTNBNzklN0Q,https://images.mango-prod.siammakro.cloud/SOURCE/a7920f04ed6b4fd0ab621f544e47a147,มาสเตอร์คูล พัดลมตั้งพื้น 18 นิ้ว รุ่น MSF-18,1-3 วัน,฿,"1,390.",00,"฿ 1,790.00",-22%,,,,
https://www.makro.pro/th/p/EiVYC8K-200929522967109?info=JTdCJTIyaW5kZXhDbGlja2VkJTIyJTNBODAlN0Q,https://images.mango-prod.siammakro.cloud/SOURCE/548d5525fbf94410905785aa5e176cbc,อิมาร์เฟล็กซ์ พัดลมอุตสาหกรรมติดผนัง 1 เชือก ขนาด 18 นิ้ว รุ่น IF-W450,1-3 วัน,฿,"1,440.",00,"฿ 1,690.00",-14%,2+ units,ซื้ออย่างน้อย 1 ชิ้น ลดเพิ่ม 2%,+1,
https://www.makro.pro/th/p/nhX3Vll-210539809675221?info=JTdCJTIyaW5kZXhDbGlja2VkJTIyJTNBODElN0Q,https://images.mango-prod.siammakro.cloud/SOURCE/aaabebad56d2455383346a0aaff82fc8,อิมาร์เฟล็กซ์ พัดลมตั้งโต๊ะ ขนาด 14 นิ้ว รุ่น IF-448 สีชมพู,1-3 วัน,฿,589.,00,฿ 679.00,-13%,,ซื้ออย่างน้อย 1 ชิ้น ลดเพิ่ม 2%,,
https://www.makro.pro/th/p/6gRickE9-914468261139439?info=JTdCJTIyaW5kZXhDbGlja2VkJTIyJTNBODIlN0Q,https://images.mango-prod.siammakro.cloud/product-images/914468261139439-1d7097b9-8b84-417d-995b-eabe89463017.jpeg?imageMogr2/thumbnail/300x300,ฮาตาริ พัดลมตั้งโต๊ะ 12 นิ้ว รุ่น T12M1 สีขาว,สั่งเช้า ส่งเย็น,฿,658.,00,฿ 688.00,-4%,,,,
https://www.makro.pro/th/p/v5L4FR6-668558400926768?info=JTdCJTIyaW5kZXhDbGlja2VkJTIyJTNBODMlN0Q,https://images.mango-prod.siammakro.cloud/SOURCE/cd1570ea50c7412fba86617555b68d7d,อิมาร์เฟล็กซ์ พัดลมสไลด์ 16 นิ้ว 57 วัตต์ รุ่น IF-888X สีฟ้า,1-3 วัน,฿,859.,00,฿ 979.00,-12%,,ซื้ออย่างน้อย 1 ชิ้น ลดเพิ่ม 2%,+1,
https://www.makro.pro/th/p/iQ-rzcj-735118287501877?info=JTdCJTIyaW5kZXhDbGlja2VkJTIyJTNBODQlN0Q,https://images.mango-prod.siammakro.cloud/SOURCE/bd1fbb1fb06443f498205a1e494d608f,มาสเตอร์คูล พัดลมอุตสาหกรรม แบบแขวนผนัง 30 นิ้ว รุ่น คูลท็อป สีดํา,1-3 วัน,฿,"4,490.",00,"฿ 5,190.00",-13%,,,,
https://www.makro.pro/th/p/L621Jxu-576403279592772?info=JTdCJTIyaW5kZXhDbGlja2VkJTIyJTNBODUlN0Q,https://images.mango-prod.siammakro.cloud/SOURCE/a197110a3bce43dbafb3dcdf2cc7ab60,มาสเตอร์คูล พัดลมไอเย็น รุ่น MIK-S100ECL,1-3 วัน,฿,"18,490.",00,"฿ 28,500.00",-35%,,,,
https://www.makro.pro/th/p/T9KSMqE-833682131649264?info=JTdCJTIyaW5kZXhDbGlja2VkJTIyJTNBODYlN0Q,https://images.mango-prod.siammakro.cloud/SOURCE/eebef1a43e8b4154823ca817289883a5,SONAR พัดลมไอเย็น 25 ลิตร รุ่น EA-P1100 มอเตอร์ทรงพลัง เย็นกว่าพัดลมทั่วไป 2 เท่า ประหยัดไฟกว่าแอร์,3-7 วัน,฿,"2,420.",00,"฿ 6,725.00",-64%,,"ซื้อ 2,200฿ ได้รับ 90 พอยท์",,
https://www.makro.pro/th/p/7RK7BaY-221692142858249?info=JTdCJTIyaW5kZXhDbGlja2VkJTIyJTNBODclN0Q,https://images.mango-prod.siammakro.cloud/SOURCE/b0440372bc0d427985a2fafc16c454ac,ฮาตาริ พัดลมปรับระดับ 18 รุ่น S18M1 (คละสี),2-4 วัน,"฿

1,248.

00",฿,00,,,,,,
https://www.makro.pro/th/p/g6ykDJ2-414861757326297?info=JTdCJTIyaW5kZXhDbGlja2VkJTIyJTNBODglN0Q,https://images.mango-prod.siammakro.cloud/SOURCE/386e4d07416f4af888228ea25ed769f0,อิมาร์เฟล็กซ์ พัดลมตั้งโต๊ะ ขนาด 18 นิ้ว รุ่น IF-948 สีเทา,1-3 วัน,฿,990.,00,"฿ 1,290.00",-23%,,ซื้ออย่างน้อย 1 ชิ้น ลดเพิ่ม 2%,+1,
https://www.makro.pro/th/p/1JQYMPb-663054992717181?info=JTdCJTIyaW5kZXhDbGlja2VkJTIyJTNBODklN0Q,https://images.mango-prod.siammakro.cloud/SOURCE/27a877d5c6d5411cb6ad253472ac7236,อิมาร์เฟล็กซ์ พัดลมอุตสาหกรรม ขนาด 20 นิ้ว รุ่น HG-A2002X,1-3 วัน,฿,"1,250.",00,"฿ 1,590.00",-21%,2+ units,ซื้ออย่างน้อย 1 ชิ้น ลดเพิ่ม 2%,+1,
https://www.makro.pro/th/p/ROTPaKs-685900788408835?info=JTdCJTIyaW5kZXhDbGlja2VkJTIyJTNBOTAlN0Q,https://images.mango-prod.siammakro.cloud/SOURCE/db0269d9846f4f19b30f3c932b6c77c2,ฮาตาริ พัดลมตั้งโต๊ะ ขนาด 14 รุ่น T14M1 (คละสี),2-4 วัน,"฿

748.

00",฿,00,,,,,,
https://www.makro.pro/th/p/0EPrg9z-784495454501267?info=JTdCJTIyaW5kZXhDbGlja2VkJTIyJTNBOTElN0Q,https://images.mango-prod.siammakro.cloud/SOURCE/b2113a5635a04514b358e50d44ae0ac7,มาสเตอร์คูล พัดลมไอเย็น รุ่น MIK-28EX สีขาว,1-3 วัน,฿,"5,390.",00,"฿ 8,990.00",-40%,,,,
https://www.makro.pro/th/p/IVqxUSg0-519766235939593?info=JTdCJTIyaW5kZXhDbGlja2VkJTIyJTNBOTIlN0Q,https://images.mango-prod.siammakro.cloud/product-images/519766235939593-40659d6d-1ebc-40f8-b820-786c8592072f.jpeg?imageMogr2/thumbnail/300x300,ฮาตาริ พัดลมตั้งโต๊ะ 12 นิ้ว รุ่น T12M1 สีแซนด์,สั่งเช้า ส่งเย็น,฿,658.,00,฿ 688.00,-4%,,,,
https://www.makro.pro/th/p/d1JKIXE-120265775401926?info=JTdCJTIyaW5kZXhDbGlja2VkJTIyJTNBOTMlN0Q,https://images.mango-prod.siammakro.cloud/SOURCE/713c504204da44fbace79f5cea9061bb,อิมาร์เฟล็กซ์ พัดลมตั้งโต๊ะ ขนาด 16 นิ้ว รุ่น IF-952A สีชมพูพาสเทล,1-3 วัน,฿,659.,00,฿ 759.00,-13%,,ซื้ออย่างน้อย 1 ชิ้น ลดเพิ่ม 2%,,
https://www.makro.pro/th/p/4UrhGbY-799778535510601?info=JTdCJTIyaW5kZXhDbGlja2VkJTIyJTNBOTQlN0Q,https://images.mango-prod.siammakro.cloud/SOURCE/fea719ab77ef4c9d9daa0580ca7ce3a1,ACONATIC พัดลมไอเย็น รุ่น AN-ACC1370 ขนาด 7 ลิตร (รับประกันมอเตอร์ 2 ปี),1-3 วัน,฿,"2,290.",00,"฿ 4,590.00",-50%,,,,
https://www.makro.pro/th/p/1kla3zk-897724472303929?info=JTdCJTIyaW5kZXhDbGlja2VkJTIyJTNBOTUlN0Q,https://images.mango-prod.siammakro.cloud/SOURCE/781caa9e3a95459c9e4176179a566174,มาสเตอร์คูล พัดลมอุตสาหกรรม แบบแขวนผนัง 20 นิ้ว รุ่น คูลท็อป สีดํา,1-3 วัน,฿,"3,290.",00,"฿ 3,590.00",-8%,,,,
https://www.makro.pro/th/p/Heg3vE2-510718995761191?info=JTdCJTIyaW5kZXhDbGlja2VkJTIyJTNBOTYlN0Q,https://images.mango-prod.siammakro.cloud/SOURCE/b31ee5264ce54bcd8df0c1bd64cd32ee,NIKKO นิกโก้ พัดลมชาร์จไฟพร้อมโคมไฟ แบบพกพา 6 นิ้ว (NK-MF-L2766) ฟ้าNK-MFL2766B,1-3 วัน,฿,320.,00,฿ 499.00,-35%,,ซื้ออย่างน้อย 2000฿ ลดเพิ่ม 20฿,+1,
https://www.makro.pro/th/p/5tIv2vrJ-578609568394853?info=JTdCJTIyaW5kZXhDbGlja2VkJTIyJTNBOTclN0Q,https://images.mango-prod.siammakro.cloud/product-images/578609568394853-925f4d90-f93b-4aee-9e4e-a5bb9e7ea274.jpeg?imageMogr2/thumbnail/300x300,ฮาตาริ พัดลมตั้งโต๊ะ 12 นิ้ว รุ่น T12M1 สีน้ําเงิน,สั่งเช้า ส่งเย็น,฿,658.,00,฿ 688.00,-4%,,,,
https://www.makro.pro/th/p/1k9rayA-381371592606132?info=JTdCJTIyaW5kZXhDbGlja2VkJTIyJTNBOTglN0Q,https://images.mango-prod.siammakro.cloud/SOURCE/c6731fe1587e4833b515077f719cd794,นิกโก้ พัดลมมินิ แบบคลิปหนีบ ขนาด3นิ้ว (NIKKO Mini Clip Fan 3) NK-MFLJQ133P-MFชมพู,1-3 วัน,฿,351.,00,฿ 390.00,-10%,,ซื้ออย่างน้อย 2000฿ ลดเพิ่ม 20฿,+1,
https://www.makro.pro/th/p/MHZYIbJ-696343907101690?info=JTdCJTIyaW5kZXhDbGlja2VkJTIyJTNBOTklN0Q,https://images.mango-prod.siammakro.cloud/SOURCE/d5540c7c7ca34c87ad4690f585b33f95,มาสเตอร์คูล พัดลมไอเย็น รุ่น MIK-S35EXL สีขาว,1-3 วัน,฿,"4,190.",00,"฿ 5,590.00",-25%,,,,
https://www.makro.pro/th/p/IAW27Rh-741768768461666?info=JTdCJTIyaW5kZXhDbGlja2VkJTIyJTNBMTAwJTdE,https://images.mango-prod.siammakro.cloud/SOURCE/318ef443a65c4272a53450eea904e42d,มาสเตอร์คูล พัดลมแขวนผนัง 16 นิ้ว รุ่น MDWF-16,1-3 วัน,฿,"1,390.",00,"฿ 1,790.00",-22%,,,,
https://www.makro.pro/th/p/L5Lx21x-745911414110074?info=JTdCJTIyaW5kZXhDbGlja2VkJTIyJTNBMTAxJTdE,https://images.mango-prod.siammakro.cloud/SOURCE/8bb6611cb9a64d77abd8d2eab5ba8c92,นิกโก้ พัดลมอเนกประสงค์พร้อมโคมไฟ ขนาด 6 นิ้ว (NIKKO Multi-function Fan) ชมพูNK-MFLJQ143P-MF,1-3 วัน,฿,621.,00,฿ 690.00,-10%,,ซื้ออย่างน้อย 2000฿ ลดเพิ่ม 20฿,+1,
https://www.makro.pro/th/p/0vLVLE9-429534684283217?info=JTdCJTIyaW5kZXhDbGlja2VkJTIyJTNBMTAyJTdE,https://images.mango-prod.siammakro.cloud/SOURCE/193f024782e64b4bb95539e0df75677d,ฮาตาริ พัดลมตั้งโต๊ะ ขนาด 16 รุ่น T16M1 (คละสี),2-4 วัน,"฿

848.

00",฿,00,,,,,,
https://www.makro.pro/th/p/W8UBSfjJ-638167598079013?info=JTdCJTIyaW5kZXhDbGlja2VkJTIyJTNBMTAzJTdE,https://images.mango-prod.siammakro.cloud/product-images/638167598079013-f00b42d0-0ee2-4452-ac3f-8d0c62066cda.jpeg?imageMogr2/thumbnail/300x300,ฮาตาริ พัดลมตั้งโต๊ะ 12 นิ้ว รุ่น T12M1 สีชมพู,สั่งเช้า ส่งเย็น,฿,658.,00,฿ 688.00,-4%,,,,
https://www.makro.pro/th/p/5RZObUF-752759598187131?info=JTdCJTIyaW5kZXhDbGlja2VkJTIyJTNBMTA0JTdE,https://images.mango-prod.siammakro.cloud/SOURCE/ce33dc71f3f840729e5de79da55b9216,มาสเตอร์คูล พัดลมไอเย็น รุ่น MIK-S32EXL สีขาว,1-3 วัน,฿,"3,590.",00,"฿ 4,990.00",-28%,,,,
https://www.makro.pro/th/p/2cywWdC-324974026756604?info=JTdCJTIyaW5kZXhDbGlja2VkJTIyJTNBMTA1JTdE,https://images.mango-prod.siammakro.cloud/SOURCE/88956b4fe86f421a87a4e07f54b10c7b,NIKKO นิกโก้ พัดลมชาร์จไฟพร้อมโคมไฟ แบบพกพา 7 นิ้ว (NK-MF-L2857) ขาวNK-MFL2857W-MF,1-3 วัน,฿,413.,00,฿ 459.00,-10%,,ซื้ออย่างน้อย 2000฿ ลดเพิ่ม 20฿,+1,
https://www.makro.pro/th/p/dX0WL-Z-805941476767888?info=JTdCJTIyaW5kZXhDbGlja2VkJTIyJTNBMTA2JTdE,https://images.mango-prod.siammakro.cloud/SOURCE/bc85c2075a58467d894ac290447f3ab1,ฮาตาริ พัดลมติดผนัง รีโมท ขนาด 18 รุ่น W18R1 (คละสี),2-4 วัน,"฿

1,698.

00",฿,00,,,,,,
https://www.makro.pro/th/p/3NiZAOO-650005343584793?info=JTdCJTIyaW5kZXhDbGlja2VkJTIyJTNBMTA3JTdE,https://images.mango-prod.siammakro.cloud/SOURCE/242c267accf5420ba35af4a036891fa5,ฮาตาริ พัดลมปรับระดับ 16 รุ่น S16R1/S16R2 (คละสี),2-4 วัน,฿,"1,598.",00,"฿ 1,698.00",-5%,,,,
https://www.makro.pro/th/p/lEWplpv-426210433254641?info=JTdCJTIyaW5kZXhDbGlja2VkJTIyJTNBMTA4JTdE,https://images.mango-prod.siammakro.cloud/SOURCE/81bd1d3f42d943bbbbd4ccd041a30c0a,นิกโก้ พัดลมตั้งโต๊ะพร้อมโคมไฟ ขนาด 6 นิ้ว(สีขาว),1-3 วัน,฿,621.,00,฿ 690.00,-10%,,ซื้ออย่างน้อย 2000฿ ลดเพิ่ม 20฿,+1,
https://www.makro.pro/th/p/Trxb8ar-957161128045851?info=JTdCJTIyaW5kZXhDbGlja2VkJTIyJTNBMTA5JTdE,https://images.mango-prod.siammakro.cloud/SOURCE/97f54e7bb0d54edf918536a0743953a0,อิมาร์เฟล็กซ์ พัดลมตั้งโต๊ะ ขนาด 18 นิ้ว รุ่น IF-948 สีฟ้า,1-3 วัน,฿,990.,00,"฿ 1,290.00",-23%,,ซื้ออย่างน้อย 1 ชิ้น ลดเพิ่ม 2%,+1,
https://www.makro.pro/th/p/llqD-9a-913842652939668?info=JTdCJTIyaW5kZXhDbGlja2VkJTIyJTNBMTEwJTdE,https://images.mango-prod.siammakro.cloud/SOURCE/1a81bb80ce8f40e28ca0c73a7bad4893,มาสเตอร์คูล พัดลมอุตสาหกรรม แบบตั้งพื้น 24 นิ้ว รุ่น คูลท็อป สีดํา,1-3 วัน,฿,"3,990.",00,"฿ 4,500.00",-11%,,,,
https://www.makro.pro/th/p/P5N31rD-449259476222035?info=JTdCJTIyaW5kZXhDbGlja2VkJTIyJTNBMTExJTdE,https://images.mango-prod.siammakro.cloud/SOURCE/eebf4cdf716f4c349137dd7b58a1dd3f,มาสเตอร์คูล พัดลมอุตสาหกรรม แบบแขวนผนัง 24 นิ้ว รุ่น คูลท็อป สีดํา,1-3 วัน,฿,"3,690.",00,"฿ 3,890.00",-5%,,,,
https://www.makro.pro/th/p/gQHb-4_-130226375995895?info=JTdCJTIyaW5kZXhDbGlja2VkJTIyJTNBMTEyJTdE,https://images.mango-prod.siammakro.cloud/SOURCE/39b99a7679aa4cc0857930ae1e2ad61a,มาสเตอร์คูล พัดลมอุตสาหกรรม แบบตั้งพื้น 30 นิ้ว รุ่น คูลท็อป สีดํา,1-3 วัน,฿,"4,790.",00,"฿ 5,500.00",-12%,,,,
https://www.makro.pro/th/p/0HCGG2A-634911298706311?info=JTdCJTIyaW5kZXhDbGlja2VkJTIyJTNBMTEzJTdE,https://images.mango-prod.siammakro.cloud/SOURCE/ce56c1d9e4364b66a2bbd0b28fc49094,ACONATIC พัดลมไอเย็น รุ่น AN-ACC1180 ขนาดความจุ 11 ลิตร ปรับความเย็นได้ 3 ระดับ,1-3 วัน,฿,"2,790.",00,"฿ 2,990.00",-6%,,,,
https://www.makro.pro/th/p/2qkmxVw-297581098616264?info=JTdCJTIyaW5kZXhDbGlja2VkJTIyJTNBMTE0JTdE,https://images.mango-prod.siammakro.cloud/SOURCE/d5d2c64cb6304e1f8b1aa871024de8c4,NIKKO นิกโก้ พัดลมชาร์จไฟพร้อมโคมไฟ แบบพกพา 6 นิ้ว (NK-MF-L2766) เขียวNK-MFL2766G,1-3 วัน,฿,320.,00,฿ 499.00,-35%,,ซื้ออย่างน้อย 2000฿ ลดเพิ่ม 20฿,+1,
https://www.makro.pro/th/p/4gH1plR-609335839281504?info=JTdCJTIyaW5kZXhDbGlja2VkJTIyJTNBMTE1JTdE,https://images.mango-prod.siammakro.cloud/SOURCE/dc908e27d5af4e3689352b0ebf1fb209,NIKKO นิกโก้ พัดลมชาร์จไฟพร้อมโคมไฟ แบบพกพา 7 นิ้ว (NK-MF-L2857) ฟ้าNK-MFL2857B-MF,1-3 วัน,฿,413.,00,฿ 459.00,-10%,,ซื้ออย่างน้อย 2000฿ ลดเพิ่ม 20฿,+1,
https://www.makro.pro/th/p/5mwa3bv-857449687927008?info=JTdCJTIyaW5kZXhDbGlja2VkJTIyJTNBMTE2JTdE,https://images.mango-prod.siammakro.cloud/SOURCE/ccc112cef4e540c9b7861052f888e1a6,ACONATIC พัดลมไอเย็น 55 ลิตร รุ่น AN-ACC5520,1-3 วัน,"฿

6,990.

00",฿,00,,,,,,
https://www.makro.pro/th/p/YwfrUkW-377635014658347?info=JTdCJTIyaW5kZXhDbGlja2VkJTIyJTNBMTE3JTdE,https://images.mango-prod.siammakro.cloud/SOURCE/a60e89c411dd4005bc2d28f4d932030d,ACONATIC พัดลมไอเย็น 15 ลิตร รุ่น AN-ACC2010,1-3 วัน,"฿

2,590.

00",฿,00,,,,,,
https://www.makro.pro/th/p/9_JQBbMH-573122005576893?info=JTdCJTIyaW5kZXhDbGlja2VkJTIyJTNBMTE4JTdE,https://images.mango-prod.siammakro.cloud/product-images/573122005576893-884a1682-e81a-414e-9e2a-298501a0ca51.jpeg?imageMogr2/thumbnail/300x300,อิมาร์เฟล็กซ์ พัดลมอุตสาหกรรม 20 นิ้ว รุ่น IF517 สีดํา,สั่งเช้า ส่งเย็น,"฿

1,390.

00",฿,00,,,,,,
https://www.makro.pro/th/p/MqsyRHcs-163018059772849?info=JTdCJTIyaW5kZXhDbGlja2VkJTIyJTNBMTE5JTdE,https://images.mango-prod.siammakro.cloud/product-images/163018059772849-7f82abc5-635d-4b21-bf01-696df708d593.jpeg?imageMogr2/thumbnail/300x300,ชาร์ป พัดลมติดผนัง 16 นิ้ว รุ่น PJ-WA165 สีเทา,สั่งเช้า ส่งเย็น,"฿

1,249.

00",฿,00,,,,,,
https://www.makro.pro/th/p/O83FSfi--727004277868123?info=JTdCJTIyaW5kZXhDbGlja2VkJTIyJTNBMTIwJTdE,https://images.mango-prod.siammakro.cloud/product-images/727004277868123-68e375c2-ac45-408b-8df7-c6ede15f09b6.jpeg?imageMogr2/thumbnail/300x300,ซิมพลัส พัดลมไอเย็น 10 ลิตร รุ่น LFSH004WY01 สีขาว,สั่งเช้า ส่งเย็น,"฿

1,299.

00",฿,00,,,,,,
https://www.makro.pro/th/p/Z1fQQexP-795239697817238?info=JTdCJTIyaW5kZXhDbGlja2VkJTIyJTNBMTIxJTdE,https://images.mango-prod.siammakro.cloud/product-images/795239697817238-16479863-ed6d-436f-9bd1-b2a5537f31a2.jpeg?imageMogr2/thumbnail/300x300,ชาร์ป พัดลมติดผนัง 16 นิ้ว รุ่น PJ-WA165 สีดํา,สั่งเช้า ส่งเย็น,"฿

1,249.

00",฿,00,,,,,,
https://www.makro.pro/th/p/o6vWhel5-875088466245535?info=JTdCJTIyaW5kZXhDbGlja2VkJTIyJTNBMTIyJTdE,https://images.mango-prod.siammakro.cloud/product-images/875088466245535-e176fb36-f3c1-486c-8bca-b5a1e737a3b6.jpeg?imageMogr2/thumbnail/300x300,ชาร์ป พัดลมติดผนัง 18 นิ้ว รุ่น PJ-WA182 สีดํา,สั่งเช้า ส่งเย็น,"฿

1,649.

00",฿,00,,,,,,
https://www.makro.pro/th/p/1m7xRdyp-166116356930849?info=JTdCJTIyaW5kZXhDbGlja2VkJTIyJTNBMTIzJTdE,https://images.mango-prod.siammakro.cloud/product-images/166116356930849-952f6bd1-23dc-4e71-a2ff-1679877cd5e7.jpeg?imageMogr2/thumbnail/300x300,ซิมพลัส พัดลมไอเย็น 24 ลิตร รุ่น LFSH005WY01 สีขาวเทา,สั่งเช้า ส่งเย็น,"฿

2,399.

00",฿,00,,,,,,
https://www.makro.pro/th/p/4VNNObyX-211537906486748?info=JTdCJTIyaW5kZXhDbGlja2VkJTIyJTNBMTI0JTdE,https://images.mango-prod.siammakro.cloud/product-images/211537906486748-7822b562-3001-42ea-843b-937a2e27de07.jpeg?imageMogr2/thumbnail/300x300,ชาร์ป พัดลมติดผนัง 18 นิ้ว รุ่น PJ-WA182 สีเทา,สั่งเช้า ส่งเย็น,"฿

1,649.

00",฿,00,,,,,,
https://www.makro.pro/th/p/1TpahJj-264230077770096?info=JTdCJTIyaW5kZXhDbGlja2VkJTIyJTNBMTI1JTdE,https://images.mango-prod.siammakro.cloud/SOURCE/2d9991cfd67249898f56d07533794ef6,CAMEL พัดลมตั้งโต๊ะ เสียงเงียบและต่ํา การปรับสามระดับ พัดลมหมุนเวียนอากาศแบบตั้งโต๊ะ พัดลมพกพา รุ่นปกติ,3-7 วัน,฿,439.,00,฿ 999.00,-56%,,,,
https://www.makro.pro/th/p/ppzrKcH-303135765587862?info=JTdCJTIyaW5kZXhDbGlja2VkJTIyJTNBMTI2JTdE,https://images.mango-prod.siammakro.cloud/SOURCE/7179d4c159d34b6cb5aea45688bd365c,CAMEL พัดลมตั้งโต๊ะ เสียงเงียบและต่ํา การปรับสามระดับ พัดลมหมุนเวียนอากาศแบบตั้งโต๊ะ พัดลมพกพา รุ่นอัพเกรด,3-7 วัน,฿,619.,00,"฿ 1,100.00",-43%,,,,
https://www.makro.pro/th/p/QHTz8qr-815130890158462?info=JTdCJTIyaW5kZXhDbGlja2VkJTIyJTNBMTI3JTdE,https://images.mango-prod.siammakro.cloud/SOURCE/8b78e81bbefb495bbeee30f7926aec9e,นิกโก้ พัดลมอเนกประสงค์พร้อมโคมไฟ ขนาด 6 นิ้ว(สีขาว),1-3 วัน,฿,621.,00,฿ 690.00,-10%,,ซื้ออย่างน้อย 2000฿ ลดเพิ่ม 20฿,+1,
https://www.makro.pro/th/p/S_5Ally-840725402877888?info=JTdCJTIyaW5kZXhDbGlja2VkJTIyJTNBMTI4JTdE,https://images.mango-prod.siammakro.cloud/SOURCE/e0b896455c1d4d719075addbbef82c0a,ฮาตาริ พัดลมกล่อง ขนาด 10 รุ่น WB10D1 (คละสี),2-4 วัน,"฿

788.

00",฿,00,,,,,,
https://www.makro.pro/th/p/C6yJ9gc-314110081927927?info=JTdCJTIyaW5kZXhDbGlja2VkJTIyJTNBMTI5JTdE,https://images.mango-prod.siammakro.cloud/SOURCE/38e4d62be2eb4b2683d06cbde7c6051c,ฮาตาริ พัดลมตั้งพื้น ขนาด 18 นิ้ว รุ่น P18M1 (คละสี),2-4 วัน,"฿

2,188.

00",฿,00,,,,,,
https://www.makro.pro/th/p/fqRw_r_-381780410394714?info=JTdCJTIyaW5kZXhDbGlja2VkJTIyJTNBMTMwJTdE,https://images.mango-prod.siammakro.cloud/SOURCE/332b432b57a642beb2c2a0250a64e04c,Homemi พัดลมตั้งโต๊ะไร้สาย Portable Desk Fan พับเก็บได้ ปรับแรงลม 4 ระดับ ตั้งเวลาปิดได้ Lite (061),3-7 วัน,฿,390.,00,฿ 790.00,-50%,,,,
https://www.makro.pro/th/p/aXR-b_F-314071784671388?info=JTdCJTIyaW5kZXhDbGlja2VkJTIyJTNBMTMxJTdE,https://images.mango-prod.siammakro.cloud/SOURCE/42a43b1d60df4b879895b11f7384fec1,Homemi พัดลมตั้งโต๊ะไร้สาย Portable Desk Fan พับเก็บได้ ปรับแรงลม 4 ระดับ ตั้งเวลาปิดได้ Pro (062),3-7 วัน,฿,590.,00,฿ 990.00,-40%,,,,
https://www.makro.pro/th/p/s9A2RG2-305262729685624?info=JTdCJTIyaW5kZXhDbGlja2VkJTIyJTNBMTMyJTdE,https://images.mango-prod.siammakro.cloud/SOURCE/312e541de5d74de7bf22861cf54d3f55,อิมาร์เฟล็กซ์ พัดลมตั้งโต๊ะ ขนาด 18 นิ้ว รุ่น IF-948 สีชมพู,1-3 วัน,฿,990.,00,"฿ 1,290.00",-23%,,ซื้ออย่างน้อย 1 ชิ้น ลดเพิ่ม 2%,+1,
https://www.makro.pro/th/p/sIQOj-z-342494284357484?info=JTdCJTIyaW5kZXhDbGlja2VkJTIyJTNBMTMzJTdE,https://images.mango-prod.siammakro.cloud/SOURCE/58ef99a681a44ec69bfda58ac0e17d92,SHARP STAND FANS 16 - พัดลมสไลด์ SHARP 16 นิ้ว รุ่น PJ-SL163 WHITE,3-7 วัน,฿,918.,00,"฿ 1,140.00",-19%,,,,
https://www.makro.pro/th/p/L4YsOYC-748221133629987?info=JTdCJTIyaW5kZXhDbGlja2VkJTIyJTNBMTM0JTdE,https://images.mango-prod.siammakro.cloud/SOURCE/040c625e0b5343358c8913ee30b86f17,คิวพลัส พัดลมตั้งโต๊ะ F90 Desk top Fan สีขาว,1-3 วัน,฿,"1,000.",00,"฿ 1,390.00",-28%,,,,
https://www.makro.pro/th/p/HQA0xpH-963288957371926?info=JTdCJTIyaW5kZXhDbGlja2VkJTIyJTNBMTM1JTdE,https://images.mango-prod.siammakro.cloud/SOURCE/a854eb996c4543f195d2684b6a1705e4,มาสเตอร์คูล พัดลมไอเย็น รุ่น MIK-45EX,1-3 วัน,฿,"7,190.",00,"฿ 8,590.00",-16%,,,,
https://www.makro.pro/th/p/mDtXpCb-263652555614499?info=JTdCJTIyaW5kZXhDbGlja2VkJTIyJTNBMTM2JTdE,https://images.mango-prod.siammakro.cloud/SOURCE/74a36780de5f4acd9a005cb7ce24440a,มาสเตอร์คูล พัดลมไอน้ํา 24 นิ้ว รุ่น ซุปเปอร์อีโค สีเทา,1-3 วัน,฿,"18,900.",00,"฿ 22,900.00",-17%,,,,
https://www.makro.pro/th/p/V919SE4-265686011910771?info=JTdCJTIyaW5kZXhDbGlja2VkJTIyJTNBMTM3JTdE,https://images.mango-prod.siammakro.cloud/SOURCE/53c52d5bccdd4deebd55dcd6ff807921,มาสเตอร์คูล พัดลมไอเย็น รุ่น MIK-55EX สีขาว,1-3 วัน,฿,"11,990.",00,"฿ 15,500.00",-22%,,,,
https://www.makro.pro/th/p/aYuRu8L-338570762242870?info=JTdCJTIyaW5kZXhDbGlja2VkJTIyJTNBMTM4JTdE,https://images.mango-prod.siammakro.cloud/SOURCE/cc305871fa2a46eb8bbf0a4f4365c792,มาสเตอร์คูล พัดลมอุตสาหกรรม แบบตั้งพื้น 20 นิ้ว รุ่น คูลท็อป สีดํา,1-3 วัน,฿,"3,590.",00,"฿ 3,990.00",-10%,,,,
https://www.makro.pro/th/p/6H4jcKk-321646464996116?info=JTdCJTIyaW5kZXhDbGlja2VkJTIyJTNBMTM5JTdE,https://images.mango-prod.siammakro.cloud/SOURCE/4d1de202af47432a8e5d1b04022cce69,มาสเตอร์คูล พัดลมไอเย็น รุ่น MIK-S35EXL สีฟ้า,1-3 วัน,฿,"4,190.",00,"฿ 5,590.00",-25%,,,,
https://www.makro.pro/th/p/91vUoA3-626938440947161?info=JTdCJTIyaW5kZXhDbGlja2VkJTIyJTNBMTQwJTdE,https://images.mango-prod.siammakro.cloud/SOURCE/8152715993c6437693c09245c77929d7,มาสเตอร์คูล พัดลมไอเย็น รุ่น MIK-70EX สีเทา,1-3 วัน,฿,"18,490.",00,"฿ 28,500.00",-35%,,,,
https://www.makro.pro/th/p/nCP4pij-517510063692391?info=JTdCJTIyaW5kZXhDbGlja2VkJTIyJTNBMTQxJTdE,https://images.mango-prod.siammakro.cloud/SOURCE/52eda31e625b4f999814385ba9bd6ebe,"Bwell เครื่องปรับอากาศเคลื่อนที่ 9,000 บีทียู/ชม. รุ่น BPAC-09B",1-3 วัน,฿,"12,290.",00,"฿ 13,990.00",-12%,,,,
https://www.makro.pro/th/p/KbmjK2w-994054125260304?info=JTdCJTIyaW5kZXhDbGlja2VkJTIyJTNBMTQyJTdE,https://images.mango-prod.siammakro.cloud/SOURCE/23006f12d3194082925695c24432fc09,ACONATIC พัดลมไอเย็น รุ่น AN-ACC1320 (รับประกันมอเตอร์ 2 ปี),1-3 วัน,฿,"5,290.",00,"฿ 5,590.00",-5%,,,,
https://www.makro.pro/th/p/1pslyp1-667060692091128?info=JTdCJTIyaW5kZXhDbGlja2VkJTIyJTNBMTQzJTdE,https://images.mango-prod.siammakro.cloud/SOURCE/e81c5ae37c23410eb1b520d86e66afb1,[NEW] ACONATIC พัดลมไอเย็น รุ่น AN-ACC1200 ขนาดความจุ 40 ลิตร ปรับความเย็นได้ 3 ระดับ เคลื่อนย้ายได้สะดวก,1-3 วัน,฿,"4,290.",00,"฿ 9,990.00",-57%,,,,
https://www.makro.pro/th/p/0XlssI7-215316511745523?info=JTdCJTIyaW5kZXhDbGlja2VkJTIyJTNBMTQ0JTdE,https://images.mango-prod.siammakro.cloud/SOURCE/b9aa42fd221d4c9c88ad9338b074b714,ACONATIC พัดลมไอเย็น รุ่น AN-ACC1230 ขนาดความจุ 25 ลิตร,1-3 วัน,฿,"2,990.",00,"฿ 5,990.00",-50%,,,,
https://www.makro.pro/th/p/c1yQvNx-421128772805902?info=JTdCJTIyaW5kZXhDbGlja2VkJTIyJTNBMTQ1JTdE,https://images.mango-prod.siammakro.cloud/SOURCE/810aa5f0f1374cca8f11744567736c65,NIKKO พัดลมชาร์จไฟอเนกประสงค์ พร้อมโคมไฟ (NKMF-L2837)เขียวNK-MFL2837G,1-3 วัน,฿,449.,00,฿ 499.00,-10%,,ซื้ออย่างน้อย 2000฿ ลดเพิ่ม 20฿,+1,
https://www.makro.pro/th/p/8rXXpts-317455989525952?info=JTdCJTIyaW5kZXhDbGlja2VkJTIyJTNBMTQ2JTdE,https://images.mango-prod.siammakro.cloud/SOURCE/caadc3b0dc3a475a91610df0905a23f6,นิกโก้ พัดลมมินิ แบบคลิปหนีบ ขนาด3นิ้ว (NIKKO Mini Clip Fan 3) สีขาวNK-MFLJQ133W-MF,1-3 วัน,฿,351.,00,฿ 390.00,-10%,,ซื้ออย่างน้อย 2000฿ ลดเพิ่ม 20฿,+1,
https://www.makro.pro/th/p/pPMy5_T-968266483511435?info=JTdCJTIyaW5kZXhDbGlja2VkJTIyJTNBMTQ3JTdE,https://images.mango-prod.siammakro.cloud/SOURCE/d955e69163294e359dcd334c1a82bcfd,นิกโก้ พัดลมตั้งโต๊ะพร้อมโคมไฟ ขนาด 6 นิ้ว (NIKKO DESKTOP FAN WITH LAMP) ชมพูNK-MFLJQ134P-MF,1-3 วัน,฿,621.,00,฿ 690.00,-10%,,ซื้ออย่างน้อย 2000฿ ลดเพิ่ม 20฿,+1,
https://www.makro.pro/th/p/hU_IyPi-347641085031636?info=JTdCJTIyaW5kZXhDbGlja2VkJTIyJTNBMTQ4JTdE,https://images.mango-prod.siammakro.cloud/SOURCE/2835fb159fa540ecaaabae8c88182338,NIKKO นิกโก้ พัดลมชาร์จไฟพร้อมโคมไฟ แบบพกพา 7 นิ้ว (NK-MF-L2857) ชมพูNK-MFL2857P-MF,1-3 วัน,฿,413.,00,฿ 459.00,-10%,,ซื้ออย่างน้อย 2000฿ ลดเพิ่ม 20฿,+1,
https://www.makro.pro/th/p/3yw6-tQ-678030248474862?info=JTdCJTIyaW5kZXhDbGlja2VkJTIyJTNBMTQ5JTdE,https://images.mango-prod.siammakro.cloud/SOURCE/9e390faadaa241f885c7e8df369d3b14,NIKKO พัดลมชาร์จไฟอเนกประสงค์ พร้อมโคมไฟ (NKMF-L2837) ชมพูNK-MFL2837P,1-3 วัน,฿,449.,00,฿ 499.00,-10%,,ซื้ออย่างน้อย 2000฿ ลดเพิ่ม 20฿,+1,
https://www.makro.pro/th/p/g-VSDl0-691840595273727?info=JTdCJTIyaW5kZXhDbGlja2VkJTIyJTNBMTUwJTdE,https://images.mango-prod.siammakro.cloud/SOURCE/2de3589d81ab42708b838706c4623eb9,NIKKO พัดลมชาร์จไฟอเนกประสงค์ พร้อมโคมไฟ (NKMF-L2837) ฟ้าNK-MFL2837B,1-3 วัน,฿,449.,00,฿ 499.00,-10%,,ซื้ออย่างน้อย 2000฿ ลดเพิ่ม 20฿,+1,
https://www.makro.pro/th/p/T7IiiKK-232126230618299?info=JTdCJTIyaW5kZXhDbGlja2VkJTIyJTNBMTUxJTdE,https://images.mango-prod.siammakro.cloud/SOURCE/9a91e21ae44a4308a237582cde64ed9c,[พรีออเดอร์] ฮาตาริ พัดลมอุตสาหกรรม ขนาด 18 รุ่น HT-IS18M1 (คละสี),2-4 วัน,"฿

1,948.

00",฿,00,,,,,,
https://www.makro.pro/th/p/gucEt4j-902345310337271?info=JTdCJTIyaW5kZXhDbGlja2VkJTIyJTNBMTUyJTdE,https://images.mango-prod.siammakro.cloud/SOURCE/923a430801654af58410247658aea500,[พรีออเดอร์] ฮาตาริ พัดลมปรับระดับ ขนาด 14 นิ้ว รุ่น S14M1 (คละสี),2-4 วัน,"฿

848.

00",฿,00,,,,,,
https://www.makro.pro/th/p/RXEmxst-671766755636032?info=JTdCJTIyaW5kZXhDbGlja2VkJTIyJTNBMTUzJTdE,https://images.mango-prod.siammakro.cloud/SOURCE/1de1da5613254896b7bc0f79d6f7bb87,[พรีออเดอร์] ฮาตาริ พัดลมสไลด์ ขนาด 16 รุ่น S16M1 (คละสี),2-4 วัน,"฿

948.

00",฿,00,,,,,,
https://www.makro.pro/th/p/mfccaT4-831952118391561?info=JTdCJTIyaW5kZXhDbGlja2VkJTIyJTNBMTU0JTdE,https://images.mango-prod.siammakro.cloud/SOURCE/808707383fca4df096f4b352165e9642,ฮาตาริ พัดลมไซโคลน ขนาด 8 รุ่น PS8M1 (คละสี),2-4 วัน,"฿

548.

00",฿,00,,,,,,
https://www.makro.pro/th/p/7gUOTUL-994474103503939?info=JTdCJTIyaW5kZXhDbGlja2VkJTIyJTNBMTU1JTdE,https://images.mango-prod.siammakro.cloud/SOURCE/752df1ee02874dee8d517e28ccc1bc8a,SHARP STAND FANS 16 - พัดลมสไลด์ SHARP 16 นิ้ว รุ่น SL165 WHITE,3-7 วัน,฿,948.,00,"฿ 1,140.00",-16%,,,,
https://www.makro.pro/th/p/-9o1FkCl-879884546017664?info=JTdCJTIyaW5kZXhDbGlja2VkJTIyJTNBMTU2JTdE,https://images.mango-prod.siammakro.cloud/product-images/879884546017664-5a3c5f8a-cc39-4ae0-ae9e-9ecdddd1be24.jpeg?imageMogr2/thumbnail/300x300,เจนนิเฟอร์รูม พัดลม 12 นิ้ว รุ่น FF085COM สีโอ๊ตมิลด์,สั่งเช้า ส่งเย็น,"฿

2,990.

00",฿,00,,,,,,
https://www.makro.pro/th/p/XhJK18c6-229761966811006?info=JTdCJTIyaW5kZXhDbGlja2VkJTIyJTNBMTU3JTdE,https://strapi-cdn.mango-prod.siammakro.cloud/uploads/Gold_Container_Frame_TH_040480f35e.png,โตชิบา พัดลมปรับระดับ สไลด์ 16 นิ้ว รุ่น F-ALC50TH(T) สีเขียว,สั่งเช้า ส่งเย็น,฿,799.,00,"฿ 1,090.00",-26%,,,,สินค้าหมด
https://www.makro.pro/th/p/8loLgY--247228096293371?info=JTdCJTIyaW5kZXhDbGlja2VkJTIyJTNBMTU4JTdE,https://images.mango-prod.siammakro.cloud/product-images/247228096293371-5d251e85-5e73-4469-9bac-feffb33b9e90.jpeg?imageMogr2/thumbnail/300x300,ฮาตาริ พัดลมไอเย็น รุ่น AC SWIFT,สั่งเช้า ส่งเย็น,฿,"2,988.",00,"฿ 3,488.00",-14%,,,,สินค้าหมด
https://www.makro.pro/th/p/Kc2LDZfc-573057869435821?info=JTdCJTIyaW5kZXhDbGlja2VkJTIyJTNBMTU5JTdE,https://images.mango-prod.siammakro.cloud/product-images/573057869435821-961c3eb0-03bc-4097-9184-5227d3c131b8.jpeg?imageMogr2/thumbnail/300x300,ฮาตาริ พัดลมติดผนัง 18 นิ้ว รุ่น W18R1 คละสี,สั่งเช้า ส่งเย็น,฿,"1,698.",00,"฿ 1,898.00",-10%,,,,สินค้าหมด
https://www.makro.pro/th/p/hUt-Hzs-544207205427210?info=JTdCJTIyaW5kZXhDbGlja2VkJTIyJTNBMTYwJTdE,https://images.mango-prod.siammakro.cloud/SOURCE/7a1c8955cec54456842452c165b124b2,อะโคนาติก พัดลมไอเย็น รุ่น AN-ACC1230,สั่งเช้า ส่งเย็น,฿,"2,790.",00,"฿ 2,990.00",-6%,,,,สินค้าหมด
https://www.makro.pro/th/p/PcJ5JZD-626335167411788?info=JTdCJTIyaW5kZXhDbGlja2VkJTIyJTNBMTYxJTdE,https://images.mango-prod.siammakro.cloud/SOURCE/4e82c92cd60048f9a17ef2ed80e5ddbf,โตชิบา พัดลมตั้งพื้น 16 นิ้ว รุ่น F-ASY50THW,1-3 วัน,"฿

1,690.00",฿,,,,,,,สินค้าหมด
https://www.makro.pro/th/p/f3ISlh3-942662614575950?info=JTdCJTIyaW5kZXhDbGlja2VkJTIyJTNBMTYyJTdE,https://images.mango-prod.siammakro.cloud/SOURCE/c01bf91a42fd446cb8b19c3a87a955ee,โคโคะกุ พัดลมตั้งพื้น 16 นิ้ว รุ่น RF4 White,1-3 วัน,"฿

990.00",฿,,,,,,,สินค้าหมด
https://www.makro.pro/th/p/95fo_hC-463876608180561?info=JTdCJTIyaW5kZXhDbGlja2VkJTIyJTNBMTYzJTdE,https://images.mango-prod.siammakro.cloud/SOURCE/a579ea89a022486fa868d72fdee147aa,NIKKO พัดลมชาร์จไฟ พร้อมโคมไฟและที่แขวน (NKMF-L2875) ฟ้าNK-MFL2875B,1-3 วัน,฿,314.,00,฿ 399.00,-21%,,ซื้ออย่างน้อย 2000฿ ลดเพิ่ม 20฿,,สินค้าหมด
https://www.makro.pro/th/p/AgHf_TJ-841397847549489?info=JTdCJTIyaW5kZXhDbGlja2VkJTIyJTNBMTY0JTdE,https://images.mango-prod.siammakro.cloud/SOURCE/0d3c3d3f09294bd996f334cf2655d107,แอนิเทค พัดลมชาร์จไฟ รุ่น SMF-08 สีขาว,1-3 วัน,"฿

599.00",฿,,,,,,,สินค้าหมด
https://www.makro.pro/th/p/9Wo3x1l-509662096994164?info=JTdCJTIyaW5kZXhDbGlja2VkJTIyJTNBMTY1JTdE,https://images.mango-prod.siammakro.cloud/SOURCE/643eeb8b551d498da01bc90aea93f97b,NIKKO พัดลมชาร์จไฟ พร้อมโคมไฟและที่แขวน (NKMF-L2875) ชมพูNK-MFL2875P,1-3 วัน,฿,314.,00,฿ 399.00,-21%,,ซื้ออย่างน้อย 2000฿ ลดเพิ่ม 20฿,,สินค้าหมด
https://www.makro.pro/th/p/01sjQDS-714830000917010?info=JTdCJTIyaW5kZXhDbGlja2VkJTIyJTNBMTY2JTdE,https://images.mango-prod.siammakro.cloud/SOURCE/cea3e94fdca041a5bd3a1cd267017fca,Hitachi ฮิตาชิ พัดลมไฟฟ้า AC Motor Stand Fan รุ่น LF-A6RCWN,2-4 วัน,"฿

2,090.00",฿,,,,,,,สินค้าหมด
https://www.makro.pro/th/p/Y_lGiLd-712132722194439?info=JTdCJTIyaW5kZXhDbGlja2VkJTIyJTNBMTY3JTdE,https://images.mango-prod.siammakro.cloud/SOURCE/0943d041ded94a3ea77e4491b3a2af1e,วีเจอร์ พัดลมตั้งโต๊ะ VLF-12 1800mAh LED สีขาว,3-7 วัน,฿,770.,00,฿ 790.00,-2%,,,,สินค้าหมด
https://www.makro.pro/th/p/RajII6p-752358763022977?info=JTdCJTIyaW5kZXhDbGlja2VkJTIyJTNBMTY4JTdE,https://images.mango-prod.siammakro.cloud/SOURCE/e53c83edd99849b2bf8129560f2cf3fe,ฮาตาริ พัดลมปรับระดับ 16 นิ้ว รุ่น S16M1 สีเขียว,1-3 วัน,"฿

898.00",฿,,,,,,,สินค้าหมด
https://www.makro.pro/th/p/wI8Ktzv-943694843120435?info=JTdCJTIyaW5kZXhDbGlja2VkJTIyJTNBMTY5JTdE,https://images.mango-prod.siammakro.cloud/SOURCE/6502102b22bc4f5f94a75125339b5174,NIKKO พัดลมชาร์จไฟ พร้อมโคมไฟและที่แขวน (NKMF-L2875) ขาวNK-MFL2875W,1-3 วัน,฿,314.,00,฿ 399.00,-21%,,ซื้ออย่างน้อย 2000฿ ลดเพิ่ม 20฿,,สินค้าหมด
https://www.makro.pro/th/p/URzUQ9F-772347571830535?info=JTdCJTIyaW5kZXhDbGlja2VkJTIyJTNBMTcwJTdE,https://images.mango-prod.siammakro.cloud/SOURCE/810b5a0e12174cbb8f6ed734853f9911,รีธึม พัดลมตั้งโต๊ะ USB-A ใบพัดคู่หมุนได้ สีเทาอ่อน,1-3 วัน,"฿

1,290.00",฿,,,,,,,สินค้าหมด
https://www.makro.pro/th/p/npK_2FJ-395398971447147?info=JTdCJTIyaW5kZXhDbGlja2VkJTIyJTNBMTcxJTdE,https://images.mango-prod.siammakro.cloud/SOURCE/5bbd9f089fd14fe7854d019f9882ed70,รีธึม พัดลมตั้งโต๊ะ USB ขนาดเล็ก ใบพัดคู่หมุนได้ สีเทาเข้ม,1-3 วัน,"฿

1,290.00",฿,,,,,,,สินค้าหมด
https://www.makro.pro/th/p/LN-ZsEE-331285297269047?info=JTdCJTIyaW5kZXhDbGlja2VkJTIyJTNBMTcyJTdE,https://images.mango-prod.siammakro.cloud/SOURCE/b60e4091af58494f831d25ca843017ed,ฮาตาริ พัดลมติดผนัง รีโมท ขนาด 16 รุ่น W16R1 (คละสี),2-4 วัน,"฿

1,348.00",฿,,,,,,,สินค้าหมด
https://www.makro.pro/th/p/A9bqPNs-860338319504299?info=JTdCJTIyaW5kZXhDbGlja2VkJTIyJTNBMTczJTdE,https://images.mango-prod.siammakro.cloud/SOURCE/a73f8c04645c438392aeca6f5e644055,มาสเตอร์คูล พัดลมพกพา รุ่น MRYF-06L,1-3 วัน,฿,"1,290.",00,"฿ 1,590.00",-18%,,,,สินค้าหมด
https://www.makro.pro/th/p/AZn_X3q-493065418096979?info=JTdCJTIyaW5kZXhDbGlja2VkJTIyJTNBMTc0JTdE,https://images.mango-prod.siammakro.cloud/SOURCE/bb653066d9d34ed5a93df92cf089ef75,ฮาตาริ พัดลม อุตสาหกรรม ขนาด 18 รุ่น HC-I18M5 (คละสี),2-4 วัน,"฿

1,748.00",฿,,,,,,,สินค้าหมด
https://www.makro.pro/th/p/1PvzEOUu-115232500856085?info=JTdCJTIyaW5kZXhDbGlja2VkJTIyJTNBMTc1JTdE,https://images.mango-prod.siammakro.cloud/product-images/115232500856085-7031321b-d9e7-4c04-815e-1d4aa6ec1faa.jpeg?imageMogr2/thumbnail/300x300,ไมเดีย พัดลมไอเย็น รุ่น 4 ล. รุ่น MAC473R0CPW สีขาว,สั่งเช้า ส่งเย็น,"฿

2,090.00",฿,,,,,,,สินค้าหมด
https://www.makro.pro/th/p/12zb5OwU-467516684431329?info=JTdCJTIyaW5kZXhDbGlja2VkJTIyJTNBMTc2JTdE,https://images.mango-prod.siammakro.cloud/product-images/467516684431329-5880bff2-265d-4a5d-8352-bf7eeca0eed4.jpeg?imageMogr2/thumbnail/300x300,โตชิบา พัดลมตั้งพื้น 16 นิ้ว FAWY50TH(W) ขาว 1 ชิ้น X 1,สั่งเช้า ส่งเย็น,"฿

1,690.00",฿,,,,,,,สินค้าหมด
https://www.makro.pro/th/p/Cybze4a-729689013273929?info=JTdCJTIyaW5kZXhDbGlja2VkJTIyJTNBMTc3JTdE,https://images.mango-prod.siammakro.cloud/SOURCE/8a53ad71a53241219c8580ebffa24a72,ฮาตาริ พัดลมอุตสาหกรรม 18 รุ่น IP18M1 (คละสี),2-4 วัน,"฿

2,298.00",฿,,,,,,,สินค้าหมด
https://www.makro.pro/th/p/SBCAaqg-348496998947490?info=JTdCJTIyaW5kZXhDbGlja2VkJTIyJTNBMTc4JTdE,https://images.mango-prod.siammakro.cloud/SOURCE/927d50fe284b48739beb3f92de147da7,จิซูไลฟ์ พัดลมตั้งโต๊ะ Pro 3 สีเทาเข้ม,1-3 วัน,"฿

4,199.00",฿,,,,,,,สินค้าหมด
https://www.makro.pro/th/p/tJGhMoe-707290382481787?info=JTdCJTIyaW5kZXhDbGlja2VkJTIyJTNBMTc5JTdE,https://images.mango-prod.siammakro.cloud/SOURCE/c8e2d40a8c8c43d38db2f2f60bb37f33,เสียวหมี่ พัดลมตั้งพื้นอัจฉริยะ Smart Tower Fan 2 สีขาว,1-3 วัน,"฿

3,999.00",฿,,,,,,,สินค้าหมด
https://www.makro.pro/th/p/dFtsi-4-929869689689127?info=JTdCJTIyaW5kZXhDbGlja2VkJTIyJTNBMTgwJTdE,https://images.mango-prod.siammakro.cloud/SOURCE/6be46e8c2fce457fb7845c631efde1a2,โคโคะกุ พัดลมไอเย็น รุ่น AC-M1 สีขาว,1-3 วัน,"฿

3,990.00",฿,,,,,,,สินค้าหมด
https://www.makro.pro/th/p/PuvoLo1-565744825654239?info=JTdCJTIyaW5kZXhDbGlja2VkJTIyJTNBMTgxJTdE,https://images.mango-prod.siammakro.cloud/SOURCE/8d775f0101c545de8c72693073de2045,เอเจ พัดลมตั้งโต๊ะ มินิ ขนาด 6 นิ้ว รุ่น FN-01 AJ สีขาว,1-3 วัน,฿,399.,00,฿ 459.00,-13%,,,,สินค้าหมด
https://www.makro.pro/th/p/QKX5-L9-136874657740446?info=JTdCJTIyaW5kZXhDbGlja2VkJTIyJTNBMTgyJTdE,https://images.mango-prod.siammakro.cloud/SOURCE/6e8349920d594f139acf44ab2d1256dc,[พรีออเดอร์] ฮาตาริ พัดลม สไลด์ ขนาด 18 รุ่น SLIDE SMART L1 (คละสี),2-4 วัน,"฿

1,798.00",฿,,,,,,,สินค้าหมด
https://www.makro.pro/th/p/HWa3u6Q-418928849593252?info=JTdCJTIyaW5kZXhDbGlja2VkJTIyJTNBMTgzJTdE,https://images.mango-prod.siammakro.cloud/SOURCE/2e14bb4368c44a2bbdd7620e09e07a16,ฮาตาริ พัดลมอุตสาหกรรม 22 รุ่น IS22M1 (คละสี),2-4 วัน,"฿

2,448.00",฿,,,,,,,สินค้าหมด
https://www.makro.pro/th/p/LOeSb5N-720760889388452?info=JTdCJTIyaW5kZXhDbGlja2VkJTIyJTNBMTg0JTdE,https://images.mango-prod.siammakro.cloud/SOURCE/30885217e4134636928680871c41ccf5,[พรีออเดอร์] ฮาตาริ พัดลมตั้งโต๊ะ ขนาด 18 รุ่น T18M1 (คละสี),2-4 วัน,"฿

1,098.00",฿,,,,,,,สินค้าหมด
https://www.makro.pro/th/p/4V8pG4A-931851173980317?info=JTdCJTIyaW5kZXhDbGlja2VkJTIyJTNBMTg1JTdE,https://images.mango-prod.siammakro.cloud/SOURCE/41bbb34a3da844e9a054032a3c9e238e,ฮาตาริ พัดลมสไลด์ ขนาด 16 นิ้ว รุ่น S16C1 (คละสี),2-4 วัน,"฿

898.00",฿,,,,,,,สินค้าหมด
