MuiBox-root href,MuiBox-root src,css-1n8x1y2,MuiTypography-root,MuiTypography-root (2),MuiTypography-root (3),MuiTypography-root (4),MuiTypography-root (5),MuiTypography-root (6),MuiBox-root,MuiBox-root (2)
https://www.makro.pro/th/p/5oONu18-320770585349234,https://images.mango-prod.siammakro.cloud/SOURCE/fbc3360c1b9447aa8eef3c05b69871fc,ชาร์ป เครื่องปรับอากาศ อินเวอร์เตอร์ 12000 BTU รุ่น AH-X13BEBH,2-4 วัน,฿,"10,990.",00,"฿ 15,990.00",-31%,,
https://www.makro.pro/th/p/DGHeArN-779726714721512?info=JTdCJTIyaW5kZXhDbGlja2VkJTIyJTNBMSU3RA,https://images.mango-prod.siammakro.cloud/product-images/779726714721512-4f839653-056b-42d6-8c1e-37f9d47021ac.jpeg?imageMogr2/thumbnail/300x300,ซัมซุง เครื่องปรับอากาศ รุ่น AR13CYHCAWKNST 12000 BTU,3 วัน,฿,"9,990.",00,"฿ 18,990.00",-47%,ซื้อ 1 หน่วย ร่วมกับสินค้าในรายการ 1 หน่วย รับส่วนลด 1000฿,
https://www.makro.pro/th/p/DqenWkK-144626464329991?info=JTdCJTIyaW5kZXhDbGlja2VkJTIyJTNBMiU3RA,https://images.mango-prod.siammakro.cloud/SOURCE/3008ec33836e465bb22dca9d331625ad,CANDY เครื่องปรับอากาศติดผนัง Inverter Eco Queen ขนาด 9200 BTU รุ่น CE-09VPGT (CE-09VPCT) สีขาว,2-4 วัน,฿,"7,190.",00,"฿ 11,990.00",-40%,,
https://www.makro.pro/th/p/Cm4um95-186622578969345?info=JTdCJTIyaW5kZXhDbGlja2VkJTIyJTNBMyU3RA,https://images.mango-prod.siammakro.cloud/SOURCE/d8a2fd3f2a2a494cbaf3735e7c237ffe,แอลจี เครื่องปรับอากาศ อินเวอร์เตอร์ INVERTER 12000 บีทียู รุ่น ICE13MN.JU1 สีขาว (ไม่รวมค่าติดตั้ง),2-4 วัน,฿,"13,790.",00,"฿ 27,490.00",-49%,,
https://www.makro.pro/th/p/D0oCadX-868935445521163?info=JTdCJTIyaW5kZXhDbGlja2VkJTIyJTNBNCU3RA,https://images.mango-prod.siammakro.cloud/SOURCE/bb1965ee142b4fe7a5f8a534f9e0ed2d,[พรีออเดอร์] ไฮเซนส์ เครื่องปรับอากาศ 18000 BTU รุ่น AS18TRKE2T (ไม่รวมค่าติดตั้ง),2-4 วัน,฿,"11,990.",00,"฿ 28,990.00",-58%,,
https://www.makro.pro/th/p/xVzbhTm-861286648639979?info=JTdCJTIyaW5kZXhDbGlja2VkJTIyJTNBNSU3RA,https://images.mango-prod.siammakro.cloud/SOURCE/3008ec33836e465bb22dca9d331625ad,CANDY เครื่องปรับอากาศติดผนัง Inverter Eco Queen ขนาด 18000 BTU รุ่น CE-18VPGT (CE-18VPCT) สีขาว,2-4 วัน,฿,"10,190.",00,"฿ 16,990.00",-40%,,
https://www.makro.pro/th/p/qp6L1Cq-286601368287357?info=JTdCJTIyaW5kZXhDbGlja2VkJTIyJTNBNiU3RA,https://images.mango-prod.siammakro.cloud/SOURCE/860d35a4debe46428553c4c129b245b9,CANDY เครื่องปรับอากาศติดผนัง Eco Cool ขนาด 9200 BTU รุ่น CE-09PCT สีขาว,2-4 วัน,฿,"6,690.",00,"฿ 10,990.00",-39%,,
https://www.makro.pro/th/p/WQRbI-3-895383154174631?info=JTdCJTIyaW5kZXhDbGlja2VkJTIyJTNBNyU3RA,https://images.mango-prod.siammakro.cloud/SOURCE/e75980f3bf7e4065b1a511382995f507,[พรีออเดอร์] ไฮเซนส์ เครื่องปรับอากาศ 12000 BTU รุ่น AS13TRKE2T (ไม่รวมค่าติดตั้ง),2-4 วัน,฿,"8,970.",00,"฿ 21,490.00",-58%,,
https://www.makro.pro/th/p/3VcEvmC-626663161843340?info=JTdCJTIyaW5kZXhDbGlja2VkJTIyJTNBOCU3RA,https://images.mango-prod.siammakro.cloud/SOURCE/3008ec33836e465bb22dca9d331625ad,CANDY เครื่องปรับอากาศ Inverter Eco Master ขนาด 18200 BTU รุ่น CE-18VPST สีขาว,2-4 วัน,฿,"15,690.",00,"฿ 18,990.00",-17%,,
https://www.makro.pro/th/p/PJCW0Z--99468476255402?info=JTdCJTIyaW5kZXhDbGlja2VkJTIyJTNBOSU3RA,https://images.mango-prod.siammakro.cloud/product-images/99468476255402-3de741ba-1e2e-43c3-b285-eab4c65ce9d4.jpeg?imageMogr2/thumbnail/300x300,ซัมซุง เครื่องปรับอากาศ 18000 บีทียู อินเวอร์เตอร์ รุ่น AR18CYHCAWKNST (ไม่รวมติดตั้ง),3 วัน,฿,"16,990.",00,"฿ 25,990.00",-34%,ซื้อ 1 หน่วย ร่วมกับสินค้าในรายการ 1 หน่วย รับส่วนลด 2000฿,
https://www.makro.pro/th/p/4l8n0xxI-810909352638560?info=JTdCJTIyaW5kZXhDbGlja2VkJTIyJTNBMTAlN0Q,https://images.mango-prod.siammakro.cloud/product-images/810909352638560-f2e6bc28-ac1f-4261-99aa-8bb86de80647.jpeg?imageMogr2/thumbnail/300x300,ซัมซุง เครื่องปรับอากาศ รุ่น AR10CYHCAWKNST,3 วัน,฿,"8,490.",00,"฿ 15,990.00",-46%,ซื้อ 1 หน่วย ร่วมกับสินค้าในรายการ 1 หน่วย รับส่วนลด 1000฿,
https://www.makro.pro/th/p/zgia8srR-525131107728552?info=JTdCJTIyaW5kZXhDbGlja2VkJTIyJTNBMTElN0Q,https://images.mango-prod.siammakro.cloud/product-images/525131107728552-58a999b6-e305-48a4-bf43-1e62c0140919.jpeg?imageMogr2/thumbnail/300x300,ซัมซุง เครื่องปรับอากาศ 12000 บีทียู อินเวอร์เตอร์ รุ่น AR60F12D1AWNST (ไม่รวมติดตั้ง),3 วัน,฿,"15,490.",00,"฿ 18,990.00",-18%,ซื้อ 1 หน่วย ร่วมกับสินค้าในรายการ 1 หน่วย รับส่วนลด 1000฿,
https://www.makro.pro/th/p/1vwVXqiU-531177376034966?info=JTdCJTIyaW5kZXhDbGlja2VkJTIyJTNBMTIlN0Q,https://images.mango-prod.siammakro.cloud/product-images/531177376034966-90847426-6d63-4692-9762-af40035dab9c.jpeg?imageMogr2/thumbnail/300x300,ซัมซุง เครื่องปรับอากาศ 9000 บีทียู อินเวอร์เตอร์ รุ่น AR60F09D1AWNST (ไม่รวมติดตั้ง),3 วัน,฿,"13,490.",00,"฿ 16,990.00",-20%,ซื้อ 1 หน่วย ร่วมกับสินค้าในรายการ 1 หน่วย รับส่วนลด 1000฿,
https://www.makro.pro/th/p/KBhIWMH-146894065324437?info=JTdCJTIyaW5kZXhDbGlja2VkJTIyJTNBMTMlN0Q,https://images.mango-prod.siammakro.cloud/SOURCE/7d71b0faee914dbb9c5665d42e18435c,"แอลจี เครื่องปรับอากาศ อินเวอร์เตอร์ 9,200 BTU รุ่น ICE11M LG DUALCOOL ICE",3-5 วัน,฿,"10,220.",00,"฿ 24,990.00",-59%,ซื้อทุก 1 ชิ้น ลดเพิ่ม 550฿,
https://www.makro.pro/th/p/PWP-AZO-243317040497082?info=JTdCJTIyaW5kZXhDbGlja2VkJTIyJTNBMTQlN0Q,https://images.mango-prod.siammakro.cloud/SOURCE/1e5d97dd7c0e479ca9b4b5dc8ed7701a,ซัมซุง เครื่องปรับอากาศ อินเวอร์เตอร์ 12000BTU รุ่น AR13CYHCAWKN สีขาว,2-4 วัน,฿,"11,950.",00,"฿ 17,990.00",-33%,,
https://www.makro.pro/th/p/pTJWWAS-292227401347452?info=JTdCJTIyaW5kZXhDbGlja2VkJTIyJTNBMTUlN0Q,https://images.mango-prod.siammakro.cloud/SOURCE/bacc6679e5ef48eb9c720a41da77949d,"แอร์อินเวอร์เตอร์ 12,000 BTU LG POWER COOL รุ่น ISC13E",3-5 วัน,฿,"7,900.",00,"฿ 15,990.00",-50%,ซื้อทุก 1 ชิ้น ลดเพิ่ม 430฿,
https://www.makro.pro/th/p/GzesErT-458873914852327?info=JTdCJTIyaW5kZXhDbGlja2VkJTIyJTNBMTYlN0Q,https://images.mango-prod.siammakro.cloud/SOURCE/3008ec33836e465bb22dca9d331625ad,CANDY เครื่องปรับอากาศติดผนัง Inverter Eco Queen ขนาด 12300 BTU รุ่น CE-12VPGT (CE-12VPCT) สีขาว,2-4 วัน,฿,"7,990.",00,"฿ 13,990.00",-42%,,
https://www.makro.pro/th/p/AGF44ktr-823958600684143?info=JTdCJTIyaW5kZXhDbGlja2VkJTIyJTNBMTclN0Q,https://images.mango-prod.siammakro.cloud/product-images/823958600684143-cff86f2e-a322-4b18-9f04-c7c210899c32.jpeg?imageMogr2/thumbnail/300x300,ซัมซุง เครื่องปรับอากาศ 18000 บีทียู อินเวอร์เตอร์ รุ่น AR60F18D1AWNST (ไม่รวมติดตั้ง),3 วัน,฿,"21,990.",00,"฿ 25,990.00",-15%,ซื้อ 1 หน่วย ร่วมกับสินค้าในรายการ 1 หน่วย รับส่วนลด 5000฿,
https://www.makro.pro/th/p/eAJkX7D-423666416016891?info=JTdCJTIyaW5kZXhDbGlja2VkJTIyJTNBMTglN0Q,https://images.mango-prod.siammakro.cloud/SOURCE/860d35a4debe46428553c4c129b245b9,CANDY เครื่องปรับอากาศติดผนัง Eco Cool ขนาด 12000 BTU รุ่น CE-12PCT สีขาว,2-4 วัน,฿,"7,690.",00,"฿ 12,990.00",-40%,,
https://www.makro.pro/th/p/2Xbd3MV-887191455588650?info=JTdCJTIyaW5kZXhDbGlja2VkJTIyJTNBMTklN0Q,https://images.mango-prod.siammakro.cloud/SOURCE/f49dd581b38b4e3fa6f78c90902570da,"แอร์อินเวอร์เตอร์ 18,000 BTU LG POWER COOL รุ่น ISC18E",3-5 วัน,฿,"13,010.",00,"฿ 21,990.00",-40%,ซื้อทุก 1 ชิ้น ลดเพิ่ม 700฿,
https://www.makro.pro/th/p/BqCA8PL-724358447573087?info=JTdCJTIyaW5kZXhDbGlja2VkJTIyJTNBMjAlN0Q,https://images.mango-prod.siammakro.cloud/SOURCE/d737907e9f1c4b49bddf7cf37fac020e,[พรีออเดอร์] ไฮเซ่นส์ แอร์เคลื่อนที่ 8000 BTU รุ่น AP-08CR4SKVS00,2-4 วัน,฿,"5,790.",00,"฿ 9,190.00",-37%,,
https://www.makro.pro/th/p/jEmUm1c-274487138756045?info=JTdCJTIyaW5kZXhDbGlja2VkJTIyJTNBMjElN0Q,https://images.mango-prod.siammakro.cloud/SOURCE/1719d829b8c443e5aa9f0eea5eb37bb2,ซัมซุง เครื่องปรับอากาศ ขนาด 9000 Btu รุ่น AR10CYHAAWKNST (ไม่รวมค่าติดตั้ง),2-4 วัน,฿,"9,990.",00,"฿ 15,990.00",-37%,,
https://www.makro.pro/th/p/_S4TY4S-524488207136867?info=JTdCJTIyaW5kZXhDbGlja2VkJTIyJTNBMjIlN0Q,https://images.mango-prod.siammakro.cloud/SOURCE/860d35a4debe46428553c4c129b245b9,CANDY เครื่องปรับอากาศติดผนัง Eco Cool ขนาด 17000 BTU รุ่น CE-18PCT สีขาว,2-4 วัน,฿,"9,690.",00,"฿ 15,990.00",-39%,,
https://www.makro.pro/th/p/LTv6cwk-532821370686647?info=JTdCJTIyaW5kZXhDbGlja2VkJTIyJTNBMjMlN0Q,https://images.mango-prod.siammakro.cloud/SOURCE/3008ec33836e465bb22dca9d331625ad,[Pre - Order] CANDY เครื่องปรับอากาศติดผนัง Inverter Eco Queen ขนาด 23200 BTU รุ่น CE-24VPGT (CE-24VPCT) สีขาว [เริ่มจัดส่ง 4 มีนาคม 2569],2-4 วัน,฿,"12,690.",00,"฿ 19,990.00",-36%,,
https://www.makro.pro/th/p/3s3SVoZ-178870281375696?info=JTdCJTIyaW5kZXhDbGlja2VkJTIyJTNBMjQlN0Q,https://images.mango-prod.siammakro.cloud/SOURCE/baee028ba68c4413b162949d3bf423fe,Worldtech แอร์เคลื่อนที่ 9000 BTU รุ่น WT-SKY-1A-09 หน้าจอ LED พร้อมรีโมทควบคุม ทํางานเงียบ,1-3 วัน,"฿

9,990.

00",฿,00,,,,
https://www.makro.pro/th/p/7jRUtAn-549320492062692?info=JTdCJTIyaW5kZXhDbGlja2VkJTIyJTNBMjUlN0Q,https://images.mango-prod.siammakro.cloud/SOURCE/f35473cfb13b44938af0ac0893840932,Worldtech แอร์เคลื่อนที่ 12000 BTU รุ่น WT-SKY-6A-12 หน้าจอ LED พร้อมรีโมทควบคุม ทํางานเงียบ,1-3 วัน,"฿

11,990.

00",฿,00,,,,
https://www.makro.pro/th/p/Y_7X8tr-438212430662251?info=JTdCJTIyaW5kZXhDbGlja2VkJTIyJTNBMjYlN0Q,https://images.mango-prod.siammakro.cloud/SOURCE/a0203da8679e45aeb48dd6d9e96e4bb9,[Pre - Order] Haier เครื่องปรับอากาศ Inverter UV Cool Smart ขนาด 9200 BTU รุ่น HSU-09VRRA05SBF สีขาว,2-4 วัน,฿,"15,490.",00,"฿ 16,490.00",-6%,,
https://www.makro.pro/th/p/LwskzDC-800918348012001?info=JTdCJTIyaW5kZXhDbGlja2VkJTIyJTNBMjclN0Q,https://images.mango-prod.siammakro.cloud/SOURCE/f5d22178d89444769e9fbfe853320960,[Pre - Order] Haier เครื่องปรับอากาศ Inverter UV Cool Smart ขนาด 12300 BTU รุ่น HSU-12VRRA05BF สีขาว,2-4 วัน,฿,"17,490.",00,"฿ 18,490.00",-5%,,
https://www.makro.pro/th/p/IrPJ-Vg-983079526984141?info=JTdCJTIyaW5kZXhDbGlja2VkJTIyJTNBMjglN0Q,https://images.mango-prod.siammakro.cloud/SOURCE/b7469803266c4816bc414c70301cdaf4,Haier เครื่องปรับอากาศ Inverter Clean Cool ขนาด 30700 BTU รุ่น HSU-30VQAC03T สีขาว,2-4 วัน,฿,"37,490.",00,"฿ 38,490.00",-2%,,
https://www.makro.pro/th/p/iVE44YJ-424196572870997?info=JTdCJTIyaW5kZXhDbGlja2VkJTIyJTNBMjklN0Q,https://images.mango-prod.siammakro.cloud/SOURCE/2c5fd4d018ab45bca761bf676bb881f6,CAMEL แอร์เคลื่อนที่ พัดลมไอเย็น air cooler พัดลมปรับอากาศ ขนาดความจุ 60 ลิตร แรงลม3ระดับระบายความร้อนอย่า,3-7 วัน,฿,"2,999.",00,"฿ 5,999.00",-50%,,
https://www.makro.pro/th/p/o3RK5iS-112560801267820?info=JTdCJTIyaW5kZXhDbGlja2VkJTIyJTNBMzAlN0Q,https://images.mango-prod.siammakro.cloud/SOURCE/58dc8707fd3b46d7b65798b9b92a5713,CAMEL แอร์เคลื่อนที่ พัดลมไอเย็น air cooler พัดลมปรับอากาศ ขนาดความจุ 60 ลิตร แรงลม3ระดับระบายความร้อนอย่า,3-7 วัน,฿,"2,039.",00,"฿ 3,799.00",-46%,,
https://www.makro.pro/th/p/phSrCYX-427974292636410?info=JTdCJTIyaW5kZXhDbGlja2VkJTIyJTNBMzElN0Q,https://images.mango-prod.siammakro.cloud/SOURCE/6c881fbbae2f4cb99f22083a9dc487b4,"แอร์อินเวอร์เตอร์ 24,000 BTU LG POWER COOL รุ่น ISC24E",3-5 วัน,฿,"16,730.",00,"฿ 32,990.00",-49%,ซื้อทุก 1 ชิ้น ลดเพิ่ม 900฿,
https://www.makro.pro/th/p/777ItboB-288477394939075?info=JTdCJTIyaW5kZXhDbGlja2VkJTIyJTNBMzIlN0Q,https://images.mango-prod.siammakro.cloud/product-images/288477394939075-23056738-1452-4de3-b48a-ac48f5d960f8.jpeg?imageMogr2/thumbnail/300x300,ไฮเออร์ เครื่องปรับอากาศ อินเวอร์เตอร์ 9200 BTU รุ่น HSU-09VQRC03T,3 วัน,"฿

10,990.

00",฿,00,,,ซื้อ 1 หน่วย ร่วมกับสินค้าในรายการ 1 หน่วย รับส่วนลด 1000฿,
https://www.makro.pro/th/p/l_7LlWvk-934559077695376?info=JTdCJTIyaW5kZXhDbGlja2VkJTIyJTNBMzMlN0Q,https://images.mango-prod.siammakro.cloud/product-images/934559077695376-e67b1719-692d-42c6-a19d-bb7f1fc7f704.jpeg?imageMogr2/thumbnail/300x300,ไฮเออร์ เครื่องปรับอากาศ อินเวอร์เตอร์ 12300 BTU รุ่น HSU-12VQRC03T,3 วัน,"฿

11,990.

00",฿,00,,,ซื้อ 1 หน่วย ร่วมกับสินค้าในรายการ 1 หน่วย รับส่วนลด 2000฿,
https://www.makro.pro/th/p/B0lVOrXM-712350587654618?info=JTdCJTIyaW5kZXhDbGlja2VkJTIyJTNBMzQlN0Q,https://images.mango-prod.siammakro.cloud/product-images/712350587654618-115f36ba-9286-4c65-8021-cc53e416a12f.jpeg?imageMogr2/thumbnail/300x300,ไฮเออร์ เครื่องปรับอากาศ อินเวอร์เตอร์ 18000 BTU รุ่น HSU-18VQRC03T,3 วัน,"฿

16,990.

00",฿,00,,,ซื้อ 1 หน่วย ร่วมกับสินค้าในรายการ 1 หน่วย รับส่วนลด 2000฿,
https://www.makro.pro/th/p/kooyALwI-666595024950061?info=JTdCJTIyaW5kZXhDbGlja2VkJTIyJTNBMzUlN0Q,https://images.mango-prod.siammakro.cloud/product-images/666595024950061-7d032c5a-62a4-4dfb-8094-441e0bb232af.jpeg?imageMogr2/thumbnail/300x300,ไฮเออร์ เครื่องปรับอากาศ อินเวอร์เตอร์ 12300 BTU HSU-12VQEC03T,3 วัน,"฿

9,490.

00",฿,00,,,,
https://www.makro.pro/th/p/_XCjumi-176502268314022?info=JTdCJTIyaW5kZXhDbGlja2VkJTIyJTNBMzYlN0Q,https://images.mango-prod.siammakro.cloud/SOURCE/4609f6cbdad94ab6886d582f8dbccbab,แอร์ผนัง มิตซูบิชิ เฮฟวี่ ดิวตี้ อินเวอร์เตอร์ DXK18YYM-W1 ขนาด 18174 BTU สีขาว,3-7 วัน,"฿

40,660.

00",฿,00,,,,
https://www.makro.pro/th/p/KkEM67o-444684537284480?info=JTdCJTIyaW5kZXhDbGlja2VkJTIyJTNBMzclN0Q,https://images.mango-prod.siammakro.cloud/SOURCE/fa0abac093984ed4ad76b2afe681d0e5,แอร์ฝังฝา มิตซูบิชิ เฮฟวี่ ดิวตี้ อินเวอร์เตอร์ FDT71YA-W1 (220V.) ขนาด 24570 BTU (หน้ากากสีดำ),3-7 วัน,"฿

69,940.

00",฿,00,,,,
https://www.makro.pro/th/p/plxnEYp-995250107763656?info=JTdCJTIyaW5kZXhDbGlja2VkJTIyJTNBMzglN0Q,https://images.mango-prod.siammakro.cloud/SOURCE/61d6752b7c484ea282d78a5ace1c5271,แอร์ผนัง มิตซูบิชิ เฮฟวี่ ดิวตี้ ดีลักซ์ อินเวอร์เตอร์ DXK15YYS-W1 ขนาด 15757 BTU สีขาว,3-7 วัน,"฿

40,660.

00",฿,00,,,,
https://www.makro.pro/th/p/YUFaxmT-374343762453376?info=JTdCJTIyaW5kZXhDbGlja2VkJTIyJTNBMzklN0Q,https://images.mango-prod.siammakro.cloud/SOURCE/9ea5cdcfb8c1478fb70fc6ed99052750,แอร์ผนัง มิตซูบิชิ เฮฟวี่ ดิวตี้ ดีลักซ์ อินเวอร์เตอร์ DXK18YYS-W1 ขนาด 18381 BTU สีขาว,3-7 วัน,"฿

44,660.

00",฿,00,,,,
https://www.makro.pro/th/p/2JTlOUI-785734150215884?info=JTdCJTIyaW5kZXhDbGlja2VkJTIyJTNBNDAlN0Q,https://images.mango-prod.siammakro.cloud/SOURCE/dd1f7e77d68a4ec1a623ce7ca07b3b2a,แอร์ผนัง มิตซูบิชิ เฮฟวี่ ดิวตี้ อินเวอร์เตอร์ DXK18YYP2-W1 ขนาด 18700 BTU สีขาว,3-7 วัน,"฿

36,640.

00",฿,00,,,,
https://www.makro.pro/th/p/88kaGY--270908467759488?info=JTdCJTIyaW5kZXhDbGlja2VkJTIyJTNBNDElN0Q,https://images.mango-prod.siammakro.cloud/SOURCE/597a83dcddf1401a94a8fcf4b500d75d,แอร์ผนัง มิตซูบิชิ เฮฟวี่ ดิวตี้ ดีลักซ์ อินเวอร์เตอร์ DXK10YYS-W1 ขนาด 9749 BTU สีขาว,3-7 วัน,"฿

30,810.

00",฿,00,,,,
https://www.makro.pro/th/p/3XeKMv--699416417639986?info=JTdCJTIyaW5kZXhDbGlja2VkJTIyJTNBNDIlN0Q,https://images.mango-prod.siammakro.cloud/SOURCE/6a4db9466bee4c55aa51979751f5a991,แอร์ผนัง มิตซูบิชิ เฮฟวี่ ดิวตี้ ดีลักซ์ อินเวอร์เตอร์ DXK13YYS-W1 ขนาด 12530 BTU สีขาว,3-7 วัน,"฿

33,415.

00",฿,00,,,,
https://www.makro.pro/th/p/7zswSNZ-282542000673743?info=JTdCJTIyaW5kZXhDbGlja2VkJTIyJTNBNDMlN0Q,https://images.mango-prod.siammakro.cloud/SOURCE/12fde5da906e402886a9bb05d7b000da,แอร์ผนัง มิตซูบิชิ เฮฟวี่ ดิวตี้ อินเวอร์เตอร์ DXK10YYM-W1 ขนาด 9673 BTU สีขาว,3-7 วัน,"฿

22,910.

00",฿,00,,,,
https://www.makro.pro/th/p/YdMS8ca-387572938219852?info=JTdCJTIyaW5kZXhDbGlja2VkJTIyJTNBNDQlN0Q,https://images.mango-prod.siammakro.cloud/SOURCE/b06794eb5cbd4ec0a43663252c274d6f,แอร์ผนัง มิตซูบิชิ เฮฟวี่ ดิวตี้ DXK24CYV-W1 ขนาด 25350 BTU สีขาว,3-7 วัน,"฿

42,825.

00",฿,00,,,,
https://www.makro.pro/th/p/Z8OujS7-302115364238235?info=JTdCJTIyaW5kZXhDbGlja2VkJTIyJTNBNDUlN0Q,https://images.mango-prod.siammakro.cloud/SOURCE/85908c352edf40aaa912716056ad351d,แอร์ผนัง มิตซูบิชิ เฮฟวี่ ดิวตี้ อินเวอร์เตอร์ DXK10YYP-W1 ขนาด 9585 BTU สีขาว,3-7 วัน,"฿

20,905.

00",฿,00,,,,
https://www.makro.pro/th/p/IOzPjFo-280136780881054?info=JTdCJTIyaW5kZXhDbGlja2VkJTIyJTNBNDYlN0Q,https://images.mango-prod.siammakro.cloud/SOURCE/1330fb8c949f4d94ba70f958d3047b3b,แอร์ผนัง มิตซูบิชิ เฮฟวี่ ดิวตี้ อินเวอร์เตอร์ DXK13YYP-W1 ขนาด 12478 BTU สีขาว,3-7 วัน,"฿

24,910.

00",฿,00,,,,
https://www.makro.pro/th/p/PJFXINA-893499613789684?info=JTdCJTIyaW5kZXhDbGlja2VkJTIyJTNBNDclN0Q,https://images.mango-prod.siammakro.cloud/SOURCE/3da3c6fc4f99417f9225b4144b19113a,แอร์ฝังฝา มิตซูบิชิ เฮฟวี่ ดิวตี้ อินเวอร์เตอร์ FDT40YA-W1 (220V.) ขนาด 14786 BTU (หน้ากากสีขาว),3-7 วัน,"฿

50,920.

00",฿,00,,,,
https://www.makro.pro/th/p/Yz9xAK2-791374180981193?info=JTdCJTIyaW5kZXhDbGlja2VkJTIyJTNBNDglN0Q,https://images.mango-prod.siammakro.cloud/SOURCE/9cc178ba03984ec9b66dbf274d0c0863,แอร์ฝังฝา มิตซูบิชิ เฮฟวี่ ดิวตี้ อินเวอร์เตอร์ FDT50YA-W1 (220V.) ขนาด 14786 BTU (หน้ากากสีขาว),3-7 วัน,"฿

57,920.

00",฿,00,,,,
https://www.makro.pro/th/p/wqqD11j-256149869292091?info=JTdCJTIyaW5kZXhDbGlja2VkJTIyJTNBNDklN0Q,https://images.mango-prod.siammakro.cloud/SOURCE/79f6aa9cbb9c475d8458ebb2a0220f0a,แอร์ฝังฝา มิตซูบิชิ เฮฟวี่ ดิวตี้ อินเวอร์เตอร์ FDT125YA-W1 (220V.) ขนาด 42032 BTU (หน้ากากสีขาว),3-7 วัน,"฿

96,900.

00",฿,00,,,,
https://www.makro.pro/th/p/mvA-bS6-750531181151452?info=JTdCJTIyaW5kZXhDbGlja2VkJTIyJTNBNTAlN0Q,https://images.mango-prod.siammakro.cloud/SOURCE/bd64c88e4c3c455d97c20c82878f6669,แอร์ผนัง มิตซูบิชิ เฮฟวี่ ดิวตี้ DXK15CYV-W1 ขนาด 14600 BTU สีขาว,3-7 วัน,"฿

25,880.

00",฿,00,,,,
https://www.makro.pro/th/p/bUj5uH3-158707037347277?info=JTdCJTIyaW5kZXhDbGlja2VkJTIyJTNBNTElN0Q,https://images.mango-prod.siammakro.cloud/SOURCE/fa0abac093984ed4ad76b2afe681d0e5,แอร์ฝังฝา มิตซูบิชิ เฮฟวี่ ดิวตี้ อินเวอร์เตอร์ FDT50YA-W1 (220V.) ขนาด 14786 BTU (หน้ากากสีดำ),3-7 วัน,"฿

57,920.

00",฿,00,,,,
https://www.makro.pro/th/p/mnLCprg-332370606320220?info=JTdCJTIyaW5kZXhDbGlja2VkJTIyJTNBNTIlN0Q,https://images.mango-prod.siammakro.cloud/SOURCE/4609f6cbdad94ab6886d582f8dbccbab,แอร์ผนัง มิตซูบิชิ เฮฟวี่ ดิวตี้ อินเวอร์เตอร์ DXK24YYM-W1 ขนาด 24395 BTU สีขาว,3-7 วัน,"฿

49,550.

00",฿,00,,,,
https://www.makro.pro/th/p/PcyWrhx-163447359710237?info=JTdCJTIyaW5kZXhDbGlja2VkJTIyJTNBNTMlN0Q,https://images.mango-prod.siammakro.cloud/SOURCE/fa0abac093984ed4ad76b2afe681d0e5,แอร์ฝังฝา มิตซูบิชิ เฮฟวี่ ดิวตี้ อินเวอร์เตอร์ FDT140YA-W1 (220V.) ขนาด 46953 BTU (หน้ากากสีดำ),3-7 วัน,"฿

107,895.

00",฿,00,,,,
https://www.makro.pro/th/p/Roe8W3D-337209043948279?info=JTdCJTIyaW5kZXhDbGlja2VkJTIyJTNBNTQlN0Q,https://images.mango-prod.siammakro.cloud/SOURCE/12fde5da906e402886a9bb05d7b000da,แอร์ผนัง มิตซูบิชิ เฮฟวี่ ดิวตี้ อินเวอร์เตอร์ DXK15YYM-W1 ขนาด 15532 BTU สีขาว,3-7 วัน,"฿

32,360.

00",฿,00,,,,
https://www.makro.pro/th/p/cwMJhxU-930584114976681?info=JTdCJTIyaW5kZXhDbGlja2VkJTIyJTNBNTUlN0Q,https://images.mango-prod.siammakro.cloud/SOURCE/fa0abac093984ed4ad76b2afe681d0e5,แอร์ฝังฝา มิตซูบิชิ เฮฟวี่ ดิวตี้ อินเวอร์เตอร์ FDT40YA-W1 (220V.) ขนาด 14786 BTU (หน้ากากสีดำ),3-7 วัน,"฿

50,920.

00",฿,00,,,,
https://www.makro.pro/th/p/Y7fKsuE-237389799964854?info=JTdCJTIyaW5kZXhDbGlja2VkJTIyJTNBNTYlN0Q,https://images.mango-prod.siammakro.cloud/SOURCE/fa0abac093984ed4ad76b2afe681d0e5,แอร์ฝังฝา มิตซูบิชิ เฮฟวี่ ดิวตี้ อินเวอร์เตอร์ FDT125YA-W1 (220V.) ขนาด 42032 BTU (หน้ากากสีดำ),3-7 วัน,"฿

96,900.

00",฿,00,,,,
https://www.makro.pro/th/p/ilDwgRt-964379937035761?info=JTdCJTIyaW5kZXhDbGlja2VkJTIyJTNBNTclN0Q,https://images.mango-prod.siammakro.cloud/SOURCE/fa0abac093984ed4ad76b2afe681d0e5,แอร์ฝังฝา มิตซูบิชิ เฮฟวี่ ดิวตี้ อินเวอร์เตอร์ FDT100YA-W1 (220V.) ขนาด 36251 BTU (หน้ากากสีดำ),3-7 วัน,"฿

86,170.

00",฿,00,,,,
https://www.makro.pro/th/p/6NNwa4K-111452232705374?info=JTdCJTIyaW5kZXhDbGlja2VkJTIyJTNBNTglN0Q,https://images.mango-prod.siammakro.cloud/SOURCE/f617ed151f794f3699a72f6ca39134e0,แอร์ผนัง มิตซูบิชิ เฮฟวี่ ดิวตี้ DXK13CYV-W1 ขนาด 12400 BTU สีขาว,3-7 วัน,"฿

21,950.

00",฿,00,,,,
https://www.makro.pro/th/p/tJHZC5I-724312787084586?info=JTdCJTIyaW5kZXhDbGlja2VkJTIyJTNBNTklN0Q,https://images.mango-prod.siammakro.cloud/SOURCE/79f6aa9cbb9c475d8458ebb2a0220f0a,แอร์ฝังฝา มิตซูบิชิ เฮฟวี่ ดิวตี้ อินเวอร์เตอร์ FDT140YA-W1 (220V.) ขนาด 46953 BTU (หน้ากากสีขาว),3-7 วัน,"฿

107,895.

00",฿,00,,,,
https://www.makro.pro/th/p/1vk653b-228819104587654?info=JTdCJTIyaW5kZXhDbGlja2VkJTIyJTNBNjAlN0Q,https://images.mango-prod.siammakro.cloud/SOURCE/762c28c813d04f3fb82762ad02e32a82,แอร์ผนัง มิตซูบิชิ เฮฟวี่ ดิวตี้ DXK18CYV-W1 ขนาด 18700 BTU สีขาว,3-7 วัน,"฿

33,675.

00",฿,00,,,,
https://www.makro.pro/th/p/f1mnwIo-817865941633468?info=JTdCJTIyaW5kZXhDbGlja2VkJTIyJTNBNjElN0Q,https://images.mango-prod.siammakro.cloud/SOURCE/22cdf5df655943b8803941d3dba7cb0c,แอร์ผนัง มิตซูบิชิ เฮฟวี่ ดิวตี้ อินเวอร์เตอร์ DXK15YYP-W1 ขนาด 15402 BTU สีขาว,3-7 วัน,"฿

29,640.

00",฿,00,,,,
https://www.makro.pro/th/p/071c3wn-694067960442639?info=JTdCJTIyaW5kZXhDbGlja2VkJTIyJTNBNjIlN0Q,https://images.mango-prod.siammakro.cloud/SOURCE/fc1f3c2919134c7394b1f5b97bab9699,แอร์ผนัง มิตซูบิชิ เฮฟวี่ ดิวตี้ ดีลักซ์ อินเวอร์เตอร์ DXK24YYS-W1 ขนาด 24334 BTU สีขาว,3-7 วัน,"฿

59,050.

00",฿,00,,,,
https://www.makro.pro/th/p/3176UHF-648185973451430?info=JTdCJTIyaW5kZXhDbGlja2VkJTIyJTNBNjMlN0Q,https://images.mango-prod.siammakro.cloud/SOURCE/bdde085f0a904409ab9692eba19ca017,แอร์ผนัง มิตซูบิชิ เฮฟวี่ ดิวตี้ DXK10CYV-W1 ขนาด 9300 BTU สีขาว,3-7 วัน,"฿

18,940.

00",฿,00,,,,
https://www.makro.pro/th/p/QMbZrU6-714490387015882?info=JTdCJTIyaW5kZXhDbGlja2VkJTIyJTNBNjQlN0Q,https://images.mango-prod.siammakro.cloud/SOURCE/9ea7f072e199442795fbe2e847933695,แอร์ฝังฝา มิตซูบิชิ เฮฟวี่ ดิวตี้ อินเวอร์เตอร์ FDT71YA-W1 (220V.) ขนาด 24570 BTU (หน้ากากสีขาว),3-7 วัน,"฿

69,940.

00",฿,00,,,,
https://www.makro.pro/th/p/qX8beT9-168604011625033?info=JTdCJTIyaW5kZXhDbGlja2VkJTIyJTNBNjUlN0Q,https://images.mango-prod.siammakro.cloud/SOURCE/12fde5da906e402886a9bb05d7b000da,แอร์ผนัง มิตซูบิชิ เฮฟวี่ ดิวตี้ อินเวอร์เตอร์ DXK13YYM-W1 ขนาด 12292 BTU สีขาว,3-7 วัน,"฿

26,615.

00",฿,00,,,,
https://www.makro.pro/th/p/cB_ujAN-531698988942346?info=JTdCJTIyaW5kZXhDbGlja2VkJTIyJTNBNjYlN0Q,https://images.mango-prod.siammakro.cloud/SOURCE/c391a085d04544de9e7662b34d1717b4,แอร์ฝังฝา มิตซูบิชิ เฮฟวี่ ดิวตี้ อินเวอร์เตอร์ FDT100YA-W1 (220V.) ขนาด 36251 BTU (หน้ากากสีขาว),3-7 วัน,"฿

86,170.

00",฿,00,,,,
https://www.makro.pro/th/p/APeY63C-252760697822098?info=JTdCJTIyaW5kZXhDbGlja2VkJTIyJTNBNjclN0Q,https://images.mango-prod.siammakro.cloud/SOURCE/3ea8f06e82cd4c4b8fd18a15996d6aa2,"Bwell เครื่องปรับอากาศเคลื่อนที่ 12,000 บีทียู/ชม. รุ่น BPAC-12",1-3 วัน,"฿

13,990.

00",฿,00,,,,
https://www.makro.pro/th/p/OSlsYqm-818178307406394?info=JTdCJTIyaW5kZXhDbGlja2VkJTIyJTNBNjglN0Q,https://images.mango-prod.siammakro.cloud/SOURCE/c2c7822187f149c1a2062c147eb0897f,แอลจี เครื่องปรับอากาศ อินเวอร์เตอร์ INVERTER 18000 บีทียู รุ่น ICE18MN.KU1 สีขาว (ไม่รวมค่าติดตั้ง),2-4 วัน,฿,"19,050.",00,"฿ 36,490.00",-47%,,
https://www.makro.pro/th/p/dhbnGN6H-764398197520162?info=JTdCJTIyaW5kZXhDbGlja2VkJTIyJTNBNjklN0Q,https://images.mango-prod.siammakro.cloud/product-images/764398197520162-926eadb8-4e48-42ab-92ea-be54c2c979bb.jpeg?imageMogr2/thumbnail/300x300,ไมเดีย เครื่องปรับอากาศ 24000 บีทียู อินเวอร์เตอร์ รุ่น MSNE-25CRFN8-ID (ไม่รวมติดตั้ง),3 วัน,฿,"19,990.",00,"฿ 27,090.00",-26%,ซื้อ 1 หน่วย ร่วมกับสินค้าในรายการ 1 หน่วย รับส่วนลด 5000฿,
https://www.makro.pro/th/p/gQyRG2CD-733867435871314?info=JTdCJTIyaW5kZXhDbGlja2VkJTIyJTNBNzAlN0Q,https://images.mango-prod.siammakro.cloud/product-images/733867435871314-dd1b2c43-d3d2-4a0a-9ef1-b5ac89ad61a9.jpeg?imageMogr2/thumbnail/300x300,ไมเดีย เครื่องปรับอากาศ 12000 บีทียู อินเวอร์เตอร์ รุ่น MSNE-13CRFN8-ID (ไม่รวมติดตั้ง),3 วัน,฿,"8,490.",00,"฿ 15,090.00",-43%,,
https://www.makro.pro/th/p/GHH1aoR-138101031637731?info=JTdCJTIyaW5kZXhDbGlja2VkJTIyJTNBNzElN0Q,https://images.mango-prod.siammakro.cloud/SOURCE/f7daf6ecd5594f2d987ec8af3a1a5574,แอลจี แอร์อินเวอร์เตอร์ LG DUALCOOL AI Air รุ่น SEQ11A,3-5 วัน,฿,"13,940.",00,"฿ 22,990.00",-39%,ซื้อทุก 1 ชิ้น ลดเพิ่ม 750฿,
https://www.makro.pro/th/p/BViMN4C-952824553014462?info=JTdCJTIyaW5kZXhDbGlja2VkJTIyJTNBNzIlN0Q,https://images.mango-prod.siammakro.cloud/SOURCE/cea79dd22f784def8a5b4c6bbe079aa3,แอลจี แอร์อินเวอร์เตอร์ LG DUALCOOL AI Air รุ่น SAQ11A,3-5 วัน,฿,"25,100.",00,"฿ 35,990.00",-30%,ซื้อทุก 1 ชิ้น ลดเพิ่ม 1350฿,
https://www.makro.pro/th/p/qmqYlWu-442442950709238?info=JTdCJTIyaW5kZXhDbGlja2VkJTIyJTNBNzMlN0Q,https://images.mango-prod.siammakro.cloud/SOURCE/952682dc1ea040e882be7ea590b6c217,"แอลจี แอร์อินเวอร์เตอร์ 21,200 บีทียู รุ่น ICQ24M",3-5 วัน,฿,"25,100.",00,"฿ 39,990.00",-37%,ซื้อทุก 1 ชิ้น ลดเพิ่ม 1350฿,
https://www.makro.pro/th/p/odZN9MU-410859746579765?info=JTdCJTIyaW5kZXhDbGlja2VkJTIyJTNBNzQlN0Q,https://images.mango-prod.siammakro.cloud/SOURCE/9ccfd3afa04047768287926587762c27,ACONATIC แอร์เคลื่อนที่ (12000 BTU) รุุ่น AN-PAC12C6,1-3 วัน,฿,"8,990.",00,"฿ 15,990.00",-43%,,
https://www.makro.pro/th/p/pUJFQAe-951052798611324?info=JTdCJTIyaW5kZXhDbGlja2VkJTIyJTNBNzUlN0Q,https://images.mango-prod.siammakro.cloud/SOURCE/9700aae4c2eb4b4882fa0e31a5bccccd,"ACONATIC แอร์เคลื่อนที่ 12,000 BTU รุ่น AN-PAC12C3",1-3 วัน,฿,"11,900.",00,"฿ 16,990.00",-29%,,
https://www.makro.pro/th/p/noZvu_k-703006396113060?info=JTdCJTIyaW5kZXhDbGlja2VkJTIyJTNBNzYlN0Q,https://images.mango-prod.siammakro.cloud/SOURCE/feea17d2e41f4ed4aef826edc8dc9af6,ACONATIC แอร์เคลื่อนที่ (9000 BTU) กําลังไฟ 1300W รุุ่น AN-PAC09A3,1-3 วัน,฿,"7,990.",00,"฿ 16,990.00",-52%,,
https://www.makro.pro/th/p/6RUc6uc-312741307101931?info=JTdCJTIyaW5kZXhDbGlja2VkJTIyJTNBNzclN0Q,https://images.mango-prod.siammakro.cloud/SOURCE/ba78b3e7fbca4d3abec73d11cd35e31a,ACONATIC แอร์เคลื่อนที่ (9000 BTU) รุ่น AN-PAC09A1,1-3 วัน,฿,"9,900.",00,"฿ 12,900.00",-23%,,
https://www.makro.pro/th/p/8CfT5Fh-620468192818952?info=JTdCJTIyaW5kZXhDbGlja2VkJTIyJTNBNzglN0Q,https://images.mango-prod.siammakro.cloud/SOURCE/037f2fb79e5648efb72365efaa7a13c5,ACONATIC แอร์เคลื่อนที่ (14000 BTU) รุุ่น AN-PAC14D1 กําลังไฟ 1460W สามารถสลับหน้ากากได้ตามการใช้งาน,1-3 วัน,฿,"15,900.",00,"฿ 21,990.00",-27%,,
https://www.makro.pro/th/p/6Uyp10a-303769795026174?info=JTdCJTIyaW5kZXhDbGlja2VkJTIyJTNBNzklN0Q,https://images.mango-prod.siammakro.cloud/SOURCE/a73e3af4882e41c1a4fba62067a6a75f,ACONATIC แอร์เคลื่อนที่ (12000 BTU) รุุ่น AN-PAC12D1 กําลังไฟ 1250W สามารถสลับหน้ากากได้ตามการใช้งาน,1-3 วัน,฿,"13,900.",00,"฿ 19,990.00",-30%,,
https://www.makro.pro/th/p/4HJahiD-887587516707516?info=JTdCJTIyaW5kZXhDbGlja2VkJTIyJTNBODAlN0Q,https://images.mango-prod.siammakro.cloud/SOURCE/2eaca1c30ea445e6b870afd18ad0a7b0,ทีซีแอล เครื่องปรับอากาศ ขนาด 12510 บีทียู รุ่น T-MTX13C,2-4 วัน,฿,"8,990.",00,"฿ 13,990.00",-35%,,
https://www.makro.pro/th/p/w1JY_Hf-723175338574117?info=JTdCJTIyaW5kZXhDbGlja2VkJTIyJTNBODElN0Q,https://images.mango-prod.siammakro.cloud/SOURCE/2eaca1c30ea445e6b870afd18ad0a7b0,ทีซีแอล เครื่องปรับอากาศ ขนาด 18940 บียูที รุ่น T-MTX19C,2-4 วัน,฿,"14,990.",00,"฿ 19,990.00",-25%,,
https://www.makro.pro/th/p/5cNtjFK-544460867488639?info=JTdCJTIyaW5kZXhDbGlja2VkJTIyJTNBODIlN0Q,https://images.mango-prod.siammakro.cloud/product-images/544460867488639-84eb8d06-0ba3-49c3-a82a-3d42be84f1de.jpeg?imageMogr2/thumbnail/300x300,อะโคนาติก แอร์เคลื่อนที่ รุ่น ANPAC09A1,สั่งเช้า ส่งเย็น,฿,"8,990.",00,"฿ 9,490.00",-5%,,สินค้าหมด
https://www.makro.pro/th/p/ZcXnp3Q-873454392407639?info=JTdCJTIyaW5kZXhDbGlja2VkJTIyJTNBODMlN0Q,https://images.mango-prod.siammakro.cloud/product-images/873454392407639-876336d0-f8d1-4167-afde-b50ff59f3b7b.jpeg?imageMogr2/thumbnail/300x300,อะโคนาติก แอร์เคลื่อนที่ รุ่น ANPAC07C1,สั่งเช้า ส่งเย็น,฿,"6,490.",00,"฿ 7,490.00",-13%,,สินค้าหมด
https://www.makro.pro/th/p/LzA_Lgc-503759281023048?info=JTdCJTIyaW5kZXhDbGlja2VkJTIyJTNBODQlN0Q,https://images.mango-prod.siammakro.cloud/SOURCE/2b806aa871094583a709ca00bb7c5b64,ไฮเซ่นส์ เครื่องปรับอากาศ 12000 บีทียู Inverter รุ่น AS-13TR4RYRKA02,"฿

12,190.00",฿,,,,,,สินค้าหมด
https://www.makro.pro/th/p/6n0TTOw-811696954867495?info=JTdCJTIyaW5kZXhDbGlja2VkJTIyJTNBODUlN0Q,https://images.mango-prod.siammakro.cloud/product-images/811696954867495-f5f85c08-a106-4e78-9140-f2124c762749.jpeg?imageMogr2/thumbnail/300x300,ทีซีแอล แอร์เคลื่อนที่ รุ่น TAC-07CPA/SL2,สั่งเช้า ส่งเย็น,฿,"5,990.",00,"฿ 8,990.00",-33%,,สินค้าหมด
https://www.makro.pro/th/p/J_FcUFX-776443482203545?info=JTdCJTIyaW5kZXhDbGlja2VkJTIyJTNBODYlN0Q,https://images.mango-prod.siammakro.cloud/SOURCE/7d71b0faee914dbb9c5665d42e18435c,"แอลจี เครื่องปรับอากาศ อินเวอร์เตอร์ 12,000 BTU รุ่น ICE13M LG DUALCOOL ICE",3-5 วัน,฿,"11,150.",00,"฿ 19,990.00",-44%,ซื้อทุก 1 ชิ้น ลดเพิ่ม 600฿,สินค้าหมด
https://www.makro.pro/th/p/9bJlKBD-199953565336321?info=JTdCJTIyaW5kZXhDbGlja2VkJTIyJTNBODclN0Q,https://images.mango-prod.siammakro.cloud/SOURCE/13583847cf7140408a3df1134d230717,CANDY เครื่องปรับอากาศ 18000 BTU รุ่น CWVN18RA03T,"฿

19,490.00",฿,,,,,,สินค้าหมด
https://www.makro.pro/th/p/kDgvqCw-897437710493836?info=JTdCJTIyaW5kZXhDbGlja2VkJTIyJTNBODglN0Q,https://images.mango-prod.siammakro.cloud/SOURCE/7d71b0faee914dbb9c5665d42e18435c,"แอลจี เครื่องปรับอากาศ อินเวอร์เตอร์ 18,000 BTU รุ่น ICE18M LG DUALCOOL ICE",3-5 วัน,฿,"14,870.",00,"฿ 26,490.00",-43%,ซื้อทุก 1 ชิ้น ลดเพิ่ม 800฿,สินค้าหมด
https://www.makro.pro/th/p/7qhOrUY-181545049572471?info=JTdCJTIyaW5kZXhDbGlja2VkJTIyJTNBODklN0Q,https://images.mango-prod.siammakro.cloud/SOURCE/5414b6acfe594d43b6bf564b58725fbe,ชาร์ป เครื่องปรับอากาศ อินเวอร์เตอร์ 18000 BTU รุ่น AH-X18BB,"฿

19,990.00",฿,,,,,,สินค้าหมด
https://www.makro.pro/th/p/CQJgXt5-417756334544970?info=JTdCJTIyaW5kZXhDbGlja2VkJTIyJTNBOTAlN0Q,https://images.mango-prod.siammakro.cloud/SOURCE/37d4cf8f2b0148fbaacc9187ac21995e,"แอร์อินเวอร์เตอร์ 9,000 BTU LG POWER COOL รุ่น ISC10E",3-5 วัน,฿,"7,430.",00,"฿ 14,990.00",-50%,ซื้อทุก 1 ชิ้น ลดเพิ่ม 400฿,สินค้าหมด
https://www.makro.pro/th/p/EjXkMot-150185312345354?info=JTdCJTIyaW5kZXhDbGlja2VkJTIyJTNBOTElN0Q,https://images.mango-prod.siammakro.cloud/SOURCE/952682dc1ea040e882be7ea590b6c217,"แอลจี แอร์อินเวอร์เตอร์ 18,000 บีทียู รุ่น ICQ18M",3-5 วัน,฿,"15,340.",00,"฿ 27,990.00",-45%,ซื้อทุก 1 ชิ้น ลดเพิ่ม 830฿,สินค้าหมด
https://www.makro.pro/th/p/s4F6ico-390674511115976?info=JTdCJTIyaW5kZXhDbGlja2VkJTIyJTNBOTIlN0Q,https://images.mango-prod.siammakro.cloud/SOURCE/8104e2a2299c47eca6dc17b7f5bc39be,ทีซีแอล แอร์เคลื่อนที่ รุ่น TAC-11CPA,สั่งเช้า ส่งเย็น,฿,"8,990.",00,"฿ 11,990.00",-25%,,สินค้าหมด
https://www.makro.pro/th/p/3z9Nopq-295803956084643?info=JTdCJTIyaW5kZXhDbGlja2VkJTIyJTNBOTMlN0Q,https://images.mango-prod.siammakro.cloud/SOURCE/4b3d463f7c79452d895fc569464f0f40,ซัมซุง เครื่องปรับอากาศ ขนาด 18000 Btu รุ่น AR18CYHCAWKNST (ไม่รวมค่าติดตั้ง),2-4 วัน,฿,"19,390.",00,"฿ 25,990.00",-25%,,สินค้าหมด
https://www.makro.pro/th/p/L7liIF5-342623214372183?info=JTdCJTIyaW5kZXhDbGlja2VkJTIyJTNBOTQlN0Q,https://images.mango-prod.siammakro.cloud/SOURCE/36a128f8b0ca42b7b992668b480544b2,"ชาร์ป เครื่องปรับอากาศ อินเวอร์เตอร์ พลาสม่าคลัสเตอร์ 12,000 BTU รุ่น AH-XP13YMBT","฿

23,990.00",฿,,,,,,สินค้าหมด
https://www.makro.pro/th/p/84_L4jb-296837158650924?info=JTdCJTIyaW5kZXhDbGlja2VkJTIyJTNBOTUlN0Q,https://images.mango-prod.siammakro.cloud/SOURCE/386a0595367d48b39e9590ae5067283f,"แอลจี เครื่องปรับอากาศ อินเวอร์เตอร์ 18,000 บีทียู รุ่น INR18E DUALCOOL Plasmaster",3-5 วัน,฿,"฿

20,990.00",,,,,สินค้าหมด
https://www.makro.pro/th/p/8B2d806-264644403527830?info=JTdCJTIyaW5kZXhDbGlja2VkJTIyJTNBOTYlN0Q,https://images.mango-prod.siammakro.cloud/SOURCE/952682dc1ea040e882be7ea590b6c217,"แอลจี แอร์อินเวอร์เตอร์ 12,000 บีทียู รุ่น ICQ13M",3-5 วัน,฿,"12,080.",00,"฿ 20,990.00",-42%,ซื้อทุก 1 ชิ้น ลดเพิ่ม 650฿,สินค้าหมด
https://www.makro.pro/th/p/a7gvbgf-983416271863228?info=JTdCJTIyaW5kZXhDbGlja2VkJTIyJTNBOTclN0Q,https://images.mango-prod.siammakro.cloud/SOURCE/72ecdb36a6884946a051c6c798e404d9,Haier เครื่องปรับอากาศ UV Cool Voice ขนาด 12300 BTU รุ่น HSU-13VRSA05BBF สีฟ้า,2-4 วัน,฿,"฿

22,990.00",,,,,สินค้าหมด
https://www.makro.pro/th/p/2-S08gJ-200704491311169?info=JTdCJTIyaW5kZXhDbGlja2VkJTIyJTNBOTglN0Q,https://images.mango-prod.siammakro.cloud/SOURCE/72ecdb36a6884946a051c6c798e404d9,Haier เครื่องปรับอากาศ UV Cool Voice ขนาด 18200 BTU รุ่น HSU-18VRSA05BBF สีฟ้า,2-4 วัน,฿,"฿

29,990.00",,,,,สินค้าหมด
https://www.makro.pro/th/p/5rLvQU--705142494335758?info=JTdCJTIyaW5kZXhDbGlja2VkJTIyJTNBOTklN0Q,https://images.mango-prod.siammakro.cloud/SOURCE/54699c806faa45cfb0644a2c81a28a18,Haier เครื่องปรับอากาศ Clean Cool ขนาด 24000 BTU รุ่น HSU-24VQEC05 สีขาว,2-4 วัน,฿,"฿

29,990.00",,,,,สินค้าหมด
https://www.makro.pro/th/p/Sg87Ape-390247090197859?info=JTdCJTIyaW5kZXhDbGlja2VkJTIyJTNBMTAwJTdE,https://images.mango-prod.siammakro.cloud/SOURCE/54699c806faa45cfb0644a2c81a28a18,Haier เครื่องปรับอากาศ Clean Cool ขนาด 9000 BTU รุ่น HSU-09VQEC05 สีขาว,2-4 วัน,฿,"฿

13,990.00",,,,,สินค้าหมด
https://www.makro.pro/th/p/uiEaHOd-283150952822457?info=JTdCJTIyaW5kZXhDbGlja2VkJTIyJTNBMTAxJTdE,https://images.mango-prod.siammakro.cloud/SOURCE/38735a2ea65242e2b03f37f0e7f8bb88,Haier เครื่องปรับอากาศ UV Cool Voice ขนาด 18200 BTU รุ่น HSU-18VRSA05PBF สีชมพู,2-4 วัน,฿,"฿

29,990.00",,,,,สินค้าหมด
https://www.makro.pro/th/p/hrSI5gq-786097853614929?info=JTdCJTIyaW5kZXhDbGlja2VkJTIyJTNBMTAyJTdE,https://images.mango-prod.siammakro.cloud/SOURCE/54699c806faa45cfb0644a2c81a28a18,Haier เครื่องปรับอากาศ Clean Cool ขนาด 12000 BTU รุ่น HSU-12VQEC05 สีขาว,2-4 วัน,฿,"฿

16,990.00",,,,,สินค้าหมด
https://www.makro.pro/th/p/CXw6D75-820392045415212?info=JTdCJTIyaW5kZXhDbGlja2VkJTIyJTNBMTAzJTdE,https://images.mango-prod.siammakro.cloud/SOURCE/ba97ed03129b498c949a524e622439a0,Haier เครื่องปรับอากาศ UV Cool Voice ขนาด 12300 BTU รุ่น HSU-13VRSA05SBF สีเทา,2-4 วัน,฿,"฿

22,990.00",,,,,สินค้าหมด
https://www.makro.pro/th/p/CS_DRE8-298687297152190?info=JTdCJTIyaW5kZXhDbGlja2VkJTIyJTNBMTA0JTdE,https://images.mango-prod.siammakro.cloud/SOURCE/ba97ed03129b498c949a524e622439a0,Haier เครื่องปรับอากาศ UV Cool Voice ขนาด 18200 BTU รุ่น HSU-18VRSA05SBF สีเทา,2-4 วัน,฿,"฿

29,990.00",,,,,สินค้าหมด
https://www.makro.pro/th/p/w1Q_PAM-757650547051998?info=JTdCJTIyaW5kZXhDbGlja2VkJTIyJTNBMTA1JTdE,https://images.mango-prod.siammakro.cloud/SOURCE/54699c806faa45cfb0644a2c81a28a18,Haier เครื่องปรับอากาศ Clean Cool ขนาด 18000 BTU รุ่น HSU-18VQEC05 สีขาว,2-4 วัน,฿,"฿

20,990.00",,,,,สินค้าหมด
https://www.makro.pro/th/p/PDcH1lb-548299405780348?info=JTdCJTIyaW5kZXhDbGlja2VkJTIyJTNBMTA2JTdE,https://images.mango-prod.siammakro.cloud/SOURCE/158820e12b0c4b4fb621e689f5f4bf3e,Haier เครื่องปรับอากาศ UV Cool Voice ขนาด 18200 BTU รุ่น HSU-18VRSA05WBF สีขาว,2-4 วัน,฿,"฿

29,990.00",,,,,สินค้าหมด
https://www.makro.pro/th/p/WpJkoTr-174175552605164?info=JTdCJTIyaW5kZXhDbGlja2VkJTIyJTNBMTA3JTdE,https://images.mango-prod.siammakro.cloud/SOURCE/38735a2ea65242e2b03f37f0e7f8bb88,Haier เครื่องปรับอากาศ UV Cool Voice ขนาด 12300 BTU รุ่น HSU-13VRSA05PBF สีชมพู,2-4 วัน,฿,"฿

22,990.00",,,,,สินค้าหมด
https://www.makro.pro/th/p/V6yqMQY-249305236634544?info=JTdCJTIyaW5kZXhDbGlja2VkJTIyJTNBMTA4JTdE,https://images.mango-prod.siammakro.cloud/SOURCE/0ac16d2024b34fd48845e2174659e566,Haier เครื่องปรับอากาศ Inverter UV Cool Smart+ ขนาด 12000 BTU รุ่น HSU-12VRWA05BF สีขาว,2-4 วัน,฿,"฿

23,990.00",,,,,สินค้าหมด
https://www.makro.pro/th/p/iP3Arc8-830097254262834?info=JTdCJTIyaW5kZXhDbGlja2VkJTIyJTNBMTA5JTdE,https://images.mango-prod.siammakro.cloud/SOURCE/158820e12b0c4b4fb621e689f5f4bf3e,Haier เครื่องปรับอากาศ UV Cool Voice ขนาด 12300 BTU รุ่น HSU-13VRSA05WBF สีขาว,2-4 วัน,฿,"฿

22,990.00",,,,,สินค้าหมด
https://www.makro.pro/th/p/36b-LXk-410725451508872?info=JTdCJTIyaW5kZXhDbGlja2VkJTIyJTNBMTEwJTdE,https://images.mango-prod.siammakro.cloud/SOURCE/87215747039e493496c399caae821b1e,มิตซูบิชิ แอร์ติดผนัง ระบบ INVERTER ขนาด 24000 BTU รุ่น MSYKA Series (ไม่รวมติดตั้ง),2-4 วัน,฿,"฿

53,990.00",,,,,สินค้าหมด
https://www.makro.pro/th/p/ttHGS-r-323505959215403?info=JTdCJTIyaW5kZXhDbGlja2VkJTIyJTNBMTExJTdE,https://images.mango-prod.siammakro.cloud/SOURCE/0ac16d2024b34fd48845e2174659e566,Haier เครื่องปรับอากาศ Inverter UV Cool Smart+ ขนาด 9000 BTU รุ่น HSU-09VRWA05SBF สีขาว,2-4 วัน,฿,"฿

21,990.00",,,,,สินค้าหมด
https://www.makro.pro/th/p/rEAsZ12-743926787717586?info=JTdCJTIyaW5kZXhDbGlja2VkJTIyJTNBMTEyJTdE,https://images.mango-prod.siammakro.cloud/SOURCE/c98396a947364a9b9e7dece74fb9342f,Haier เครื่องปรับอากาศ Inverter UV Cool Premium ขนาด 18000 BTU รุ่น HSU-18VSWA03TBF สีดํา,2-4 วัน,฿,"฿

43,990.00",,,,,สินค้าหมด
https://www.makro.pro/th/p/qfrPFdB-867448356151982?info=JTdCJTIyaW5kZXhDbGlja2VkJTIyJTNBMTEzJTdE,https://images.mango-prod.siammakro.cloud/SOURCE/0ac16d2024b34fd48845e2174659e566,Haier เครื่องปรับอากาศ Inverter UV Cool Smart+ ขนาด 24200 BTU รุ่น HSU-24VRWA05BF สีขาว,2-4 วัน,฿,"฿

34,990.00",,,,,สินค้าหมด
https://www.makro.pro/th/p/4mQAOW1-152610470152500?info=JTdCJTIyaW5kZXhDbGlja2VkJTIyJTNBMTE0JTdE,https://images.mango-prod.siammakro.cloud/SOURCE/f5d22178d89444769e9fbfe853320960,Haier เครื่องปรับอากาศ Inverter UV Cool Smart ขนาด 18000 BTU รุ่น HSU-18VRRA05BF สีขาว,2-4 วัน,฿,"฿

23,490.00",,,,,สินค้าหมด
https://www.makro.pro/th/p/55SWa4i-173609324937469?info=JTdCJTIyaW5kZXhDbGlja2VkJTIyJTNBMTE1JTdE,https://images.mango-prod.siammakro.cloud/SOURCE/0ac16d2024b34fd48845e2174659e566,Haier เครื่องปรับอากาศ Inverter UV Cool Smart+ ขนาด 18200 BTU รุ่น HSU-18VRWA05BF สีขาว,2-4 วัน,฿,"฿

29,990.00",,,,,สินค้าหมด
https://www.makro.pro/th/p/LGkW7Uz-980829349787506?info=JTdCJTIyaW5kZXhDbGlja2VkJTIyJTNBMTE2JTdE,https://images.mango-prod.siammakro.cloud/SOURCE/c98396a947364a9b9e7dece74fb9342f,Haier เครื่องปรับอากาศ Inverter UV Cool Premium ขนาด 13300 BTU รุ่น HSU-13VSWA03TBF สีดํา,2-4 วัน,฿,"฿

35,990.00",,,,,สินค้าหมด
https://www.makro.pro/th/p/lv2Fq3m-464482754140165?info=JTdCJTIyaW5kZXhDbGlja2VkJTIyJTNBMTE3JTdE,https://images.mango-prod.siammakro.cloud/SOURCE/f5d22178d89444769e9fbfe853320960,Haier เครื่องปรับอากาศ Inverter UV Cool Smart ขนาด 24200 BTU รุ่น HSU-24VRRA05BF สีขาว,2-4 วัน,฿,"฿

31,490.00",,,,,สินค้าหมด
https://www.makro.pro/th/p/baZhewG-253433746141256?info=JTdCJTIyaW5kZXhDbGlja2VkJTIyJTNBMTE4JTdE,https://images.mango-prod.siammakro.cloud/SOURCE/b35fefca80844aeeb8e4cb0278a73a32,ไฮเซนส์ แอร์เคลื่อนที่ ขนาด 9500 BTU รุ่น AP-09CR4RRVS00,2-4 วัน,฿,"฿

7,990.00",,,,,สินค้าหมด
https://www.makro.pro/th/p/xXa_jzx-750256034512898?info=JTdCJTIyaW5kZXhDbGlja2VkJTIyJTNBMTE5JTdE,https://images.mango-prod.siammakro.cloud/SOURCE/1e2094b215bf49238b7d943e2ccb500c,ไฮเซนส์ เครื่องปรับอากาศ ขนาด 12100 BTU รุ่น AS13TRKE2T0,2-4 วัน,฿,"฿

16,990.00",,,,,สินค้าหมด
https://www.makro.pro/th/p/43NQ8fR-288502673537817?info=JTdCJTIyaW5kZXhDbGlja2VkJTIyJTNBMTIwJTdE,https://images.mango-prod.siammakro.cloud/SOURCE/856c92ca3c8248e79017a7a9590a9d4e,ไฮเซนส์ เครื่องปรับอากาศ ขนาด 18000 BTU รุ่น AS18TRKE2T,2-4 วัน,฿,"฿

22,990.00",,,,,สินค้าหมด
https://www.makro.pro/th/p/FTWMm7Le-135700164521935?info=JTdCJTIyaW5kZXhDbGlja2VkJTIyJTNBMTIxJTdE,https://images.mango-prod.siammakro.cloud/product-images/135700164521935-5aab5e18-3aab-486a-8dbc-7c7db25e95c2.jpeg?imageMogr2/thumbnail/300x300,ไฮเออร์ เครื่องปรับอากาศ อินเวอร์เตอร์ 18000 BTU รุ่น HSU-18VQEC03T,3 วัน,฿,"฿

14,490.00",,,,,สินค้าหมด
https://www.makro.pro/th/p/SYDwf3j-491827372463863?info=JTdCJTIyaW5kZXhDbGlja2VkJTIyJTNBMTIyJTdE,https://images.mango-prod.siammakro.cloud/SOURCE/58939051aaef46e8abb846f0bd590659,ทีซีแอล เครื่องปรับอากาศ ขนาด 24200 บีทียู รุ่น T-MTX25C,"฿

21,990.00",฿,,,,,,สินค้าหมด
https://www.makro.pro/th/p/KgL5Ypxq-899992153241223?info=JTdCJTIyaW5kZXhDbGlja2VkJTIyJTNBMTIzJTdE,https://images.mango-prod.siammakro.cloud/product-images/899992153241223-61b1e220-eb57-465f-abb3-c4ec3977830f.jpeg?imageMogr2/thumbnail/300x300,ทีซีแอล เครื่องปรับอากาศ 24000 บีทียู รุ่น T-PROWD25C,3 วัน,฿,"฿

19,990.00",,,,ซื้อ 1 หน่วย ร่วมกับสินค้าในรายการ 1 หน่วย รับส่วนลด 5000฿,สินค้าหมด
https://www.makro.pro/th/p/jBOVhSy-92231810935693?info=JTdCJTIyaW5kZXhDbGlja2VkJTIyJTNBMTI0JTdE,https://images.mango-prod.siammakro.cloud/SOURCE/6c7afb38adda4ce4bd78cc777fcfc762,ไฮเซ่นส์ เครื่องปรับอากาศ 12000 BTU รุ่น AS-13TW4RMETG02 สีขาว (ไม่รวมค่าติดตั้ง),"฿

23,990.00",฿,,,,,,สินค้าหมด
https://www.makro.pro/th/p/8LItEkh-547544877617162?info=JTdCJTIyaW5kZXhDbGlja2VkJTIyJTNBMTI1JTdE,https://images.mango-prod.siammakro.cloud/SOURCE/c2c81d6a89ae418599d621f37bec2a28,ไฮเออร์ แอร์ติดผนัง อินเวอร์เตอร์ 18200 บีทียู รุ่น HS-18VRSA05B สีฟ้า,"฿

33,490.00",฿,,,,,,สินค้าหมด
https://www.makro.pro/th/p/gHmLjbT-516561181025804?info=JTdCJTIyaW5kZXhDbGlja2VkJTIyJTNBMTI2JTdE,https://images.mango-prod.siammakro.cloud/SOURCE/84412db4f466432d9828672427f3ef6c,ซัมซุง เครื่องปรับอากาศ ขนาด 21500 Btu รุ่น AR24CYHCAWKNST (ไม่รวมค่าติดตั้ง),2-4 วัน,฿,"25,890.",00,"฿ 36,990.00",-30%,,สินค้าหมด
https://www.makro.pro/th/p/2LBkRU4-463996147537949?info=JTdCJTIyaW5kZXhDbGlja2VkJTIyJTNBMTI3JTdE,https://images.mango-prod.siammakro.cloud/SOURCE/25088518adb9471a9f7db90410f6c284,ชาร์ป เครื่องปรับอากาศ อินเวอเตอร์ อัจฉริยะ 18000 บีทียู รุ่น AH-XP18YHB สีขาว (ไม่รวมค่าติดตั้ง),"฿

35,990.00",฿,,,,,,สินค้าหมด
https://www.makro.pro/th/p/v53W8qQ-667947333105172?info=JTdCJTIyaW5kZXhDbGlja2VkJTIyJTNBMTI4JTdE,https://images.mango-prod.siammakro.cloud/SOURCE/c906042deb0540bb9d6d4f4775e0d3b3,ไฮเออร์ แอร์ 15000 BTU รุ่น HSU15VQRC03T,"฿

19,590.00",฿,,,,,,สินค้าหมด
https://www.makro.pro/th/p/KbcB5hR-197679928759696?info=JTdCJTIyaW5kZXhDbGlja2VkJTIyJTNBMTI5JTdE,https://images.mango-prod.siammakro.cloud/SOURCE/a66ce749c81543f0a9b3a78cf11ce77f,ไฮเซนส์ เครื่องปรับอากาศ 18000 BTU รุ่น AS18TRLB2T (ไม่รวมค่าติดตั้ง),"฿

24,690.00",฿,,,,,,สินค้าหมด
https://www.makro.pro/th/p/cxOq8aS-705007853844924?info=JTdCJTIyaW5kZXhDbGlja2VkJTIyJTNBMTMwJTdE,https://images.mango-prod.siammakro.cloud/SOURCE/66106a751d7a41fb8ad5f6de61b96111,ชาร์ป เครื่องปรับอากาศ อินเวอเตอร์ อัจฉริยะ 12000 บีทียู รุ่น AH-XP13YHB สีขาว (ไม่รวมค่าติดตั้ง),"฿

26,990.00",฿,,,,,,สินค้าหมด
https://www.makro.pro/th/p/yxyAnQN-468323652552024?info=JTdCJTIyaW5kZXhDbGlja2VkJTIyJTNBMTMxJTdE,https://images.mango-prod.siammakro.cloud/SOURCE/260578b2580e460685ec2a7068bb85d2,ซัมซุง เครื่องปรับอากาศ ขนาด 12000 BTU รุ่น AR13CYEAAWKN (ไม่รวมค่าติดตั้ง),"฿

20,990.00",฿,,,,,,สินค้าหมด
https://www.makro.pro/th/p/49tUCFg-797514509346646?info=JTdCJTIyaW5kZXhDbGlja2VkJTIyJTNBMTMyJTdE,https://images.mango-prod.siammakro.cloud/SOURCE/3a80a1eed40d4deba0aee6ffcc2eb9e1,ชาร์ป เครื่องปรับอากาศ อินเวอเตอร์ อัจฉริยะ 9000 บีทียู รุ่น AH-XP10YHB สีขาว (ไม่รวมค่าติดตั้ง),"฿

21,290.00",฿,,,,,,สินค้าหมด
https://www.makro.pro/th/p/US-25Tf-846659383040594?info=JTdCJTIyaW5kZXhDbGlja2VkJTIyJTNBMTMzJTdE,https://images.mango-prod.siammakro.cloud/SOURCE/bf28ea67f1fd41349754bd22143a7dd8,ไฮเซนส์ เครื่องปรับอากาศ 9500BTU รุ่น AS10TRLB2T (ไม่รวมค่าติดตั้ง),"฿

18,190.00",฿,,,,,,สินค้าหมด
https://www.makro.pro/th/p/NazOShX-238207267455940?info=JTdCJTIyaW5kZXhDbGlja2VkJTIyJTNBMTM0JTdE,https://images.mango-prod.siammakro.cloud/SOURCE/4ffbc6f23d3548b5a49a5627248a5c46,แคนดี้ แอร์ติดผนัง อินเวอร์เตอร์ 18000 บีทียู รุ่น CE-18VPCT_ECO QUEEN,"฿

18,990.00",฿,,,,,,สินค้าหมด
https://www.makro.pro/th/p/OBLmzmb-712391916349832?info=JTdCJTIyaW5kZXhDbGlja2VkJTIyJTNBMTM1JTdE,https://images.mango-prod.siammakro.cloud/SOURCE/0b2bf1cb43554a46a3771c3cc85670a6,"ชาร์ป เครื่องปรับอากาศ อินเวอร์เตอร์ พลาสม่าคลัสเตอร์ 18,000 BTU รุ่น AH-XP18YMBT (ไม่รวมค่าติดตั้ง)","฿

33,490.00",฿,,,,,,สินค้าหมด
https://www.makro.pro/th/p/6rqbsIt-388398337907461?info=JTdCJTIyaW5kZXhDbGlja2VkJTIyJTNBMTM2JTdE,https://images.mango-prod.siammakro.cloud/SOURCE/adc0f21a99224f5997a0c7c597cd9da2,ไฮเออร์ แอร์ 24000 BTU รุ่น HSU24VQRC03T,"฿

29,890.00",฿,,,,,,สินค้าหมด
https://www.makro.pro/th/p/3SMUpvs-475844409885165?info=JTdCJTIyaW5kZXhDbGlja2VkJTIyJTNBMTM3JTdE,https://images.mango-prod.siammakro.cloud/SOURCE/f455d46e5e4a42ae95409c3fd4c4e707,ไฮเออร์ แอร์ติดผนัง อินเวอร์เตอร์ 12300 บีทียู รุ่น HS-13VRSA05B สีฟ้า,"฿

26,490.00",฿,,,,,,สินค้าหมด
https://www.makro.pro/th/p/u8QeEQ0-486433719001164?info=JTdCJTIyaW5kZXhDbGlja2VkJTIyJTNBMTM4JTdE,https://images.mango-prod.siammakro.cloud/SOURCE/732f57317d134cc1989446bdc24d6a32,แคนดี้ แอร์ติดผนัง อินเวอร์เตอร์ 12300 บีทียู รุ่น CE-12VPCT_ECO QUEEN,"฿

19,000.00",฿,,,,,,สินค้าหมด
https://www.makro.pro/th/p/xn1Lz9O-950053699143640?info=JTdCJTIyaW5kZXhDbGlja2VkJTIyJTNBMTM5JTdE,https://images.mango-prod.siammakro.cloud/SOURCE/91c61752270a4cfcbf36160fdf7ba8e8,ไฮเออร์ แอร์ติดผนัง อินเวอร์เตอร์ 18200 บีทียู รุ่น HS-18VRSA05P สีชมพู,"฿

33,490.00",฿,,,,,,สินค้าหมด
https://www.makro.pro/th/p/RynWPSc-371897852702227?info=JTdCJTIyaW5kZXhDbGlja2VkJTIyJTNBMTQwJTdE,https://images.mango-prod.siammakro.cloud/SOURCE/afa58b98ccce4a29a19df98172ad4196,ชาร์ป เครื่องปรับอากาศ อินเวอเตอร์ คอยส์ทองแดง 9000 บีทียู รุ่น AH-XP10YMB สีขาว (ไม่รวมค่าติดตั้ง),"฿

17,990.00",฿,,,,,,สินค้าหมด
https://www.makro.pro/th/p/YP6e9xN-453302751519946?info=JTdCJTIyaW5kZXhDbGlja2VkJTIyJTNBMTQxJTdE,https://images.mango-prod.siammakro.cloud/SOURCE/268e0a27c09546728489113a74f12bdd,แอลจี เครื่องปรับอากาศ อินเวอร์เตอร์ INVERTER 21200 บีทียู รุ่น ICQ24MN.KU1 สีขาว (ไม่รวมค่าติดตั้ง),"฿

55,990.00",฿,,,,,,สินค้าหมด
https://www.makro.pro/th/p/KWDZCLA-5392283129655?info=JTdCJTIyaW5kZXhDbGlja2VkJTIyJTNBMTQyJTdE,https://images.mango-prod.siammakro.cloud/SOURCE/742114b8177d4e43825ebd1fd6b7085a,ชาร์ป เครื่องปรับอากาศ อินเวอเตอร์ คอยส์ทองแดง 12000 บีทียู รุ่น AH-XP13YMB สีขาว (ไม่รวมค่าติดตั้ง),"฿

18,990.00",฿,,,,,,สินค้าหมด
https://www.makro.pro/th/p/S4bWR6L-896223927777651?info=JTdCJTIyaW5kZXhDbGlja2VkJTIyJTNBMTQzJTdE,https://images.mango-prod.siammakro.cloud/SOURCE/2c1ca22580b94984ba57c919249afdc5,ไฮเซนส์ เครื่องปรับอากาศ 22000BTU รุ่น AS24TRLB2T (ไม่รวมค่าติดตั้ง),"฿

32,590.00",฿,,,,,,สินค้าหมด
https://www.makro.pro/th/p/6hlISFK-169852456042918?info=JTdCJTIyaW5kZXhDbGlja2VkJTIyJTNBMTQ0JTdE,https://images.mango-prod.siammakro.cloud/SOURCE/c059522fc5784421a2669b1b50f823f3,ไฮเออร์ แอร์ติดผนัง อินเวอร์เตอร์ 12300 บีทียู รุ่น HS-13VRSA05P สีชมพู,"฿

26,490.00",฿,,,,,,สินค้าหมด
https://www.makro.pro/th/p/16p3Eg_-991142583598999?info=JTdCJTIyaW5kZXhDbGlja2VkJTIyJTNBMTQ1JTdE,https://images.mango-prod.siammakro.cloud/SOURCE/f591d5e85c01415394bf3524106a29c8,ชาร์ป เครื่องปรับอากาศ อินเวอเตอร์ คอยส์ทองแดง 18000 บีทียู รุ่น AH-XP18YMB สีขาว (ไม่รวมค่าติดตั้ง),"฿

29,990.00",฿,,,,,,สินค้าหมด
https://www.makro.pro/th/p/IrEvmiE-379288536733749?info=JTdCJTIyaW5kZXhDbGlja2VkJTIyJTNBMTQ2JTdE,https://images.mango-prod.siammakro.cloud/SOURCE/ba3eecd1c0c746eca423d7036fe4de21,ไฮเซนส์ เครื่องปรับอากาศ 12000 BTU รุ่น AS13TRLB2T (ไม่รวมค่าติดตั้ง),"฿

19,590.00",฿,,,,,,สินค้าหมด
https://www.makro.pro/th/p/5n4Goio-279986371063547?info=JTdCJTIyaW5kZXhDbGlja2VkJTIyJTNBMTQ3JTdE,https://images.mango-prod.siammakro.cloud/SOURCE/197b9e18804f4a7aa8b115c9810c0f24,ไฮเซ่นส์ เครื่องปรับอากาศ 18500 BTU รุ่น AS-18TW4RBBTG00 สีขาว (ไม่รวมค่าติดตั้ง),"฿

29,990.00",฿,,,,,,สินค้าหมด
https://www.makro.pro/th/p/hE682r5-679822243834401?info=JTdCJTIyaW5kZXhDbGlja2VkJTIyJTNBMTQ4JTdE,https://images.mango-prod.siammakro.cloud/SOURCE/37024777b65247dd818242a11a4d2c91,ไฮเออร์ แอร์ติดผนัง INVERTER รุ่น HSU-09VQRC03T (ไม่รวมค่าติดตั้ง),"฿

16,990.00",฿,,,,,,สินค้าหมด
https://www.makro.pro/th/p/icJy50b-587486817009534?info=JTdCJTIyaW5kZXhDbGlja2VkJTIyJTNBMTQ5JTdE,https://images.mango-prod.siammakro.cloud/SOURCE/cbc5b788e0ed4ca395b16093779478b9,"ไฮเซ่นส์ เครื่องปรับอากาศ (9000 BTU, Inverter) รุ่น AS-10TR4RYRKA00 (ไม่รวมค่าติดตั้ง)","฿

16,990.00",฿,,,,,,สินค้าหมด
https://www.makro.pro/th/p/OsilfF9T-688175360769943?info=JTdCJTIyaW5kZXhDbGlja2VkJTIyJTNBMTUwJTdE,https://images.mango-prod.siammakro.cloud/product-images/688175360769943-c7cee436-a0c3-4e4c-b9b2-abef13fff2e1.jpeg?imageMogr2/thumbnail/300x300,ไมเดีย เครื่องปรับอากาศ 18000 บีทียู อินเวอร์เตอร์ รุ่น MSNE-19CRFN8-ID (ไม่รวมติดตั้ง),3 วัน,฿,"15,990.",00,"฿ 21,890.00",-26%,ซื้อ 1 หน่วย ร่วมกับสินค้าในรายการ 1 หน่วย รับส่วนลด 1000฿,สินค้าหมด
https://www.makro.pro/th/p/1JiAC12-796724010705107?info=JTdCJTIyaW5kZXhDbGlja2VkJTIyJTNBMTUxJTdE,https://images.mango-prod.siammakro.cloud/SOURCE/386a0595367d48b39e9590ae5067283f,"แอลจี เครื่องปรับอากาศ อินเวอร์เตอร์ 12,000 บีทียู รุ่น INR13E DUALCOOL Plasmaster",3-5 วัน,฿,"฿

18,990.00",,,,,สินค้าหมด
https://www.makro.pro/th/p/KDMx-Wy-654537961995216?info=JTdCJTIyaW5kZXhDbGlja2VkJTIyJTNBMTUyJTdE,https://images.mango-prod.siammakro.cloud/SOURCE/0f00303c954744939ebb2c5a2c9f8029,แอลจี แอร์อินเวอร์เตอร์ LG DUALCOOL AI Air รุ่น SCQ11A,3-5 วัน,฿,"13,940.",00,"฿ 28,990.00",-51%,ซื้อทุก 1 ชิ้น ลดเพิ่ม 750฿,สินค้าหมด
https://www.makro.pro/th/p/6PHUyef-306649234056950?info=JTdCJTIyaW5kZXhDbGlja2VkJTIyJTNBMTUzJTdE,https://images.mango-prod.siammakro.cloud/SOURCE/2b73f404670848f0bf3c7674b8df1fbf,"แอลจี เครื่องปรับอากาศ อินเวอร์เตอร์ 18,000 BTU รุ่น IEQ18E LG DUALCOOL PRIME",3-5 วัน,฿,"฿

28,990.00",,,,,สินค้าหมด
https://www.makro.pro/th/p/08mBwBO-649050496179779?info=JTdCJTIyaW5kZXhDbGlja2VkJTIyJTNBMTU0JTdE,https://images.mango-prod.siammakro.cloud/SOURCE/b7179d921125490eb18dd4bca0e3b31b,แอลจี แอร์อินเวอร์เตอร์ LG DUALCOOL AI Air รุ่น SAQ13A,3-5 วัน,฿,"27,890.",00,"฿ 42,990.00",-35%,ซื้อทุก 1 ชิ้น ลดเพิ่ม 1500฿,สินค้าหมด
https://www.makro.pro/th/p/SKf0Z_h-305510658654810?info=JTdCJTIyaW5kZXhDbGlja2VkJTIyJTNBMTU1JTdE,https://images.mango-prod.siammakro.cloud/SOURCE/f7daf6ecd5594f2d987ec8af3a1a5574,แอลจี แอร์อินเวอร์เตอร์ LG DUALCOOL AI Air รุ่น SEQ13A,3-5 วัน,฿,"14,870.",00,"฿ 23,990.00",-38%,ซื้อทุก 1 ชิ้น ลดเพิ่ม 800฿,สินค้าหมด
https://www.makro.pro/th/p/ZnQpsQp-337887950075787?info=JTdCJTIyaW5kZXhDbGlja2VkJTIyJTNBMTU2JTdE,https://images.mango-prod.siammakro.cloud/SOURCE/952682dc1ea040e882be7ea590b6c217,"แอลจี แอร์อินเวอร์เตอร์ 9,200 บีทียู รุ่น ICQ11M",3-5 วัน,฿,"11,150.",00,"฿ 18,990.00",-41%,ซื้อทุก 1 ชิ้น ลดเพิ่ม 600฿,สินค้าหมด
https://www.makro.pro/th/p/4BFOhy8-528402874049282?info=JTdCJTIyaW5kZXhDbGlja2VkJTIyJTNBMTU3JTdE,https://images.mango-prod.siammakro.cloud/SOURCE/386a0595367d48b39e9590ae5067283f,"แอลจี เครื่องปรับอากาศ อินเวอร์เตอร์ 9,000 บีทียู รุ่น INR10E DUALCOOL Plasmaster",3-5 วัน,฿,"฿

14,990.00",,,,,สินค้าหมด
https://www.makro.pro/th/p/vivQlXV-151626941751421?info=JTdCJTIyaW5kZXhDbGlja2VkJTIyJTNBMTU4JTdE,https://images.mango-prod.siammakro.cloud/SOURCE/7d71b0faee914dbb9c5665d42e18435c,"แอลจี เครื่องปรับอากาศ อินเวอร์เตอร์ 21,200 BTU รุ่น ICE24M LG DUALCOOL ICE",3-5 วัน,฿,"25,100.",00,"฿ 38,990.00",-35%,ซื้อทุก 1 ชิ้น ลดเพิ่ม 1350฿,สินค้าหมด
https://www.makro.pro/th/p/7ww9wXa-287145556268775?info=JTdCJTIyaW5kZXhDbGlja2VkJTIyJTNBMTU5JTdE,https://images.mango-prod.siammakro.cloud/SOURCE/dc031a9da0854619bb40c5c0e7a3cc27,"เบโค BSVIN 180 แอร์ติดผนัง ระบบอินเวอร์เตอร์ และ ไอออนโปร ลดและกําจัดเชื้อโรค ขนาด 18,000 BTU",3-5 วัน,฿,"22,190.",00,"฿ 27,990.00",-20%,,สินค้าหมด
https://www.makro.pro/th/p/Cdgehes-825961425178343?info=JTdCJTIyaW5kZXhDbGlja2VkJTIyJTNBMTYwJTdE,https://images.mango-prod.siammakro.cloud/SOURCE/dc031a9da0854619bb40c5c0e7a3cc27,"เบโค BSVIN 120 แอร์ติดผนัง ระบบอินเวอร์เตอร์ และ ไอออนโปร ลดและกําจัดเชื้อโรค ขนาด 12,000 BTU",3-5 วัน,฿,"13,690.",00,"฿ 17,990.00",-23%,,สินค้าหมด
https://www.makro.pro/th/p/LPHbl0k-877495047317017?info=JTdCJTIyaW5kZXhDbGlja2VkJTIyJTNBMTYxJTdE,https://images.mango-prod.siammakro.cloud/SOURCE/dc031a9da0854619bb40c5c0e7a3cc27,"เบโค BSVIN 090 แอร์ติดผนัง ระบบอินเวอร์เตอร์ และ ไอออนโปร ลดและกําจัดเชื้อโรค ขนาด 9,000 BTU",3-5 วัน,฿,"9,790.",00,"฿ 16,990.00",-42%,,สินค้าหมด
https://www.makro.pro/th/p/EsI5oxg-202397734264505?info=JTdCJTIyaW5kZXhDbGlja2VkJTIyJTNBMTYyJTdE,https://images.mango-prod.siammakro.cloud/SOURCE/3008ec33836e465bb22dca9d331625ad,CANDY เครื่องปรับอากาศ Inverter Eco Master ขนาด 12300 BTU รุ่น CE-13VPST สีขาว,2-4 วัน,฿,"10,690.",00,"฿ 15,990.00",-33%,,สินค้าหมด
